"ID","DOT_WEB_ID","CASE_NUMBER","CRASH_YEAR","COUNTY","MUNICIPALITY","CRASH_DATE","CRASH_DAY_OF_WEEK","CRASH_MONTH","CRASH_TIME","POLICE_DEPT_CODE","POLICE_DEPARTMENT","POLICE_STATION","TOTAL_KILLED","TOTAL_INCAPACITATED","TOTAL_INJURED","PEDESTRIANS_KILLED","PEDESTRIANS_INJURED","SEVERITY","INTERSECTION","ALCOHOL_INVOLVED","HAZMAT_INVOLVED","CRASH_TYPE","TOTAL_VEHICLES_INVOLVED","CRASH_LOCATION","LOCATION_DIRECTION","ROUTE","ROUTE_SUFFIX","SRI","MILEPOST","ROAD_SYSTEM","ROAD_CHARACTER","ROAD_SURFACE_TYPE","SURFACE_CONDITION","LIGHT_CONDITION","ENVIRONMENTAL_CONDITION","ROAD_DIVIDED_BY","TEMP_TRAFFIC_CONTROL_ZONE","DISTANCE_TO_CROSS_STREET","UNIT_OF_MEASUREMENT","DIRECTION_FROM_CROSS_STREET","CROSS_STREET_NAME","IS_RAMP","RAMP_TO_FROM_ROUTE_NAME","RAMP_TO_FROM_ROUTE_DIRECTION","POSTED_SPEED","POSTED_SPEED_CROSS_STREET","LATITUDE","LONGITUDE","CELL_PHONE_IN_USE","OTHER_PROPERTY_DAMAGE","REPORTING_BADGE_NO","X","Y","CRASH_NARRATIVE","MPO","TOTAL_PEDESTRIANS_INVOLVED","EPDO","DLN"
3439495,"2010110110-407","10-407",2010,"MERCER","East Windsor Township","2010-01-09","Saturday","January","21:14:00",1,"EAST WINDSOR TWP PD","TRAFFIC SAFETY",0,0,1,0,0,"Injury","Not At Intersection","No","No","Same Direction - Rear End",2,"ROUTE 571","East",571,"","00000571",36.89,"County","Straight and Level","Blacktop","Dry","Dark (Street Lights On/ continuous)","Clear","None","None",50,"Foot","West","CR 535","NULL","","NULL",50,40,40.28495,-74.56219,"No","","563",474775.905746,528719.350302,NA,"DVRPC",0,"Pain",10004659
3439497,"2010110110-4083","10-4083",2010,"MERCER","East Windsor Township","2010-03-26","Friday","March","16:42:00",1,"EAST WINDSOR TWP PD","TRAFFIC UNIT",0,0,0,0,0,"Property Damage","Not At Intersection","No","No","Same Direction - Rear End",2,"ROUTE 571","East",571,"","00000571",35.37,"County","Straight and Level","Blacktop","Dry","Daylight","Clear","None","None",10,"Foot","West","US 130","NULL","","NULL",45,45,40.27297,-74.53814,"No","","551",481482.142732,524352.104332,NA,"DVRPC",0,"PDO",10064210
3439501,"2010110110-4286","10-4286",2010,"MERCER","East Windsor Township","2010-03-03","Wednesday","March","14:28:00",1,"EAST WINDSOR TWP PD","TRAFFIC UNIT",0,0,0,0,0,"Property Damage","Not At Intersection","No","No","Animal",1,"US 130","North",130,"","00000130",68.32,"State Highway","Straight and Level","Blacktop","Wet","Daylight","Rain","Grass Median","None",1320,"Foot","South","ROUTE 571 / PRCTN-WRSTN RD / STOCKT","NULL","","NULL",45,45,40.26912,-74.54168,"No","","551",480492.562131,522948.341144,NA,"DVRPC",0,"PDO",10065495
3439508,"2010110110-44","10-44",2010,"MERCER","East Windsor Township","2010-01-01","Friday","January","19:05:00",1,"EAST WINDSOR TWP PD","TRAFFIC UNIT",0,0,1,0,0,"Injury","At Intersection","No","No","Fixed Object",1,"MILFORD RD","North",NA,"","11011070",0.46,"Municipal","Straight and Level","Blacktop","Dry","Dark (Street LIghts On/ spot)","Clear","None","None",NA,"At","NULL","TWIN RIVERS DRIVE","NULL","","NULL",40,35,40.26213,-74.50046,"No","","551",491996.42,520401.64,NA,"DVRPC",0,"Pain",10000105
3439520,"2010110110-459","10-459",2010,"MERCER","East Windsor Township","2010-01-11","Monday","January","09:56:00",1,"EAST WINDSOR TWP PD","PATROL",0,0,0,0,0,"Property Damage","At Intersection","No","No","Same Direction - Rear End",2,"ONE MILE RD","North",NA,"","11011049",0.43,"Municipal","Curve and Level","Blacktop","Dry","Daylight","Clear","None","None",NA,"At","NULL","CR 571","NULL","","NULL",40,45,40.27628,-74.54492,"No","","61",479589.7,525558.51,NA,"DVRPC",0,"PDO",10002275
3439539,"2010110110-539","10-539",2010,"MERCER","East Windsor Township","2010-01-13","Wednesday","January","07:52:00",1,"EAST WINDSOR TWP PD","UNIFORM SERVIC",0,0,1,0,0,"Injury","Not At Intersection","No","No","Fixed Object",1,"US 130","South",130,"","00000130",66.81,"State Highway","Straight and Level","Blacktop","Dry","Daylight","Clear","Grass Median","None",1500,"Foot","North","HANKINS RD","NULL","","NULL",55,35,40.25269,-74.5593,"No","","79",475572.020594,516966.617141,NA,"DVRPC",0,"Pain",10004813
3439582,"2010110110-66","10-66",2010,"MERCER","East Windsor Township","2010-01-02","Saturday","January","10:10:00",1,"EAST WINDSOR TWP PD","UNIFORM SERVIC",0,0,0,0,0,"Property Damage","Not At Intersection","No","No","Right Angle",2,"MERCER COUNTY 633","NULL",633,"","11000633",0.17,"County","Straight and Level","Blacktop","Dry","Daylight","Clear","None","None",10,"Foot","East","WOODSIDE AVENUE","NULL","","NULL",35,NA,40.27005,-74.50642,"No","","42",490333.37,523284.08,NA,"DVRPC",0,"PDO",10000136
3439594,"2010110110-6954","10-6954",2010,"MERCER","East Windsor Township","2010-05-17","Monday","May","12:53:00",1,"EAST WINDSOR TWP PD","UNIFORM SERVIC",0,0,0,0,0,"Property Damage","At Intersection","No","No","Same Direction - Rear End",2,"US 130","North",130,"","00000130",68.97,"State Highway","Straight and Level","Blacktop","Dry","Daylight","Clear","None","None",NA,"At","NULL","TOWN CENTER RD","NULL","","NULL",45,35,40.27676,-74.53447,"No","","80",482505.88854,525729.994829,NA,"DVRPC",0,"PDO",10147912
3439604,"2010110110-72","10-72",2010,"MERCER","East Windsor Township","2010-01-02","Saturday","January","11:47:00",1,"EAST WINDSOR TWP PD","UNIFORM SERVIC",0,0,1,0,0,"Injury","At Intersection","No","No","Fixed Object",1,"US 130","South",130,"","00000130",68.21,"State Highway","Straight and Level","Blacktop","Dry","Daylight","Clear","Grass Median","None",NA,"At","NULL","DUTCHNECK RD","NULL","","NULL",45,35,40.26783,-74.54292,"No","SEE ATTACHED","62",480147.783055,522480.391572,NA,"DVRPC",0,"Pain",10000109
3439607,"2010110110-727","10-727",2010,"MERCER","East Windsor Township","2010-01-17","Sunday","January","20:43:00",1,"EAST WINDSOR TWP PD","UNIFORM SERVIC",0,0,3,0,0,"Injury","At Intersection","No","No","Left Turn / U Turn",2,"ROUTE 571","East",571,"","00000571",36.9,"County","Straight and Level","Blacktop","Wet","Dark (Street Lights On/ continuous)","Rain","None","None",NA,"At","NULL","ROUTE 535 / OLD TRENTON RD","NULL","","NULL",45,45,40.28503,-74.56234,"No","","80",474732.996928,528749.071104,NA,"DVRPC",0,"Pain",10004810
3439622,"2010110110-760","10-760",2010,"MERCER","East Windsor Township","2010-01-18","Monday","January","15:07:00",1,"EAST WINDSOR TWP PD","PATROL",0,0,0,0,0,"Property Damage","At Intersection","No","No","Same Direction - Side Swipe",2,"TWIN RIVERS DR","West",NA,"","11011147",1.01,"Municipal","Straight and Level","Blacktop","Dry","Daylight","Clear","Grass Median","None",NA,"At","NULL","US 130","NULL","","NULL",35,45,40.26732,-74.48428,"No","","61",496510.1,522291.21,NA,"DVRPC",0,"PDO",10004811
3439657,"2010110110-814","10-814",2010,"MERCER","East Windsor Township","2010-01-19","Tuesday","January","18:40:00",1,"EAST WINDSOR TWP PD","PATROL",0,0,0,0,0,"Property Damage","At Intersection","No","No","Animal",1,"NJ 133","East",133,"","00000133",2.96,"State Highway","Straight and Level","Blacktop","Dry","Dark (Street Lights On/ continuous)","Clear","Grass Median","None",NA,"At","NULL","NEW JERSEY TURNPIKE","NULL","","NULL",50,NA,40.27495,-74.50671,"No","","64",490251.203926,525070.813169,NA,"DVRPC",0,"PDO",10008402
3439659,"2010110110-8163","10-8163",2010,"MERCER","East Windsor Township","2010-06-11","Friday","June","09:17:00",1,"EAST WINDSOR TWP PD","PATROL",0,0,1,0,0,"Injury","Not At Intersection","No","No","Same Direction - Rear End",3,"US 130","South",130,"","00000130",69.81,"State Highway","Straight and Level","Blacktop","Dry","Daylight","Clear","Grass Median","None",100,"Foot","North","OLD CRANBERRY RD","NULL","","NULL",55,40,40.2867,-74.52523,"No","NONE","61",485085.333743,529349.189139,NA,"DVRPC",0,"Pain",10138553
3439729,"2010110110-9497","10-9497",2010,"MERCER","East Windsor Township","2010-07-09","Friday","July","16:29:00",1,"EAST WINDSOR TWP PD","TRAFFIC SAFETY",0,0,0,0,0,"Property Damage","Not At Intersection","No","No","Right Angle",3,"NJ 33","West",33,"","00000033",14.69,"State Highway","Curve and Level","Blacktop","Dry","Daylight","Clear","None","None",50,"Foot","West","DAVIDSON ST","NULL","","NULL",50,25,40.26824,-74.51658,"No","","563",487497.029644,522626.701317,NA,"DVRPC",0,"PDO",10155799
3439731,"2010110110-9580","10-9580",2010,"MERCER","East Windsor Township","2010-07-11","Sunday","July","19:11:00",1,"EAST WINDSOR TWP PD","TRAFFIC UNIT",0,0,1,0,0,"Injury","Not At Intersection","No","No","Same Direction - Rear End",3,"US 130","South",130,"","00000130",68.58,"State Highway","Straight and Level","Blacktop","Dry","Daylight","Clear","Grass Median","None",35,"Foot","North","ROUTE 571 / PRCTN-WRSTN RD / STOCKT","NULL","","NULL",45,40,40.27216,-74.53877,"No","","551",481306.82541,524055.121416,NA,"DVRPC",0,"Pain",10155800
3439733,"2010110110-9619","10-9619",2010,"MERCER","East Windsor Township","2010-07-12","Monday","July","14:51:00",1,"EAST WINDSOR TWP PD","TRAFFIC SAFETY?",0,0,0,0,0,"Property Damage","At Intersection","No","No","Right Angle",2,"US 130","North",130,"","00000130",68.97,"State Highway","Straight and Level","Blacktop","Dry","Daylight","Clear","Grass Median","None",NA,"At","NULL","TOWN CENTER RD","NULL","","NULL",45,35,40.27676,-74.53447,"No","NONE","78",482505.88854,525729.994829,NA,"DVRPC",0,"PDO",10155805
3439734,"2010110110-9621","10-9621",2010,"MERCER","East Windsor Township","2010-07-12","Monday","July","16:00:00",1,"EAST WINDSOR TWP PD","TRAFFIC SAFETY",0,0,0,0,0,"Property Damage","At Intersection","No","No","Same Direction - Rear End",2,"US 130","North",130,"","00000130",69.79,"State Highway","Straight and Grade","Blacktop","Dry","Daylight","Clear","Grass Median","None",NA,"At","NULL","OLD CRANBERRY RD","NULL","","NULL",55,40,40.28646,-74.52545,"No","","78",485023.96685,529262.682001,NA,"DVRPC",0,"PDO",10155806
3439739,"2010110110-9784","10-9784",2010,"MERCER","East Windsor Township","2010-07-16","Friday","July","15:08:00",1,"EAST WINDSOR TWP PD","TRAFFIC SAFETY",0,0,0,0,0,"Property Damage","At Intersection","No","No","Same Direction - Rear End",2,"PROBASCO ROAD","South",NA,"","11011148",0.62,"Municipal","Straight and Level","Blacktop","Dry","Daylight","Clear","None","None",NA,"At","NULL","NJ 33","NULL","","NULL",40,55,40.26793,-74.49396,"No","","78",493809.98,522512.82,NA,"DVRPC",0,"PDO",10155811
3439759,"201011012010-9647","2010-9647",2010,"MERCER","East Windsor Township","2010-07-13","Tuesday","July","07:22:00",1,"EAST WINDSOR TWP PD","UNIFORM SERVIC?",0,0,0,0,0,"Property Damage","At Intersection","No","No","Same Direction - Side Swipe",2,"NJ 133","NULL",133,"","00000133",3.59,"State Highway","Straight and Level","Blacktop","Wet","Daylight","Rain","Grass Median","None",NA,"At","NULL","NJ 33","NULL","","NULL",50,NA,40.26884,-74.49985,"No","","25",492165.39,522844.41,NA,"DVRPC",0,"PDO",10155801
3439763,"20101101D010-1000039A","D010-1000039A",2010,"MERCER","East Windsor Township","2010-01-14","Thursday","January","12:11:00",2,"NEW JERSEY STATE POLICE","CRANBURY",0,0,0,0,0,"Property Damage","Not At Intersection","No","No","Same Direction - Side Swipe",2,"I-95  N.J. TURNPIKE","North",95,"","00000095",22.15,"State/Interstate Authority","Straight and Level","Blacktop","Dry","Daylight","Clear","Barrier Median","None",NA,"NULL","NULL","","NULL","","NULL",65,NA,40.26342,-74.51142,"No","","694",488937.691324,520870.61785,NA,"DVRPC",0,"PDO",10005835
3439766,"20101101D010-2010-00102A","D010-2010-00102A",2010,"MERCER","East Windsor Township","2010-01-29","Friday","January","17:10:00",2,"NEW JERSEY STATE POLICE","CRANBURY",0,0,0,0,0,"Property Damage","Not At Intersection","No","No","Same Direction - Side Swipe",2,"I-95  N.J. TURNPIKE","North",95,"","00000095",21.95,"State/Interstate Authority","Straight and Level","Blacktop","Dry","Daylight","Clear","Barrier Median","None",NA,"NULL","NULL","","NULL","","NULL",65,NA,40.26061,-74.51249,"No","NONE","671",488637.389623,519845.324439,NA,"DVRPC",0,"PDO",10021959
3439769,"20101101D010-2010-00200A","D010-2010-00200A",2010,"MERCER","East Windsor Township","2010-02-16","Tuesday","February","04:00:00",2,"NEW JERSEY STATE POLICE","CRANBURY-D010",0,0,0,0,0,"Property Damage","Not At Intersection","No","No","Fixed Object",1,"I-95  N.J. TURNPIKE","West",95,"","00000095",22.25,"State/Interstate Authority","Straight and Level","Blacktop","Snowy","Dark (Street Lights On/ continuous)","Snow","Other","None",NA,"NULL","NULL","","NULL","","NULL",NA,NA,40.26484,-74.51088,"No","TOLL METER NJTA: PO BOX 5042 WOODBRIDGE NJ 07095","656",489088.290355,521385.86169,NA,"DVRPC",0,"PDO",10024753
3439772,"20101101D010-2010-00317A","D010-2010-00317A",2010,"MERCER","East Windsor Township","2010-03-09","Tuesday","March","09:33:00",2,"NEW JERSEY STATE POLICE","CRANBURY",0,0,0,0,0,"Property Damage","Not At Intersection","No","No","Same Direction - Side Swipe",2,"I-95  N.J. TURNPIKE","North",95,"","00000095",21.75,"State/Interstate Authority","Straight and Level","Blacktop","Dry","Daylight","Clear","Barrier Median","None",NA,"NULL","NULL","","NULL","","NULL",65,NA,40.25779,-74.51357,"No","","656",488335.660013,518820.536812,NA,"DVRPC",0,"PDO",10051924
3439774,"20101101D010-2010-00362A","D010-2010-00362A",2010,"MERCER","East Windsor Township","2010-03-19","Friday","March","15:28:00",2,"NEW JERSEY STATE POLICE","CRANBURY",0,0,0,0,0,"Property Damage","Not At Intersection","No","No","Same Direction - Rear End",2,"I-95  N.J. TURNPIKE","South",95,"","00000095",19.95,"State/Interstate Authority","Straight and Level","Blacktop","Dry","Daylight","Clear","Barrier Median","None",NA,"NULL","NULL","","NULL","","NULL",65,NA,40.23779,-74.534,"No","","646",482633.266512,511536.29491,NA,"DVRPC",0,"PDO",10064586
3439812,"20101101D010-2010-01046A","D010-2010-01046A",2010,"MERCER","East Windsor Township","2010-07-21","Wednesday","July","15:29:00",2,"NEW JERSEY STATE POLICE","CRANBURY",0,0,0,0,0,"Property Damage","Not At Intersection","No","No","Backing",2,"I-95  N.J. TURNPIKE","NULL",95,"","00000095",19.75,"State/Interstate Authority","Straight and Level","Blacktop","Dry","Daylight","Clear","None","None",NA,"NULL","NULL","","NULL","","NULL",65,NA,40.23608,-74.53702,"No","","664",481787.901887,510914.381219,NA,"DVRPC",0,"PDO",10163703
3439815,"20101101D010-2010-01091A","D010-2010-01091A",2010,"MERCER","East Windsor Township","2010-07-27","Tuesday","July","12:40:00",2,"NEW JERSEY STATE POLICE","CRANBURY",0,0,0,0,0,"Property Damage","Not At Intersection","No","No","Same Direction - Side Swipe",2,"I-95  N.J. TURNPIKE","South",95,"","00000095",19.65,"State/Interstate Authority","Straight and Level","Blacktop","Dry","Daylight","Clear","Barrier Median","None",NA,"NULL","NULL","","NULL","","NULL",65,NA,40.23523,-74.53854,"No","","703",481364.321764,510602.360891,NA,"DVRPC",0,"PDO",10182961
3439825,"20101101D010-2010-01326A","D010-2010-01326A",2010,"MERCER","East Windsor Township","2010-08-29","Sunday","August","20:05:00",2,"NEW JERSEY STATE POLICE","CRANBURY",0,0,3,0,0,"Injury","Not At Intersection","No","No","Same Direction - Rear End",2,"I-95  N.J. TURNPIKE","North",95,"","00000095",20.85,"State/Interstate Authority","Straight and Level","Blacktop","Dry","Dark (No Street Lights)","Clear","Barrier Median","None",NA,"NULL","NULL","","NULL","","NULL",45,NA,40.28152,-74.50387,"No","","668",486255.112317,514583.700557,NA,"DVRPC",0,"Pain",10193118
3439826,"20101101D010-2010-01360A","D010-2010-01360A",2010,"MERCER","East Windsor Township","2010-09-04","Saturday","September","10:07:00",2,"NEW JERSEY STATE POLICE","CRANBURY",0,0,0,0,0,"Property Damage","Not At Intersection","No","No","Same Direction - Rear End",2,"I-95  N.J. TURNPIKE","South",95,"","00000095",22.15,"State/Interstate Authority","Straight and Level","Blacktop","Dry","Daylight","Clear","Barrier Median","None",NA,"NULL","NULL","","NULL","","NULL",65,NA,40.28152,-74.50387,"No","","707",488937.691324,520870.61785,NA,"DVRPC",0,"PDO",10201500
3439828,"20101101D010-2010-01377A","D010-2010-01377A",2010,"MERCER","East Windsor Township","2010-09-08","Wednesday","September","15:33:00",2,"NEW JERSEY STATE POLICE","CRANBURY",0,0,0,0,0,"Property Damage","Not At Intersection","No","No","Same Direction - Side Swipe",2,"I-95  N.J. TURNPIKE","South",95,"","00000095",23.05,"State/Interstate Authority","Straight and Level","Blacktop","Dry","Daylight","Clear","Barrier Median","None",NA,"NULL","NULL","","NULL","","NULL",65,NA,40.28152,-74.50387,"No","","716",490479.0406,525794.435052,NA,"DVRPC",0,"PDO",10201234
3439829,"20101101D010-2010-01385A","D010-2010-01385A",2010,"MERCER","East Windsor Township","2010-09-09","Thursday","September","22:24:00",2,"NEW JERSEY STATE POLICE","CRANBURY",0,0,0,0,0,"Property Damage","Not At Intersection","No","No","Non-fixed Object",1,"I-95  N.J. TURNPIKE","South",95,"","00000095",22.65,"State/Interstate Authority","Straight and Level","Blacktop","Dry","Dark (No Street Lights)","Clear","Barrier Median","None",NA,"NULL","NULL","","NULL","","NULL",65,NA,40.28152,-74.50387,"No","","703",489666.534199,523346.228467,NA,"DVRPC",0,"PDO",10201212
3439830,"20101101D010-2010-01386A","D010-2010-01386A",2010,"MERCER","East Windsor Township","2010-09-09","Thursday","September","22:36:00",2,"NEW JERSEY STATE POLICE","CRANBURY",0,0,0,0,0,"Property Damage","Not At Intersection","No","No","Non-fixed Object",1,"I-95  N.J. TURNPIKE","South",95,"","00000095",22.65,"State/Interstate Authority","Straight and Level","Blacktop","Dry","Dark (No Street Lights)","Clear","Barrier Median","None",NA,"NULL","NULL","","NULL","","NULL",65,NA,40.28152,-74.50387,"No","","703",489666.534199,523346.228467,NA,"DVRPC",0,"PDO",10201211
3439831,"20101101D010-2010-01399A","D010-2010-01399A",2010,"MERCER","East Windsor Township","2010-09-12","Sunday","September","08:56:00",2,"NEW JERSEY STATE POLICE","CRANBURY",0,0,0,0,0,"Property Damage","Not At Intersection","No","No","Fixed Object",1,"I-95  N.J. TURNPIKE","South",95,"","00000095",22.25,"State/Interstate Authority","Curve and Grade","Blacktop","Wet","Daylight","Rain","Curbed Median","None",NA,"NULL","NULL","","NULL","","NULL",NA,NA,40.28152,-74.50387,"No","N.J.T.A. PO BOX 5042 WOODBRIDGE NJ 07095-LIGHT POLE #15-B-8 CURB","668",489088.290355,521385.86169,NA,"DVRPC",0,"PDO",10202840
3439863,"20101101D010-2010-02026A","D010-2010-02026A",2010,"MERCER","East Windsor Township","2010-12-26","Sunday","December","17:59:00",2,"NEW JERSEY STATE POLICE","CRANBURY",0,0,1,0,0,"Injury","Not At Intersection","No","No","Struck Parked Vehicle",2,"I-95  N.J. TURNPIKE","North",95,"","00000095",23.05,"State/Interstate Authority","Straight and Level","Blacktop","Snowy","Dark (No Street Lights)","Snow","Barrier Median","None",NA,"NULL","NULL","","NULL","","NULL",35,NA,40.27694,-74.50589,"No","NONE","703",490479.0406,525794.435052,NA,"DVRPC",0,"Moderate Injury",10302541
3439867,"20101101D010-201001369A","D010-201001369A",2010,"MERCER","East Windsor Township","2010-09-08","Wednesday","September","19:30:00",2,"NEW JERSEY STATE POLICE","CRANBURY",0,0,2,0,0,"Injury","Not At Intersection","No","No","Same Direction - Rear End",2,"I-95  N.J. TURNPIKE","North",95,"","00000095",22.45,"State/Interstate Authority","Straight and Level","Blacktop","Dry","Daylight","Clear","Barrier Median","None",NA,"NULL","NULL","","NULL","","NULL",45,NA,40.28152,-74.50387,"No","","656",489389.249473,522409.922939,NA,"DVRPC",0,"Pain",10201233
3439873,"20101101D0102010-965A","D0102010-965A",2010,"MERCER","East Windsor Township","2010-07-09","Friday","July","01:10:00",2,"NEW JERSEY STATE POLICE","CRANBURG",0,0,0,0,0,"Property Damage","Not At Intersection","No","No","Same Direction - Rear End",2,"I-95  N.J. TURNPIKE","North",95,"","00000095",20.15,"State/Interstate Authority","Straight and Level","Blacktop","Dry","Dark (No Street Lights)","Clear","Barrier Median","None",NA,"NULL","NULL","","NULL","","NULL",65,NA,40.23951,-74.53096,"No","NONE","632",483480.755595,512163.438102,NA,"DVRPC",0,"PDO",10154586
3439875,"20101101D010201000302A","D010201000302A",2010,"MERCER","East Windsor Township","2010-03-05","Friday","March","05:49:00",2,"NEW JERSEY STATE POLICE","CRANBURY",0,0,0,0,0,"Property Damage","Not At Intersection","No","No","Same Direction - Side Swipe",2,"I-95  N.J. TURNPIKE","North",95,"","00000095",20.65,"State/Interstate Authority","Straight and Level","Blacktop","Dry","Dawn","Clear","Barrier Median","None",NA,"NULL","NULL","","NULL","","NULL",65,NA,40.24403,-74.52358,"No","?","673",485541.639892,513805.88699,NA,"DVRPC",0,"PDO",10044458
3439892,"20101101D010201001083A","D010201001083A",2010,"MERCER","East Windsor Township","2010-07-25","Sunday","July","23:25:00",2,"NEW JERSEY STATE POLICE","CRANBURY",0,0,5,0,0,"Injury","Not At Intersection","No","No","Same Direction - Rear End",2,"I-95  N.J. TURNPIKE","NULL",95,"","00000095",20.35,"State/Interstate Authority","Straight and Level","Blacktop","Dry","Dark (No Street Lights)","Clear","Barrier Median","None",NA,"NULL","NULL","","NULL","","NULL",65,NA,40.24123,-74.52792,"No","","695",484330.663959,512789.19325,NA,"DVRPC",0,"Moderate Injury",10166260
3439893,"20101101D010201001096A","D010201001096A",2010,"MERCER","East Windsor Township","2010-07-28","Wednesday","July","07:31:00",2,"NEW JERSEY STATE POLICE","CRANBURY",0,0,0,0,0,"Property Damage","Not At Intersection","No","No","Animal",1,"I-95  N.J. TURNPIKE","South",95,"","00000095",20.65,"State/Interstate Authority","Straight and Level","Blacktop","Wet","Daylight","Rain","Barrier Median","Construction Zone",NA,"NULL","NULL","","NULL","","NULL",65,NA,40.24403,-74.52358,"No","","658",485541.639892,513805.88699,NA,"DVRPC",0,"PDO",10166100
3439896,"20101101D010201001296A","D010201001296A",2010,"MERCER","East Windsor Township","2010-08-26","Thursday","August","06:32:00",2,"NEW JERSEY STATE POLICE","CRANBURY",0,0,0,0,0,"Property Damage","Not At Intersection","No","No","Non-fixed Object",1,"I-95  N.J. TURNPIKE","North",95,"","00000095",21.85,"State/Interstate Authority","Straight and Level","Blacktop","Dry","Daylight","Clear","Barrier Median","None",NA,"NULL","NULL","","NULL","","NULL",65,NA,40.28152,-74.50387,"No","","658",488485.454755,519331.873,NA,"DVRPC",0,"PDO",10193106
3439902,"20101101D0102010333A","D0102010333A",2010,"MERCER","East Windsor Township","2010-03-13","Saturday","March","04:31:00",2,"NEW JERSEY STATE POLICE","CRANBURY",0,0,1,0,0,"Injury","Not At Intersection","No","No","Right Angle",3,"I-95  N.J. TURNPIKE","South",95,"","00000095",19.65,"State/Interstate Authority","Straight and Level","Blacktop","Wet","Dark (No Street Lights)","Rain","Barrier Median","None",NA,"NULL","NULL","","NULL","","NULL",65,NA,40.23523,-74.53854,"No","NONE","632",481364.321764,510602.360891,NA,"DVRPC",0,"Moderate Injury",10051728
3439910,"201011021-2010-005394","1-2010-005394",2010,"MERCER","Ewing Township","2010-02-20","Saturday","February","14:41:00",1,"EWING TWP PD","SQUAD2 B",0,0,1,0,0,"Injury","Not At Intersection","No","No","Same Direction - Rear End",2,"MERCER COUNTY 622","NULL",622,"","11000622",4.86,"County","Straight and Grade","Blacktop","Dry","Daylight","Clear","None","None",528,"Foot","West","CR 627","NULL","","NULL",40,25,40.24589,-74.76389,"No","","146",418465.907468,514594.57029,NA,"DVRPC",0,"Pain",10040739
3439917,"2010110210000070","10000070",2010,"MERCER","Ewing Township","2010-01-02","Saturday","January","10:17:00",1,"TRENTON PD","WEST PRECINCT",0,0,0,0,0,"Property Damage","Not At Intersection","No","No","Struck Parked Vehicle",2,"NJ 31","NULL",31,"","00000031",4.72,"State Highway","Straight and Grade","Blacktop","Dry","Daylight","Clear","None","None",100,"Foot","South","FRAZIER ST","NULL","","NULL",25,25,40.28883,-74.78518,"No","","482",412571.122011,530254.231249,NA,"DVRPC",0,"PDO",10000959
3439919,"2010110210003599","10003599",2010,"MERCER","Ewing Township","2010-03-10","Wednesday","March","04:51:00",1,"TRENTON PD","HEAD QUARTERS",0,0,0,0,0,"Property Damage","Not At Intersection","No","No","Struck Parked Vehicle",2,"NJ 31","NULL",31,"","00000031",1.15,"State Highway","Straight and Level","Blacktop","Dry","Dark (Street Lights On/ continuous)","Clear","None","None",NA,"NULL","NULL","COOLIDGE AVE","NULL","","NULL",25,25,40.24031,-74.7756,"No","","595",415190.8,512572.94,NA,"DVRPC",0,"PDO",10046550
3439945,"201011022010-05030","2010-05030",2010,"MERCER","Ewing Township","2010-06-27","Sunday","June","02:15:00",99,"COLLEGE OF NEW JERSEY","THE COLLEGE OF",0,0,0,0,0,"Property Damage","At Intersection","No","No","Fixed Object",1,"NJ 31","NULL",31,"","00000031",2.84,"State Highway","Straight and Level","Blacktop","Dry","Dark (Street Lights On/ continuous)","Clear","None","None",NA,"At","NULL","THERESA ST","NULL","","NULL",NA,25,40.26378,-74.78193,"No","SMALL SCRAPE ON TELEPHONE POLE #636956","83",413448.81,521124.32,NA,"DVRPC",0,"PDO",10133528
3439959,"20101102B150201000051A","B150201000051A",2010,"MERCER","Ewing Township","2010-02-05","Friday","February","06:32:00",2,"NEW JERSEY STATE POLICE","WASHINGTON",0,0,0,0,0,"Property Damage","Not At Intersection","No","No","Same Direction - Side Swipe",2,"NJ 31","South",31,"","00000031",3.6,"State Highway","Straight and Level","Blacktop","Dry","Daylight","Clear","Painted Median","None",NA,"NULL","NULL","","NULL","","NULL",50,NA,40.27408,-74.78113,"No","NONE","723",413686.02,524878.89,NA,"DVRPC",0,"PDO",10041421
3439960,"20101102C060-2010-00072A","C060-2010-00072A",2010,"MERCER","Ewing Township","2010-01-22","Friday","January","16:52:00",2,"NEW JERSEY STATE POLICE","HAMILTON SUB",0,0,0,0,0,"Property Damage","Not At Intersection","No","No","Same Direction - Rear End",2,"I-95 MERCER COUNTY","South",95,"M","00000095M",0.2,"Interstate","Straight and Level","Blacktop","Dry","Daylight","Clear","Grass Median","None",NA,"NULL","NULL","","NULL","","NULL",55,NA,40.26089,-74.84366,"No","","688",396219.814626,520135.11155,NA,"DVRPC",0,"PDO",10023300