"ID","DOT_WEB_ID","CASE_NUMBER","CRASH_YEAR","COUNTY","MUNICIPALITY","CRASH_DATE","CRASH_DAY_OF_WEEK","CRASH_MONTH","CRASH_TIME","POLICE_DEPT_CODE","POLICE_DEPARTMENT","POLICE_STATION","TOTAL_KILLED","TOTAL_INCAPACITATED","TOTAL_INJURED","PEDESTRIANS_KILLED","PEDESTRIANS_INJURED","SEVERITY","INTERSECTION","ALCOHOL_INVOLVED","HAZMAT_INVOLVED","CRASH_TYPE","TOTAL_VEHICLES_INVOLVED","CRASH_LOCATION","LOCATION_DIRECTION","ROUTE","ROUTE_SUFFIX","SRI","MILEPOST","ROAD_SYSTEM","ROAD_CHARACTER","ROAD_SURFACE_TYPE","SURFACE_CONDITION","LIGHT_CONDITION","ENVIRONMENTAL_CONDITION","ROAD_DIVIDED_BY","TEMP_TRAFFIC_CONTROL_ZONE","DISTANCE_TO_CROSS_STREET","UNIT_OF_MEASUREMENT","DIRECTION_FROM_CROSS_STREET","CROSS_STREET_NAME","IS_RAMP","RAMP_TO_FROM_ROUTE_NAME","RAMP_TO_FROM_ROUTE_DIRECTION","POSTED_SPEED","POSTED_SPEED_CROSS_STREET","LATITUDE","LONGITUDE","CELL_PHONE_IN_USE","OTHER_PROPERTY_DAMAGE","REPORTING_BADGE_NO","X","Y","CRASH_NARRATIVE","MPO","TOTAL_PEDESTRIANS_INVOLVED","EPDO","DLN"
3439961,"20101102C060-2010-00085A","C060-2010-00085A",2010,"MERCER","Ewing Township","2010-01-25","Monday","January","09:31:00",2,"NEW JERSEY STATE POLICE","HAMILTIN-SUB",0,0,0,0,0,"Property Damage","Not At Intersection","No","No","Fixed Object",1,"I-95 MERCER COUNTY","South",95,"M","00000095M",4,"Interstate","Straight and Level","Blacktop","Wet","Daylight","Rain","Barrier Median","None",NA,"NULL","NULL","","NULL","","NULL",35,NA,40.28967,-74.79039,"No","","690",411120.980769,530564.921538,NA,"DVRPC",0,"PDO",10023297
3439962,"20101102C060-2010-00088A","C060-2010-00088A",2010,"MERCER","Ewing Township","2010-01-25","Monday","January","12:19:00",2,"NEW JERSEY STATE POLICE","HAMILTON",0,0,1,0,0,"Injury","Not At Intersection","No","No","Fixed Object",1,"I-95 MERCER COUNTY","South",95,"M","00000095M",0.5,"Interstate","Straight and Level","Blacktop","Wet","Daylight","Rain","Barrier Median","None",NA,"NULL","NULL","","NULL","","NULL",65,NA,40.26449,-74.84065,"No","","688",397064.852879,521441.635303,NA,"DVRPC",0,"Pain",10023191
3439963,"20101102C060-2010-00122A","C060-2010-00122A",2010,"MERCER","Ewing Township","2010-02-04","Thursday","February","00:12:00",2,"NEW JERSEY STATE POLICE","HAMILTON-SUB",0,0,0,0,0,"Property Damage","Not At Intersection","Yes","No","Fixed Object",1,"I-95 MERCER COUNTY","South",95,"M","00000095M",0.2,"Interstate","Straight and Level","Blacktop","Dry","Dark (Street Lights On/ continuous)","Clear","Grass Median","None",NA,"NULL","NULL","","NULL","","NULL",65,NA,40.26089,-74.84366,"No","SAFETY BARRELLS AT EXIT 1 WERE DAMAGED","703",396219.814626,520135.11155,NA,"DVRPC",0,"PDO",10034233
3439964,"20101102C060-2010-00138A","C060-2010-00138A",2010,"MERCER","Ewing Township","2010-02-07","Sunday","February","09:06:00",2,"NEW JERSEY STATE POLICE","HAMILTON-SUB",0,0,0,0,0,"Property Damage","Not At Intersection","No","No","Fixed Object",1,"I-95 MERCER COUNTY","South",95,"M","00000095M",2.2,"Interstate","Straight and Level","Blacktop","Slush","Daylight","Clear","Barrier Median","None",NA,"NULL","NULL","","NULL","","NULL",65,NA,40.28346,-74.82096,"No","","722",402585.594608,528332.685257,NA,"DVRPC",0,"PDO",10034220
3439965,"20101102C060-2010-00181A","C060-2010-00181A",2010,"MERCER","Ewing Township","2010-02-12","Friday","February","18:07:00",2,"NEW JERSEY STATE POLICE","HAMILTON",0,0,1,0,0,"Injury","Not At Intersection","No","No","Same Direction - Rear End",2,"I-95 MERCER COUNTY","West",95,"M","00000095M",4,"Interstate","Straight and Level","Blacktop","Dry","Dark (Street Lights On/ continuous)","Clear","Grass Median","None",NA,"NULL","NULL","","NULL","","NULL",65,NA,40.28967,-74.79039,"No","","688",411120.980769,530564.921538,NA,"DVRPC",0,"Pain",10037131
3439966,"20101102C060-2010-00285A","C060-2010-00285A",2010,"MERCER","Ewing Township","2010-03-13","Saturday","March","03:51:00",2,"NEW JERSEY STATE POLICE","HAMILTON-SUB",0,0,0,0,0,"Property Damage","Not At Intersection","No","No","Fixed Object",1,"I-95 MERCER COUNTY","South",95,"M","00000095M",0.4,"Interstate","Straight and Level","Blacktop","Wet","Dark (Street Lights On/ continuous)","Rain","Barrier Median","None",NA,"NULL","NULL","","NULL","","NULL",55,NA,40.26325,-74.84156,"No","","699",396808.547362,520990.092884,NA,"DVRPC",0,"PDO",10054467
3439967,"20101102C060-2010-00286A","C060-2010-00286A",2010,"MERCER","Ewing Township","2010-03-13","Saturday","March","11:29:00",2,"NEW JERSEY STATE POLICE","HAMILTON",0,0,1,0,0,"Injury","Not At Intersection","No","No","Fixed Object",1,"I-95 MERCER COUNTY","South",95,"M","00000095M",0.4,"Interstate","Straight and Grade","Blacktop","Wet","Daylight","Rain","Barrier Median","None",NA,"NULL","NULL","","NULL","","NULL",65,NA,40.26325,-74.84156,"No","","584",396808.547362,520990.092884,NA,"DVRPC",0,"Moderate Injury",10059447
3439968,"20101102C060-2010-00293A","C060-2010-00293A",2010,"MERCER","Ewing Township","2010-03-13","Saturday","March","08:13:00",2,"NEW JERSEY STATE POLICE","HAMILTON-SUB",0,0,0,0,0,"Property Damage","Not At Intersection","No","No","Fixed Object",1,"I-95 MERCER COUNTY","South",95,"M","00000095M",0.4,"Interstate","Straight and Level","Blacktop","Wet","Daylight","Rain","Barrier Median","None",NA,"NULL","NULL","","NULL","","NULL",65,NA,40.26325,-74.84156,"No","","696",396808.547362,520990.092884,NA,"DVRPC",0,"PDO",10061077
3439969,"20101102C060-2010-00298A","C060-2010-00298A",2010,"MERCER","Ewing Township","2010-03-14","Sunday","March","10:36:00",2,"NEW JERSEY STATE POLICE","HAMILTON SUB",0,0,2,0,0,"Injury","Not At Intersection","No","No","Fixed Object",1,"I-95 MERCER COUNTY","South",95,"M","00000095M",0.5,"Interstate","Straight and Level","Blacktop","Wet","Daylight","Rain","Barrier Median","None",NA,"NULL","NULL","","NULL","","NULL",65,NA,40.26449,-74.84065,"No","NJDOT SIGN - STATE POLICE DIVISION HEADQUARTERS EXIT SIGN","665",397064.852879,521441.635303,NA,"DVRPC",0,"Pain",10060801
3439984,"20101102C060-2010-00690A","C060-2010-00690A",2010,"MERCER","Ewing Township","2010-06-07","Monday","June","16:26:00",2,"NEW JERSEY STATE POLICE","HAMILTON",0,0,0,0,0,"Property Damage","Not At Intersection","No","No","Same Direction - Side Swipe",2,"I-95 MERCER COUNTY","South",95,"M","00000095M",1.4,"Interstate","Straight and Level","Blacktop","Dry","Daylight","Clear","Grass Median","None",NA,"NULL","NULL","","NULL","","NULL",65,NA,40.27466,-74.83048,"No","","642",399917.202058,525135.58753,NA,"DVRPC",0,"PDO",10142991
3439986,"20101102C060-2010-0078A","C060-2010-0078A",2010,"MERCER","Ewing Township","2010-08-10","Tuesday","August","09:29:00",2,"NEW JERSEY STATE POLICE","HAMILTON",0,0,1,0,0,"Injury","Not At Intersection","No","No","Opposite Direction - Head On/Angular",2,"NJ 29","South",29,"","00000029",9,"State Highway","Straight and Level","Blacktop","Dry","Daylight","Clear","None","None",NA,"NULL","NULL","","NULL","","NULL",55,NA,40.25934,-74.84299,"No","","690",396404.094755,519568.100554,NA,"DVRPC",0,"Pain",10182737
3439987,"20101102C060-2010-00809A","C060-2010-00809A",2010,"MERCER","Ewing Township","2010-07-06","Tuesday","July","16:42:00",2,"NEW JERSEY STATE POLICE","HAMILTON-SUB",0,0,1,0,0,"Injury","Not At Intersection","No","No","Same Direction - Side Swipe",2,"I-95 MERCER COUNTY","South",95,"M","00000095M",1.9,"Interstate","Straight and Level","Blacktop","Dry","Daylight","Clear","Barrier Median","None",NA,"NULL","NULL","","NULL","","NULL",65,NA,40.28003,-74.82432,"No","","620",401641.546197,527086.486851,NA,"DVRPC",0,"Pain",10148580
3439988,"20101102C060-2010-00810A","C060-2010-00810A",2010,"MERCER","Ewing Township","2010-07-06","Tuesday","July","16:59:00",2,"NEW JERSEY STATE POLICE","HAMILTON SUB",0,0,0,0,0,"Property Damage","Not At Intersection","No","No","Same Direction - Side Swipe",2,"I-95 MERCER COUNTY","North",95,"M","00000095M",3.8,"Interstate","Straight and Level","Blacktop","Dry","Daylight","Clear","Grass Median","None",NA,"NULL","NULL","","NULL","","NULL",65,NA,40.28925,-74.79409,"No","","688",410088.691565,530415.896792,NA,"DVRPC",0,"PDO",10159592
3439991,"20101102C060-2010-00925A","C060-2010-00925A",2010,"MERCER","Ewing Township","2010-07-27","Tuesday","July","07:20:00",2,"NEW JERSEY STATE POLICE","HAMILTON-SUB",0,0,0,0,0,"Property Damage","Not At Intersection","No","No","Same Direction - Side Swipe",2,"I-95 MERCER COUNTY","North",95,"M","00000095M",0.2,"Interstate","Straight and Level","Blacktop","Dry","Daylight","Clear","Barrier Median","None",NA,"NULL","NULL","","NULL","","NULL",55,NA,40.26089,-74.84366,"No","NONE","683",396219.814626,520135.11155,NA,"DVRPC",0,"PDO",10174202
3439992,"20101102C060-2010-00976A","C060-2010-00976A",2010,"MERCER","Ewing Township","2010-08-09","Monday","August","16:58:00",2,"NEW JERSEY STATE POLICE","HAMILTON",0,0,0,0,0,"Property Damage","Not At Intersection","No","No","Same Direction - Side Swipe",2,"I-95 MERCER COUNTY","North",95,"M","00000095M",3.8,"Interstate","Straight and Level","Blacktop","Dry","Daylight","Clear","Grass Median","None",NA,"NULL","NULL","","NULL","","NULL",65,NA,40.28925,-74.79409,"No","","717",410088.691565,530415.896792,NA,"DVRPC",0,"PDO",10182736
3439993,"20101102C060-2010-00980A","C060-2010-00980A",2010,"MERCER","Ewing Township","2010-08-10","Tuesday","August","14:14:00",2,"NEW JERSEY STATE POLICE","HAMILTON",0,0,0,0,0,"Property Damage","Not At Intersection","No","No","Same Direction - Side Swipe",2,"I-95 MERCER COUNTY","North",95,"M","00000095M",4,"Interstate","Straight and Level","Blacktop","Dry","Daylight","Clear","Grass Median","None",NA,"NULL","NULL","","NULL","","NULL",65,NA,40.28967,-74.79039,"No","","690",411120.980769,530564.921538,NA,"DVRPC",0,"PDO",10182739
3439994,"20101102C060-2010-00998A","C060-2010-00998A",2010,"MERCER","Ewing Township","2010-08-15","Sunday","August","20:32:00",2,"NEW JERSEY STATE POLICE","HAMILTON STATI?",0,0,0,0,0,"Property Damage","Not At Intersection","No","No","Animal",1,"I-95 MERCER COUNTY","South",95,"M","00000095M",2,"Interstate","Straight and Level","Blacktop","Dry","Dark (No Street Lights)","Clear","Grass Median","None",NA,"NULL","NULL","","NULL","","NULL",65,NA,40.28118,-74.8232,"No","","646",401957.18275,527502.84525,NA,"DVRPC",0,"PDO",10191655
3439996,"20101102C060-2010-01029A","C060-2010-01029A",2010,"MERCER","Ewing Township","2010-08-12","Thursday","August","18:04:00",2,"NEW JERSEY STATE POLICE","HAMILTON SUB",0,0,0,0,0,"Property Damage","Not At Intersection","No","No","Same Direction - Side Swipe",2,"I-95 MERCER COUNTY","South",95,"M","00000095M",4,"Interstate","Straight and Level","Blacktop","Dry","Daylight","Clear","Grass Median","None",NA,"NULL","NULL","","NULL","","NULL",65,NA,40.28967,-74.79039,"No","","720",411120.980769,530564.921538,NA,"DVRPC",0,"PDO",10191650
3440025,"20101102C060-2010-01687A","C060-2010-01687A",2010,"MERCER","Ewing Township","2010-12-26","Sunday","December","14:20:00",2,"NEW JERSEY STATE POLICE","NJSP HAMILTON",0,0,0,0,0,"Property Damage","Not At Intersection","No","No","Fixed Object",1,"I-95 MERCER COUNTY","South",95,"M","00000095M",0.6,"Interstate","Straight and Level","Blacktop","Snowy","Daylight","Snow","Barrier Median","None",NA,"NULL","NULL","","NULL","","NULL",55,NA,40.26574,-74.83973,"No","","709",397322.283697,521896.496472,NA,"DVRPC",0,"PDO",10301892
3440026,"20101102C060-2010-01688A","C060-2010-01688A",2010,"MERCER","Ewing Township","2010-12-26","Sunday","December","14:20:00",2,"NEW JERSEY STATE POLICE","NJSP HAMILTON",0,0,1,0,0,"Injury","Not At Intersection","No","No","Fixed Object",1,"I-95 MERCER COUNTY","South",95,"M","00000095M",0.5,"Interstate","Straight and Level","Blacktop","Snowy","Daylight","Snow","Barrier Median","None",NA,"NULL","NULL","","NULL","","NULL",55,NA,40.26449,-74.84065,"No","","709",397064.852879,521441.635303,NA,"DVRPC",0,"Pain",10301893
3440028,"20101102C060-2010-C0221A","C060-2010-C0221A",2010,"MERCER","Ewing Township","2010-02-23","Tuesday","February","18:08:00",2,"NEW JERSEY STATE POLICE","HAMILTON-SUB",0,0,0,0,0,"Property Damage","Not At Intersection","No","No","Same Direction - Rear End",2,"I-95 MERCER COUNTY","South",95,"M","00000095M",0.9,"Interstate","Straight and Level","Blacktop","Wet","Dark (No Street Lights)","Rain","Grass Median","None",NA,"NULL","NULL","","NULL","","NULL",65,NA,40.26934,-74.83671,"Yes","","683",398171.30775,523205.75034,NA,"DVRPC",0,"PDO",10047220
3440032,"20101102C060201000045A","C060201000045A",2010,"MERCER","Ewing Township","2010-01-17","Sunday","January","13:52:00",2,"NEW JERSEY STATE POLICE","HAMILTON-SUB",0,0,1,0,0,"Injury","Not At Intersection","No","No","Fixed Object",1,"I-95 MERCER COUNTY","South",95,"M","00000095M",0.5,"Interstate","Straight and Level","Blacktop","Wet","Daylight","Rain","Barrier Median","None",NA,"NULL","NULL","","NULL","","NULL",65,NA,40.26449,-74.84065,"No","THE BRIDGE FREEZES BEFORE ROAD SURFACE SIGN WAS DAMAGED","700",397064.852879,521441.635303,NA,"DVRPC",0,"Moderate Injury",10023245
3440033,"20101102C060201000065A","C060201000065A",2010,"MERCER","Ewing Township","2010-01-21","Thursday","January","04:21:00",2,"NEW JERSEY STATE POLICE","HAMILTON",0,0,0,0,0,"Property Damage","Not At Intersection","No","No","Fixed Object",1,"I-95 MERCER COUNTY","North",95,"M","00000095M",3.5,"Interstate","Straight and Level","Blacktop","Dry","Dark (No Street Lights)","Clear","Grass Median","None",NA,"NULL","NULL","","NULL","","NULL",65,NA,40.28916,-74.79968,"No","CHAIN LINK FENCE-DOT NOTIFIED","717",408528.595,530386.351471,NA,"DVRPC",0,"PDO",10023198
3440034,"20101102C0602010000811A","C0602010000811A",2010,"MERCER","Ewing Township","2010-07-07","Wednesday","July","08:26:00",2,"NEW JERSEY STATE POLICE","HAMILTON-SUB",0,0,0,0,0,"Property Damage","Not At Intersection","No","No","Non-fixed Object",2,"I-95 MERCER COUNTY","East",95,"M","00000095M",4,"Interstate","Straight and Level","Blacktop","Dry","Daylight","Clear","Barrier Median","None",NA,"NULL","NULL","","NULL","","NULL",65,NA,40.28967,-74.79039,"No","","700",411120.980769,530564.921538,NA,"DVRPC",0,"PDO",10148581
3440035,"20101102C060201000096A","C060201000096A",2010,"MERCER","Ewing Township","2010-01-29","Friday","January","20:20:00",2,"NEW JERSEY STATE POLICE","HAMILTON-SUB",0,0,0,0,0,"Property Damage","Not At Intersection","Yes","No","Fixed Object",1,"I-95 MERCER COUNTY","South",95,"M","00000095M",3.6,"Interstate","Straight and Level","Blacktop","Dry","Dark (No Street Lights)","Clear","Grass Median","None",NA,"NULL","NULL","","NULL","","NULL",65,NA,40.28911,-74.79781,"No","NJ DEPARTMENT OF TRANSPORTATION GUARDRAIL","700",409050.231155,530368.39834,NA,"DVRPC",0,"PDO",10023194
3440036,"20101102C060201000118A","C060201000118A",2010,"MERCER","Ewing Township","2010-02-02","Tuesday","February","18:00:00",2,"NEW JERSEY STATE POLICE","HAMILTON",0,0,0,0,0,"Property Damage","Not At Intersection","No","No","Same Direction - Rear End",2,"I-95 MERCER COUNTY","South",95,"M","00000095M",4,"Interstate","Straight and Level","Blacktop","Dry","Dark (Street Lights On/ continuous)","Clear","Barrier Median","None",NA,"NULL","NULL","","From","NJ 31","South Bound",65,NA,40.28967,-74.79039,"No","","706",411120.980769,530564.921538,NA,"DVRPC",0,"PDO",10034237
3440037,"20101102C060201000166A","C060201000166A",2010,"MERCER","Ewing Township","2010-02-06","Saturday","February","18:29:00",2,"NEW JERSEY STATE POLICE","HAMILTON",0,0,0,0,0,"Property Damage","Not At Intersection","No","No","Fixed Object",1,"I-95 MERCER COUNTY","South",95,"M","00000095M",4,"Interstate","Straight and Level","Blacktop","Slush","Dark (Street Lights On/ continuous)","Clear","Barrier Median","None",NA,"NULL","NULL","","NULL","","NULL",55,NA,40.28967,-74.79039,"No","","709",411120.980769,530564.921538,NA,"DVRPC",0,"PDO",10034221
3440038,"20101102C060201000201A","C060201000201A",2010,"MERCER","Ewing Township","2010-02-19","Friday","February","02:17:00",2,"NEW JERSEY STATE POLICE","HAMILTON-SUB",0,0,0,0,0,"Property Damage","Not At Intersection","No","No","Fixed Object",1,"I-95 MERCER COUNTY","South",95,"M","00000095M",1.4,"Interstate","Straight and Grade","Blacktop","Dry","Dark (No Street Lights)","Clear","Grass Median","None",NA,"NULL","NULL","","NULL","","NULL",65,NA,40.27466,-74.83048,"No","","724",399917.202058,525135.58753,NA,"DVRPC",0,"PDO",10047213
3440039,"20101102C060201000231A","C060201000231A",2010,"MERCER","Ewing Township","2010-02-25","Thursday","February","11:48:00",2,"NEW JERSEY STATE POLICE","HAMILTON SUB",0,0,0,0,0,"Property Damage","Not At Intersection","No","No","Fixed Object",1,"I-95 MERCER COUNTY","South",95,"M","00000095M",1.1,"Interstate","Straight and Level","Blacktop","Slush","Daylight","Snow","Barrier Median","None",NA,"NULL","NULL","","NULL","","NULL",65,NA,40.27153,-74.83431,"No","","724",398843.504721,523999.993995,NA,"DVRPC",0,"PDO",10061164
3440040,"20101102C060201000273A","C060201000273A",2010,"MERCER","Ewing Township","2010-03-02","Tuesday","March","06:22:00",2,"NEW JERSEY STATE POLICE","HAMILTON SUB",0,0,0,0,0,"Property Damage","Not At Intersection","No","No","Animal",1,"I-95 MERCER COUNTY","South",95,"M","00000095M",4,"Interstate","Curve and Level","Blacktop","Wet","Dark (No Street Lights)","Rain","Grass Median","None",NA,"NULL","NULL","","NULL","","NULL",65,NA,40.28967,-74.79039,"No","","724",411120.980769,530564.921538,NA,"DVRPC",0,"PDO",10059442
3440041,"20101102C060201000280A","C060201000280A",2010,"MERCER","Ewing Township","2010-03-11","Thursday","March","18:10:00",2,"NEW JERSEY STATE POLICE","HAMILTON",0,0,0,0,0,"Property Damage","Not At Intersection","No","No","Same Direction - Rear End",2,"I-95 MERCER COUNTY","South",95,"M","00000095M",0.07,"State/Interstate Authority","Straight and Level","Blacktop","Dry","Dark (Street Lights On/ continuous)","Clear","Barrier Median","None",NA,"NULL","NULL","","From","NJ 29","North Bound",55,NA,40.2597,-74.84552,"No","V # 1 IN THE REAR. NO INSURIES REPORTED. BOX # 119A : DRIVER INNATTEUTION D # 1","709",395699.419261,519701.443705,NA,"DVRPC",0,"PDO",10054468
3440045,"20101102C060201000777A","C060201000777A",2010,"MERCER","Ewing Township","2010-06-30","Wednesday","June","17:14:00",2,"NEW JERSEY STATE POLICE","HAMILTON",0,0,0,0,0,"Property Damage","Not At Intersection","No","No","Same Direction - Side Swipe",2,"I-95 MERCER COUNTY","South",95,"M","00000095M",1.7,"Interstate","Straight and Level","Blacktop","Dry","Daylight","Clear","Grass Median","None",NA,"NULL","NULL","","NULL","","NULL",65,NA,40.27781,-74.82666,"No","","665",400986.55052,526279.332685,NA,"DVRPC",0,"PDO",10144118
3440050,"20101102C0602010292A","C0602010292A",2010,"MERCER","Ewing Township","2010-03-13","Saturday","March","15:29:00",2,"NEW JERSEY STATE POLICE","HAMILTON-SUB",0,0,1,0,0,"Injury","Not At Intersection","No","No","Fixed Object",1,"I-95 MERCER COUNTY","NULL",95,"M","00000095M",0.4,"Interstate","Straight and Grade","Blacktop","Water (Standing/Moving)","Daylight","Severe Crosswinds","Barrier Median","Construction Zone",NA,"NULL","NULL","","NULL","","NULL",65,NA,40.26325,-74.84156,"No","","560",396808.547362,520990.092884,NA,"DVRPC",0,"Pain",10059449
3440051,"20101102C410-2010-0068A","C410-2010-0068A",2010,"MERCER","Ewing Township","2010-12-15","Wednesday","December","09:00:00",2,"NEW JERSEY STATE POLICE","STATE HOUSE OPS",0,0,0,0,0,"Property Damage","Not At Intersection","No","No","Struck Parked Vehicle",2,"NJ 31","East",31,"","00000031",4.72,"State Highway","Straight and Level","Blacktop","Dry","Daylight","Clear","None","None",NA,"NULL","NULL","","NULL","","NULL",15,NA,40.28883,-74.78518,"No","","612",412571.122011,530254.231249,NA,"DVRPC",0,"PDO",10302705
3440052,"20101102D010-2010-01822A","D010-2010-01822A",2010,"MERCER","Ewing Township","2010-11-22","Monday","November","03:19:00",2,"NEW JERSEY STATE POLICE","CRANBURY",0,0,1,0,0,"Injury","Not At Intersection","No","No","Same Direction - Side Swipe",2,"I-95 MERCER COUNTY","South",95,"M","00000095M",0.2,"State/Interstate Authority","Straight and Level","Blacktop","Dry","Daylight","Clear","Barrier Median","None",NA,"NULL","NULL","","NULL","","NULL",65,NA,40.26089,-74.84366,"No","","707",396219.814626,520135.11155,NA,"DVRPC",0,"Pain",10289740
3440053,"20101102D060-2010-00287A","D060-2010-00287A",2010,"MERCER","Ewing Township","2010-03-13","Saturday","March","14:52:00",2,"NEW JERSEY STATE POLICE","HAMILTON",0,0,0,0,0,"Property Damage","Not At Intersection","No","No","Overturned",1,"I-95 MERCER COUNTY","South",95,"M","00000095M",0.5,"Interstate","Straight and Grade","Blacktop","Wet","Daylight","Rain","Barrier Median","None",NA,"NULL","NULL","","NULL","","NULL",65,NA,40.26449,-74.84065,"No","","584",397064.852879,521441.635303,NA,"DVRPC",0,"PDO",10059446
3440055,"20101102I-2010-000003","I-2010-000003",2010,"MERCER","Ewing Township","2010-01-01","Friday","January","00:20:00",1,"EWING TWP PD","SQUAD 4 TRAFFIC",0,0,0,0,0,"Property Damage","At Intersection","No","No","Fixed Object",1,"MERCER COUNTY 634","NULL",634,"","11000634",3.86,"County","Curve and Grade","Blacktop","Icy","Dark (Street Lights On/ continuous)","Sleet/Hail/Freezing Rain","None","None",NA,"At","NULL","BERWYN AVENUE","NULL","","NULL",40,25,40.24482,-74.78353,"No","#52 UTILITY POLE 60331EW PSEG 15 W STATE ST TRENTON NJ","163",412982.254724,514219.295452,NA,"DVRPC",0,"PDO",10000687
3440061,"20101102I-2010-000234","I-2010-000234",2010,"MERCER","Ewing Township","2010-01-03","Sunday","January","15:39:00",1,"EWING TWP PD","1B",0,0,0,0,0,"Property Damage","Not At Intersection","No","No","Animal",1,"MERCER COUNTY 622","NULL",622,"","11000622",6.25,"County","Straight and Level","Blacktop","Dry","Daylight","Clear","None","None",1320,"Foot","East","SUTHERLAND AVENUE","NULL","","NULL",40,25,40.25201,-74.7882,"No","","152",411686.412857,516843.561429,NA,"DVRPC",0,"PDO",10000350
3440062,"20101102I-2010-000368","I-2010-000368",2010,"MERCER","Ewing Township","2010-01-05","Tuesday","January","05:08:00",1,"EWING TWP PD","SQUAD 2B",0,0,0,0,0,"Property Damage","Not At Intersection","No","No","Animal",1,"MERCER COUNTY 636","NULL",636,"","11000636",5.1,"County","Straight and Level","Blacktop","Dry","Dark (Street Lights On/ continuous)","Clear","None","None",50,"Foot","West","LOWER FERRY ROAD (643)","NULL","","NULL",35,35,40.27587,-74.79263,"No","","181",410478.4,525538.25,NA,"DVRPC",0,"PDO",10000349
3440064,"20101102I-2010-000491","I-2010-000491",2010,"MERCER","Ewing Township","2010-01-05","Tuesday","January","17:08:00",1,"EWING TWP PD","SQUAD 4 TRAFFIC",0,0,0,0,0,"Property Damage","Not At Intersection","No","No","Same Direction - Side Swipe",2,"NJ 31","NULL",31,"","00000031",1.82,"State Highway","Straight and Level","Blacktop","Dry","Dark (Street Lights On/ continuous)","Clear","None","None",30,"Foot","North","CR 622","NULL","","NULL",35,40,40.24988,-74.77575,"No","","163",415158.09,516058.12,NA,"DVRPC",0,"PDO",10004055
3440065,"20101102I-2010-000535","I-2010-000535",2010,"MERCER","Ewing Township","2010-01-06","Wednesday","January","02:11:00",1,"EWING TWP PD","PLATOON 2-SQUA",0,0,0,0,0,"Property Damage","Not At Intersection","Yes","No","Fixed Object",1,"MERCER COUNTY 634","NULL",634,"","11000634",2.01,"County","Straight and Level","Blacktop","Dry","Dark (Street Lights On/ continuous)","Clear","None","None",1000,"Foot","West","CR 611","NULL","","NULL",35,NA,40.26533,-74.80499,"No","#128C FENCE AT 1445 PARKWAY AVE JOHN BEHRLE (PROPERTY MGR) NOTIFIED","151",407017.149577,521712.261953,NA,"DVRPC",0,"PDO",10009727
3440066,"20101102I-2010-000553","I-2010-000553",2010,"MERCER","Ewing Township","2010-01-06","Wednesday","January","09:32:00",1,"EWING TWP PD","SQUAD3 TRAFFIC",0,0,0,0,0,"Property Damage","At Intersection","No","No","Same Direction - Rear End",2,"MERCER COUNTY 639","NULL",639,"","11000639",0.33,"County","Curve and Level","Blacktop","Dry","Daylight","Clear","Curbed Median","None",NA,"At","NULL","CR 622","NULL","","NULL",35,40,40.24804,-74.7558,"No","","149",420724.28,515371.65,NA,"DVRPC",0,"PDO",10000399
3440067,"20101102I-2010-000703","I-2010-000703",2010,"MERCER","Ewing Township","2010-01-07","Thursday","January","19:11:00",1,"EWING TWP PD","SQUAD TRAFFIC",0,0,1,0,0,"Injury","Not At Intersection","No","No","Same Direction - Rear End",2,"MERCER COUNTY 634","NULL",634,"","11000634",3.68,"County","Curve and Grade","Blacktop","Dry","Dark (Street Lights On/ continuous)","Clear","None","None",40,"Foot","West","LATONA AVENUE","NULL","","NULL",40,25,40.24715,-74.78496,"No","","163",412584.569438,515071.868924,NA,"DVRPC",0,"Pain",10004054
3440071,"20101102I-2010-000750","I-2010-000750",2010,"MERCER","Ewing Township","2010-01-08","Friday","January","08:38:00",1,"EWING TWP PD","1B",0,0,0,0,0,"Property Damage","Not At Intersection","No","No","Fixed Object",1,"THERESA ST","NULL",NA,"","11021395",0.01,"Municipal","Straight and Level","Blacktop","Snowy","Dark (Street Lights On/ continuous)","Snow","None","None",40,"Foot","East","LOWER FERRY RD (643)","NULL","","NULL",25,35,40.26442,-74.79371,"No","#128C-FENCE JAMES MCCRAY 1176 LOWER FERRY RD EWING NJ 08618","152",410163.76826,521369.199565,NA,"DVRPC",0,"PDO",10003962
3440074,"20101102I-2010-000778","I-2010-000778",2010,"MERCER","Ewing Township","2010-01-08","Friday","January","12:58:00",1,"EWING TWP PD","TRAFFIC BUREAU",0,0,1,0,0,"Injury","Not At Intersection","No","No","Right Angle",2,"MERCER COUNTY 636","NULL",636,"","11000636",5.65,"County","Straight and Level","Blacktop","Snowy","Daylight","Snow","None","None",332,"Foot","East","MERCER COUNTY 611","NULL","","NULL",40,40,40.27472,-74.80274,"No","NONE","111",407655.38152,525129.836836,NA,"DVRPC",0,"Pain",10003960
3440075,"20101102I-2010-000782","I-2010-000782",2010,"MERCER","Ewing Township","2010-01-08","Friday","January","13:35:00",1,"EWING TWP PD","SQUAD 1",0,0,0,0,0,"Property Damage","At Intersection","No","No","Same Direction - Rear End",2,"MERCER COUNTY 627","NULL",627,"","11000627",0.03,"County","Straight and Grade","Blacktop","Dry","Daylight","Clear","None","None",NA,"At","NULL","HOMESTEAD AVENUE","NULL","","NULL",25,25,40.23761,-74.76994,"No","","115",416767.57,511583.51,NA,"DVRPC",0,"PDO",10004051
3440076,"20101102I-2010-000818","I-2010-000818",2010,"MERCER","Ewing Township","2010-01-08","Friday","January","18:21:00",1,"EWING TWP PD","P2-A",0,0,0,0,0,"Property Damage","Not At Intersection","No","No","Same Direction - Rear End",2,"MERCER COUNTY 634","NULL",634,"","11000634",2.37,"County","Straight and Level","Blacktop","Dry","Dark (Street Lights On/ continuous)","Clear","None","None",60,"Foot","East","WALTER STREET","NULL","","NULL",40,25,40.26216,-74.79966,"No","","105",408499.579977,520552.176894,NA,"DVRPC",0,"PDO",10009733