"ID","DOT_WEB_ID","CASE_NUMBER","CRASH_YEAR","COUNTY","MUNICIPALITY","CRASH_DATE","CRASH_DAY_OF_WEEK","CRASH_MONTH","CRASH_TIME","POLICE_DEPT_CODE","POLICE_DEPARTMENT","POLICE_STATION","TOTAL_KILLED","TOTAL_INCAPACITATED","TOTAL_INJURED","PEDESTRIANS_KILLED","PEDESTRIANS_INJURED","SEVERITY","INTERSECTION","ALCOHOL_INVOLVED","HAZMAT_INVOLVED","CRASH_TYPE","TOTAL_VEHICLES_INVOLVED","CRASH_LOCATION","LOCATION_DIRECTION","ROUTE","ROUTE_SUFFIX","SRI","MILEPOST","ROAD_SYSTEM","ROAD_CHARACTER","ROAD_SURFACE_TYPE","SURFACE_CONDITION","LIGHT_CONDITION","ENVIRONMENTAL_CONDITION","ROAD_DIVIDED_BY","TEMP_TRAFFIC_CONTROL_ZONE","DISTANCE_TO_CROSS_STREET","UNIT_OF_MEASUREMENT","DIRECTION_FROM_CROSS_STREET","CROSS_STREET_NAME","IS_RAMP","RAMP_TO_FROM_ROUTE_NAME","RAMP_TO_FROM_ROUTE_DIRECTION","POSTED_SPEED","POSTED_SPEED_CROSS_STREET","LATITUDE","LONGITUDE","CELL_PHONE_IN_USE","OTHER_PROPERTY_DAMAGE","REPORTING_BADGE_NO","X","Y","CRASH_NARRATIVE","MPO","TOTAL_PEDESTRIANS_INVOLVED","EPDO","DLN"
3440077,"20101102I-2010-000825","I-2010-000825",2010,"MERCER","Ewing Township","2010-01-08","Friday","January","20:19:00",1,"EWING TWP PD","PLATOON 2-SQUA",0,0,0,0,0,"Property Damage","At Intersection","No","No","Left Turn / U Turn",2,"MERCER COUNTY 636","NULL",636,"","11000636",1.26,"County","Straight and Level","Blacktop","Dry","Dark (Street Lights On/ continuous)","Clear","None","None",NA,"At","NULL","NJ 31","NULL","","NULL",25,40,40.24547,-74.7755,"No","","151",415222.99,514450.1,NA,"DVRPC",0,"PDO",10004050
3440078,"20101102I-2010-000992","I-2010-000992",2010,"MERCER","Ewing Township","2010-01-10","Sunday","January","15:24:00",1,"EWING TWP PD","SQUAD 1",0,0,0,0,0,"Property Damage","At Intersection","No","No","Right Angle",2,"MERCER COUNTY 622","NULL",622,"","11000622",4.65,"County","Straight and Level","Blacktop","Dry","Daylight","Clear","None","None",NA,"At","NULL","CR 639","NULL","","NULL",40,35,40.2446,-74.76017,"No","","115",419502.36,514121.4,NA,"DVRPC",0,"PDO",10004246
3440080,"20101102I-2010-001062","I-2010-001062",2010,"MERCER","Ewing Township","2010-01-11","Monday","January","12:54:00",1,"EWING TWP PD","P-3B",0,0,0,0,0,"Property Damage","Not At Intersection","No","No","Same Direction - Side Swipe",2,"MERCER COUNTY 622","NULL",622,"","11000622",6.16,"County","Straight and Level","Blacktop","Dry","Daylight","Clear","None","None",200,"Foot","West","HIGHGATE DRIVE","NULL","","NULL",40,25,40.25173,-74.78659,"No","","140",412136.447971,516740.672916,NA,"DVRPC",0,"PDO",10003958
3440081,"20101102I-2010-001064","I-2010-001064",2010,"MERCER","Ewing Township","2010-01-11","Monday","January","13:05:00",1,"EWING TWP PD","P-3B",0,0,0,0,0,"Property Damage","Not At Intersection","No","No","Same Direction - Rear End",2,"MERCER COUNTY 622","NULL",622,"","11000622",5.32,"County","Straight and Level","Blacktop","Dry","Daylight","Clear","Curbed Median","None",20,"Foot","West","CR 636","NULL","","NULL",45,35,40.24881,-74.77177,"No","","131",416268.04,515664.55,NA,"DVRPC",0,"PDO",10003957
3440082,"20101102I-2010-001066","I-2010-001066",2010,"MERCER","Ewing Township","2010-01-11","Monday","January","13:19:00",1,"EWING TWP PD","SQUAD ONE A",0,0,0,0,0,"Property Damage","Not At Intersection","No","No","Same Direction - Side Swipe",2,"MERCER COUNTY 622","NULL",622,"","11000622",5.29,"County","Straight and Level","Blacktop","Dry","Daylight","Clear","None","Construction Zone",150,"Foot","West","MERCER COUNTY 636","NULL","","NULL",35,35,40.24862,-74.77126,"No","","178",416411.154468,515594.673721,NA,"DVRPC",0,"PDO",10004245
3440084,"20101102I-2010-001096","I-2010-001096",2010,"MERCER","Ewing Township","2010-01-11","Monday","January","18:29:00",1,"EWING TWP PD","PTL 4A",0,0,0,0,0,"Property Damage","Not At Intersection","No","No","Animal",1,"EGGERTS CROSSING RD","NULL",NA,"","11071394",1.29,"Municipal","Straight and Level","Blacktop","Dry","Dark (Street Lights On/ continuous)","Clear","None","None",400,"Foot","North","MISTY MORN LN","NULL","","NULL",40,25,40.26975,-74.75926,"No","","183",419781.42,523282.97,NA,"DVRPC",0,"PDO",10003959
3440087,"20101102I-2010-001144","I-2010-001144",2010,"MERCER","Ewing Township","2010-01-12","Tuesday","January","13:05:00",1,"EWING TWP PD","SQUAD3 TRAFFIC",0,0,2,0,0,"Injury","Not At Intersection","No","No","Same Direction - Rear End",2,"ROUTE 579","NULL",579,"","00000579",0.95,"County","Straight and Level","Blacktop","Dry","Daylight","Clear","None","None",20,"Foot","South","LOWER FERRY RD","NULL","","NULL",40,40,40.24893,-74.81224,"No","","149",404971.334032,515744.200945,NA,"DVRPC",0,"Pain",10003954
3440088,"20101102I-2010-001171","I-2010-001171",2010,"MERCER","Ewing Township","2010-01-12","Tuesday","January","16:41:00",1,"EWING TWP PD","SQUAD 3B",0,0,1,0,0,"Injury","Not At Intersection","No","No","Same Direction - Side Swipe",2,"MERCER COUNTY 622","East",622,"","11000622",4.65,"County","Straight and Level","Blacktop","Dry","Dusk","Clear","Curbed Median","None",100,"Foot","NULL","ARCTIC PARKWAY (RT 639)","NULL","","NULL",40,35,40.2446,-74.76017,"No","","182",419502.36,514121.4,NA,"DVRPC",0,"Pain",10009715
3440089,"20101102I-2010-001188","I-2010-001188",2010,"MERCER","Ewing Township","2010-01-12","Tuesday","January","19:59:00",1,"EWING TWP PD","SQUAD4 TRAFFIC",0,0,0,0,0,"Property Damage","Not At Intersection","No","No","Fixed Object",1,"NJ 31","NULL",31,"","00000031",3.58,"State Highway","Curve and Level","Blacktop","Dry","Dark (Street Lights On/ continuous)","Clear","None","None",20,"Foot","North","OLD FORGE LN","NULL","","NULL",40,25,40.27378,-74.78122,"No","# 128B-B UTILITY POLE E60261EW PSEG 15 WEST STATES ST TRENTON NJ","163",413660.67,524768.63,NA,"DVRPC",0,"PDO",10004247
3440090,"20101102I-2010-001270","I-2010-001270",2010,"MERCER","Ewing Township","2010-01-13","Wednesday","January","17:24:00",1,"EWING TWP PD","PTL 4A",0,0,1,0,0,"Injury","At Intersection","No","No","Same Direction - Rear End",2,"NJ 31","NULL",31,"","00000031",2.84,"State Highway","Straight and Level","Blacktop","Dry","Dark (Street Lights On/ continuous)","Clear","None","None",NA,"At","NULL","THERESA ST","NULL","","NULL",40,25,40.26378,-74.78193,"No","","183",413448.81,521124.32,NA,"DVRPC",0,"Pain",10020741
3440097,"20101102I-2010-001858","I-2010-001858",2010,"MERCER","Ewing Township","2010-01-19","Tuesday","January","14:36:00",1,"EWING TWP PD","TRAFFIC BUREAU",0,0,0,0,0,"Property Damage","Not At Intersection","No","No","Fixed Object",1,"MERCER COUNTY 647","NULL",647,"","11000647",0,"County","Straight and Level","Blacktop","Dry","Daylight","Clear","None","None",639,"Foot","NULL","BEAR TAVERN ROAD (RT 579)","NULL","","NULL",35,40,40.2817,-74.83509,"No","#128A-FIRE HYDRANT-TRENTON WATER DEPT 319 EAST STATE ST. TRENTON NJ 08608","111",398639.78,527705.96,NA,"DVRPC",0,"PDO",10009725
3440098,"20101102I-2010-001967","I-2010-001967",2010,"MERCER","Ewing Township","2010-01-20","Wednesday","January","14:10:00",1,"EWING TWP PD","PLATOON 2-SQUA?",0,0,0,0,0,"Property Damage","Not At Intersection","No","No","Right Angle",2,"MERCER COUNTY 639","NULL",639,"","11000639",0.03,"County","Straight and Level","Blacktop","Dry","Daylight","Clear","None","None",150,"Foot","North","OLDEN AVE (RT 622)","NULL","","NULL",25,35,40.24499,-74.75978,"No","","151",419610.676247,514263.698122,NA,"DVRPC",0,"PDO",10009724
3440099,"20101102I-2010-002011","I-2010-002011",2010,"MERCER","Ewing Township","2010-01-20","Wednesday","January","21:16:00",1,"EWING TWP PD","SQUAD 1",0,0,1,0,1,"Injury","Not At Intersection","No","No","Pedestrian",1,"MERCER COUNTY 636","NULL",636,"","11000636",1.04,"County","Straight and Level","Blacktop","Dry","Dark (Street Lights On/ continuous)","Clear","None","None",200,"Foot","North","PINGREE AVENUE","NULL","","NULL",35,25,40.24377,-74.77882,"No","","115",414295.243418,513833.211102,NA,"DVRPC",1,"Moderate Injury",10031675
3440101,"20101102I-2010-002072","I-2010-002072",2010,"MERCER","Ewing Township","2010-01-21","Thursday","January","12:32:00",1,"EWING TWP PD","PLATOON 2-SQUAD",0,0,0,0,0,"Property Damage","Not At Intersection","No","No","Right Angle",2,"NJ 31","NULL",31,"","00000031",1.48,"State Highway","Straight and Level","Blacktop","Dry","Daylight","Clear","None","None",150,"Foot","South","CR 636 / PARKSIDE AVE","NULL","","NULL",40,35,40.24505,-74.77567,"No","","151",415176.340482,514297.844066,NA,"DVRPC",0,"PDO",10009737
3440102,"20101102I-2010-002073","I-2010-002073",2010,"MERCER","Ewing Township","2010-01-21","Thursday","January","12:35:00",1,"EWING TWP PD","SQUAD 2B",0,0,0,0,0,"Property Damage","At Intersection","No","No","Same Direction - Rear End",2,"MERCER COUNTY 622","NULL",622,"","11000622",5.32,"County","Straight and Level","Blacktop","Dry","Daylight","Clear","None","None",NA,"At","NULL","CR 636","NULL","","NULL",35,35,40.24881,-74.77177,"No","","181",416268.04,515664.55,NA,"DVRPC",0,"PDO",10020740
3440104,"20101102I-2010-002086","I-2010-002086",2010,"MERCER","Ewing Township","2010-01-21","Thursday","January","14:59:00",1,"EWING TWP PD","PLATOON2-SQUAD?",0,0,0,0,0,"Property Damage","Not At Intersection","No","No","Same Direction - Rear End",2,"GREEN LN","NULL",NA,"","11021396",0.56,"Municipal","Curve and Grade","Blacktop","Dry","Daylight","Clear","None","None",20,"Foot","West","HOLLOWBROOK DR","NULL","","NULL",35,25,40.26598,-74.77199,"No","","151",416226.91,521919.86,NA,"DVRPC",0,"PDO",10009714
3440107,"20101102I-2010-002173","I-2010-002173",2010,"MERCER","Ewing Township","2010-01-22","Friday","January","10:27:00",1,"EWING TWP PD","TRAFFIC BUREAU",0,0,0,0,0,"Property Damage","Not At Intersection","No","No","Right Angle",2,"MERCER COUNTY 622","NULL",622,"","11000622",4.96,"County","Straight and Level","Blacktop","Dry","Daylight","Overcast","None","None",NA,"Foot","East","CR 627","NULL","","NULL",40,25,40.24652,-74.76565,"No","","111",417973.18,514824.33,NA,"DVRPC",0,"PDO",10009713
3440108,"20101102I-2010-002193","I-2010-002193",2010,"MERCER","Ewing Township","2010-01-22","Friday","January","13:24:00",1,"EWING TWP PD","TRAFFIC BUREAU",0,0,1,0,0,"Injury","Not At Intersection","No","No","Right Angle",2,"MERCER COUNTY 636","NULL",636,"","11000636",2.39,"County","Straight and Level","Blacktop","Dry","Daylight","Clear","None","None",73,"Foot","North","CR 613","NULL","","NULL",25,35,40.2581,-74.76249,"No","","111",418867.61034,519038.780433,NA,"DVRPC",0,"Pain",10009712
3440110,"20101102I-2010-002336","I-2010-002336",2010,"MERCER","Ewing Township","2010-01-23","Saturday","January","18:04:00",1,"EWING TWP PD","SQUAD3 TRAFFIC",0,0,0,0,0,"Property Damage","Not At Intersection","No","No","Right Angle",2,"MERCER COUNTY 622","NULL",622,"","11000622",4.63,"County","Straight and Level","Blacktop","Dry","Dark (Street Lights On/ continuous)","Clear","Curbed Median","None",100,"Foot","West","ARCTIC PKWY (RTE 639)","NULL","","NULL",35,40,40.24448,-74.75983,"No","","149",419595.837726,514075.704609,NA,"DVRPC",0,"PDO",10009718
3440111,"20101102I-2010-002415","I-2010-002415",2010,"MERCER","Ewing Township","2010-01-24","Sunday","January","15:58:00",1,"EWING TWP PD","SQUAD4 TRAFFIC",0,0,0,0,0,"Property Damage","Not At Intersection","No","No","Struck Parked Vehicle",2,"ROUTE 579","NULL",579,"","00000579",0.93,"County","Straight and Grade","Blacktop","Dry","Daylight","Clear","None","None",100,"Foot","South","LOWER FERRY RD","NULL","","NULL",35,35,40.24867,-74.81205,"No","FRONT LAWN 240 SULLIVAN WAY EWING NJ","163",405025.194625,515651.743246,NA,"DVRPC",0,"PDO",10020732
3440113,"20101102I-2010-002500","I-2010-002500",2010,"MERCER","Ewing Township","2010-01-25","Monday","January","16:52:00",1,"EWING TWP PD","PTL4B",0,0,0,0,0,"Property Damage","Not At Intersection","No","No","Same Direction - Rear End",2,"MERCER COUNTY 622","NULL",622,"","11000622",4.65,"County","Straight and Level","Blacktop","Wet","Dusk","Rain","Curbed Median","None",30,"Foot","East","CR 639","NULL","","NULL",35,35,40.2446,-74.76017,"No","","150",419502.36,514121.4,NA,"DVRPC",0,"PDO",10020730
3440119,"20101102I-2010-002629","I-2010-002629",2010,"MERCER","Ewing Township","2010-01-26","Tuesday","January","22:48:00",1,"EWING TWP PD","1B",0,0,2,0,0,"Injury","Not At Intersection","No","No","Right Angle",2,"MERCER COUNTY 622","NULL",622,"","11000622",6.33,"County","Straight and Level","Blacktop","Dry","Dark (Street Lights On/ continuous)","Clear","None","None",300,"Foot","East","PARKWAY AVENUE (RT #634)","NULL","","NULL",40,35,40.2522,-74.78965,"No","","152",411281.41,516916.32,NA,"DVRPC",0,"Pain",10020737
3440120,"20101102I-2010-002644","I-2010-002644",2010,"MERCER","Ewing Township","2010-01-27","Wednesday","January","01:01:00",1,"EWING TWP PD","1B",0,0,1,0,0,"Injury","Not At Intersection","No","No","Same Direction - Rear End",2,"MERCER COUNTY 622","NULL",622,"","11000622",5.31,"County","Straight and Level","Blacktop","Dry","Dark (Street Lights On/ continuous)","Clear","None","None",40,"Foot","West","PARKSIDE AVENUE (RT #636)","NULL","","NULL",35,35,40.24875,-74.7716,"No","","152",416315.745035,515641.257803,NA,"DVRPC",0,"Pain",10020736
3440122,"20101102I-2010-002735","I-2010-002735",2010,"MERCER","Ewing Township","2010-01-27","Wednesday","January","19:25:00",1,"EWING TWP PD","SQUAD 1-A",0,0,0,0,0,"Property Damage","Not At Intersection","No","No","Right Angle",2,"NJ 31","NULL",31,"","00000031",1.96,"State Highway","Straight and Grade","Blacktop","Dry","Dark (Street Lights On/ continuous)","Clear","None","None",25,"Foot","South","PENNROAD AVE","NULL","","NULL",35,25,40.2518,-74.77662,"No","","180",414916.922202,516756.766306,NA,"DVRPC",0,"PDO",10020734
3440123,"20101102I-2010-002783","I-2010-002783",2010,"MERCER","Ewing Township","2010-01-28","Thursday","January","08:00:00",1,"EWING TWP PD","SQUAD TRAFFIC",0,0,1,0,0,"Injury","At Intersection","No","No","Right Angle",2,"FEDERAL CITY RD","NULL",NA,"","11021398",0.08,"Municipal","Straight and Grade","Blacktop","Wet","Daylight","Snow","None","None",NA,"At","NULL","BULL RUN ROAD","NULL","","NULL",35,35,40.27668,-74.77224,"No","","163",416169.422494,525816.999159,NA,"DVRPC",0,"Pain",10020731
3440124,"20101102I-2010-002801","I-2010-002801",2010,"MERCER","Ewing Township","2010-01-28","Thursday","January","09:47:00",1,"EWING TWP PD","SQUAD 4-A",0,0,0,0,0,"Property Damage","Not At Intersection","No","No","Same Direction - Rear End",2,"MERCER COUNTY 636","NULL",636,"","11000636",1.26,"County","Straight and Level","Blacktop","Dry","Daylight","Clear","None","None",25,"Foot","West","NJ 31","NULL","","NULL",36,40,40.24547,-74.7755,"No","","174",415222.99,514450.1,NA,"DVRPC",0,"PDO",10020915
3440125,"20101102I-2010-002825","I-2010-002825",2010,"MERCER","Ewing Township","2010-01-28","Thursday","January","13:59:00",1,"EWING TWP PD","P2-A",0,0,0,0,0,"Property Damage","Not At Intersection","No","No","Opposite Direction - Head On/Angular",2,"MERCER COUNTY 634","NULL",634,"","11000634",2.81,"County","Straight and Level","Blacktop","Dry","Daylight","Clear","None","None",50,"Foot","South","RUTLEDGE AVENUE","NULL","","NULL",40,25,40.25734,-74.79438,"No","NONE","105",409966.567571,518791.205728,NA,"DVRPC",0,"PDO",10020914
3440127,"20101102I-2010-002972","I-2010-002972",2010,"MERCER","Ewing Township","2010-01-29","Friday","January","17:35:00",1,"EWING TWP PD","SQUAD3 TRAFFIC",0,0,0,0,0,"Property Damage","Not At Intersection","No","No","Same Direction - Rear End",2,"I-95 MERCER COUNTY","NULL",95,"M","00000095M",0.2,"Interstate","Curve and Level","Blacktop","Dry","Dusk","Clear","Curbed Median","None",20,"Foot","South","NJ 29","NULL","","NULL",35,45,40.26089,-74.84366,"No","","149",396219.814626,520135.11155,NA,"DVRPC",0,"PDO",10020912
3440128,"20101102I-2010-003054","I-2010-003054",2010,"MERCER","Ewing Township","2010-01-30","Saturday","January","14:56:00",1,"EWING TWP PD","SQUAD 4B",0,0,0,0,0,"Property Damage","Not At Intersection","No","No","Struck Parked Vehicle",2,"MERCER COUNTY 636","NULL",636,"","11000636",1.03,"County","Straight and Level","Blacktop","Dry","Daylight","Clear","None","None",150,"Foot","North","PINGREE AVENUE","NULL","","NULL",35,25,40.24365,-74.77894,"No","","177",414262.086487,513790.369371,NA,"DVRPC",0,"PDO",10020907
3440129,"20101102I-2010-003067","I-2010-003067",2010,"MERCER","Ewing Township","2010-01-30","Saturday","January","19:06:00",1,"EWING TWP PD","SQUAD3 TRAFFIC",0,1,1,0,0,"Injury","Not At Intersection","Yes","No","Fixed Object",1,"NJ 31","NULL",31,"","00000031",3.23,"State Highway","Curve and Level","Blacktop","Snowy","Dark (Street Lights On/ continuous)","Snow","None","None",842,"Foot","South","CARLTON AVE","NULL","","NULL",40,25,40.2692,-74.78382,"No","60-TREE 1944 PENNINGTON RD EWING NJ 08638 RANDY SCHMIDT (RENTER)","149",412929.595838,523101.296494,NA,"DVRPC",0,"Incapacitating Injury",10020911
3440136,"20101102I-2010-003380","I-2010-003380",2010,"MERCER","Ewing Township","2010-02-02","Tuesday","February","21:33:00",1,"EWING TWP PD","1B",0,0,0,0,0,"Property Damage","At Intersection","No","No","Right Angle",2,"MERCER COUNTY 634","NULL",634,"","11000634",1.17,"County","Straight and Level","Blacktop","Dry","Dark (Street Lights On/ continuous)","Clear","None","None",NA,"At","NULL","CR 579","NULL","","NULL",35,35,40.26591,-74.81919,"No","","152",403055.317712,521938.104096,NA,"DVRPC",0,"PDO",10020901
3440140,"20101102I-2010-003434","I-2010-003434",2010,"MERCER","Ewing Township","2010-02-03","Wednesday","February","11:39:00",1,"EWING TWP PD","PLATOON2-SQUAD",0,0,0,0,0,"Property Damage","Not At Intersection","No","No","Same Direction - Rear End",2,"MERCER COUNTY 639","NULL",639,"","11000639",0,"County","Curve and Level","Blacktop","Dry","Daylight","Clear","None","None",20,"Foot","North","CR 622","NULL","","NULL",35,35,40.2446,-74.76017,"No","","151",419502.36,514121.4,NA,"DVRPC",0,"PDO",10020899
3440141,"20101102I-2010-003453","I-2010-003453",2010,"MERCER","Ewing Township","2010-02-03","Wednesday","February","14:50:00",1,"EWING TWP PD","P2-A",0,0,0,0,0,"Property Damage","At Intersection","No","No","Opposite Direction - Head On/Angular",2,"MERCER COUNTY 622","NULL",622,"","11000622",4.65,"County","Straight and Level","Blacktop","Wet","Daylight","Clear","None","None",NA,"At","NULL","CR 639","NULL","","NULL",40,35,40.2446,-74.76017,"No","","105",419502.36,514121.4,NA,"DVRPC",0,"PDO",10020898
3440143,"20101102I-2010-003479","I-2010-003479",2010,"MERCER","Ewing Township","2010-02-03","Wednesday","February","22:01:00",1,"EWING TWP PD","1B",0,0,0,0,0,"Property Damage","At Intersection","No","No","Right Angle",2,"NJ 31","NULL",31,"","00000031",3.81,"State Highway","Straight and Level","Blacktop","Dry","Dark (Street Lights On/ continuous)","Clear","None","None",NA,"At","NULL","CR 636 / EWINGVILLE RD / UPPER FERR","NULL","","NULL",40,35,40.2771,-74.7805,"No","","152",413863.72,525977.55,NA,"DVRPC",0,"PDO",10020896
3440145,"20101102I-2010-003657","I-2010-003657",2010,"MERCER","Ewing Township","2010-02-05","Friday","February","01:16:00",1,"EWING TWP PD","SQUAD3 TRAFFIC",0,0,0,0,0,"Property Damage","Not At Intersection","No","No","Struck Parked Vehicle",2,"STUYVESANT AVE","NULL",NA,"","11111568",2.19,"Municipal","Straight and Level","Blacktop","Dry","Dark (Street Lights On/ continuous)","Clear","None","None",100,"Foot","East","ESTHER AVE","NULL","","NULL",25,25,40.25052,-74.80648,"No","","149",406583.08792,516319.430443,NA,"DVRPC",0,"PDO",10020895
3440146,"20101102I-2010-003720","I-2010-003720",2010,"MERCER","Ewing Township","2010-02-05","Friday","February","11:40:00",1,"EWING TWP PD","PTL4B",0,0,0,0,0,"Property Damage","Not At Intersection","No","No","Right Angle",2,"MERCER COUNTY 634","NULL",634,"","11000634",2.33,"County","Straight and Level","Blacktop","Dry","Daylight","Clear","None","None",150,"Foot","West","WALTERS ST","NULL","","NULL",40,25,40.26252,-74.80025,"No","","150",408336.239467,520685.175587,NA,"DVRPC",0,"PDO",10033762
3440148,"20101102I-2010-003759","I-2010-003759",2010,"MERCER","Ewing Township","2010-02-05","Friday","February","18:16:00",1,"EWING TWP PD","SQUAD3 TRAFFIC",0,0,0,0,0,"Property Damage","Not At Intersection","No","No","Same Direction - Rear End",2,"NJ 31","NULL",31,"","00000031",2.58,"State Highway","Straight and Level","Blacktop","Dry","Dark (Street Lights On/ continuous)","Clear","None","None",150,"Foot","North","CAROLINA AVE","NULL","","NULL",40,25,40.26027,-74.78028,"No","","149",413907.164384,519845.316698,NA,"DVRPC",0,"PDO",10020893
3440150,"20101102I-2010-003866","I-2010-003866",2010,"MERCER","Ewing Township","2010-02-07","Sunday","February","12:31:00",1,"EWING TWP PD","PLATOON 2",0,0,2,0,0,"Injury","Not At Intersection","No","No","Left Turn / U Turn",3,"NJ 31","NULL",31,"","00000031",3.48,"State Highway","Curve and Level","Blacktop","Wet","Daylight","Clear","None","None",20,"Foot","North","LAKE BOULEVARD","NULL","","NULL",40,25,40.27254,-74.78208,"No","","151",413419.291915,524316.075778,NA,"DVRPC",0,"Pain",10033760
3440151,"20101102I-2010-003881","I-2010-003881",2010,"MERCER","Ewing Township","2010-02-07","Sunday","February","16:09:00",1,"EWING TWP PD","P2-A",0,1,1,0,0,"Injury","Not At Intersection","No","No","Pedalcyclist",1,"MERCER COUNTY 622","West",622,"","11000622",4.12,"County","Straight and Level","Blacktop","Wet","Daylight","Clear","None","None",75,"Foot","West","PRINCETON AVE","NULL","","NULL",40,25,40.24033,-74.75227,"No","","105",421703.52,512557.42,NA,"DVRPC",0,"Incapacitating Injury",10033690
3440152,"20101102I-2010-003891","I-2010-003891",2010,"MERCER","Ewing Township","2010-02-07","Sunday","February","18:52:00",1,"EWING TWP PD","SQUAD 1-A",0,0,0,0,0,"Property Damage","Not At Intersection","No","No","Same Direction - Rear End",2,"CARLTON AVE","NULL",NA,"","11021393",0.52,"Municipal","Straight and Level","Blacktop","Icy","Dark (Street Lights On/ continuous)","Clear","None","None",25,"Foot","East","LOWER FERRY ROAD (643)","NULL","","NULL",25,35,40.26887,-74.79228,"No","","180",410567.56,522988.68,NA,"DVRPC",0,"PDO",10020891
3440153,"20101102I-2010-003926","I-2010-003926",2010,"MERCER","Ewing Township","2010-02-08","Monday","February","09:04:00",1,"EWING TWP PD","SQUAD 2B",0,0,0,0,0,"Property Damage","Not At Intersection","No","No","Same Direction - Side Swipe",2,"NJ 31","NULL",31,"","00000031",3.14,"State Highway","Straight and Grade","Blacktop","Dry","Daylight","Clear","None","None",100,"Foot","North","MAIN BOULEVARD","NULL","","NULL",40,25,40.26791,-74.7838,"No","","165",412931.882982,522631.718687,NA,"DVRPC",0,"PDO",10033689
3440157,"20101102I-2010-003984","I-2010-003984",2010,"MERCER","Ewing Township","2010-02-08","Monday","February","18:09:00",1,"EWING TWP PD","SQUAD 1-A",0,0,0,0,0,"Property Damage","At Intersection","No","No","Right Angle",2,"MERCER COUNTY 636","NULL",636,"","11000636",2.06,"County","Straight and Level","Blacktop","Dry","Dark (Street Lights On/ continuous)","Clear","None","None",NA,"At","NULL","CR 627","NULL","","NULL",35,40,40.25442,-74.76634,"No","","180",417791.357099,517701.550683,NA,"DVRPC",0,"PDO",10033757
3440158,"20101102I-2010-003998","I-2010-003998",2010,"MERCER","Ewing Township","2010-02-08","Monday","February","19:57:00",1,"EWING TWP PD","SQUAD 1",0,0,0,0,0,"Property Damage","At Intersection","No","No","Right Angle",2,"NJ 29","North",29,"","00000029",8.8,"State Highway","Straight and Grade","Blacktop","Dry","Dark (Street Lights On/ continuous)","Clear","None","None",NA,"At","NULL","","From","I-95","North Bound",55,NA,40.25649,-74.84348,"No","","115",396263.707115,518529.503584,NA,"DVRPC",0,"PDO",10033756
3440159,"20101102I-2010-004037","I-2010-004037",2010,"MERCER","Ewing Township","2010-02-09","Tuesday","February","07:40:00",1,"EWING TWP PD","SQUAD4 TRAFFIC",0,0,3,0,0,"Injury","Not At Intersection","No","No","Right Angle",2,"MERCER COUNTY 634","NULL",634,"","11000634",1.52,"County","Straight and Level","Blacktop","Dry","Daylight","Clear","None","None",300,"Foot","East","DECOU AVE","NULL","","NULL",35,25,40.26791,-74.81345,"No","","163",404660.669277,522659.100647,NA,"DVRPC",0,"Moderate Injury",10033755
3440160,"20101102I-2010-004094","I-2010-004094",2010,"MERCER","Ewing Township","2010-02-09","Tuesday","February","12:33:00",1,"EWING TWP PD","P2-A",0,0,0,0,0,"Property Damage","Not At Intersection","No","No","Same Direction - Rear End",2,"MERCER COUNTY 639","NULL",639,"","11000639",0.32,"County","Straight and Grade","Blacktop","Dry","Daylight","Clear","None","None",50,"Foot","South","CR 613","NULL","","NULL",35,35,40.24794,-74.75594,"No","","105",420685.979973,515334.918156,NA,"DVRPC",0,"PDO",10033754
3440161,"20101102I-2010-004115","I-2010-004115",2010,"MERCER","Ewing Township","2010-02-09","Tuesday","February","14:32:00",1,"EWING TWP PD","SQUAD4 TRAFFIC",0,0,1,0,0,"Injury","Not At Intersection","No","No","Right Angle",3,"MERCER COUNTY 613","NULL",613,"","11000613",0,"County","Straight and Level","Blacktop","Dry","Daylight","Clear","None","None",500,"Foot","West","PRINCETON AVE","NULL","","NULL",35,35,40.24188,-74.75072,"No","","163",422137.69,513121.96,NA,"DVRPC",0,"Pain",10033753
3440162,"20101102I-2010-004125","I-2010-004125",2010,"MERCER","Ewing Township","2010-02-09","Tuesday","February","16:18:00",1,"EWING TWP PD","SQUAD2B",0,0,0,0,0,"Property Damage","Not At Intersection","No","No","Same Direction - Side Swipe",2,"MERCER COUNTY 622","NULL",622,"","11000622",4.93,"County","Straight and Level","Blacktop","Wet","Daylight","Clear","Painted Median","None",150,"Foot","West","CR 627","NULL","","NULL",35,25,40.24632,-74.76512,"No","","165",418121.066784,514753.332719,NA,"DVRPC",0,"PDO",10033752
3440163,"20101102I-2010-004162","I-2010-004162",2010,"MERCER","Ewing Township","2010-02-09","Tuesday","February","21:40:00",1,"EWING TWP PD","1B",0,0,0,0,0,"Property Damage","Not At Intersection","No","No","Same Direction - Rear End",2,"MERCER COUNTY 622","NULL",622,"","11000622",5.55,"County","Straight and Level","Blacktop","Snowy","Dark (Street Lights On/ continuous)","Snow","None","None",40,"Foot","West","NJ 31","NULL","","NULL",40,35,40.24985,-74.77558,"No","","152",415205.864089,516047.140209,NA,"DVRPC",0,"PDO",10033751