"ID","DOT_WEB_ID","CASE_NUMBER","CRASH_YEAR","COUNTY","MUNICIPALITY","CRASH_DATE","CRASH_DAY_OF_WEEK","CRASH_MONTH","CRASH_TIME","POLICE_DEPT_CODE","POLICE_DEPARTMENT","POLICE_STATION","TOTAL_KILLED","TOTAL_INCAPACITATED","TOTAL_INJURED","PEDESTRIANS_KILLED","PEDESTRIANS_INJURED","SEVERITY","INTERSECTION","ALCOHOL_INVOLVED","HAZMAT_INVOLVED","CRASH_TYPE","TOTAL_VEHICLES_INVOLVED","CRASH_LOCATION","LOCATION_DIRECTION","ROUTE","ROUTE_SUFFIX","SRI","MILEPOST","ROAD_SYSTEM","ROAD_CHARACTER","ROAD_SURFACE_TYPE","SURFACE_CONDITION","LIGHT_CONDITION","ENVIRONMENTAL_CONDITION","ROAD_DIVIDED_BY","TEMP_TRAFFIC_CONTROL_ZONE","DISTANCE_TO_CROSS_STREET","UNIT_OF_MEASUREMENT","DIRECTION_FROM_CROSS_STREET","CROSS_STREET_NAME","IS_RAMP","RAMP_TO_FROM_ROUTE_NAME","RAMP_TO_FROM_ROUTE_DIRECTION","POSTED_SPEED","POSTED_SPEED_CROSS_STREET","LATITUDE","LONGITUDE","CELL_PHONE_IN_USE","OTHER_PROPERTY_DAMAGE","REPORTING_BADGE_NO","X","Y","CRASH_NARRATIVE","MPO","TOTAL_PEDESTRIANS_INVOLVED","EPDO","DLN"
3440164,"20101102I-2010-004167","I-2010-004167",2010,"MERCER","Ewing Township","2010-02-09","Tuesday","February","22:06:00",1,"EWING TWP PD","P-3A",0,0,0,0,0,"Property Damage","At Intersection","No","No","Fixed Object",1,"ROUTE 579","NULL",579,"","00000579",4.25,"County","Curve and Grade","Blacktop","Snowy","Dark (Street Lights On/ continuous)","Snow","None","None",NA,"At","NULL","CR 637 / JACOBS CREEK RD","NULL","","NULL",35,25,40.28933,-74.84115,"No","","131",396957.563333,530479.4,NA,"DVRPC",0,"PDO",10033688
3440165,"20101102I-2010-004198","I-2010-004198",2010,"MERCER","Ewing Township","2010-02-10","Wednesday","February","07:12:00",1,"EWING TWP PD","SQUAD4 TRAFFIC",0,0,0,0,0,"Property Damage","At Intersection","No","No","Left Turn / U Turn",2,"NJ 31","NULL",31,"","00000031",3.81,"State Highway","Straight and Level","Blacktop","Slush","Daylight","Sleet/Hail/Freezing Rain","None","None",NA,"At","NULL","CR 636 / EWINGVILLE RD / UPPER FERR","NULL","","NULL",40,35,40.2771,-74.7805,"No","","163",413863.72,525977.55,NA,"DVRPC",0,"PDO",10033750
3440171,"20101102I-2010-004353","I-2010-004353",2010,"MERCER","Ewing Township","2010-02-11","Thursday","February","08:34:00",1,"EWING TWP PD","SQUAD4 TRAFFIC",0,0,0,0,0,"Property Damage","Not At Intersection","No","No","Same Direction - Rear End",2,"ROUTE 579","NULL",579,"","00000579",0.95,"County","Straight and Grade","Blacktop","Icy","Daylight","Clear","None","None",20,"Foot","East","LOWER FERRY RD","NULL","","NULL",35,35,40.24893,-74.81224,"No","","163",404971.334032,515744.200945,NA,"DVRPC",0,"PDO",10033746
3440172,"20101102I-2010-004402","I-2010-004402",2010,"MERCER","Ewing Township","2010-02-11","Thursday","February","09:56:00",1,"EWING TWP PD","PTL. 4A",0,0,0,0,0,"Property Damage","Not At Intersection","No","No","Same Direction - Rear End",2,"ROUTE 579","NULL",579,"","00000579",0.95,"County","Straight at Hillcrest","Blacktop","Icy","Daylight","Snow","None","None",25,"Foot","South","LOWER FERRY RD","NULL","","NULL",40,40,40.24893,-74.81224,"No","","183",404971.334032,515744.200945,NA,"DVRPC",0,"PDO",10033745
3440174,"20101102I-2010-004453","I-2010-004453",2010,"MERCER","Ewing Township","2010-02-11","Thursday","February","18:12:00",1,"EWING TWP PD","SQUAD3 TRAFFIC",0,0,0,0,0,"Property Damage","Not At Intersection","No","No","Opposite Direction - Side Swipe",2,"ROUTE 579","NULL",579,"","00000579",0.93,"County","Straight and Level","Blacktop","Snowy","Dark (Street Lights On/ continuous)","Clear","None","None",100,"Foot","South","LOWER FERRY RD","NULL","","NULL",40,35,40.24867,-74.81205,"No","","149",405025.194625,515651.743246,NA,"DVRPC",0,"PDO",10033744
3440175,"20101102I-2010-004500","I-2010-004500",2010,"MERCER","Ewing Township","2010-02-12","Friday","February","09:05:00",1,"EWING TWP PD","PTL.4A",0,0,0,0,0,"Property Damage","Not At Intersection","No","No","Same Direction - Rear End",2,"MERCER COUNTY 634","NULL",634,"","11000634",3.07,"County","Straight and Level","Concrete","Wet","Daylight","Clear","None","None",25,"Foot","East","SARATOGA AVENUE","NULL","","NULL",35,25,40.25429,-74.79158,"No","","183",410746.595093,517678.187346,NA,"DVRPC",0,"PDO",10033781
3440176,"20101102I-2010-004501","I-2010-004501",2010,"MERCER","Ewing Township","2010-02-12","Friday","February","09:12:00",1,"EWING TWP PD","TRAFFIC BUREAU",0,0,1,0,0,"Injury","Not At Intersection","No","No","Fixed Object",1,"MERCER COUNTY 634","NULL",634,"","11000634",2.88,"County","Straight and Level","Blacktop","Icy","Daylight","Clear","None","None",155,"Foot","East","DUNMORE AVENUE","NULL","","NULL",40,25,40.25652,-74.79364,"No","","111",410174.344961,518493.174312,NA,"DVRPC",0,"Pain",10033780
3440177,"20101102I-2010-004509","I-2010-004509",2010,"MERCER","Ewing Township","2010-02-12","Friday","February","09:46:00",1,"EWING TWP PD","SQUAD 4-A",0,0,0,0,0,"Property Damage","At Intersection","No","No","Right Angle",2,"BUTTONWOOD AVE","NULL",NA,"","11021391",0.33,"Municipal","Straight and Level","Blacktop","Icy","Daylight","Clear","None","None",NA,"At","NULL","HAWTHORNE AVENUE","NULL","","NULL",35,25,40.2589,-74.76955,"No","","174",417680.03,517958.36,NA,"DVRPC",0,"PDO",10033779
3440179,"20101102I-2010-004546","I-2010-004546",2010,"MERCER","Ewing Township","2010-02-12","Friday","February","13:50:00",1,"EWING TWP PD","TRAFFIC BUREAU",0,0,0,0,0,"Property Damage","Not At Intersection","No","No","Right Angle",2,"MERCER COUNTY 611","NULL",611,"","11000611",0.03,"County","Straight and Level","Blacktop","Wet","Daylight","Clear","None","None",147,"Foot","North","CR 634","NULL","","NULL",40,40,40.26412,-74.802,"No","","111",407849.002499,521269.043747,NA,"DVRPC",0,"PDO",10033778
3440180,"20101102I-2010-004547","I-2010-004547",2010,"MERCER","Ewing Township","2010-02-12","Friday","February","13:53:00",1,"EWING TWP PD","SQUAD 4-A",0,0,0,0,0,"Property Damage","Not At Intersection","No","No","Same Direction - Rear End",2,"MERCER COUNTY 622","NULL",622,"","11000622",6.33,"County","Straight and Level","Blacktop","Dry","Daylight","Clear","None","None",2000,"Foot","East","CR 634","NULL","","NULL",35,35,40.2522,-74.78965,"No","","174",411281.41,516916.32,NA,"DVRPC",0,"PDO",10033777
3440181,"20101102I-2010-004564","I-2010-004564",2010,"MERCER","Ewing Township","2010-02-12","Friday","February","15:40:00",1,"EWING TWP PD","P/4",0,0,0,0,0,"Property Damage","Not At Intersection","No","No","Same Direction - Rear End",2,"MERCER COUNTY 634","NULL",634,"","11000634",2.68,"County","Straight and Level","Blacktop","Dry","Daylight","Clear","None","None",40,"Foot","East","LOWER FERRY RD","NULL","","NULL",40,35,40.25887,-74.79579,"No","","123",409576.032018,519349.247442,NA,"DVRPC",0,"PDO",10044489
3440182,"20101102I-2010-004565","I-2010-004565",2010,"MERCER","Ewing Township","2010-02-12","Friday","February","15:50:00",1,"EWING TWP PD","SQUAD 4-A",0,0,1,0,0,"Injury","At Intersection","Yes","No","Opposite Direction - Head On/Angular",2,"ROUTE 579","NULL",579,"","00000579",3.11,"County","Straight and Level","Blacktop","Dry","Daylight","Clear","None","None",NA,"At","NULL","I- 95","NULL","","NULL",35,65,40.27668,-74.82801,"No","","174",400608.86,525870.45,NA,"DVRPC",0,"Pain",10033776
3440183,"20101102I-2010-004566","I-2010-004566",2010,"MERCER","Ewing Township","2010-02-12","Friday","February","15:51:00",1,"EWING TWP PD","SQUAD 4A",0,0,1,0,0,"Injury","Not At Intersection","No","No","Right Angle",2,"NJ 31","NULL",31,"","00000031",3.79,"State Highway","Straight and Level","Blacktop","Dry","Daylight","Clear","None","None",100,"Foot","South","CR 636 / EWINGVILLE RD / UPPER FERR","NULL","","NULL",40,35,40.27681,-74.78056,"No","","164",413847.583733,525871.214626,NA,"DVRPC",0,"Pain",10040291
3440185,"20101102I-2010-004612","I-2010-004612",2010,"MERCER","Ewing Township","2010-02-13","Saturday","February","07:22:00",1,"EWING TWP PD","PLATOON2-SQUAD",0,0,0,0,0,"Property Damage","Not At Intersection","No","No","Fixed Object",1,"FEDERAL CITY RD","NULL",NA,"","11021398",0,"Municipal","Curve and Grade","Blacktop","Icy","Daylight","Clear","None","None",100,"Foot","North","EWINGVILLE RD(RT 636)","NULL","","NULL",35,35,40.27576,-74.77307,"No","#128 B-UTILITY POLE PSE AND G 15 WEST STATE ST TRENTON NJ","151",415934.81,525482.05,NA,"DVRPC",0,"PDO",10033775
3440189,"20101102I-2010-004705","I-2010-004705",2010,"MERCER","Ewing Township","2010-02-14","Sunday","February","10:57:00",1,"EWING TWP PD","PLATOON 2-SQUA",0,0,0,0,0,"Property Damage","Not At Intersection","No","No","Same Direction - Rear End",3,"MERCER COUNTY 636","NULL",636,"","11000636",4.15,"County","Straight and Grade","Blacktop","Dry","Daylight","Clear","None","None",20,"Foot","East","LINWOOD AVE","NULL","","NULL",35,25,40.27602,-74.77586,"No","","151",415158.664535,525579.210149,NA,"DVRPC",0,"PDO",10033772
3440193,"20101102I-2010-004753","I-2010-004753",2010,"MERCER","Ewing Township","2010-02-14","Sunday","February","22:22:00",1,"EWING TWP PD","SQUAD 1",0,0,0,0,0,"Property Damage","At Intersection","No","No","Same Direction - Side Swipe",2,"MERCER COUNTY 634","East",634,"","11000634",3.25,"County","Straight and Level","Blacktop","Dry","Dark (Street Lights On/ continuous)","Clear","Curbed Median","None",NA,"At","NULL","CR 622","NULL","","NULL",40,40,40.25218,-74.78963,"No","","115",411281.41,516916.32,NA,"DVRPC",0,"PDO",10039697
3440194,"20101102I-2010-004850","I-2010-004850",2010,"MERCER","Ewing Township","2010-02-15","Monday","February","20:09:00",1,"EWING TWP PD","SQUAD 1",0,0,0,0,0,"Property Damage","Not At Intersection","No","No","Same Direction - Side Swipe",2,"MERCER COUNTY 634","NULL",634,"","11000634",2.67,"County","Straight and Level","Blacktop","Wet","Dark (Street Lights On/ continuous)","Snow","None","None",20,"Foot","West","LOWER FERRY ROAD","NULL","","NULL",40,35,40.25899,-74.7959,"No","","115",409544.635245,519392.454669,NA,"DVRPC",0,"PDO",10039696
3440196,"20101102I-2010-004942","I-2010-004942",2010,"MERCER","Ewing Township","2010-02-16","Tuesday","February","15:16:00",1,"EWING TWP PD","PTL 4A",0,0,0,0,0,"Property Damage","Not At Intersection","No","No","Same Direction - Rear End",2,"MERCER COUNTY 622","NULL",622,"","11000622",4.65,"County","Straight and Level","Concrete","Dry","Daylight","Clear","None","None",25,"Foot","West","CR 639","NULL","","NULL",35,35,40.2446,-74.76017,"No","","183",419502.36,514121.4,NA,"DVRPC",0,"PDO",10039694
3440198,"20101102I-2010-005039","I-2010-005039",2010,"MERCER","Ewing Township","2010-02-17","Wednesday","February","08:05:00",1,"EWING TWP PD","SQUAD4 TRAFFIC",0,0,0,0,0,"Property Damage","Not At Intersection","No","No","Right Angle",2,"NJ 31","NULL",31,"","00000031",4.29,"State Highway","Straight and Level","Blacktop","Dry","Daylight","Clear","None","None",400,"Foot","North","GLENMORE AVE","NULL","","NULL",40,25,40.28352,-74.78178,"No","","163",413513.876648,528315.638496,NA,"DVRPC",0,"PDO",10033767
3440201,"20101102I-2010-005207","I-2010-005207",2010,"MERCER","Ewing Township","2010-02-18","Thursday","February","16:15:00",1,"EWING TWP PD","PTL 4B",0,0,0,0,0,"Property Damage","Not At Intersection","No","No","Same Direction - Rear End",2,"NJ 31","NULL",31,"","00000031",3.14,"State Highway","Straight and Level","Blacktop","Dry","Daylight","Clear","None","None",100,"Foot","North","MAIN BOULEVARD","NULL","","NULL",40,25,40.26791,-74.7838,"No","","150",412931.882982,522631.718687,NA,"DVRPC",0,"PDO",10039693
3440203,"20101102I-2010-005216","I-2010-005216",2010,"MERCER","Ewing Township","2010-02-18","Thursday","February","18:08:00",1,"EWING TWP PD","SQUAD3 TRAFFIC",0,0,1,0,0,"Injury","Not At Intersection","No","No","Same Direction - Rear End",2,"MERCER COUNTY 622","NULL",622,"","11000622",4.94,"County","Straight and Level","Blacktop","Dry","Dark (Street Lights On/ continuous)","Clear","None","None",100,"Foot","West","CR 627","NULL","","NULL",35,25,40.24639,-74.7653,"No","","149",418071.770343,514776.998885,NA,"DVRPC",0,"Pain",10039691
3440204,"20101102I-2010-005219","I-2010-005219",2010,"MERCER","Ewing Township","2010-02-18","Thursday","February","19:23:00",1,"EWING TWP PD","SQUAD3 TRAFFIC",0,0,0,0,0,"Property Damage","Not At Intersection","No","No","Animal",1,"NJ 29","South",29,"","00000029",9.17,"State Highway","Straight and Level","Blacktop","Dry","Dark (Street Lights On/ continuous)","Clear","Grass Median","None",200,"Foot","North","I- 95","NULL","","NULL",45,55,40.26137,-74.84455,"No","","149",395971.940739,520311.381947,NA,"DVRPC",0,"PDO",10033765
3440205,"20101102I-2010-005258","I-2010-005258",2010,"MERCER","Ewing Township","2010-02-19","Friday","February","10:07:00",1,"EWING TWP PD","TRAFFIC BUREAU",0,0,0,0,0,"Property Damage","Not At Intersection","No","No","Same Direction - Side Swipe",2,"MERCER COUNTY 639","NULL",639,"","11000639",0.33,"County","Straight and Level","Blacktop","Dry","Daylight","Clear","None","None",502,"Foot","North","CR 622","NULL","","NULL",35,40,40.24804,-74.7558,"No","","111",420724.28,515371.65,NA,"DVRPC",0,"PDO",10039687
3440206,"20101102I-2010-005280","I-2010-005280",2010,"MERCER","Ewing Township","2010-02-19","Friday","February","13:37:00",1,"EWING TWP PD","PLATOON 2-SQUAD",0,0,1,0,0,"Injury","Not At Intersection","No","No","Same Direction - Rear End",2,"MERCER COUNTY 622","NULL",622,"","11000622",5.32,"County","Straight and Level","Blacktop","Dry","Daylight","Clear","None","None",40,"Foot","East","CR 636","NULL","","NULL",35,35,40.24881,-74.77177,"No","","151",416268.04,515664.55,NA,"DVRPC",0,"Pain",10039690
3440208,"20101102I-2010-005319","I-2010-005319",2010,"MERCER","Ewing Township","2010-02-19","Friday","February","22:04:00",1,"EWING TWP PD","1B",0,0,6,0,0,"Injury","Not At Intersection","No","No","Right Angle",2,"ROUTE 579","NULL",579,"","00000579",2.86,"County","Straight and Grade","Blacktop","Dry","Dark (Street Lights On/ continuous)","Clear","None","None",1320,"Foot","East","CR 601 / SAM WEINROTH RD","NULL","","NULL",45,35,40.27368,-74.82543,"No","","152",401323.21,524774.24,NA,"DVRPC",0,"Moderate Injury",10039684
3440210,"20101102I-2010-005346","I-2010-005346",2010,"MERCER","Ewing Township","2010-02-20","Saturday","February","05:34:00",1,"EWING TWP PD","1B",0,0,1,0,0,"Injury","Not At Intersection","No","No","Overturned",1,"NJ 29","NULL",29,"","00000029",8.24,"State Highway","Straight and Level","Blacktop","Dry","Dark (Street Lights Off)","Clear","Barrier Median","None",1320,"Foot","South","W UPPER FERRY RD","NULL","","NULL",55,35,40.24931,-74.8388,"No","","152",397560.112441,515911.887008,NA,"DVRPC",0,"Pain",10039686
3440212,"20101102I-2010-005385","I-2010-005385",2010,"MERCER","Ewing Township","2010-02-20","Saturday","February","13:17:00",1,"EWING TWP PD","SQUAD2B",0,0,0,0,0,"Property Damage","Not At Intersection","No","No","Same Direction - Side Swipe",2,"MERCER COUNTY 622","NULL",622,"","11000622",4.69,"County","Straight and Grade","Blacktop","Dry","Daylight","Clear","None","None",200,"Foot","East","CR 639","NULL","","NULL",40,35,40.24485,-74.76087,"No","","181",419305.677412,514212.750887,NA,"DVRPC",0,"PDO",10040299
3440214,"20101102I-2010-005469","I-2010-005469",2010,"MERCER","Ewing Township","2010-02-21","Sunday","February","09:02:00",1,"EWING TWP PD","SQUAD 2A",0,0,1,0,0,"Injury","Not At Intersection","No","No","Fixed Object",1,"LOWER FERRY RD","NULL",NA,"","11021390",1.73,"Municipal","Straight and Level","Blacktop","Dry","Daylight","Clear","None","None",500,"Foot","South","PARKWAY AVENUE (634)","NULL","","NULL",35,40,40.25826,-74.79743,"No","","172",NA,NA,NA,"DVRPC",0,"Pain",10039675
3440219,"20101102I-2010-005521","I-2010-005521",2010,"MERCER","Ewing Township","2010-02-21","Sunday","February","20:48:00",1,"EWING TWP PD","1A",0,0,0,0,0,"Property Damage","Not At Intersection","No","No","Fixed Object",1,"MOUNTAIN VIEW RD","NULL",NA,"","11021388",1.04,"Municipal","Straight and Level","Blacktop","Dry","Dark (Street Lights On/ continuous)","Clear","None","None",400,"Foot","West","CR 579","NULL","","NULL",35,40,40.28336,-74.83676,"No","","129",398176.76,528310.68,NA,"DVRPC",0,"PDO",10040297
3440220,"20101102I-2010-005617","I-2010-005617",2010,"MERCER","Ewing Township","2010-02-22","Monday","February","15:05:00",1,"EWING TWP PD","SQUAD 4A",0,0,0,0,0,"Property Damage","At Intersection","No","No","Right Angle",2,"MERCER COUNTY 622","NULL",622,"","11000622",6.12,"County","Straight and Grade","Blacktop","Dry","Daylight","Clear","None","None",NA,"At","NULL","GLEN MAWR DR","NULL","","NULL",40,25,40.2516,-74.78585,"No","","162",412340.606127,516694.554315,NA,"DVRPC",0,"PDO",10040296
3440221,"20101102I-2010-005694","I-2010-005694",2010,"MERCER","Ewing Township","2010-02-23","Tuesday","February","14:16:00",1,"EWING TWP PD","SQUAD4 TRAFFIC",0,0,0,0,0,"Property Damage","Not At Intersection","No","No","Same Direction - Rear End",2,"MERCER COUNTY 639","NULL",639,"","11000639",0.33,"County","Straight and Grade","Blacktop","Wet","Daylight","Rain","Curbed Median","None",10,"Foot","South","CR 613","NULL","","NULL",35,40,40.24804,-74.7558,"No","","163",420724.28,515371.65,NA,"DVRPC",0,"PDO",10039681
3440225,"20101102I-2010-005732","I-2010-005732",2010,"MERCER","Ewing Township","2010-02-24","Wednesday","February","02:22:00",1,"EWING TWP PD","SQUAD3 TRAFFIC",0,0,0,0,0,"Property Damage","Not At Intersection","No","No","Same Direction - Side Swipe",2,"MERCER COUNTY 622","NULL",622,"","11000622",5.58,"County","Straight and Level","Blacktop","Wet","Dark (Street Lights On/ continuous)","Rain","None","None",100,"Foot","East","NJ 31","NULL","","NULL",35,35,40.24994,-74.77611,"No","","149",415058.042106,516081.119912,NA,"DVRPC",0,"PDO",10039678
3440227,"20101102I-2010-005783","I-2010-005783",2010,"MERCER","Ewing Township","2010-02-24","Wednesday","February","19:45:00",1,"EWING TWP PD","SQUAD3 TRAFFIC",0,0,1,0,0,"Injury","Not At Intersection","No","No","Right Angle",2,"NJ 31","NULL",31,"","00000031",1.86,"State Highway","Straight and Level","Blacktop","Wet","Dark (Street Lights On/ continuous)","Clear","None","None",200,"Foot","North","CR 622 / OLDEN AVE","NULL","","NULL",35,35,40.25044,-74.77598,"No","","149",415094.799173,516261.198237,NA,"DVRPC",0,"Pain",10039677
3440229,"20101102I-2010-005840","I-2010-005840",2010,"MERCER","Ewing Township","2010-02-25","Thursday","February","17:18:00",1,"EWING TWP PD","PLATOON 1",0,0,0,0,0,"Property Damage","At Intersection","No","No","Fixed Object",1,"NJ 31","NULL",31,"","00000031",3.81,"State Highway","Straight and Grade","Blacktop","Wet","Dark (Street Lights On/ continuous)","Snow","None","None",NA,"At","NULL","CR 636 / EWINGVILLE RD / UPPER FERR","NULL","","NULL",40,35,40.2771,-74.7805,"No","#128 D-2100 PENNINGTON ROAD 7-11 STORE LANDSCAPING DAMAGED","115",413863.72,525977.55,NA,"DVRPC",0,"PDO",10040293
3440230,"20101102I-2010-005858","I-2010-005858",2010,"MERCER","Ewing Township","2010-02-25","Thursday","February","21:50:00",1,"EWING TWP PD","SQUAD 1B",0,0,0,0,0,"Property Damage","At Intersection","No","No","Same Direction - Rear End",2,"MERCER COUNTY 634","NULL",634,"","11000634",2.88,"County","Straight and Level","Blacktop","Snowy","Dark (Street Lights On/ continuous)","Snow","None","None",NA,"At","NULL","DUNMORE AVENUE","NULL","","NULL",40,25,40.25652,-74.79364,"No","","185",410174.344961,518493.174312,NA,"DVRPC",0,"PDO",10044514
3440231,"20101102I-2010-005884","I-2010-005884",2010,"MERCER","Ewing Township","2010-02-26","Friday","February","05:12:00",1,"EWING TWP PD","SQUAD 1B",0,0,2,0,0,"Injury","Not At Intersection","No","No","Same Direction - Rear End",2,"MERCER COUNTY 622","NULL",622,"","11000622",5.56,"County","Straight and Level","Blacktop","Snowy","Dark (Street Lights On/ continuous)","Snow","None","None",300,"Foot","East","NJ 31","NULL","","NULL",35,35,40.24988,-74.77575,"No","","185",415158.09,516058.12,NA,"DVRPC",0,"Pain",10044513
3440232,"20101102I-2010-005887","I-2010-005887",2010,"MERCER","Ewing Township","2010-02-26","Friday","February","05:58:00",1,"EWING TWP PD","1B",0,0,0,0,0,"Property Damage","Not At Intersection","No","No","Non-fixed Object",1,"ROUTE 579","NULL",579,"","00000579",1.01,"County","Straight and Grade","Blacktop","Snowy","Dark (Street Lights On/ continuous)","Snow","None","None",300,"Foot","East","LOWER FERRY RD","NULL","","NULL",35,35,40.2496,-74.81296,"No","","152",404772.793367,515990.099963,NA,"DVRPC",0,"PDO",10044512
3440234,"20101102I-2010-005923","I-2010-005923",2010,"MERCER","Ewing Township","2010-02-26","Friday","February","14:37:00",1,"EWING TWP PD","P2-A",0,0,0,0,0,"Property Damage","Not At Intersection","No","No","Struck Parked Vehicle",2,"MERCER COUNTY 634","NULL",634,"","11000634",4.43,"County","Straight and Level","Blacktop","Wet","Daylight","Clear","None","None",50,"Foot","West","CHELSEA AVENUE","NULL","","NULL",35,25,40.24,-74.77503,"No","NONE","105",415347.519312,512459.531103,NA,"DVRPC",0,"PDO",10044488
3440235,"20101102I-2010-005962","I-2010-005962",2010,"MERCER","Ewing Township","2010-02-26","Friday","February","21:46:00",1,"EWING TWP PD","PLATOON 1",0,0,0,0,0,"Property Damage","Not At Intersection","No","No","Fixed Object",1,"MERCER COUNTY 636","NULL",636,"","11000636",2.32,"County","Straight and Grade","Blacktop","Dry","Dark (Street Lights On/ continuous)","Clear","None","None",200,"Foot","South","POLAND STREET","NULL","","NULL",35,25,40.25731,-74.7633,"No","","115",418642.240786,518751.846728,NA,"DVRPC",0,"PDO",10044487
3440236,"20101102I-2010-005994","I-2010-005994",2010,"MERCER","Ewing Township","2010-02-27","Saturday","February","01:20:00",1,"EWING TWP PD","1A",0,0,1,0,1,"Injury","Not At Intersection","Yes","No","Pedestrian",1,"NJ 31","NULL",31,"","00000031",1.93,"State Highway","Straight and Level","Blacktop","Dry","Dark (Street Lights On/ continuous)","Clear","None","None",600,"Foot","North","CR 622 / OLDEN AVE","NULL","","NULL",35,40,40.25139,-74.77639,"No","","129",414982.029295,516609.520272,NA,"DVRPC",1,"Pain",10044495
3440237,"20101102I-2010-005996","I-2010-005996",2010,"MERCER","Ewing Township","2010-02-27","Saturday","February","01:25:00",1,"EWING TWP PD","SQUAD 1B",0,0,1,0,0,"Injury","Not At Intersection","Yes","No","Same Direction - Rear End",2,"SOMERSET ST","NULL",NA,"","11021397",0.01,"Municipal","Straight and Level","Blacktop","Wet","Dark (Street Lights On/ continuous)","Clear","None","None",50,"Foot","East","NJ 31","NULL","","NULL",25,40,40.25815,-74.77913,"No","","179",414223.450158,519073.890476,NA,"DVRPC",0,"Pain",10044499
3440240,"20101102I-2010-006017","I-2010-006017",2010,"MERCER","Ewing Township","2010-02-27","Saturday","February","11:42:00",1,"EWING TWP PD","PLATOON2-SQUAD?",0,0,0,0,0,"Property Damage","Not At Intersection","No","No","Same Direction - Side Swipe",2,"MERCER COUNTY 636","NULL",636,"","11000636",1.6,"County","Straight and Grade","Blacktop","Dry","Daylight","Clear","None","None",150,"Foot","North","CR 622","NULL","","NULL",35,35,40.24917,-74.77146,"No","","151",416354.575065,515795.410106,NA,"DVRPC",0,"PDO",10044508
3440241,"20101102I-2010-006031","I-2010-006031",2010,"MERCER","Ewing Township","2010-02-27","Saturday","February","13:43:00",1,"EWING TWP PD","2A",0,0,0,0,0,"Property Damage","Not At Intersection","No","No","Backing",2,"ROUTE 579","NULL",579,"","00000579",2.23,"County","Straight and Level","Blacktop","Dry","Daylight","Clear","None","None",100,"Foot","North","CR 634 / W UPPER FERRY RD","NULL","","NULL",40,35,40.26613,-74.81943,"No","","151",402987.372801,522016.844368,NA,"DVRPC",0,"PDO",10044486
3440243,"20101102I-2010-006086","I-2010-006086",2010,"MERCER","Ewing Township","2010-02-28","Sunday","February","07:43:00",1,"EWING TWP PD","SQUAD3 TRAFFIC",0,0,1,0,0,"Injury","Not At Intersection","No","No","Backing",2,"MERCER COUNTY 634","NULL",634,"","11000634",3.25,"County","Straight and Level","Blacktop","Wet","Daylight","Clear","Curbed Median","None",20,"Foot","East","CR 622","NULL","","NULL",40,40,40.25218,-74.78963,"No","","149",411281.41,516916.32,NA,"DVRPC",0,"Pain",10040294
3440244,"20101102I-2010-006120","I-2010-006120",2010,"MERCER","Ewing Township","2010-02-28","Sunday","February","17:49:00",1,"EWING TWP PD","SQUAD4 TRAFFIC",0,0,0,0,0,"Property Damage","Not At Intersection","No","No","Fixed Object",1,"NJ 29","NULL",29,"","00000029",7.44,"State Highway","Straight and Level","Blacktop","Dry","Daylight","Clear","Curbed Median","None",800,"Foot","North","LOWER FERRY RD","NULL","","NULL",45,35,40.24416,-74.82534,"No","","163",401309.703038,514019.705007,NA,"DVRPC",0,"PDO",10044510
3440246,"20101102I-2010-006222","I-2010-006222",2010,"MERCER","Ewing Township","2010-03-01","Monday","March","14:59:00",1,"EWING TWP PD","SQUAD3 TRAFFIC",0,0,0,0,0,"Property Damage","Not At Intersection","No","No","Right Angle",2,"MERCER COUNTY 622","NULL",622,"","11000622",5.47,"County","Straight and Grade","Blacktop","Dry","Daylight","Clear","None","None",500,"Foot","West","NJ 31","NULL","","NULL",40,35,40.24962,-74.77422,"No","","149",415586.6,515960.24,NA,"DVRPC",0,"PDO",10044507
3440248,"20101102I-2010-006232","I-2010-006232",2010,"MERCER","Ewing Township","2010-03-01","Monday","March","17:17:00",1,"EWING TWP PD","SQUAD 3B",0,0,0,0,0,"Property Damage","Not At Intersection","No","No","Same Direction - Rear End",2,"MERCER COUNTY 639","NULL",639,"","11000639",0,"County","Straight and Level","Blacktop","Dry","Daylight","Clear","None","None",50,"Foot","NULL","CR 622","NULL","","NULL",35,40,40.2446,-74.76017,"No","","182",419502.36,514121.4,NA,"DVRPC",0,"PDO",10044503
3440249,"20101102I-2010-006233","I-2010-006233",2010,"MERCER","Ewing Township","2010-03-01","Monday","March","17:34:00",1,"EWING TWP PD","SQUAD4 TRAFFIC",0,0,1,0,0,"Injury","Not At Intersection","No","No","Right Angle",2,"MERCER COUNTY 622","NULL",622,"","11000622",6.18,"County","Straight and Level","Blacktop","Dry","Daylight","Clear","None","None",100,"Foot","West","HIGHGATE DR","NULL","","NULL",40,25,40.25179,-74.78695,"No","","163",412036.15689,516763.205248,NA,"DVRPC",0,"Pain",10044505
3440254,"20101102I-2010-006478","I-2010-006478",2010,"MERCER","Ewing Township","2010-03-03","Wednesday","March","20:41:00",1,"EWING TWP PD","PLATOON 2 - SQ",0,0,0,0,0,"Property Damage","At Intersection","No","No","Right Angle",2,"NJ 31","NULL",31,"","00000031",2.74,"State Highway","Straight and Level","Blacktop","Wet","Dark (Street Lights On/ continuous)","Rain","None","None",NA,"At","NULL","KING AVE","NULL","","NULL",40,25,40.26245,-74.78121,"No","","151",413649.17,520640.67,NA,"DVRPC",0,"PDO",10044518