"ID","DOT_WEB_ID","CASE_NUMBER","CRASH_YEAR","COUNTY","MUNICIPALITY","CRASH_DATE","CRASH_DAY_OF_WEEK","CRASH_MONTH","CRASH_TIME","POLICE_DEPT_CODE","POLICE_DEPARTMENT","POLICE_STATION","TOTAL_KILLED","TOTAL_INCAPACITATED","TOTAL_INJURED","PEDESTRIANS_KILLED","PEDESTRIANS_INJURED","SEVERITY","INTERSECTION","ALCOHOL_INVOLVED","HAZMAT_INVOLVED","CRASH_TYPE","TOTAL_VEHICLES_INVOLVED","CRASH_LOCATION","LOCATION_DIRECTION","ROUTE","ROUTE_SUFFIX","SRI","MILEPOST","ROAD_SYSTEM","ROAD_CHARACTER","ROAD_SURFACE_TYPE","SURFACE_CONDITION","LIGHT_CONDITION","ENVIRONMENTAL_CONDITION","ROAD_DIVIDED_BY","TEMP_TRAFFIC_CONTROL_ZONE","DISTANCE_TO_CROSS_STREET","UNIT_OF_MEASUREMENT","DIRECTION_FROM_CROSS_STREET","CROSS_STREET_NAME","IS_RAMP","RAMP_TO_FROM_ROUTE_NAME","RAMP_TO_FROM_ROUTE_DIRECTION","POSTED_SPEED","POSTED_SPEED_CROSS_STREET","LATITUDE","LONGITUDE","CELL_PHONE_IN_USE","OTHER_PROPERTY_DAMAGE","REPORTING_BADGE_NO","X","Y","CRASH_NARRATIVE","MPO","TOTAL_PEDESTRIANS_INVOLVED","EPDO","DLN"
3440256,"20101102I-2010-006561","I-2010-006561",2010,"MERCER","Ewing Township","2010-03-04","Thursday","March","10:46:00",1,"EWING TWP PD","1A",0,0,0,0,0,"Property Damage","At Intersection","No","No","Right Angle",2,"MERCER COUNTY 636","NULL",636,"","11000636",2.38,"County","Straight and Level","Blacktop","Dry","Daylight","Clear","None","None",NA,"At","NULL","CR 613","NULL","","NULL",35,35,40.25798,-74.76261,"No","","129",418835.19,518997.52,NA,"DVRPC",0,"PDO",10051889
3440257,"20101102I-2010-006628","I-2010-006628",2010,"MERCER","Ewing Township","2010-03-04","Thursday","March","18:48:00",1,"EWING TWP PD","PLATOON 2 - SQ?",0,0,0,0,0,"Property Damage","Not At Intersection","No","No","Right Angle",2,"MERCER COUNTY 622","NULL",622,"","11000622",5.41,"County","Straight and Level","Blacktop","Dry","Dark (Street Lights On/ continuous)","Clear","None","None",500,"Foot","East","CR 636","NULL","","NULL",35,35,40.24934,-74.77319,"No","","151",415871.219511,515860.262651,NA,"DVRPC",0,"PDO",10044516
3440260,"20101102I-2010-006789","I-2010-006789",2010,"MERCER","Ewing Township","2010-03-05","Friday","March","19:07:00",1,"EWING TWP PD","PLATOON 2 - SQ?",0,0,0,0,0,"Property Damage","Not At Intersection","No","No","Same Direction - Side Swipe",2,"MERCER COUNTY 636","NULL",636,"","11000636",1.59,"County","Straight and Grade","Blacktop","Dry","Dark (Street Lights On/ continuous)","Clear","None","None",100,"Foot","North","CR 622","NULL","","NULL",35,35,40.24905,-74.77156,"No","","151",416327.472149,515750.957207,NA,"DVRPC",0,"PDO",10044515
3440267,"20101102I-2010-007177","I-2010-007177",2010,"MERCER","Ewing Township","2010-03-09","Tuesday","March","16:37:00",1,"EWING TWP PD","SQUAD 1B",0,0,0,0,0,"Property Damage","Not At Intersection","No","No","Same Direction - Rear End",2,"EGGERTS CROSSING RD","NULL",NA,"","11071394",1.46,"Municipal","Straight and Level","Blacktop","Dry","Daylight","Clear","None","None",25,"Foot","North","CR 636","NULL","","NULL",35,40,40.26824,-74.76182,"No","","169",419065.14,522734.8,NA,"DVRPC",0,"PDO",10044493
3440268,"20101102I-2010-007228","I-2010-007228",2010,"MERCER","Ewing Township","2010-03-10","Wednesday","March","11:31:00",1,"EWING TWP PD","1B",0,0,0,0,0,"Property Damage","Not At Intersection","No","No","Same Direction - Side Swipe",2,"MERCER COUNTY 622","NULL",622,"","11000622",4.92,"County","Straight and Level","Blacktop","Dry","Daylight","Clear","None","None",200,"Foot","West","CR 627","NULL","","NULL",35,25,40.24626,-74.76495,"No","","152",418170.360874,514729.667681,NA,"DVRPC",0,"PDO",10050997
3440269,"20101102I-2010-007237","I-2010-007237",2010,"MERCER","Ewing Township","2010-03-10","Wednesday","March","13:27:00",1,"EWING TWP PD","1B",0,0,0,0,0,"Property Damage","Not At Intersection","No","No","Right Angle",2,"MERCER COUNTY 613","NULL",613,"","11000613",0,"County","Straight and Level","Blacktop","Dry","Daylight","Clear","None","None",90,"Foot","West","PRINCETON AVE","NULL","","NULL",35,35,40.24188,-74.75072,"No","","152",422137.69,513121.96,NA,"DVRPC",0,"PDO",10050995
3440270,"20101102I-2010-007337","I-2010-007337",2010,"MERCER","Ewing Township","2010-03-11","Thursday","March","13:30:00",1,"EWING TWP PD","SQUAD3 TRAFFIC",0,0,0,0,0,"Property Damage","Not At Intersection","No","No","Right Angle",2,"NJ 31","NULL",31,"","00000031",2.45,"State Highway","Straight and Level","Blacktop","Dry","Daylight","Clear","None","None",100,"Foot","North","SOMERSET ST","NULL","","NULL",40,25,40.25848,-74.7795,"No","","149",414122.354652,519193.200958,NA,"DVRPC",0,"PDO",10050994
3440271,"20101102I-2010-007356","I-2010-007356",2010,"MERCER","Ewing Township","2010-03-11","Thursday","March","15:20:00",1,"EWING TWP PD","SQUAD3 TRAFFIC",0,0,0,0,0,"Property Damage","Not At Intersection","No","No","Fixed Object",1,"MERCER COUNTY 634","NULL",634,"","11000634",2.66,"County","Straight and Level","Blacktop","Dry","Daylight","Clear","None","None",75,"Foot","West","LOWER FERRY RD (RTE 643)","NULL","","NULL",40,35,40.2591,-74.79602,"No","52-UTILITY POLE #67302EW PSEG WEST STATE ST TRENTON NJ 08638","149",409512.652091,519435.76963,NA,"DVRPC",0,"PDO",10051898
3440272,"20101102I-2010-007424","I-2010-007424",2010,"MERCER","Ewing Township","2010-03-12","Friday","March","09:08:00",1,"EWING TWP PD","SQUAD3 TRAFFIC",0,0,0,0,0,"Property Damage","Not At Intersection","No","No","Backing",2,"MERCER COUNTY 634","NULL",634,"","11000634",4.76,"County","Straight and Level","Blacktop","Dry","Daylight","Clear","None","None",20,"Foot","East","CR 627","NULL","","NULL",40,25,40.23719,-74.77006,"No","","149",416731.668063,511428.559298,NA,"DVRPC",0,"PDO",10051896
3440273,"20101102I-2010-007425","I-2010-007425",2010,"MERCER","Ewing Township","2010-03-12","Friday","March","09:19:00",1,"EWING TWP PD","P-3B",0,0,0,0,0,"Property Damage","Not At Intersection","No","No","Same Direction - Side Swipe",2,"MERCER COUNTY 634","NULL",634,"","11000634",2.98,"County","Straight and Level","Blacktop","Wet","Daylight","Rain","None","None",50,"Foot","East","FARRELL AVE","NULL","","NULL",40,25,40.25535,-74.79255,"No","","131",410475.898945,518063.112141,NA,"DVRPC",0,"PDO",10051887
3440276,"20101102I-2010-007508","I-2010-007508",2010,"MERCER","Ewing Township","2010-03-13","Saturday","March","10:14:00",1,"EWING TWP PD","SQUAD3 TRAFFIC",0,0,1,0,0,"Injury","At Intersection","No","No","Right Angle",2,"MERCER COUNTY 613","NULL",613,"","11000613",0.66,"County","Straight and Level","Blacktop","Wet","Daylight","Rain","None","None",NA,"At","NULL","FIFTH ST","NULL","","NULL",35,25,40.25001,-74.75735,"No","","149",420294.18,516088.28,NA,"DVRPC",0,"Pain",10051893
3440277,"20101102I-2010-007513","I-2010-007513",2010,"MERCER","Ewing Township","2010-03-13","Saturday","March","11:17:00",1,"EWING TWP PD","SQUAD3 TRAFFIC",0,0,1,0,0,"Injury","Not At Intersection","No","No","Same Direction - Side Swipe",2,"NJ 29","North",29,"","00000029",8.48,"State Highway","Straight and Level","Blacktop","Wet","Daylight","Rain","Curbed Median","None",30,"Foot","South","WEST UPPER FERRY RD (RTE 634)","NULL","","NULL",55,35,40.25215,-74.84138,"No","","149",396844.234878,516948.546408,NA,"DVRPC",0,"Pain",10051892
3440278,"20101102I-2010-007520","I-2010-007520",2010,"MERCER","Ewing Township","2010-03-13","Saturday","March","12:28:00",1,"EWING TWP PD","3 B",0,0,1,0,0,"Injury","Not At Intersection","No","No","Backing",2,"MERCER COUNTY 634","NULL",634,"","11000634",3.11,"County","Straight and Level","Blacktop","Wet","Daylight","Rain","None","None",750,"Foot","West","CR 622","NULL","","NULL",40,40,40.25382,-74.79114,"No","","140",410867.304319,517506.713636,NA,"DVRPC",0,"Pain",10062482
3440280,"20101102I-2010-007583","I-2010-007583",2010,"MERCER","Ewing Township","2010-03-13","Saturday","March","17:40:00",1,"EWING TWP PD","SQUAD4 TRAFFIC",0,0,0,0,0,"Property Damage","At Intersection","No","No","Right Angle",2,"MERCER COUNTY 636","NULL",636,"","11000636",1.55,"County","Straight and Level","Blacktop","Wet","Dark (Street Lights On/ continuous)","Rain","None","None",NA,"At","NULL","CR 622","NULL","","NULL",35,35,40.24858,-74.77199,"No","","163",416205.88404,515581.288187,NA,"DVRPC",0,"PDO",10051008
3440281,"20101102I-2010-007658","I-2010-007658",2010,"MERCER","Ewing Township","2010-03-14","Sunday","March","15:25:00",1,"EWING TWP PD","SQUAD 3B",0,0,0,0,0,"Property Damage","Not At Intersection","No","No","Same Direction - Rear End",2,"MERCER COUNTY 622","NULL",622,"","11000622",4.96,"County","Straight and Level","Blacktop","Dry","Daylight","Overcast","None","None",1000,"Foot","NULL","CR 627","NULL","","NULL",35,25,40.24652,-74.76565,"No","","182",417973.18,514824.33,NA,"DVRPC",0,"PDO",10051007
3440282,"20101102I-2010-007740","I-2010-007740",2010,"MERCER","Ewing Township","2010-03-15","Monday","March","13:27:00",1,"EWING TWP PD","SQUAD 1A",0,0,0,0,0,"Property Damage","Not At Intersection","No","No","Same Direction - Rear End",2,"MERCER COUNTY 622","NULL",622,"","11000622",5.56,"County","Straight and Level","Blacktop","Wet","Daylight","Rain","Barrier Median","None",20,"Foot","West","NJ 31","NULL","","NULL",35,35,40.24988,-74.77575,"No","","171",415158.09,516058.12,NA,"DVRPC",0,"PDO",10051006
3440283,"20101102I-2010-007746","I-2010-007746",2010,"MERCER","Ewing Township","2010-03-15","Monday","March","14:07:00",1,"EWING TWP PD","SQUAD 1B",0,0,0,0,0,"Property Damage","At Intersection","No","No","Right Angle",2,"MERCER COUNTY 622","NULL",622,"","11000622",4.12,"County","Straight and Level","Blacktop","Dry","Daylight","Clear","None","None",NA,"At","NULL","PRINCETON AVE (583)","NULL","","NULL",35,25,40.24033,-74.75227,"No","","185",421703.52,512557.42,NA,"DVRPC",0,"PDO",10062481
3440284,"20101102I-2010-007757","I-2010-007757",2010,"MERCER","Ewing Township","2010-03-15","Monday","March","15:13:00",1,"EWING TWP PD","SQUAD 1A",0,0,2,0,0,"Injury","Not At Intersection","No","No","Same Direction - Rear End",2,"NJ 31","NULL",31,"","00000031",1.83,"State Highway","Straight and Level","Blacktop","Wet","Daylight","Rain","None","None",30,"Foot","North","CR 622 / OLDEN AVE","NULL","","NULL",35,35,40.25002,-74.77581,"No","","171",415142.593959,516109.789332,NA,"DVRPC",0,"Pain",10051907
3440285,"20101102I-2010-007770","I-2010-007770",2010,"MERCER","Ewing Township","2010-03-15","Monday","March","16:22:00",1,"EWING TWP PD","1B",0,0,1,0,0,"Injury","Not At Intersection","No","No","Same Direction - Side Swipe",2,"MERCER COUNTY 622","NULL",622,"","11000622",4.62,"County","Straight and Level","Blacktop","Wet","Daylight","Rain","None","None",150,"Foot","West","ARCTIC PARKWAY (RT#639)","NULL","","NULL",35,35,40.24442,-74.75967,"No","","152",419639.57581,514053.913268,NA,"DVRPC",0,"Pain",10051906
3440286,"20101102I-2010-007838","I-2010-007838",2010,"MERCER","Ewing Township","2010-03-16","Tuesday","March","10:57:00",1,"EWING TWP PD","TRAFFIC BUREAU",0,0,0,0,0,"Property Damage","Not At Intersection","No","No","Same Direction - Side Swipe",2,"MERCER COUNTY 622","NULL",622,"","11000622",6.33,"County","Straight and Level","Blacktop","Dry","Daylight","Clear","Curbed Median","None",108,"Foot","East","CR 634","NULL","","NULL",40,40,40.2522,-74.78965,"No","","111",411281.41,516916.32,NA,"DVRPC",0,"PDO",10051905
3440288,"20101102I-2010-007872","I-2010-007872",2010,"MERCER","Ewing Township","2010-03-16","Tuesday","March","16:27:00",1,"EWING TWP PD","1B",0,0,2,0,0,"Injury","Not At Intersection","No","No","Right Angle",2,"NJ 29","North",29,"","00000029",8.24,"State Highway","Straight and Level","Blacktop","Dry","Daylight","Clear","Barrier Median","None",1320,"Foot","South","W. UPPER FERRY ROAD (RT#634)","NULL","","NULL",55,45,40.24931,-74.8388,"No","","152",397560.112441,515911.887008,NA,"DVRPC",0,"Pain",10051903
3440291,"20101102I-2010-007919","I-2010-007919",2010,"MERCER","Ewing Township","2010-03-17","Wednesday","March","05:54:00",1,"EWING TWP PD","SQUAD 2B",0,0,0,0,0,"Property Damage","Not At Intersection","Yes","No","Same Direction - Rear End",2,"MERCER COUNTY 634","NULL",634,"","11000634",2.63,"County","Straight and Level","Blacktop","Dry","Dark (Street Lights On/ continuous)","Clear","None","None",200,"Foot","West","LOWER FERRY ROAD(ROUTE 643)","NULL","","NULL",40,40,40.25945,-74.79636,"No","","165",409417.845067,519560.533648,NA,"DVRPC",0,"PDO",10062480
3440292,"20101102I-2010-007924","I-2010-007924",2010,"MERCER","Ewing Township","2010-03-17","Wednesday","March","08:06:00",1,"EWING TWP PD","PLATOON 1",0,0,0,0,0,"Property Damage","At Intersection","No","No","Same Direction - Rear End",2,"MERCER COUNTY 613","NULL",613,"","11000613",0,"County","Straight and Level","Blacktop","Dry","Daylight","Clear","None","None",NA,"At","NULL","PRINCETON AVENUE (583)","NULL","","NULL",40,25,40.24188,-74.75072,"No","","115",422137.69,513121.96,NA,"DVRPC",0,"PDO",10051005
3440293,"20101102I-2010-007939","I-2010-007939",2010,"MERCER","Ewing Township","2010-03-17","Wednesday","March","09:41:00",1,"EWING TWP PD","1A",0,0,0,0,0,"Property Damage","Not At Intersection","No","No","Same Direction - Side Swipe",2,"MERCER COUNTY 622","NULL",622,"","11000622",4.56,"County","Straight and Level","Blacktop","Dry","Daylight","Clear","None","None",500,"Foot","West","ARCTIC PARKWAY (639)","NULL","","NULL",40,35,40.244,-74.7587,"No","","129",419911.339329,513901.118022,NA,"DVRPC",0,"PDO",10051900
3440295,"20101102I-2010-007993","I-2010-007993",2010,"MERCER","Ewing Township","2010-03-17","Wednesday","March","16:13:00",1,"EWING TWP PD","PLATOON 1",0,0,1,0,0,"Injury","Not At Intersection","No","No","Right Angle",2,"NJ 31","NULL",31,"","00000031",3.82,"State Highway","Straight and Grade","Blacktop","Dry","Daylight","Clear","None","None",30,"Foot","North","CR 636 / EWINGVILLE RD / UPPER FERR","NULL","","NULL",40,35,40.27724,-74.78047,"No","","115",413872.830399,526027.535416,NA,"DVRPC",0,"Pain",10051003
3440299,"20101102I-2010-008066","I-2010-008066",2010,"MERCER","Ewing Township","2010-03-18","Thursday","March","09:49:00",1,"EWING TWP PD","SQUAD 3 TRAFFIC",0,0,2,0,0,"Injury","Not At Intersection","No","No","Opposite Direction - Side Swipe",2,"MERCER COUNTY 611","NULL",611,"","11000611",0.46,"County","Curve and Level","Blacktop","Dry","Daylight","Clear","None","None",150,"Foot","North","CARLTON AVE","NULL","","NULL",40,25,40.27011,-74.79982,"No","","149",408465.541885,523448.393792,NA,"DVRPC",0,"Pain",10051000
3440301,"20101102I-2010-008201","I-2010-008201",2010,"MERCER","Ewing Township","2010-03-19","Friday","March","08:44:00",1,"EWING TWP PD","SQUAD3 TRAFFIC",0,0,1,0,0,"Injury","Not At Intersection","No","No","Same Direction - Rear End",2,"MERCER COUNTY 639","NULL",639,"","11000639",0,"County","Straight and Level","Blacktop","Dry","Daylight","Clear","Curbed Median","None",20,"Foot","North","CR 622","NULL","","NULL",35,35,40.2446,-74.76017,"No","","149",419502.36,514121.4,NA,"DVRPC",0,"Pain",10050999
3440306,"20101102I-2010-008514","I-2010-008514",2010,"MERCER","Ewing Township","2010-03-22","Monday","March","13:27:00",1,"EWING TWP PD","1B",0,0,0,0,0,"Property Damage","Not At Intersection","No","No","Backing",2,"NJ 31","NULL",31,"","00000031",2.54,"State Highway","Straight and Level","Blacktop","Wet","Daylight","Rain","None","None",30,"Foot","South","CAROLINA AVE","NULL","","NULL",40,25,40.2597,-74.78007,"No","","152",413963.695641,519639.881995,NA,"DVRPC",0,"PDO",10062485
3440307,"20101102I-2010-008558","I-2010-008558",2010,"MERCER","Ewing Township","2010-03-22","Monday","March","23:29:00",1,"EWING TWP PD","2A",0,0,0,0,0,"Property Damage","At Intersection","No","No","Right Angle",2,"NJ 31","NULL",31,"","00000031",1.82,"State Highway","Straight and Level","Blacktop","Wet","Dark (Street Lights On/ continuous)","Rain","None","None",NA,"At","NULL","CR 622 / OLDEN AVE","NULL","","NULL",40,40,40.24988,-74.77575,"No","","151",415158.09,516058.12,NA,"DVRPC",0,"PDO",10062487
3440311,"20101102I-2010-008965","I-2010-008965",2010,"MERCER","Ewing Township","2010-03-27","Saturday","March","10:51:00",1,"EWING TWP PD","SQUAD 1B",0,0,1,0,0,"Injury","At Intersection","No","No","Left Turn / U Turn",2,"MERCER COUNTY 627","NULL",627,"","11000627",0.99,"County","Straight and Level","Blacktop","Dry","Daylight","Clear","None","None",NA,"At","NULL","COLUMBIA AVE","NULL","","NULL",25,25,40.25078,-74.7636,"No","","185",418581.731864,516375.348197,NA,"DVRPC",0,"Moderate Injury",10062626
3440312,"20101102I-2010-008970","I-2010-008970",2010,"MERCER","Ewing Township","2010-03-27","Saturday","March","12:26:00",1,"EWING TWP PD","1B",0,0,0,0,0,"Property Damage","Not At Intersection","No","No","Right Angle",2,"MERCER COUNTY 636","NULL",636,"","11000636",1.57,"County","Straight and Level","Blacktop","Dry","Daylight","Clear","None","None",NA,"Foot","South","CR 622","NULL","","NULL",35,35,40.24881,-74.77177,"No","","152",416268.04,515664.55,NA,"DVRPC",0,"PDO",10062476
3440313,"20101102I-2010-008993","I-2010-008993",2010,"MERCER","Ewing Township","2010-03-27","Saturday","March","16:05:00",1,"EWING TWP PD","SQUAD 1B",0,0,0,0,0,"Property Damage","Not At Intersection","No","No","Same Direction - Rear End",2,"MERCER COUNTY 622","NULL",622,"","11000622",4.65,"County","Straight and Level","Blacktop","Dry","Daylight","Clear","None","None",60,"Foot","West","ARCTIC PKWY (RT#639)","NULL","","NULL",35,35,40.2446,-74.76017,"No","","152",419502.36,514121.4,NA,"DVRPC",0,"PDO",10062475
3440314,"20101102I-2010-009062","I-2010-009062",2010,"MERCER","Ewing Township","2010-03-28","Sunday","March","13:44:00",1,"EWING TWP PD","1B",0,0,1,0,0,"Injury","Not At Intersection","No","No","Overturned",2,"MERCER COUNTY 622","NULL",622,"","11000622",5.43,"County","Straight and Level","Blacktop","Wet","Daylight","Rain","None","None",45,"Foot","East","MCMULLEN DRIVE","NULL","","NULL",35,25,40.24945,-74.77353,"No","","152",415776.694182,515898.193009,NA,"DVRPC",0,"Pain",10062474
3440315,"20101102I-2010-009063","I-2010-009063",2010,"MERCER","Ewing Township","2010-03-28","Sunday","March","13:55:00",1,"EWING TWP PD","SQUAD 1B",0,0,0,0,0,"Property Damage","Not At Intersection","No","No","Same Direction - Rear End",2,"MERCER COUNTY 622","NULL",622,"","11000622",4.59,"County","Straight and Level","Blacktop","Wet","Daylight","Rain","None","None",300,"Foot","West","ARCTIC PARKWAY (CR-639)","NULL","","NULL",35,35,40.24422,-74.75919,"No","","185",419775.67,513981.17,NA,"DVRPC",0,"PDO",10062625
3440316,"20101102I-2010-009224","I-2010-009224",2010,"MERCER","Ewing Township","2010-03-30","Tuesday","March","08:55:00",1,"EWING TWP PD","SQUAD3 TRAFFIC",0,0,1,0,0,"Injury","At Intersection","No","No","Right Angle",2,"MERCER COUNTY 634","NULL",634,"","11000634",2.67,"County","Straight and Level","Blacktop","Wet","Daylight","Rain","None","None",NA,"At","NULL","LOWER FERRY RD(RTE 643)","NULL","","NULL",40,40,40.25899,-74.7959,"No","","149",409544.635245,519392.454669,NA,"DVRPC",0,"Pain",10062473
3440319,"20101102I-2010-0092?2","I-2010-0092?2",2010,"MERCER","Ewing Township","2010-03-30","Tuesday","March","17:33:00",1,"EWING TWP PD","P2-A",0,0,0,0,0,"Property Damage","Not At Intersection","No","No","Right Angle",2,"EGGERTS CROSSING RD","NULL",NA,"","11071394",0.84,"Municipal","Straight and Level","Blacktop","Wet","Daylight","Rain","None","None",45,"Foot","East","BUNKER HILL ROAD","NULL","","NULL",40,25,40.27406,-74.7529,"No","","105",421561.26,524844.53,NA,"DVRPC",0,"PDO",10062470
3440320,"20101102I-2010-009331","I-2010-009331",2010,"MERCER","Ewing Township","2010-03-31","Wednesday","March","08:35:00",1,"EWING TWP PD","SQUAD3 TRAFFIC",0,0,1,0,0,"Injury","At Intersection","No","No","Right Angle",2,"MERCER COUNTY 634","NULL",634,"","11000634",2.67,"County","Straight and Level","Blacktop","Dry","Daylight","Clear","None","None",NA,"At","NULL","LOWER FERRY RD (RTE 643)","NULL","","NULL",40,40,40.25899,-74.7959,"No","51 - TRAFFIC SIGNAL STANDARD-NJDOT 999 PARKWAY AVE EWING NJ 08618","149",409544.635245,519392.454669,NA,"DVRPC",0,"Pain",10062621
3440323,"20101102I-2010-009372","I-2010-009372",2010,"MERCER","Ewing Township","2010-03-31","Wednesday","March","13:08:00",1,"EWING TWP PD","SQUAD3 TRAFFIC",0,0,1,0,0,"Injury","Not At Intersection","No","No","Same Direction - Side Swipe",3,"MERCER COUNTY 622","NULL",622,"","11000622",5.47,"County","Straight and Grade","Blacktop","Dry","Daylight","Clear","None","None",500,"Foot","West","NJ 31","NULL","","NULL",40,35,40.24962,-74.77422,"No","","149",415586.6,515960.24,NA,"DVRPC",0,"Pain",10062628
3440324,"20101102I-2010-009397","I-2010-009397",2010,"MERCER","Ewing Township","2010-03-31","Wednesday","March","17:53:00",1,"EWING TWP PD","SQUAD4 TRAFFIC",0,0,0,0,0,"Property Damage","Not At Intersection","No","No","Right Angle",2,"MERCER COUNTY 636","NULL",636,"","11000636",1.24,"County","Straight and Level","Blacktop","Dry","Daylight","Clear","None","None",100,"Foot","West","NJ 31","NULL","","NULL",35,40,40.2454,-74.77588,"No","","163",415116.51394,514427.345562,NA,"DVRPC",0,"PDO",10062627
3440327,"20101102I-2010-009514","I-2010-009514",2010,"MERCER","Ewing Township","2010-04-01","Thursday","April","20:19:00",1,"EWING TWP PD","SQUAD4 TRAFFIC",0,0,0,0,0,"Property Damage","Not At Intersection","No","No","Animal",1,"NJ 31","NULL",31,"","00000031",2.22,"State Highway","Straight and Level","Blacktop","Dry","Dark (Street Lights On/ continuous)","Clear","None","None",100,"Foot","North","OAK LN","NULL","","NULL",35,25,40.25543,-74.77775,"No","","163",414606.713911,518082.482521,NA,"DVRPC",0,"PDO",10062622
3440567,"20101102I-2010-018364","I-2010-018364",2010,"MERCER","Ewing Township","2010-06-23","Wednesday","June","16:23:00",1,"EWING TWP PD","P-3B",0,0,0,0,0,"Property Damage","Not At Intersection","No","No","Same Direction - Rear End",2,"MERCER COUNTY 622","NULL",622,"","11000622",5.33,"County","Straight and Level","Blacktop","Dry","Daylight","Clear","Curbed Median","None",50,"Foot","East","CR 636","NULL","","NULL",35,NA,40.24887,-74.77193,"No","","131",416223.829226,515686.135946,NA,"DVRPC",0,"PDO",10149437
3440568,"20101102I-2010-018416","I-2010-018416",2010,"MERCER","Ewing Township","2010-06-24","Thursday","June","09:10:00",1,"EWING TWP PD","P-3A",0,0,0,0,0,"Property Damage","At Intersection","No","No","Same Direction - Side Swipe",2,"MERCER COUNTY 622","NULL",622,"","11000622",5.32,"County","Straight and Level","Blacktop","Dry","Daylight","Clear","Curbed Median","None",NA,"At","North","CR 636","NULL","","NULL",35,35,40.24881,-74.77177,"No","","136",416268.04,515664.55,NA,"DVRPC",0,"PDO",10134406
3440577,"20101102I-2010-018652","I-2010-018652",2010,"MERCER","Ewing Township","2010-06-26","Saturday","June","08:54:00",1,"EWING TWP PD","1B",0,0,0,0,0,"Property Damage","At Intersection","No","No","Same Direction - Side Swipe",2,"NJ 31","NULL",31,"","00000031",2.35,"State Highway","Straight and Level","Blacktop","Dry","Daylight","Clear","None","None",NA,"At","NULL","CENTRAL AVE","NULL","","NULL",35,25,40.25713,-74.77882,"No","","152",414310.412918,518700.836787,NA,"DVRPC",0,"PDO",10149436
3440595,"20101102I-2010-019611","I-2010-019611",2010,"MERCER","Ewing Township","2010-07-06","Tuesday","July","11:53:00",1,"EWING TWP PD","S.R.O.",0,0,0,0,0,"Property Damage","Not At Intersection","No","No","Right Angle",2,"MERCER COUNTY 634","NULL",634,"","11000634",2.23,"County","Straight and Level","Blacktop","Dry","Daylight","Clear","None","None",150,"Foot","East","CR 611","NULL","","NULL",40,35,40.26341,-74.80172,"No","","128",407927.062185,521010.903097,NA,"DVRPC",0,"PDO",10149434
3440597,"20101102I-2010-019726","I-2010-019726",2010,"MERCER","Ewing Township","2010-07-07","Wednesday","July","15:36:00",1,"EWING TWP PD","PLATOON 2-SQUA",0,0,3,0,0,"Injury","At Intersection","No","No","Right Angle",2,"MERCER COUNTY 622","NULL",622,"","11000622",5.32,"County","Straight and Level","Blacktop","Dry","Daylight","Clear","None","None",NA,"At","NULL","CR 636","NULL","","NULL",35,35,40.24881,-74.77177,"No","","151",416268.04,515664.55,NA,"DVRPC",0,"Pain",10149433
3440601,"20101102I-2010-019844","I-2010-019844",2010,"MERCER","Ewing Township","2010-07-08","Thursday","July","15:20:00",1,"EWING TWP PD","P2-A",0,0,2,0,0,"Injury","Not At Intersection","No","No","Same Direction - Rear End",3,"LOWER FERRY RD","NULL",NA,"","11021390",1.81,"Municipal","Straight and Level","Blacktop","Dry","Daylight","Clear","None","None",45,"Foot","South","CR 634","NULL","","NULL",35,40,40.25893,-74.79621,"No","","105",NA,NA,NA,"DVRPC",0,"Pain",10149432
3440604,"20101102I-2010-019864","I-2010-019864",2010,"MERCER","Ewing Township","2010-07-08","Thursday","July","18:50:00",1,"EWING TWP PD","1A",0,0,0,0,0,"Property Damage","Not At Intersection","No","No","Same Direction - Rear End",2,"MERCER COUNTY 639","NULL",639,"","11000639",0,"County","Curve and Level","Blacktop","Dry","Daylight","Clear","Curbed Median","None",20,"Foot","North","CR 622","NULL","","NULL",35,40,40.2446,-74.76017,"No","","129",419502.36,514121.4,NA,"DVRPC",0,"PDO",10167406
3440605,"20101102I-2010-019932","I-2010-019932",2010,"MERCER","Ewing Township","2010-07-09","Friday","July","10:38:00",1,"EWING TWP PD","PLATOON 2-SQUA",0,0,1,0,0,"Injury","Not At Intersection","No","No","Right Angle",2,"NJ 31","NULL",31,"","00000031",1.96,"State Highway","Straight and Level","Blacktop","Dry","Daylight","Clear","None","None",20,"Foot","South","PENNROAD AVE","NULL","","NULL",NA,25,40.2518,-74.77662,"No","","151",414916.922202,516756.766306,NA,"DVRPC",0,"Moderate Injury",10149429
3440606,"20101102I-2010-019933","I-2010-019933",2010,"MERCER","Ewing Township","2010-07-09","Friday","July","10:48:00",1,"EWING TWP PD","TRAFFIC BUREAU",0,0,0,0,0,"Property Damage","At Intersection","No","No","Right Angle",2,"MERCER COUNTY 613","West",613,"","11000613",0.58,"County","Straight and Level","Blacktop","Dry","Daylight","Clear","None","None",NA,"At","NULL","FOURTH STREET","NULL","","NULL",35,25,40.24902,-74.75657,"No","NONE","111",420510.762042,515728.90793,NA,"DVRPC",0,"PDO",10149428