"ID","DOT_WEB_ID","CASE_NUMBER","CRASH_YEAR","COUNTY","MUNICIPALITY","CRASH_DATE","CRASH_DAY_OF_WEEK","CRASH_MONTH","CRASH_TIME","POLICE_DEPT_CODE","POLICE_DEPARTMENT","POLICE_STATION","TOTAL_KILLED","TOTAL_INCAPACITATED","TOTAL_INJURED","PEDESTRIANS_KILLED","PEDESTRIANS_INJURED","SEVERITY","INTERSECTION","ALCOHOL_INVOLVED","HAZMAT_INVOLVED","CRASH_TYPE","TOTAL_VEHICLES_INVOLVED","CRASH_LOCATION","LOCATION_DIRECTION","ROUTE","ROUTE_SUFFIX","SRI","MILEPOST","ROAD_SYSTEM","ROAD_CHARACTER","ROAD_SURFACE_TYPE","SURFACE_CONDITION","LIGHT_CONDITION","ENVIRONMENTAL_CONDITION","ROAD_DIVIDED_BY","TEMP_TRAFFIC_CONTROL_ZONE","DISTANCE_TO_CROSS_STREET","UNIT_OF_MEASUREMENT","DIRECTION_FROM_CROSS_STREET","CROSS_STREET_NAME","IS_RAMP","RAMP_TO_FROM_ROUTE_NAME","RAMP_TO_FROM_ROUTE_DIRECTION","POSTED_SPEED","POSTED_SPEED_CROSS_STREET","LATITUDE","LONGITUDE","CELL_PHONE_IN_USE","OTHER_PROPERTY_DAMAGE","REPORTING_BADGE_NO","X","Y","CRASH_NARRATIVE","MPO","TOTAL_PEDESTRIANS_INVOLVED","EPDO","DLN"
3440715,"20101102I-2010-025021","I-2010-025021",2010,"MERCER","Ewing Township","2010-09-01","Wednesday","September","09:34:00",1,"EWING TWP PD","SQUAD 1A",0,0,0,0,0,"Property Damage","Not At Intersection","No","No","Same Direction - Side Swipe",2,"MERCER COUNTY 622","NULL",622,"","11000622",5.47,"County","Straight and Level","Blacktop","Dry","Daylight","Clear","None","None",500,"Foot","West","NJ 31","NULL","","NULL",40,35,40.24962,-74.77422,"No","","180",415586.6,515960.24,NA,"DVRPC",0,"PDO",10193482
3440716,"20101102I-2010-025034","I-2010-025034",2010,"MERCER","Ewing Township","2010-09-01","Wednesday","September","11:08:00",1,"EWING TWP PD","1B",0,0,3,0,0,"Injury","At Intersection","No","No","Right Angle",3,"NJ 31","NULL",31,"","00000031",3.81,"State Highway","Straight and Level","Blacktop","Dry","Daylight","Clear","None","None",NA,"At","NULL","CR 636 / EWINGVILLE RD / UPPER FERR","NULL","","NULL",35,35,40.2771,-74.7805,"No","","152",413863.72,525977.55,NA,"DVRPC",0,"Pain",10193481
3440717,"20101102I-2010-025134","I-2010-025134",2010,"MERCER","Ewing Township","2010-09-02","Thursday","September","12:51:00",1,"EWING TWP PD","SQUAD 1B",0,0,0,0,0,"Property Damage","Not At Intersection","No","No","Same Direction - Rear End",2,"MERCER COUNTY 636","NULL",636,"","11000636",2.07,"County","Straight and Level","Blacktop","Dry","Daylight","Clear","None","None",30,"Foot","North","CR 627","NULL","","NULL",35,40,40.25453,-74.76623,"No","","179",417822.137787,517741.680223,NA,"DVRPC",0,"PDO",10193480
3440720,"20101102I-2010-025189","I-2010-025189",2010,"MERCER","Ewing Township","2010-09-02","Thursday","September","20:26:00",1,"EWING TWP PD","P2-A",0,0,0,0,0,"Property Damage","Not At Intersection","No","No","Same Direction - Side Swipe",2,"NJ 31","NULL",31,"","00000031",3.7,"State Highway","Straight and Level","Blacktop","Dry","Dark (Street Lights On/ continuous)","Clear","None","None",50,"Foot","West","STUART AVE","NULL","","NULL",40,25,40.27553,-74.78082,"No","STREET SIGN/STOP SIGN OWNER TOWNSHIP OF EWING 2 JAKE GARZIO DRIVE EWING NJ","105",413772.010578,525405.877131,NA,"DVRPC",0,"PDO",10193478
3440724,"20101102I-2010-025343","I-2010-025343",2010,"MERCER","Ewing Township","2010-09-04","Saturday","September","13:24:00",1,"EWING TWP PD","SQUAD3",0,0,2,0,0,"Injury","Not At Intersection","No","No","Fixed Object",1,"NJ 29","NULL",29,"","00000029",9.67,"State Highway","Straight and Level","Blacktop","Dry","Daylight","Clear","None","None",100,"Foot","North","SCENIC DRIVE","NULL","","NULL",45,40,40.26731,-74.84898,"No","GAS LINE FOR 100 RIVER ROAD. PSEG 60 WEST STATE ST TRENTON NJ","120",394744.283922,522480.103601,NA,"DVRPC",0,"Moderate Injury",10193319
3440726,"20101102I-2010-025387","I-2010-025387",2010,"MERCER","Ewing Township","2010-09-04","Saturday","September","21:59:00",1,"EWING TWP PD","SQUAD 2B",0,0,0,0,0,"Property Damage","At Intersection","No","No","Right Angle",2,"THERESA ST","NULL",NA,"","11021395",0.43,"Municipal","Straight and Grade","Blacktop","Dry","Dark (Street Lights On/ continuous)","Clear","None","None",NA,"At","NULL","BROAD AVENUE","NULL","","NULL",25,25,40.26359,-74.78577,"No","","181",412377.627311,521060.773637,NA,"DVRPC",0,"PDO",10202614
3440727,"20101102I-2010-025423","I-2010-025423",2010,"MERCER","Ewing Township","2010-09-05","Sunday","September","08:58:00",1,"EWING TWP PD","SQUAD 1A",0,0,1,0,0,"Injury","Not At Intersection","No","No","Fixed Object",1,"ROUTE 579","NULL",579,"","00000579",1.35,"County","Curve and Level","Blacktop","Dry","Daylight","Clear","None","None",300,"Foot","South","SYLVIA ST","NULL","","NULL",40,25,40.25408,-74.81541,"No","","171",404093.21576,517624.920509,NA,"DVRPC",0,"Pain",10202613
3440729,"20101102I-2010-025464","I-2010-025464",2010,"MERCER","Ewing Township","2010-09-05","Sunday","September","18:37:00",1,"EWING TWP PD","PLATOON2-SQUAD?",0,0,0,0,0,"Property Damage","Not At Intersection","No","No","Fixed Object",1,"NJ 29","NULL",29,"","00000029",9.22,"State Highway","Curve and Grade","Blacktop","Dry","Daylight","Clear","None","None",500,"Foot","North","I- 95","NULL","","NULL",35,65,40.26171,-74.84539,"No","","151",395738.662556,520435.12453,NA,"DVRPC",0,"PDO",10193317
3440730,"20101102I-2010-025536","I-2010-025536",2010,"MERCER","Ewing Township","2010-09-06","Monday","September","09:46:00",1,"EWING TWP PD","1B",0,0,1,0,0,"Injury","At Intersection","No","No","Right Angle",2,"ROUTE 579","NULL",579,"","00000579",4.08,"County","Straight and Grade","Blacktop","Dry","Daylight","Clear","None","None",NA,"At","NULL","WINDYBUSH WAY","NULL","","NULL",45,25,40.28737,-74.8392,"No","","152",397502.65,529775.4,NA,"DVRPC",0,"Moderate Injury",10193316
3440732,"20101102I-2010-025576","I-2010-025576",2010,"MERCER","Ewing Township","2010-09-06","Monday","September","20:43:00",1,"EWING TWP PD","PLATOON2-SQUAD",0,0,1,0,0,"Injury","Not At Intersection","No","No","Fixed Object",1,"MERCER COUNTY 634","NULL",634,"","11000634",1.43,"County","Curve and Level","Blacktop","Dry","Dark (Street Lights On/ continuous)","Clear","None","None",150,"Foot","West","DECOU AVE","NULL","","NULL",30,25,40.26788,-74.81505,"No","UTILITY POLE64348 PSEG NOTIFIED 15 W STATE ST TRENTON 08611.","151",404213.350546,522650.89602,NA,"DVRPC",0,"Moderate Injury",10193315
3440734,"20101102I-2010-025660","I-2010-025660",2010,"MERCER","Ewing Township","2010-09-07","Tuesday","September","11:51:00",1,"EWING TWP PD","TRAFFIC BUREAU",0,0,0,0,0,"Property Damage","At Intersection","No","No","Right Angle",2,"NJ 31","NULL",31,"","00000031",3.01,"State Highway","Straight and Level","Blacktop","Dry","Daylight","Clear","None","None",NA,"At","NULL","LANNING ST","NULL","","NULL",40,25,40.2661,-74.78311,"No","","111",413124.41183,521972.013152,NA,"DVRPC",0,"PDO",10202606
3440736,"20101102I-2010-025704","I-2010-025704",2010,"MERCER","Ewing Township","2010-09-07","Tuesday","September","15:46:00",1,"EWING TWP PD","SQUAD 1B",0,0,0,0,0,"Property Damage","Not At Intersection","No","No","Same Direction - Side Swipe",2,"NJ 31","NULL",31,"","00000031",2.84,"State Highway","Straight and Level","Blacktop","Dry","Daylight","Clear","None","None",20,"Foot","North","THERESA ST","NULL","","NULL",40,25,40.26378,-74.78193,"No","","179",413448.81,521124.32,NA,"DVRPC",0,"PDO",10202609
3440739,"20101102I-2010-025780","I-2010-025780",2010,"MERCER","Ewing Township","2010-09-08","Wednesday","September","09:11:00",1,"EWING TWP PD","SQUAD3 TRAFFIC",0,0,2,0,0,"Injury","Not At Intersection","No","No","Right Angle",2,"NJ 31","NULL",31,"","00000031",1.84,"State Highway","Straight and Level","Blacktop","Dry","Daylight","Clear","None","None",100,"Foot","North","CR 622 / OLDEN AVE","NULL","","NULL",35,40,40.25016,-74.77587,"No","","149",415126.556675,516161.001114,NA,"DVRPC",0,"Pain",10202605
3440742,"20101102I-2010-025917","I-2010-025917",2010,"MERCER","Ewing Township","2010-09-09","Thursday","September","15:45:00",1,"EWING TWP PD","SQUAD3 TRAFFIC",0,0,1,0,0,"Injury","Not At Intersection","No","No","Right Angle",2,"MERCER COUNTY 636","NULL",636,"","11000636",1.87,"County","Straight and Grade","Blacktop","Dry","Daylight","Clear","None","None",1000,"Foot","South","BUTTONWOOD DR","NULL","","NULL",35,35,40.2523,-74.76854,"No","","149",417172.881015,516934.029019,NA,"DVRPC",0,"Pain",10202588
3440743,"20101102I-2010-025923","I-2010-025923",2010,"MERCER","Ewing Township","2010-09-09","Thursday","September","16:53:00",1,"EWING TWP PD","SQUAD4 TRAFFIC",0,0,0,0,0,"Property Damage","Not At Intersection","No","No","Right Angle",2,"MERCER COUNTY 636","NULL",636,"","11000636",1.29,"County","Straight and Grade","Blacktop","Dry","Daylight","Clear","None","None",150,"Foot","East","NJ 31","NULL","","NULL",35,40,40.24565,-74.77498,"No","","163",415369.79,514516.97,NA,"DVRPC",0,"PDO",10202587
3440744,"20101102I-2010-025951","I-2010-025951",2010,"MERCER","Ewing Township","2010-09-10","Friday","September","07:19:00",1,"EWING TWP PD","SQUAD3-TRAFFIC",0,0,2,0,0,"Injury","At Intersection","No","No","Right Angle",2,"MERCER COUNTY 636","NULL",636,"","11000636",2.06,"County","Straight and Level","Blacktop","Dry","Daylight","Clear","None","None",NA,"At","NULL","BUTTONWOOD DR","NULL","","NULL",35,35,40.25442,-74.76634,"No","","149",417791.357099,517701.550683,NA,"DVRPC",0,"Pain",10202585
3440751,"20101102I-2010-026090","I-2010-026090",2010,"MERCER","Ewing Township","2010-09-11","Saturday","September","19:20:00",1,"EWING TWP PD","P2-A",0,0,0,0,0,"Property Damage","Not At Intersection","No","No","Right Angle",2,"NJ 31","NULL",31,"","00000031",3.5,"State Highway","Straight and Level","Blacktop","Dry","Dusk","Clear","None","None",80,"Foot","North","LAKE BOULEVARD","NULL","","NULL",40,25,40.27277,-74.78186,"No","","105",413480.480237,524399.781898,NA,"DVRPC",0,"PDO",10202580
3440752,"20101102I-2010-026105","I-2010-026105",2010,"MERCER","Ewing Township","2010-09-11","Saturday","September","23:10:00",1,"EWING TWP PD","P2-A",0,0,3,0,0,"Injury","Not At Intersection","No","No","Fixed Object",1,"WILBURTHA RD","NULL",NA,"","11021389",0.99,"Municipal","Straight and Grade","Blacktop","Dry","Dark (Street Lights On/ continuous)","Clear","None","None",90,"Foot","West","RIVERVIEW AVENUE","NULL","","NULL",30,25,40.25042,-74.83487,"No","","105",398657.48,516311.83,NA,"DVRPC",0,"Pain",10202579
3440754,"20101102I-2010-026135","I-2010-026135",2010,"MERCER","Ewing Township","2010-09-12","Sunday","September","11:30:00",1,"EWING TWP PD","1B",0,0,0,0,0,"Property Damage","Not At Intersection","No","No","Fixed Object",1,"MERCER COUNTY 613","NULL",613,"","11000613",0.52,"County","Straight and Level","Blacktop","Wet","Daylight","Rain","None","None",100,"Foot","East","CR 639","NULL","","NULL",35,35,40.24827,-74.75598,"No","","152",420674.832852,515454.385112,NA,"DVRPC",0,"PDO",10202578
3440755,"20101102I-2010-026159","I-2010-026159",2010,"MERCER","Ewing Township","2010-09-12","Sunday","September","17:31:00",1,"EWING TWP PD","PLATOON 2-SQU",0,0,0,0,0,"Property Damage","Not At Intersection","No","No","Right Angle",2,"NJ 31","NULL",31,"","00000031",1.96,"State Highway","Straight and Level","Blacktop","Dry","Daylight","Clear","None","None",15,"Foot","South","PENNROAD AVE","NULL","","NULL",40,25,40.2518,-74.77662,"No","","151",414916.922202,516756.766306,NA,"DVRPC",0,"PDO",10202577
3440756,"20101102I-2010-026190","I-2010-026190",2010,"MERCER","Ewing Township","2010-09-13","Monday","September","08:35:00",1,"EWING TWP PD","1B",0,0,0,0,0,"Property Damage","Not At Intersection","No","No","Backing",2,"WILBURTHA RD","NULL",NA,"","11021389",1,"Municipal","Straight and Level","Blacktop","Dry","Daylight","Clear","None","None",60,"Foot","East","RIVERVIEW DR","NULL","","NULL",35,25,40.25034,-74.83501,"No","","152",398618.04875,516283.5475,NA,"DVRPC",0,"PDO",10202576
3440758,"20101102I-2010-026217","I-2010-026217",2010,"MERCER","Ewing Township","2010-09-13","Monday","September","13:52:00",1,"EWING TWP PD","SQUAD 1B",0,0,0,0,0,"Property Damage","Not At Intersection","No","No","Right Angle",2,"MERCER COUNTY 636","NULL",636,"","11000636",1.61,"County","Straight and Grade","Blacktop","Dry","Daylight","Clear","None","None",200,"Foot","North","CR 622","NULL","","NULL",35,35,40.24929,-74.77137,"No","","175",416381.67798,515839.863005,NA,"DVRPC",0,"PDO",10202575
3440763,"20101102I-2010-026311","I-2010-026311",2010,"MERCER","Ewing Township","2010-09-14","Tuesday","September","15:44:00",1,"EWING TWP PD","TRAFFIC BUREAU",0,0,0,0,0,"Property Damage","At Intersection","No","No","Same Direction - Rear End",2,"NJ 31","NULL",31,"","00000031",2.43,"State Highway","Straight and Level","Blacktop","Dry","Daylight","Clear","None","None",NA,"At","NULL","SOMERSET ST","NULL","","NULL",40,35,40.25821,-74.77936,"No","","111",414159.671975,519095.043822,NA,"DVRPC",0,"PDO",10202569
3440764,"20101102I-2010-026318","I-2010-026318",2010,"MERCER","Ewing Township","2010-09-14","Tuesday","September","16:50:00",1,"EWING TWP PD","P-3B",0,0,0,0,0,"Property Damage","Not At Intersection","No","No","Right Angle",2,"MERCER COUNTY 634","NULL",634,"","11000634",2.67,"County","Straight and Level","Blacktop","Dry","Daylight","Clear","None","None",50,"Foot","West","LOWER FERRY ROAD (643)","NULL","","NULL",40,35,40.25899,-74.7959,"No","","131",409544.635245,519392.454669,NA,"DVRPC",0,"PDO",10202568
3440765,"20101102I-2010-026319","I-2010-026319",2010,"MERCER","Ewing Township","2010-09-14","Tuesday","September","16:55:00",1,"EWING TWP PD","SQUAD 1B",0,0,0,0,0,"Property Damage","Not At Intersection","No","No","Right Angle",2,"MERCER COUNTY 622","NULL",622,"","11000622",4.66,"County","Straight and Level","Blacktop","Dry","Daylight","Clear","None","None",75,"Foot","East","CR 639","NULL","","NULL",40,35,40.24467,-74.76034,"No","","175",419454.134095,514144.97677,NA,"DVRPC",0,"PDO",10202567
3440766,"20101102I-2010-026325","I-2010-026325",2010,"MERCER","Ewing Township","2010-09-14","Tuesday","September","18:31:00",1,"EWING TWP PD","SQUAD4 TRAFFIC",0,0,0,0,0,"Property Damage","At Intersection","No","No","Right Angle",2,"LOWER FERRY RD","NULL",NA,"","11021390",0.7,"Municipal","Straight and Level","Blacktop","Dry","Daylight","Clear","None","None",NA,"At","NULL","CR 579","NULL","","NULL",35,35,40.2488,-74.81228,"No","#50 NO STOPPING OR STANDING SIGN EWING RD DPT 410 4TH ST EWING NJ","163",NA,NA,NA,"DVRPC",0,"PDO",10202566
3440767,"20101102I-2010-026365","I-2010-026365",2010,"MERCER","Ewing Township","2010-09-15","Wednesday","September","08:39:00",1,"EWING TWP PD","SQUAD3 TRAFFIC",0,0,0,0,0,"Property Damage","At Intersection","No","No","Right Angle",2,"NJ 31","NULL",31,"","00000031",3.96,"State Highway","Curve and Level","Blacktop","Dry","Daylight","Clear","None","None",NA,"At","NULL","HAMPTON RD / HILLTOP RD","NULL","","NULL",45,25,40.27917,-74.77986,"No","","149",414044.930348,526732.075503,NA,"DVRPC",0,"PDO",10202565
3440769,"20101102I-2010-026395","I-2010-026395",2010,"MERCER","Ewing Township","2010-09-15","Wednesday","September","13:09:00",1,"EWING TWP PD","SQUAD3 TRAFFIC",0,0,0,0,0,"Property Damage","Not At Intersection","No","No","Same Direction - Rear End",2,"MERCER COUNTY 622","NULL",622,"","11000622",4.65,"County","Straight and Level","Blacktop","Dry","Daylight","Clear","None","None",10,"Foot","West","CR 639","NULL","","NULL",35,40,40.2446,-74.76017,"No","","149",419502.36,514121.4,NA,"DVRPC",0,"PDO",10202563
3440770,"20101102I-2010-026415","I-2010-026415",2010,"MERCER","Ewing Township","2010-09-15","Wednesday","September","17:34:00",1,"EWING TWP PD","SQUAD4 TRAFFIC",0,0,0,0,0,"Property Damage","Not At Intersection","No","No","Same Direction - Rear End",2,"MERCER COUNTY 634","NULL",634,"","11000634",2.88,"County","Straight and Level","Blacktop","Dry","Daylight","Clear","None","None",20,"Foot","West","DUNMORE AVE","NULL","","NULL",35,25,40.25652,-74.79364,"No","","163",410174.344961,518493.174312,NA,"DVRPC",0,"PDO",10202562
3440771,"20101102I-2010-026429","I-2010-026429",2010,"MERCER","Ewing Township","2010-09-15","Wednesday","September","21:47:00",1,"EWING TWP PD","SQUAD4 TRAFFIC",0,0,0,0,0,"Property Damage","Not At Intersection","No","No","Same Direction - Rear End",2,"NJ 31","NULL",31,"","00000031",3.81,"State Highway","Straight and Level","Blacktop","Dry","Dark (Street Lights On/ continuous)","Clear","None","None",20,"Foot","South","CR 636 / EWINGVILLE RD / UPPER FERR","NULL","","NULL",40,35,40.2771,-74.7805,"No","","163",413863.72,525977.55,NA,"DVRPC",0,"PDO",10202561
3441073,"20101102I-2010-035223","I-2010-035223",2010,"MERCER","Ewing Township","2010-12-26","Sunday","December","13:16:00",1,"EWING TWP PD","P/4",0,0,2,0,0,"Injury","Not At Intersection","No","No","Opposite Direction - Head On/Angular",2,"MERCER COUNTY 622","NULL",622,"","11000622",4.65,"County","Straight and Level","Blacktop","Snowy","Daylight","Snow","None","None",500,"Foot","East","CR 639","NULL","","NULL",40,35,40.2446,-74.76017,"No","","123",419502.36,514121.4,NA,"DVRPC",0,"Pain",10303737
3441093,"2010110310-000136","10-000136",2010,"MERCER","Hamilton Twp (Mercer Co)","2010-01-02","Saturday","January","09:16:00",1,"HAMILTON TWP PD (MERCER)","",0,0,1,0,0,"Injury","At Intersection","No","No","Right Angle",2,"US 206","East",206,"","00000206",39.79,"Municipal","Straight and Level","Blacktop","Dry","Daylight","Clear","Curbed Median","None",NA,"At","NULL","IRVINGTON PL / OLDFIELD RD","NULL","","NULL",35,25,40.19444,-74.71975,"No","","464",430738.307853,495817.299716,NA,"DVRPC",0,"Pain",10008176
3441096,"2010110310-000921","10-000921",2010,"MERCER","Hamilton Twp (Mercer Co)","2010-01-08","Friday","January","08:03:00",1,"HAMILTON TWP PD (MERCER)","",0,0,0,0,0,"Property Damage","Not At Intersection","No","No","Same Direction - Rear End",3,"LEONARD AVENUE","South",NA,"","11031999",0.44,"Municipal","Straight and Grade","Blacktop","Icy","Daylight","Clear","None","None",50,"Foot","North","NEWKIRK AVE","NULL","","NULL",25,25,40.21547,-74.72204,"No","","398",430118.43,503481.12,NA,"DVRPC",0,"PDO",10007781
3441101,"2010110310-001901","10-001901",2010,"MERCER","Hamilton Twp (Mercer Co)","2010-01-13","Wednesday","January","23:47:00",1,"HAMILTON TWP PD (MERCER)","",0,0,0,0,0,"Property Damage","Not At Intersection","No","No","Animal",1,"OLD YORK RD","North",NA,"","11031997",0.01,"Municipal","Curve and Level","Blacktop","Dry","Dark (Street Lights On/ continuous)","Clear","None","None",500,"Foot","West","EXTONVILLE RD","NULL","","NULL",40,25,40.16528,-74.60414,"No","","459",463020.805295,485136.721766,NA,"DVRPC",0,"PDO",10004122
3441106,"2010110310-00909","10-00909",2010,"MERCER","Hamilton Twp (Mercer Co)","2010-01-08","Friday","January","07:44:00",1,"HAMILTON TWP PD (MERCER)","",0,0,0,0,0,"Property Damage","Not At Intersection","No","No","Struck Parked Vehicle",2,"NEW CEDAR LANE","NULL",NA,"","11031993",0,"Municipal","Straight and Level","Blacktop","Icy","Daylight","Snow","None","None",20,"Foot","South","LAFAYETTE AVE","NULL","","NULL",25,NA,40.19913,-74.73406,"No","","361",426746.01,497537.95,NA,"DVRPC",0,"PDO",10004298
3441108,"2010110310-00924","10-00924",2010,"MERCER","Hamilton Twp (Mercer Co)","2010-01-08","Friday","January","08:12:00",1,"HAMILTON TWP PD (MERCER)","",0,0,0,0,0,"Property Damage","At Intersection","No","No","Right Angle",3,"MERCER ST","NULL",NA,"","11031036",0,"Municipal","Straight and Level","Blacktop","Icy","Daylight","Snow","None","None",NA,"At","NULL","HUGHES DR","NULL","","NULL",25,35,40.23395,-74.65625,"No","","361",448501.23,510173.2,NA,"DVRPC",0,"PDO",10004297
3441109,"2010110310-00942","10-00942",2010,"MERCER","Hamilton Twp (Mercer Co)","2010-01-08","Friday","January","08:53:00",1,"HAMILTON TWP PD (MERCER)","",0,0,0,0,0,"Property Damage","Not At Intersection","No","No","Same Direction - Rear End",2,"GEORGE DYE RD","NULL",NA,"","11031989",1.14,"Municipal","Straight and Level","Blacktop","Icy","Daylight","Clear","None","None",100,"Foot","South","NJ 33","NULL","","NULL",25,45,40.22291,-74.64671,"No","","408",451159.851566,506147.595895,NA,"DVRPC",0,"PDO",10007770
3441110,"2010110310-01131","10-01131",2010,"MERCER","Hamilton Twp (Mercer Co)","2010-01-09","Saturday","January","12:54:00",1,"HAMILTON TWP PD (MERCER)","",0,0,0,0,0,"Property Damage","Not At Intersection","No","No","Right Angle",2,"NJ 33","NULL",33,"","00000033",4.22,"State Highway","Straight and Level","Blacktop","Dry","Daylight","Clear","None","None",400,"Foot","West","SHADY LN","NULL","","NULL",40,25,40.2328,-74.68448,"No","","408",440620.691765,509768.550022,NA,"DVRPC",0,"PDO",10007753
3441112,"2010110310-01495","10-01495",2010,"MERCER","Hamilton Twp (Mercer Co)","2010-01-11","Monday","January","22:03:00",1,"HAMILTON TWP PD (MERCER)","",0,0,0,0,0,"Property Damage","Not At Intersection","No","No","Fixed Object",1,"MERCER COUNTY 614","NULL",614,"","11000614",0.41,"County","Straight and Level","Blacktop","Dry","Dark (Street Lights On/ continuous)","Clear","None","None",50,"Foot","East","E. STATE ST.","NULL","","NULL",25,NA,40.23338,-74.73039,"No","V1 STRUCK UTILITY POLE PS311HM BUT THERE WAS NO DAMAGE TO THE POLE.","423",427804.567481,510010.727918,NA,"DVRPC",0,"PDO",10004127
3441114,"2010110310-0171","10-0171",2010,"MERCER","Hamilton Twp (Mercer Co)","2010-02-11","Thursday","February","07:35:00",1,"HAMILTON TWP PD (MERCER)","",0,0,0,0,0,"Property Damage","Not At Intersection","No","No","Right Angle",2,"ROUTE 524","West",524,"","00000524",0.33,"County","Straight and Level","Blacktop","Dry","Daylight","Clear","None","None",150,"Foot","East","GROPP AVE","NULL","","NULL",40,25,40.18793,-74.69847,"No","NO OTHER DAMAGE","437",436678.612542,493433.722981,NA,"DVRPC",0,"PDO",10025107
3441118,"2010110310-02112","10-02112",2010,"MERCER","Hamilton Twp (Mercer Co)","2010-01-15","Friday","January","02:24:00",1,"HAMILTON TWP PD (MERCER)","",0,0,0,0,0,"Property Damage","At Intersection","No","No","Right Angle",2,"ROUTE 533","South",533,"","00000533",4.39,"County","Straight and Level","Blacktop","Dry","Dark (Street Lights On/ continuous)","Clear","None","None",NA,"At","NULL","FLOCK RD / SLOANE AVE","NULL","","NULL",40,40,40.24884,-74.68516,"No","","451",440442.28,515613,NA,"DVRPC",0,"PDO",10003100
3441121,"2010110310-02462","10-02462",2010,"MERCER","Hamilton Twp (Mercer Co)","2010-01-17","Sunday","January","12:56:00",1,"HAMILTON TWP PD (MERCER)","",0,0,0,0,0,"Property Damage","Not At Intersection","No","No","Same Direction - Rear End",2,"MERCER COUNTY 614","East",614,"","11000614",0.23,"County","Straight and Grade","Blacktop","Water (Standing/Moving)","Daylight","Rain","None","None",100,"Foot","West","JOHNSLON AVE","NULL","","NULL",25,25,40.23347,-74.73375,"No","","437",426865.006688,510047.106666,NA,"DVRPC",0,"PDO",10003259
3441123,"2010110310-02586","10-02586",2010,"MERCER","Hamilton Twp (Mercer Co)","2010-01-18","Monday","January","13:46:00",1,"HAMILTON TWP PD (MERCER)","",0,0,0,0,0,"Property Damage","At Intersection","No","No","Non-fixed Object",2,"ROUTE 533","North",533,"","00000533",3.75,"County","Straight and Level","Blacktop","Dry","Daylight","Clear","None","None",NA,"At","NULL","SADIE ST","NULL","","NULL",40,25,40.24003,-74.6882,"No","","407",439588.425,512404.165625,NA,"DVRPC",0,"PDO",10003254
3441128,"2010110310-04080","10-04080",2010,"MERCER","Hamilton Twp (Mercer Co)","2010-01-27","Wednesday","January","20:29:00",1,"HAMILTON TWP PD (MERCER)","",0,0,0,0,0,"Property Damage","Not At Intersection","No","No","Struck Parked Vehicle",2,"MERCER COUNTY 618","NULL",618,"","11000618",0.64,"County","Straight and Level","Blacktop","Dry","Dark (Street Lights On/ continuous)","Clear","None","None",55,"Foot","East","LANDER DR","NULL","","NULL",35,25,40.23373,-74.67653,"No","","361",442841.130747,510104.281171,NA,"DVRPC",0,"PDO",10016613
3441131,"2010110310-05153","10-05153",2010,"MERCER","Hamilton Twp (Mercer Co)","2010-02-04","Thursday","February","09:13:00",1,"HAMILTON TWP PD (MERCER)","",0,0,0,0,0,"Property Damage","At Intersection","No","No","Right Angle",2,"KLOCKNER RD","NULL",NA,"","11031976",1.83,"Municipal","Straight and Level","Blacktop","Dry","Daylight","Clear","None","None",NA,"At","NULL","CR 606","NULL","","NULL",35,45,40.22922,-74.70732,"No","NONE","361",434241.67,508479.21,NA,"DVRPC",0,"PDO",10020116
3441133,"2010110310-0525","10-0525",2010,"MERCER","Hamilton Twp (Mercer Co)","2010-01-05","Tuesday","January","12:22:00",1,"HAMILTON TWP PD (MERCER)","",0,0,0,0,0,"Property Damage","Not At Intersection","Yes","No","Same Direction - Rear End",2,"US 206","South",206,"","00000206",40.4,"Municipal","Straight and Level","Blacktop","Dry","Daylight","Clear","Curbed Median","None",150,"Foot","North","HARRISON ST","NULL","","NULL",35,25,40.19862,-74.72991,"No","","407",427904.219045,497348.910577,NA,"DVRPC",0,"PDO",10008170
3441134,"2010110310-06260","10-06260",2010,"MERCER","Hamilton Twp (Mercer Co)","2010-02-11","Thursday","February","17:02:00",1,"HAMILTON TWP PD (MERCER)","",0,0,0,0,0,"Property Damage","Not At Intersection","No","No","Struck Parked Vehicle",2,"NJ 156","North",156,"","00000156",1.24,"State Highway","Straight and Level","Blacktop","Snowy","Dark (Street Lights On/ continuous)","Snow","None","None",200,"Foot","South","US 130","NULL","","NULL",35,50,40.18511,-74.65916,"No","","361",447656.83182,492382.540431,NA,"DVRPC",0,"PDO",10025047
3441135,"2010110310-06291","10-06291",2010,"MERCER","Hamilton Twp (Mercer Co)","2010-02-11","Thursday","February","20:40:00",1,"HAMILTON TWP PD (MERCER)","",0,0,0,0,0,"Property Damage","Not At Intersection","No","No","Same Direction - Rear End",2,"US 206","South",206,"","00000206",39.16,"Municipal","Straight and Level","Blacktop","Icy","Dark (Street Lights On/ continuous)","Clear","None","None",20,"Foot","North","HOBSON AVE","NULL","","NULL",35,25,40.19008,-74.70924,"No","NONE","361",433670.46,494223.09,NA,"DVRPC",0,"PDO",10025046
3441136,"2010110310-06292","10-06292",2010,"MERCER","Hamilton Twp (Mercer Co)","2010-02-11","Thursday","February","20:44:00",1,"HAMILTON TWP PD (MERCER)","",0,0,0,0,0,"Property Damage","Not At Intersection","No","No","Same Direction - Side Swipe",2,"US 206","South",206,"","00000206",39.16,"Municipal","Straight and Level","Blacktop","Icy","Dark (Street Lights On/ continuous)","Clear","None","None",25,"Foot","North","HOBSON AVE","NULL","","NULL",55,25,40.19008,-74.70924,"No","","361",433670.46,494223.09,NA,"DVRPC",0,"PDO",10025045