"ID","DOT_WEB_ID","CASE_NUMBER","CRASH_YEAR","COUNTY","MUNICIPALITY","CRASH_DATE","CRASH_DAY_OF_WEEK","CRASH_MONTH","CRASH_TIME","POLICE_DEPT_CODE","POLICE_DEPARTMENT","POLICE_STATION","TOTAL_KILLED","TOTAL_INCAPACITATED","TOTAL_INJURED","PEDESTRIANS_KILLED","PEDESTRIANS_INJURED","SEVERITY","INTERSECTION","ALCOHOL_INVOLVED","HAZMAT_INVOLVED","CRASH_TYPE","TOTAL_VEHICLES_INVOLVED","CRASH_LOCATION","LOCATION_DIRECTION","ROUTE","ROUTE_SUFFIX","SRI","MILEPOST","ROAD_SYSTEM","ROAD_CHARACTER","ROAD_SURFACE_TYPE","SURFACE_CONDITION","LIGHT_CONDITION","ENVIRONMENTAL_CONDITION","ROAD_DIVIDED_BY","TEMP_TRAFFIC_CONTROL_ZONE","DISTANCE_TO_CROSS_STREET","UNIT_OF_MEASUREMENT","DIRECTION_FROM_CROSS_STREET","CROSS_STREET_NAME","IS_RAMP","RAMP_TO_FROM_ROUTE_NAME","RAMP_TO_FROM_ROUTE_DIRECTION","POSTED_SPEED","POSTED_SPEED_CROSS_STREET","LATITUDE","LONGITUDE","CELL_PHONE_IN_USE","OTHER_PROPERTY_DAMAGE","REPORTING_BADGE_NO","X","Y","CRASH_NARRATIVE","MPO","TOTAL_PEDESTRIANS_INVOLVED","EPDO","DLN"
3441137,"2010110310-06575","10-06575",2010,"MERCER","Hamilton Twp (Mercer Co)","2010-02-13","Saturday","February","14:56:00",1,"HAMILTON TWP PD (MERCER)","",0,0,0,0,0,"Property Damage","Not At Intersection","No","No","Same Direction - Rear End",4,"NJ 33","East",33,"","00000033",5.21,"State Highway","Straight and Level","Blacktop","Wet","Daylight","Clear","None","None",100,"Foot","West","HERBERT AVE","NULL","","NULL",35,NA,40.22843,-74.66661,"No","","361",445605.06,508168.73,NA,"DVRPC",0,"PDO",10037758
3441139,"2010110310-08079","10-08079",2010,"MERCER","Hamilton Twp (Mercer Co)","2010-02-24","Wednesday","February","16:50:00",1,"HAMILTON TWP PD (MERCER)","",0,0,0,0,0,"Property Damage","Not At Intersection","No","No","Same Direction - Rear End",2,"MERCER COUNTY 618","NULL",618,"","11000618",1.48,"County","Straight and Level","Blacktop","Dry","Dusk","Overcast","None","None",NA,"NULL","West","WHITEHORSE HAMILTON SQ.","NULL","","NULL",35,25,40.23005,-74.66136,"No","","361",447073.054257,508755.625795,NA,"DVRPC",0,"PDO",10036752
3441140,"2010110310-08088","10-08088",2010,"MERCER","Hamilton Twp (Mercer Co)","2010-02-24","Wednesday","February","18:50:00",1,"HAMILTON TWP PD (MERCER)","",0,0,1,0,0,"Injury","At Intersection","No","No","Right Angle",3,"MERCER COUNTY 619","NULL",619,"","11000619",0.52,"County","Straight and Level","Blacktop","Dry","Dark (Street Lights On/ continuous)","Clear","None","None",NA,"At","NULL","ESTATES BLVD","NULL","","NULL",35,25,40.21053,-74.70351,"No","","361",435289.414741,501670.700599,NA,"DVRPC",0,"Pain",10045034
3441141,"2010110310-08175","10-08175",2010,"MERCER","Hamilton Twp (Mercer Co)","2010-02-05","Friday","February","16:48:00",1,"HAMILTON TWP PD (MERCER)","",0,0,1,0,0,"Injury","At Intersection","No","No","Same Direction - Side Swipe",2,"US 206","NULL",206,"","00000206",40.29,"Municipal","Straight and Level","Blacktop","Dry","Daylight","Clear","None","None",NA,"At","NULL","CR 626 / CHAMBER ST","NULL","","NULL",35,25,40.19786,-74.72808,"No","","361",428414.613588,497070.600062,NA,"DVRPC",0,"Pain",10040076
3441144,"2010110310-0893","10-0893",2010,"MERCER","Hamilton Twp (Mercer Co)","2010-01-08","Friday","January","07:16:00",1,"HAMILTON TWP PD (MERCER)","",0,0,0,0,0,"Property Damage","Not At Intersection","No","No","Opposite Direction - Head On/Angular",2,"KLOCKNER RD","NULL",NA,"","11031976",2.64,"Municipal","Curve and Level","Blacktop","Icy","Daylight","Clear","None","None",50,"Foot","West","ESTATES BLVD.","NULL","","NULL",40,25,40.22679,-74.69276,"No","","298",438304.501866,507584.034788,NA,"DVRPC",0,"PDO",10008158
3441145,"2010110310-08963","10-08963",2010,"MERCER","Hamilton Twp (Mercer Co)","2010-03-03","Wednesday","March","11:04:00",1,"HAMILTON TWP PD (MERCER)","",0,0,0,0,0,"Property Damage","Not At Intersection","No","No","Same Direction - Rear End",2,"KLOCKNER RD","NULL",NA,"","11031976",0,"Municipal","Straight and Level","Blacktop","Dry","Daylight","Clear","None","None",10,"Foot","South","SLOAN AVE","NULL","","NULL",25,45,40.2524,-74.70559,"No","","361",434742.48,516922.98,NA,"DVRPC",0,"PDO",10051360
3441150,"2010110310-0948","10-0948",2010,"MERCER","Hamilton Twp (Mercer Co)","2010-01-08","Friday","January","09:08:00",1,"HAMILTON TWP PD (MERCER)","",0,0,0,0,0,"Property Damage","Not At Intersection","No","No","Same Direction - Rear End",2,"KLOCKNER RD","NULL",NA,"","11031976",2.63,"Municipal","Curve and Level","Blacktop","Icy","Daylight","Clear","None","None",50,"Foot","West","ESTATES BLVD.","NULL","","NULL",40,25,40.22684,-74.69291,"No","","298",438261.42,507602.26,NA,"DVRPC",0,"PDO",10007767
3441155,"2010110310-10115","10-10115",2010,"MERCER","Hamilton Twp (Mercer Co)","2010-03-11","Thursday","March","14:07:00",1,"HAMILTON TWP PD (MERCER)","",0,0,0,0,0,"Property Damage","At Intersection","No","No","Pedalcyclist",1,"NJ 33","NULL",33,"","00000033",1.64,"State Highway","Straight and Level","Blacktop","Dry","Daylight","Clear","None","None",NA,"At","NULL","CONNECTICUT AVE","NULL","","NULL",35,25,40.2271,-74.73073,"No","","387",427703.929688,507725.248002,NA,"DVRPC",0,"PDO",10049552
3441156,"2010110310-10147","10-10147",2010,"MERCER","Hamilton Twp (Mercer Co)","2010-03-11","Thursday","March","17:18:00",1,"HAMILTON TWP PD (MERCER)","",0,0,1,0,0,"Injury","Not At Intersection","No","No","Pedalcyclist",1,"NJ 33","East",33,"","00000033",5.5,"State Highway","Straight and Level","Blacktop","Dry","Daylight","Clear","Painted Median","None",10,"Foot","East","YARDVILLE-HAMILTON SQUARE RD","NULL","","NULL",35,35,40.22715,-74.66138,"No","","384",447065.43,507699.495,NA,"DVRPC",0,"Moderate Injury",10049551
3441157,"2010110310-10148","10-10148",2010,"MERCER","Hamilton Twp (Mercer Co)","2010-03-11","Thursday","March","17:26:00",1,"HAMILTON TWP PD (MERCER)","",0,0,0,0,0,"Property Damage","Not At Intersection","No","No","Same Direction - Rear End",3,"ROUTE 533","South",533,"","00000533",3.9,"County","Straight and Level","Blacktop","Dry","Dusk","Clear","None","None",150,"Foot","North","NEW ST","NULL","","NULL",35,25,40.24214,-74.68771,"No","","395",439724.83,513174.2,NA,"DVRPC",0,"PDO",10045032
3441158,"2010110310-10212","10-10212",2010,"MERCER","Hamilton Twp (Mercer Co)","2010-03-12","Friday","March","07:21:00",1,"HAMILTON TWP PD (MERCER)","",0,0,0,0,0,"Property Damage","Not At Intersection","No","No","Same Direction - Side Swipe",2,"NJ 33","NULL",33,"","00000033",4.07,"State Highway","Straight and Level","Blacktop","Wet","Daylight","Rain","None","None",25,"Foot","East","ROUTE 533 / WHITEHORSE MERCERVILLE","NULL","","NULL",40,35,40.23351,-74.68717,"No","","364",439869.16155,510028.297564,NA,"DVRPC",0,"PDO",10053465
3441159,"2010110310-10224","10-10224",2010,"MERCER","Hamilton Twp (Mercer Co)","2010-03-12","Friday","March","08:42:00",1,"HAMILTON TWP PD (MERCER)","",0,0,0,0,0,"Property Damage","At Intersection","No","No","Same Direction - Rear End",2,"SWEETBRIAR AVE","NULL",NA,"","11031995",0.91,"Municipal","Straight and Level","Blacktop","Wet","Daylight","Rain","Curbed Median","None",NA,"At","NULL","CR 616","NULL","","NULL",40,35,40.24728,-74.72653,"No","","364",NA,NA,NA,"DVRPC",0,"PDO",10053455
3441160,"2010110310-10249","10-10249",2010,"MERCER","Hamilton Twp (Mercer Co)","2010-03-12","Friday","March","11:38:00",1,"HAMILTON TWP PD (MERCER)","",0,0,0,0,0,"Property Damage","Not At Intersection","No","No","Right Angle",2,"ROUTE 524","NULL",524,"","00000524",2.1,"County","Straight and Level","Blacktop","Wet","Daylight","Rain","None","None",50,"Foot","East","NJ 156","NULL","","NULL",40,35,40.17883,-74.66905,"No","","302",444891.694486,490103.173517,NA,"DVRPC",0,"PDO",10048874
3441161,"2010110310-1025","10-1025",2010,"MERCER","Hamilton Twp (Mercer Co)","2010-01-09","Saturday","January","17:32:00",1,"HAMILTON TWP PD (MERCER)","",0,0,1,0,1,"Injury","Not At Intersection","No","No","Pedestrian",1,"NJ 33","NULL",33,"","00000033",2.05,"State Highway","Straight and Level","Blacktop","Dry","Dark (Street Lights On/ continuous)","Clear","None","None",200,"Foot","East","DICKINSON AVE","NULL","","NULL",35,25,40.23022,-74.72412,"No","","381",429552.352828,508856.053599,NA,"DVRPC",1,"Moderate Injury",10018423
3441167,"2010110310-10320","10-10320",2010,"MERCER","Hamilton Twp (Mercer Co)","2010-03-12","Friday","March","20:39:00",1,"HAMILTON TWP PD (MERCER)","",0,0,0,0,0,"Property Damage","Not At Intersection","No","No","Struck Parked Vehicle",2,"GEORGE DYE RD","NULL",NA,"","11031989",0.15,"Municipal","Straight and Level","Blacktop","Wet","Dark (Street Lights On/ continuous)","Rain","None","None",50,"Foot","North","HOFFMAN DR","NULL","","NULL",25,25,40.2103,-74.65263,"No","","322",449496.877157,501558.249314,NA,"DVRPC",0,"PDO",10049547
3441169,"2010110310-10405","10-10405",2010,"MERCER","Hamilton Twp (Mercer Co)","2010-03-13","Saturday","March","11:02:00",1,"HAMILTON TWP PD (MERCER)","",0,0,0,0,0,"Property Damage","Not At Intersection","No","No","Struck Parked Vehicle",3,"S CLINTON AVE","West",NA,"","11031969",1.49,"Municipal","Straight and Level","Blacktop","Wet","Daylight","Rain","None","None",100,"Foot","East","LIDA ST.","NULL","","NULL",35,25,40.1999,-74.7289,"No","","384",428188.291325,497815.943312,NA,"DVRPC",0,"PDO",10049546
3441171,"2010110310-10452","10-10452",2010,"MERCER","Hamilton Twp (Mercer Co)","2010-03-13","Saturday","March","15:16:00",1,"HAMILTON TWP PD (MERCER)","",0,0,1,0,0,"Injury","Not At Intersection","No","No","Same Direction - Rear End",3,"YARDVILLE-HAMILTON SQ RD","North",NA,"","11031990",3.07,"Municipal","Straight and Level","Blacktop","Wet","Daylight","Rain","None","None",300,"Foot","North","ESTATES BLVD.","NULL","","NULL",40,25,40.22124,-74.66169,"No","","402",446976.19,505546.83,NA,"DVRPC",0,"Pain",10049545
3441172,"2010110310-10516","10-10516",2010,"MERCER","Hamilton Twp (Mercer Co)","2010-03-13","Saturday","March","17:31:00",1,"HAMILTON TWP PD (MERCER)","",0,0,0,0,0,"Property Damage","At Intersection","No","No","Same Direction - Side Swipe",2,"MERCER COUNTY 618","East",618,"","11000618",0.35,"County","Straight and Level","Blacktop","Wet","Dark (Street LIghts On/ spot)","Rain","None","None",NA,"At","South","HOOVER AVE.","NULL","","NULL",35,25,40.23501,-74.68176,"No","MAILBOX AT RESIDENCE 2887 NOTTINGHAM WAY","437",441380.052039,510572.304492,NA,"DVRPC",0,"PDO",10051362
3441174,"2010110310-10564","10-10564",2010,"MERCER","Hamilton Twp (Mercer Co)","2010-03-13","Saturday","March","20:48:00",1,"HAMILTON TWP PD (MERCER)","HAMILTON",0,0,1,0,0,"Injury","Not At Intersection","No","No","Same Direction - Side Swipe",2,"NJ 33","East",33,"","00000033",3.74,"State Highway","Straight and Level","Concrete","Wet","Dark (Street Lights On/ continuous)","Rain","None","None",50,"Foot","West","WINSLOW AVE","NULL","","NULL",40,25,40.2349,-74.6931,"No","NONE","423",438215.95,510538.08,NA,"DVRPC",0,"Pain",10045030
3441176,"2010110310-10593","10-10593",2010,"MERCER","Hamilton Twp (Mercer Co)","2010-03-14","Sunday","March","01:51:00",1,"HAMILTON TWP PD (MERCER)","",0,0,0,0,0,"Property Damage","At Intersection","No","No","Opposite Direction - Head On/Angular",2,"YARDVILLE-HAMILTON SQ RD","North",NA,"","11031990",1.84,"Municipal","Straight and Grade","Blacktop","Wet","Dark (Street Lights On/ continuous)","Rain","None","Construction Zone",NA,"At","NULL","KUSER RD","NULL","","NULL",45,25,40.20406,-74.66196,"No","","441",446888.138786,499287.18267,NA,"DVRPC",0,"PDO",10045029
3441180,"2010110310-10774","10-10774",2010,"MERCER","Hamilton Twp (Mercer Co)","2010-03-15","Monday","March","07:55:00",1,"HAMILTON TWP PD (MERCER)","",0,0,1,0,0,"Injury","Not At Intersection","No","No","Right Angle",2,"NJ 33","East",33,"","00000033",5.49,"State Highway","Straight and Level","Blacktop","Wet","Daylight","Rain","None","None",50,"Foot","West","YARDVILLE-HAMILTON SQUARE RD","NULL","","NULL",NA,NA,40.22719,-74.66156,"No","","468",447016.187007,507715.398951,NA,"DVRPC",0,"Pain",10048871
3441183,"2010110310-10846","10-10846",2010,"MERCER","Hamilton Twp (Mercer Co)","2010-03-15","Monday","March","15:12:00",1,"HAMILTON TWP PD (MERCER)","",0,0,1,0,0,"Injury","Not At Intersection","No","No","Backing",2,"ROUTE 533","NULL",533,"","00000533",6,"County","Straight and Level","Blacktop","Wet","Daylight","Rain","None","None",NA,"NULL","NULL","","NULL","","NULL",35,NA,40.26965,-74.6717,"No","","396",444215.135455,523185.444545,NA,"DVRPC",0,"Pain",10049542
3441184,"2010110310-10850","10-10850",2010,"MERCER","Hamilton Twp (Mercer Co)","2010-03-15","Monday","March","15:56:00",1,"HAMILTON TWP PD (MERCER)","",0,0,3,0,0,"Injury","Not At Intersection","No","No","Right Angle",2,"NJ 33","East",33,"","00000033",2.93,"State Highway","Straight and Level","Blacktop","Wet","Daylight","Rain","None","None",500,"Foot","East","KLOCKNER RD","NULL","","NULL",40,35,40.2331,-74.70823,"No","","407",433990.589853,509892.976401,NA,"DVRPC",0,"Pain",10049541
3441185,"2010110310-10855","10-10855",2010,"MERCER","Hamilton Twp (Mercer Co)","2010-03-15","Monday","March","16:15:00",1,"HAMILTON TWP PD (MERCER)","HAMILTON",0,0,0,0,0,"Property Damage","At Intersection","No","No","Opposite Direction - Head On/Angular",2,"ROUTE 533","NULL",533,"","00000533",2.7,"County","Straight at Hillcrest","Blacktop","Wet","Dusk","Rain","None","None",NA,"At","NULL","KLOCKNER RD","NULL","","NULL",45,40,40.22493,-74.68709,"No","","424",439885.226951,506903.84795,NA,"DVRPC",0,"PDO",10048869
3441188,"2010110310-10913","10-10913",2010,"MERCER","Hamilton Twp (Mercer Co)","2010-03-16","Tuesday","March","01:00:00",1,"HAMILTON TWP PD (MERCER)","",0,0,0,0,0,"Property Damage","Not At Intersection","No","No","Fixed Object",1,"YARDVILLE-HAMILTON SQ RD","North",NA,"","11031990",0.79,"Municipal","Straight and Level","Blacktop","Wet","Dark (Street Lights On/ continuous)","Rain","Painted Median","None",100,"Foot","South","MELODY CT.","NULL","","NULL",40,25,40.18944,-74.66616,"No","","440",445704.258503,493965.385487,NA,"DVRPC",0,"PDO",10048866
3441191,"2010110310-11019","10-11019",2010,"MERCER","Hamilton Twp (Mercer Co)","2010-03-16","Tuesday","March","15:33:00",1,"HAMILTON TWP PD (MERCER)","",0,0,0,0,0,"Property Damage","Not At Intersection","No","No","Right Angle",2,"NJ 33","NULL",33,"","00000033",4.81,"State Highway","Straight and Level","Blacktop","Dry","Daylight","Clear","None","None",250,"Foot","East","DEERWOOD DR","NULL","","NULL",40,25,40.2302,-74.67384,"No","","381",443589.25322,508815.151148,NA,"DVRPC",0,"PDO",10056151
3441192,"2010110310-11023","10-11023",2010,"MERCER","Hamilton Twp (Mercer Co)","2010-03-16","Tuesday","March","15:47:00",1,"HAMILTON TWP PD (MERCER)","",0,0,0,0,0,"Property Damage","Not At Intersection","No","No","Same Direction - Rear End",2,"I-195","East",195,"","00000195",1.8,"Interstate","Curve and Grade","Blacktop","Dry","Daylight","Clear","Barrier Median","None",50,"Foot","NULL","","From","S. BROAD ST.","South Bound",65,NA,40.18902,-74.68941,"No","","418",439210.453809,493824.603342,NA,"DVRPC",0,"PDO",10049540
3441195,"2010110310-11123","10-11123",2010,"MERCER","Hamilton Twp (Mercer Co)","2010-03-17","Wednesday","March","07:45:00",1,"HAMILTON TWP PD (MERCER)","",0,0,1,0,0,"Injury","Not At Intersection","No","No","Same Direction - Rear End",2,"ROUTE 533","South",533,"","00000533",5.57,"County","Straight and Level","Blacktop","Dry","Daylight","Clear","None","None",50,"Foot","North","YOUNGS RD","NULL","","NULL",40,25,40.26396,-74.6749,"No","","322",443318.432489,521113.551531,NA,"DVRPC",0,"Pain",10051395
3441197,"2010110310-11187","10-11187",2010,"MERCER","Hamilton Twp (Mercer Co)","2010-03-17","Wednesday","March","14:49:00",1,"HAMILTON TWP PD (MERCER)","",0,0,0,0,0,"Property Damage","Not At Intersection","No","No","Same Direction - Rear End",2,"YARDVILLE-HAMILTON SQ RD","NULL",NA,"","11031990",1.88,"Municipal","Straight and Level","Blacktop","Dry","Daylight","Clear","None","None",200,"Foot","North","KUSER RD","NULL","","NULL",45,35,40.20461,-74.66184,"No","","302",446923.35,499487.11,NA,"DVRPC",0,"PDO",10052390
3441199,"2010110310-11200","10-11200",2010,"MERCER","Hamilton Twp (Mercer Co)","2010-03-17","Wednesday","March","15:48:00",1,"HAMILTON TWP PD (MERCER)","",0,0,1,0,0,"Injury","At Intersection","No","No","Opposite Direction - Head On/Angular",2,"SWEETBRIAR AVE","NULL",NA,"","11031995",0.39,"Municipal","Straight and Level","Blacktop","Dry","Daylight","Clear","None","None",NA,"At","NULL","RUTGERS AVE.","NULL","","NULL",40,25,40.24945,-74.71699,"Yes","","364",NA,NA,NA,"DVRPC",0,"Moderate Injury",10053452
3441200,"2010110310-11218","10-11218",2010,"MERCER","Hamilton Twp (Mercer Co)","2010-03-17","Wednesday","March","17:14:00",1,"HAMILTON TWP PD (MERCER)","",0,0,0,0,0,"Property Damage","Not At Intersection","No","No","Right Angle",2,"MAIN ST","NULL",NA,"","11031998",0.09,"Municipal","Straight and Level","Blacktop","Dry","Daylight","Clear","None","NULL",300,"Foot","South","ALLEN ST.","NULL","","NULL",25,25,40.16757,-74.67596,"No","","298",442951.034297,486005.260014,NA,"DVRPC",0,"PDO",10050919
3441203,"2010110310-1128","10-1128",2010,"MERCER","Hamilton Twp (Mercer Co)","2010-01-09","Saturday","January","12:31:00",1,"HAMILTON TWP PD (MERCER)","",0,0,0,0,0,"Property Damage","At Intersection","No","No","Right Angle",2,"NJ 33","East",33,"","00000033",3.53,"State Highway","Straight and Level","Blacktop","Dry","Daylight","Clear","None","None",NA,"At","NULL","GRAYSON AVE","NULL","","NULL",40,25,40.23404,-74.69692,"No","","418",437147.361415,510229.678685,NA,"DVRPC",0,"PDO",10007754
3441204,"2010110310-11289","10-11289",2010,"MERCER","Hamilton Twp (Mercer Co)","2010-03-18","Thursday","March","06:41:00",1,"HAMILTON TWP PD (MERCER)","",0,0,0,0,0,"Property Damage","Not At Intersection","No","No","Same Direction - Rear End",2,"KLOCKNER RD","North",NA,"","11031976",1.97,"Municipal","Straight and Level","Blacktop","Dry","Daylight","Clear","None","None",750,"Foot","North","CR 606","NULL","","NULL",25,25,40.22788,-74.70523,"No","","441",434823.605123,507989.929902,NA,"DVRPC",0,"PDO",10052388
3441206,"2010110310-11320","10-11320",2010,"MERCER","Hamilton Twp (Mercer Co)","2010-03-18","Thursday","March","11:09:00",1,"HAMILTON TWP PD (MERCER)","",0,0,0,0,0,"Property Damage","At Intersection","No","No","Same Direction - Side Swipe",2,"ROUTE 533","South",533,"","00000533",2.7,"County","Straight and Level","Blacktop","Dry","Daylight","Clear","None","None",NA,"At","NULL","KLOCKNER RD","NULL","","NULL",45,35,40.22493,-74.68709,"No","NONE","302",439885.226951,506903.84795,NA,"DVRPC",0,"PDO",10052386
3441208,"2010110310-11386","10-11386",2010,"MERCER","Hamilton Twp (Mercer Co)","2010-03-18","Thursday","March","18:26:00",1,"HAMILTON TWP PD (MERCER)","",0,0,0,0,0,"Property Damage","Not At Intersection","No","No","Same Direction - Side Swipe",2,"ROUTE 533","NULL",533,"","00000533",4.45,"County","Straight and Grade","Blacktop","Dry","Daylight","Clear","None","None",300,"Foot","North","FLOCK RD / SLOANE AVE","NULL","","NULL",40,45,40.24962,-74.68461,"No","","364",440596.711662,515898.090036,NA,"DVRPC",0,"PDO",10053451
3441209,"2010110310-11408","10-11408",2010,"MERCER","Hamilton Twp (Mercer Co)","2010-03-18","Thursday","March","20:31:00",1,"HAMILTON TWP PD (MERCER)","",0,0,0,0,0,"Property Damage","At Intersection","No","No","Right Angle",2,"MERCER COUNTY 620","East",620,"","11000620",0.8,"County","Straight and Level","Blacktop","Dry","Dark (Street LIghts On/ spot)","Clear","None","None",NA,"At","NULL","CR 533","NULL","","NULL",40,35,40.19414,-74.70205,"No","SIDE LAWN OF 273 WHITEHORSE AVE","418",435682.975445,495697.915024,NA,"DVRPC",0,"PDO",10052383
3441210,"2010110310-1142","10-1142",2010,"MERCER","Hamilton Twp (Mercer Co)","2010-01-09","Saturday","January","14:25:00",1,"HAMILTON TWP PD (MERCER)","",0,0,1,0,0,"Injury","At Intersection","No","No","Right Angle",2,"FLOCK RD","NULL",NA,"","11031986",1.11,"Municipal","Straight and Level","Blacktop","Dry","Daylight","Clear","None","None",NA,"At","NULL","DOUGLAS AVE","NULL","","NULL",45,25,40.24968,-74.68791,"No","","428",439626.36,515938.2,NA,"DVRPC",0,"Pain",10007752
3441211,"2010110310-11479","10-11479",2010,"MERCER","Hamilton Twp (Mercer Co)","2010-03-19","Friday","March","10:00:00",1,"HAMILTON TWP PD (MERCER)","",0,0,0,0,0,"Property Damage","Not At Intersection","No","No","Same Direction - Rear End",2,"ROUTE 533","North",533,"","00000533",5.59,"County","Straight and Level","Blacktop","Dry","Daylight","Clear","None","None",150,"Foot","North","YOUNGS RD","NULL","","NULL",40,35,40.26422,-74.67475,"No","","384",443358.770546,521208.708583,NA,"DVRPC",0,"PDO",10053454
3441212,"2010110310-11486","10-11486",2010,"MERCER","Hamilton Twp (Mercer Co)","2010-03-19","Friday","March","11:38:00",1,"HAMILTON TWP PD (MERCER)","",0,0,0,0,0,"Property Damage","Not At Intersection","No","No","Same Direction - Rear End",2,"MERCER COUNTY 620","West",620,"","11000620",0.18,"County","Straight and Level","Blacktop","Dry","Daylight","Clear","None","None",50,"Foot","East","COPPERFIELD DR","NULL","","NULL",40,25,40.1896,-74.69276,"No","","407",438274.364266,494036.804317,NA,"DVRPC",0,"PDO",10053464
3441213,"2010110310-11544","10-11544",2010,"MERCER","Hamilton Twp (Mercer Co)","2010-03-19","Friday","March","17:12:00",1,"HAMILTON TWP PD (MERCER)","",0,0,0,0,0,"Property Damage","Not At Intersection","No","No","Same Direction - Rear End",2,"KLOCKNER RD","East",NA,"","11031976",4.42,"Municipal","Straight and Level","Blacktop","Dry","Daylight","Clear","None","None",700,"Foot","West","YARDVILLE HAMILTON SQ RD","NULL","","NULL",40,45,40.21519,-74.66287,"No","","418",446640.73,503343.01,NA,"DVRPC",0,"PDO",10052382
3441214,"2010110310-11547","10-11547",2010,"MERCER","Hamilton Twp (Mercer Co)","2010-03-19","Friday","March","17:17:00",1,"HAMILTON TWP PD (MERCER)","",0,0,1,0,0,"Injury","Not At Intersection","No","No","Same Direction - Side Swipe",2,"US 206","North",206,"","00000206",38.71,"State Highway","Straight and Level","Blacktop","Dry","Daylight","Clear","Curbed Median","None",20,"Foot","North","I- 195","NULL","","NULL",45,35,40.18558,-74.70471,"No","","438",434931.604404,492582.879249,NA,"DVRPC",0,"Pain",10052380
3441215,"2010110310-11550","10-11550",2010,"MERCER","Hamilton Twp (Mercer Co)","2010-03-19","Friday","March","17:44:00",1,"HAMILTON TWP PD (MERCER)","",0,0,0,0,0,"Property Damage","At Intersection","No","No","Same Direction - Side Swipe",2,"HUGHES DR","NULL",NA,"","11031978",1.83,"Municipal","Straight and Level","Blacktop","Dry","Daylight","Clear","None","None",NA,"At","NULL","PAXSON AVE.","NULL","","NULL",35,25,40.25937,-74.6655,"No","","347",445936.38,519436.83,NA,"DVRPC",0,"PDO",10052379
3441225,"2010110310-11705","10-11705",2010,"MERCER","Hamilton Twp (Mercer Co)","2010-03-20","Saturday","March","17:58:00",1,"HAMILTON TWP PD (MERCER)","",0,0,1,0,0,"Injury","Not At Intersection","No","No","Fixed Object",2,"KLOCKNER RD","North",NA,"","11031976",0,"Municipal","Straight and Level","Blacktop","Dry","Daylight","Clear","None","None",100,"Foot","South","KUSER RD","NULL","","NULL",45,35,40.2524,-74.70559,"No","UTILITY POLE # 74329 HM","418",434742.48,516922.98,NA,"DVRPC",0,"Moderate Injury",10050918
3441228,"2010110310-11842","10-11842",2010,"MERCER","Hamilton Twp (Mercer Co)","2010-03-21","Sunday","March","14:35:00",1,"HAMILTON TWP PD (MERCER)","",0,0,0,0,0,"Property Damage","Not At Intersection","No","No","Same Direction - Rear End",3,"US 130","North",130,"","00000130",60.47,"State Highway","Straight and Level","Blacktop","Dry","Daylight","Clear","Grass Median","None",150,"Foot","South","CRSWKS-HMLT SQ RD / KLOCKNER RD","NULL","","NULL",55,25,40.19182,-74.64802,"No","","419",450774.425547,494822.797555,NA,"DVRPC",0,"PDO",10052371
3441230,"2010110310-11854","10-11854",2010,"MERCER","Hamilton Twp (Mercer Co)","2010-03-21","Sunday","March","15:53:00",1,"HAMILTON TWP PD (MERCER)","",0,0,0,0,0,"Property Damage","Not At Intersection","No","No","Same Direction - Rear End",2,"US 130","North",130,"","00000130",60.48,"State Highway","Straight and Level","Blacktop","Dry","Daylight","Clear","Grass Median","None",100,"Foot","South","CRSWKS-HMLT SQ RD / KLOCKNER RD","NULL","","NULL",55,35,40.19191,-74.64787,"No","","448",450815.916509,494854.796194,NA,"DVRPC",0,"PDO",10052370
3441232,"2010110310-12003","10-12003",2010,"MERCER","Hamilton Twp (Mercer Co)","2010-03-22","Monday","March","16:17:00",1,"HAMILTON TWP PD (MERCER)","",0,0,0,0,0,"Property Damage","Not At Intersection","No","No","Same Direction - Rear End",2,"ROUTE 524","South",524,"","00000524",0.9,"County","Curve and Level","Blacktop","Dry","Daylight","Rain","Curbed Median","None",200,"Foot","North","LAKESIDE BLVD","NULL","","NULL",35,25,40.18709,-74.68832,"No","","418",439513.16,493120.15,NA,"DVRPC",0,"PDO",10050917
3441235,"2010110310-12068","10-12068",2010,"MERCER","Hamilton Twp (Mercer Co)","2010-03-23","Tuesday","March","07:27:00",1,"HAMILTON TWP PD (MERCER)","",0,0,1,0,0,"Injury","At Intersection","No","No","Encroachment",2,"ROUTE 533","NULL",533,"","00000533",5.06,"County","Straight and Level","Blacktop","Wet","Daylight","Overcast","None","None",NA,"At","NULL","NAMI LA","NULL","","NULL",40,25,40.25734,-74.67908,"No","","364",442146.267251,518705.869297,NA,"DVRPC",0,"Pain",10053449
3441239,"2010110310-12117","10-12117",2010,"MERCER","Hamilton Twp (Mercer Co)","2010-03-23","Tuesday","March","15:04:00",1,"HAMILTON TWP PD (MERCER)","",0,0,0,0,0,"Property Damage","At Intersection","No","No","Right Angle",2,"ROUTE 533","NULL",533,"","00000533",4.3,"County","Straight and Level","Blacktop","Dry","Daylight","Clear","None","None",NA,"At","NULL","BROOKWOOD RD","NULL","","NULL",40,25,40.24778,-74.68607,"No","","322",440189.152464,515226.802861,NA,"DVRPC",0,"PDO",10053462
3441241,"2010110310-12143","10-12143",2010,"MERCER","Hamilton Twp (Mercer Co)","2010-03-23","Tuesday","March","17:25:00",1,"HAMILTON TWP PD (MERCER)","",0,0,0,0,0,"Property Damage","At Intersection","No","No","Right Angle",2,"NJ 33","NULL",33,"","00000033",1.64,"State Highway","Straight and Level","Blacktop","Wet","Daylight","Rain","None","None",NA,"At","NULL","CONNECTICUT AVE","NULL","","NULL",35,25,40.2271,-74.73073,"No","","322",427703.929688,507725.248002,NA,"DVRPC",0,"PDO",10053461