"ID","DOT_WEB_ID","CASE_NUMBER","CRASH_YEAR","COUNTY","MUNICIPALITY","CRASH_DATE","CRASH_DAY_OF_WEEK","CRASH_MONTH","CRASH_TIME","POLICE_DEPT_CODE","POLICE_DEPARTMENT","POLICE_STATION","TOTAL_KILLED","TOTAL_INCAPACITATED","TOTAL_INJURED","PEDESTRIANS_KILLED","PEDESTRIANS_INJURED","SEVERITY","INTERSECTION","ALCOHOL_INVOLVED","HAZMAT_INVOLVED","CRASH_TYPE","TOTAL_VEHICLES_INVOLVED","CRASH_LOCATION","LOCATION_DIRECTION","ROUTE","ROUTE_SUFFIX","SRI","MILEPOST","ROAD_SYSTEM","ROAD_CHARACTER","ROAD_SURFACE_TYPE","SURFACE_CONDITION","LIGHT_CONDITION","ENVIRONMENTAL_CONDITION","ROAD_DIVIDED_BY","TEMP_TRAFFIC_CONTROL_ZONE","DISTANCE_TO_CROSS_STREET","UNIT_OF_MEASUREMENT","DIRECTION_FROM_CROSS_STREET","CROSS_STREET_NAME","IS_RAMP","RAMP_TO_FROM_ROUTE_NAME","RAMP_TO_FROM_ROUTE_DIRECTION","POSTED_SPEED","POSTED_SPEED_CROSS_STREET","LATITUDE","LONGITUDE","CELL_PHONE_IN_USE","OTHER_PROPERTY_DAMAGE","REPORTING_BADGE_NO","X","Y","CRASH_NARRATIVE","MPO","TOTAL_PEDESTRIANS_INVOLVED","EPDO","DLN"
3441242,"2010110310-12146","10-12146",2010,"MERCER","Hamilton Twp (Mercer Co)","2010-03-23","Tuesday","March","17:35:00",1,"HAMILTON TWP PD (MERCER)","",0,0,0,0,0,"Property Damage","At Intersection","No","No","Left Turn / U Turn",2,"ROUTE 533","North",533,"","00000533",4.39,"County","Straight and Level","Blacktop","Wet","Daylight","Rain","None","None",NA,"At","NULL","FLOCK RD / SLOANE AVE","NULL","","NULL",40,35,40.24884,-74.68516,"No","","402",440442.28,515613,NA,"DVRPC",0,"PDO",10053448
3441247,"2010110310-1224900","10-1224900",2010,"MERCER","Hamilton Twp (Mercer Co)","2010-03-25","Thursday","March","08:33:00",1,"HAMILTON TWP PD (MERCER)","",0,0,0,0,0,"Property Damage","Not At Intersection","No","No","Right Angle",2,"MERCER COUNTY 622","NULL",622,"","11000622",1.66,"County","Straight and Level","Blacktop","Dry","Daylight","Clear","None","None",100,"Foot","East","CEDAR LN","NULL","","NULL",35,35,40.21222,-74.72532,"No","NONE","381",429200.736029,502300.794308,NA,"DVRPC",0,"PDO",10061998
3441248,"2010110310-12251","10-12251",2010,"MERCER","Hamilton Twp (Mercer Co)","2010-03-24","Wednesday","March","10:34:00",1,"HAMILTON TWP PD (MERCER)","",0,0,0,0,0,"Property Damage","Not At Intersection","No","No","Animal",1,"US 130","North",130,"","00000130",61.41,"State Highway","Straight and Level","Blacktop","Dry","Daylight","Clear","Grass Median","None",200,"Foot","North","I- 195","NULL","","NULL",55,65,40.20172,-74.6359,"No","","418",454165.791355,498424.663008,NA,"DVRPC",0,"PDO",10053459
3441253,"2010110310-12323","10-12323",2010,"MERCER","Hamilton Twp (Mercer Co)","2010-03-24","Wednesday","March","17:22:00",1,"HAMILTON TWP PD (MERCER)","",0,0,0,0,0,"Property Damage","Not At Intersection","No","No","Same Direction - Rear End",2,"YARDVILLE-HAMILTON SQ RD","North",NA,"","11031990",3.48,"Municipal","Straight and Level","Blacktop","Dry","Daylight","Clear","None","None",10,"Foot","South","NJ 33","NULL","","NULL",35,40,40.22707,-74.66154,"No","","384",447022.140676,507668.178764,NA,"DVRPC",0,"PDO",10061997
3441255,"2010110310-12330","10-12330",2010,"MERCER","Hamilton Twp (Mercer Co)","2010-03-24","Wednesday","March","18:00:00",1,"HAMILTON TWP PD (MERCER)","",0,0,2,0,0,"Injury","Not At Intersection","No","No","Right Angle",2,"ROUTE 533","North",533,"","00000533",4.91,"County","Straight and Level","Blacktop","Dry","Daylight","Clear","None","None",400,"Foot","North","COONEY AVE","NULL","","NULL",40,25,40.25543,-74.68042,"No","","384",441771.703769,518009.494471,NA,"DVRPC",0,"Moderate Injury",10061996
3441256,"2010110310-12342","10-12342",2010,"MERCER","Hamilton Twp (Mercer Co)","2010-03-24","Wednesday","March","19:41:00",1,"HAMILTON TWP PD (MERCER)","",0,0,0,0,0,"Property Damage","At Intersection","No","No","Right Angle",2,"ROUTE 533","East",533,"","00000533",2.7,"County","Straight and Level","Blacktop","Dry","Dark (Street Lights On/ continuous)","Clear","None","None",NA,"At","NULL","KLOCKNER RD","NULL","","NULL",35,35,40.22493,-74.68709,"No","","938",439885.226951,506903.84795,NA,"DVRPC",0,"PDO",10055811
3441257,"2010110310-12372","10-12372",2010,"MERCER","Hamilton Twp (Mercer Co)","2010-03-25","Thursday","March","02:31:00",1,"HAMILTON TWP PD (MERCER)","",0,0,0,0,0,"Property Damage","At Intersection","No","No","Fixed Object",1,"KUSER RD","East",NA,"","11031985",1.91,"Municipal","Straight and Level","Blacktop","Dry","Dark (Street Lights On/ continuous)","Clear","Painted Median","Construction Zone",NA,"At","NULL","YARDVILLE-HAMILTON SQUARE RD","NULL","","NULL",40,40,40.20445,-74.66168,"Yes","","440",446965.661405,499431.949971,NA,"DVRPC",0,"PDO",10053457
3441258,"2010110310-12417","10-12417",2010,"MERCER","Hamilton Twp (Mercer Co)","2010-03-25","Thursday","March","10:14:00",1,"HAMILTON TWP PD (MERCER)","",0,0,1,0,0,"Injury","Not At Intersection","No","No","Struck Parked Vehicle",2,"ROUTE 524","NULL",524,"","00000524",0.08,"County","Straight and Level","Blacktop","Dry","Daylight","Clear","None","None",400,"Foot","West","LACY AVE / PEBBLE CREEK DR","NULL","","NULL",35,25,40.18825,-74.70348,"No","","302",435278.290801,493553.881892,NA,"DVRPC",0,"Pain",10055810
3441259,"2010110310-12421","10-12421",2010,"MERCER","Hamilton Twp (Mercer Co)","2010-03-25","Thursday","March","10:33:00",1,"HAMILTON TWP PD (MERCER)","",0,0,0,0,0,"Property Damage","Not At Intersection","No","No","Same Direction - Side Swipe",2,"HAMILTON SQUARE-WHITEHORSE RD","NULL",NA,"","11031988",0.19,"Municipal","Straight and Grade","Blacktop","Dry","Daylight","Overcast","None","None",50,"Foot","South","NJ 33","NULL","","NULL",40,NA,40.22807,-74.6644,"No","","364",446221.677546,508035.023241,NA,"DVRPC",0,"PDO",10061999
3441260,"2010110310-12422","10-12422",2010,"MERCER","Hamilton Twp (Mercer Co)","2010-03-25","Thursday","March","10:34:00",1,"HAMILTON TWP PD (MERCER)","",0,0,0,0,0,"Property Damage","Not At Intersection","No","No","Same Direction - Rear End",3,"ROUTE 533","North",533,"","00000533",2.69,"County","Straight and Level","Blacktop","Dry","Daylight","Clear","Curbed Median","None",40,"Foot","South","KLOCKNER RD","NULL","","NULL",35,35,40.22479,-74.68711,"No","","330",439879.78,506853.89,NA,"DVRPC",0,"PDO",10062324
3441261,"2010110310-12447","10-12447",2010,"MERCER","Hamilton Twp (Mercer Co)","2010-03-25","Thursday","March","12:40:00",1,"HAMILTON TWP PD (MERCER)","",0,0,0,0,0,"Property Damage","Not At Intersection","No","No","Same Direction - Rear End",2,"HAMILTON SQUARE-WHITEHORSE RD","NULL",NA,"","11031988",0.98,"Municipal","Straight and Grade","Blacktop","Dry","Daylight","Overcast","None","None",100,"Foot","North","KLOCKNER RD.","NULL","","NULL",40,35,40.21886,-74.67334,"No","","364",443719.033183,504684.218446,NA,"DVRPC",0,"PDO",10062865
3441281,"2010110310-12829","10-12829",2010,"MERCER","Hamilton Twp (Mercer Co)","2010-03-27","Saturday","March","23:06:00",1,"HAMILTON TWP PD (MERCER)","",0,0,0,0,0,"Property Damage","At Intersection","No","No","Opposite Direction - Head On/Angular",2,"NJ 33","East",33,"","00000033",1.59,"State Highway","Straight and Level","Blacktop","Dry","Dark (Street Lights On/ continuous)","Clear","None","None",NA,"At","NULL","ATLANTIC AVE","NULL","","NULL",30,25,40.22673,-74.73153,"No","","442",427477.81624,507587.679161,NA,"DVRPC",0,"PDO",10062870
3441282,"2010110310-12881","10-12881",2010,"MERCER","Hamilton Twp (Mercer Co)","2010-03-28","Sunday","March","12:08:00",1,"HAMILTON TWP PD (MERCER)","",0,0,0,0,0,"Property Damage","Not At Intersection","No","No","Same Direction - Rear End",2,"NJ 33","NULL",33,"","00000033",2.84,"State Highway","Straight and Level","Blacktop","Wet","Daylight","Rain","None","None",10,"Foot","North","KLOCKNER RD","NULL","","NULL",35,25,40.23297,-74.70993,"No","","448",433514.87,509847.46,NA,"DVRPC",0,"PDO",10062836
3441283,"2010110310-12885","10-12885",2010,"MERCER","Hamilton Twp (Mercer Co)","2010-03-25","Thursday","March","12:55:00",1,"HAMILTON TWP PD (MERCER)","",0,0,0,0,0,"Property Damage","Not At Intersection","No","No","Same Direction - Side Swipe",2,"ROUTE 533","NULL",533,"","00000533",0.65,"County","Straight and Level","Blacktop","Wet","Daylight","Overcast","None","None",25,"Foot","NULL","HILTON AVE / WHITE HORSE-HAMILTON S","NULL","","NULL",35,35,40.19712,-74.70005,"No","","370",436243.54495,496783.87738,NA,"DVRPC",0,"PDO",10062329
3441285,"2010110310-12889","10-12889",2010,"MERCER","Hamilton Twp (Mercer Co)","2010-03-28","Sunday","March","13:24:00",1,"HAMILTON TWP PD (MERCER)","",0,0,2,0,0,"Injury","Not At Intersection","No","No","Fixed Object",1,"MERCER COUNTY 619","West",619,"","11000619",0.04,"County","Straight and Level","Blacktop","Wet","Daylight","Rain","None","None",200,"Foot","East","CR 533","NULL","","NULL",35,35,40.20756,-74.69526,"No","UTILITY POLE #11075 HM","437",437589.505004,500583.359998,NA,"DVRPC",0,"Moderate Injury",10062871
3441289,"2010110310-129","10-129",2010,"MERCER","Hamilton Twp (Mercer Co)","2010-07-16","Friday","July","18:55:00",1,"HAMILTON TWP PD (MERCER)","",0,0,0,0,0,"Property Damage","Not At Intersection","No","No","Fixed Object",1,"GEORGE DYE RD","South",NA,"","11031989",0.48,"Municipal","Curve and Grade","Blacktop","Dry","Daylight","Clear","None","None",100,"Foot","North","ESTATES BLVD.","NULL","","NULL",25,25,40.21463,-74.64995,"No","MAIL BOX & LAWN OF 318 GEORGE DYE RD.","414",450248.226985,503132.154949,NA,"DVRPC",0,"PDO",10152653
3441290,"2010110310-12908","10-12908",2010,"MERCER","Hamilton Twp (Mercer Co)","2010-03-28","Sunday","March","17:13:00",1,"HAMILTON TWP PD (MERCER)","",0,0,0,0,0,"Property Damage","At Intersection","No","No","Right Angle",3,"MERCER COUNTY 626","NULL",626,"","11000626",1.74,"County","Straight and Level","Blacktop","Dry","Daylight","Clear","None","None",NA,"At","NULL","SAMUEL ST.","NULL","","NULL",35,25,40.20223,-74.73168,"No","","460",427412.846622,498663.548891,NA,"DVRPC",0,"PDO",10062856
3441292,"2010110310-12933","10-12933",2010,"MERCER","Hamilton Twp (Mercer Co)","2010-03-28","Sunday","March","22:44:00",1,"HAMILTON TWP PD (MERCER)","",0,0,0,0,0,"Property Damage","Not At Intersection","No","No","Fixed Object",1,"MERCER COUNTY 618","NULL",618,"","11000618",2.81,"County","Curve and Level","Blacktop","Wet","Dark (Street Lights On/ continuous)","Rain","Curbed Median","None",20,"Foot","North","NJ 33","NULL","","NULL",40,45,40.22173,-74.63891,"No","GRASSY AREA BETWEEN NOTTINGHAM WAY & RT 33 SUSTAINED RUTS & TIRE MARKS","425",453335.26,505713.33,NA,"DVRPC",0,"PDO",10062858
3441295,"2010110310-13015","10-13015",2010,"MERCER","Hamilton Twp (Mercer Co)","2010-03-29","Monday","March","14:57:00",1,"HAMILTON TWP PD (MERCER)","",0,0,0,0,0,"Property Damage","At Intersection","No","No","Opposite Direction - Head On/Angular",2,"MERCER COUNTY 622","NULL",622,"","11000622",1.89,"County","Straight and Level","Blacktop","Wet","Daylight","Rain","None","None",NA,"At","NULL","REDFERN ST","NULL","","NULL",35,25,40.21488,-74.72797,"No","","370",428460.54,503268.9,NA,"DVRPC",0,"PDO",10064124
3441296,"2010110310-13022","10-13022",2010,"MERCER","Hamilton Twp (Mercer Co)","2010-03-29","Monday","March","15:38:00",1,"HAMILTON TWP PD (MERCER)","",0,0,1,0,0,"Injury","At Intersection","No","No","Right Angle",2,"US 130","South",130,"","00000130",61,"State Highway","Straight and Level","Blacktop","Wet","Daylight","Rain","Grass Median","None",NA,"At","NULL","HORIZON BLVD","NULL","","NULL",55,25,40.19708,-74.64076,"No","","405",452806.719629,496734.18257,NA,"DVRPC",0,"Pain",10062859
3441297,"2010110310-13028","10-13028",2010,"MERCER","Hamilton Twp (Mercer Co)","2010-03-29","Monday","March","16:11:00",1,"HAMILTON TWP PD (MERCER)","",0,0,0,0,0,"Property Damage","Not At Intersection","No","No","Fixed Object",1,"ROUTE 533","North",533,"","00000533",4.59,"County","Straight and Level","Blacktop","Wet","Daylight","Rain","None","None",200,"Foot","South","CLEARVIEW RD","NULL","","NULL",45,25,40.25141,-74.68337,"No","FIRE HYDRANT (IFO) 3366 QUAKERBRIDGE RD. LAWN OF 3366 QUAKERBRIDGE RD.","442",440945.019395,516546.144736,NA,"DVRPC",0,"PDO",10062860
3441307,"2010110310-13141","10-13141",2010,"MERCER","Hamilton Twp (Mercer Co)","2010-03-30","Tuesday","March","14:54:00",1,"HAMILTON TWP PD (MERCER)","",0,0,2,0,0,"Injury","Not At Intersection","No","No","Same Direction - Rear End",2,"ROUTE 533","South",533,"","00000533",3.24,"County","Straight and Level","Blacktop","Wet","Daylight","Rain","None","None",150,"Foot","South","EATON AVE","NULL","","NULL",40,25,40.2327,-74.68723,"No","","407",439852.44,509735.39505,NA,"DVRPC",0,"Pain",10062851
3441309,"2010110310-13147","10-13147",2010,"MERCER","Hamilton Twp (Mercer Co)","2010-03-30","Tuesday","March","15:20:00",1,"HAMILTON TWP PD (MERCER)","",0,0,0,0,0,"Property Damage","Not At Intersection","No","No","Same Direction - Rear End",3,"ROUTE 535","NULL",535,"","00000535",4.3,"County","Straight and Grade","Blacktop","Wet","Daylight","Rain","None","None",175,"Foot","East","MOUNT DR","NULL","","NULL",40,25,40.24413,-74.67485,"No","","364",443230.452812,513838.588096,NA,"DVRPC",0,"PDO",10062841
3441310,"2010110310-13151","10-13151",2010,"MERCER","Hamilton Twp (Mercer Co)","2010-03-30","Tuesday","March","16:17:00",1,"HAMILTON TWP PD (MERCER)","",0,0,0,0,0,"Property Damage","Not At Intersection","No","No","Same Direction - Side Swipe",2,"HAMILTON SQUARE-WHITEHORSE RD","NULL",NA,"","11031988",0.14,"Municipal","Straight and Level","Blacktop","Wet","Daylight","Rain","None","None",300,"Foot","South","NJ 33","NULL","","NULL",40,40,40.22866,-74.66384,"No","","364",446380.500613,508248.66169,NA,"DVRPC",0,"PDO",10062842
3441313,"2010110310-13173","10-13173",2010,"MERCER","Hamilton Twp (Mercer Co)","2010-03-30","Tuesday","March","19:04:00",1,"HAMILTON TWP PD (MERCER)","",0,0,0,0,0,"Property Damage","Not At Intersection","No","No","Same Direction - Side Swipe",2,"NJ 33","West",33,"","00000033",3.57,"State Highway","Straight and Level","Blacktop","Wet","Dusk","Rain","None","None",15,"Foot","East","CONCORD AVE","NULL","","NULL",40,25,40.23419,-74.69619,"No","","468",437350.786747,510283.727959,NA,"DVRPC",0,"PDO",10062845
3441316,"2010110310-13211","10-13211",2010,"MERCER","Hamilton Twp (Mercer Co)","2010-03-30","Tuesday","March","23:39:00",1,"HAMILTON TWP PD (MERCER)","",0,0,0,0,0,"Property Damage","Not At Intersection","No","No","Struck Parked Vehicle",2,"MERCER COUNTY 622","North",622,"","11000622",1.87,"County","Straight and Level","Blacktop","Wet","Dark (Street Lights On/ continuous)","Rain","None","None",100,"Foot","West","ELLWOOD ST","NULL","","NULL",25,25,40.21464,-74.72773,"No","","441",428527.25436,503181.76752,NA,"DVRPC",0,"PDO",10062847
3441319,"2010110310-13314","10-13314",2010,"MERCER","Hamilton Twp (Mercer Co)","2010-03-31","Wednesday","March","16:57:00",1,"HAMILTON TWP PD (MERCER)","",0,0,3,0,0,"Injury","At Intersection","No","No","Right Angle",2,"US 206","NULL",206,"","00000206",38.89,"State Highway","Curve and Level","Blacktop","Dry","Daylight","Clear","Curbed Median","None",NA,"At","NULL","ROUTE 533 / WHITEHORSE AVE","NULL","","NULL",35,25,40.18815,-74.70483,"No","NONE","388",434901.77,493517.45,NA,"DVRPC",0,"Moderate Injury",10062849
3441320,"2010110310-13322","10-13322",2010,"MERCER","Hamilton Twp (Mercer Co)","2010-03-31","Wednesday","March","17:21:00",1,"HAMILTON TWP PD (MERCER)","",0,0,0,0,0,"Property Damage","At Intersection","No","No","Same Direction - Rear End",2,"ROUTE 524","NULL",524,"","00000524",1.04,"County","Straight and Grade","Blacktop","Dry","Daylight","Clear","None","None",NA,"At","NULL","HIGHLAND AVE","NULL","","NULL",35,25,40.18624,-74.68591,"No","","364",440184.237501,492808.894698,NA,"DVRPC",0,"PDO",10064123
3441328,"2010110310-13490","10-13490",2010,"MERCER","Hamilton Twp (Mercer Co)","2010-04-01","Thursday","April","19:39:00",1,"HAMILTON TWP PD (MERCER)","",0,0,0,0,0,"Property Damage","Not At Intersection","No","No","Right Angle",2,"HAMILTON SQUARE-WHITEHORSE RD","North",NA,"","11031988",0.96,"Municipal","Straight and Level","Blacktop","Dry","Dusk","Clear","None","None",300,"Foot","South","KLOCKNER RD.","NULL","","NULL",40,40,40.2191,-74.67314,"No","","418",443777.471176,504771.340649,NA,"DVRPC",0,"PDO",10064120
3441331,"2010110310-13566","10-13566",2010,"MERCER","Hamilton Twp (Mercer Co)","2010-04-02","Friday","April","10:28:00",1,"HAMILTON TWP PD (MERCER)","",0,0,0,0,0,"Property Damage","Not At Intersection","No","No","Right Angle",2,"ROUTE 533","South",533,"","00000533",3.53,"County","Straight and Level","Blacktop","Dry","Daylight","Clear","None","None",100,"Foot","North","ROUTE 535 / CR 618 / EDINBURG RD /","NULL","","NULL",35,35,40.23688,-74.68809,"No","","457",439614.586686,511257.96985,NA,"DVRPC",0,"PDO",10064118
3441334,"2010110310-13612","10-13612",2010,"MERCER","Hamilton Twp (Mercer Co)","2010-04-02","Friday","April","16:07:00",1,"HAMILTON TWP PD (MERCER)","",0,0,0,0,0,"Property Damage","Not At Intersection","No","No","Same Direction - Rear End",2,"NJ 33","West",33,"","00000033",4.26,"State Highway","Straight and Level","Blacktop","Dry","Daylight","Clear","None","None",200,"Foot","West","SHADY LN","NULL","","NULL",40,25,40.23262,-74.68376,"No","","418",440821.943044,509704.395321,NA,"DVRPC",0,"PDO",10064115
3441335,"2010110310-13619","10-13619",2010,"MERCER","Hamilton Twp (Mercer Co)","2010-04-02","Friday","April","16:30:00",1,"HAMILTON TWP PD (MERCER)","",0,0,0,0,0,"Property Damage","Not At Intersection","No","No","Same Direction - Rear End",2,"LIBERTY ST","East",NA,"","11112004",1.46,"Municipal","Straight and Level","Blacktop","Dry","Daylight","Clear","None","None",200,"Foot","West","S. OLDEN AVE","NULL","","NULL",25,30,40.21616,-74.73034,"No","","418",427801.049542,503737.308977,NA,"DVRPC",0,"PDO",10064114
3441336,"2010110310-13627","10-13627",2010,"MERCER","Hamilton Twp (Mercer Co)","2010-04-02","Friday","April","17:01:00",1,"HAMILTON TWP PD (MERCER)","",0,0,0,0,0,"Property Damage","Not At Intersection","No","No","Same Direction - Rear End",2,"US 206","North",206,"","00000206",38.89,"State Highway","Straight and Level","Blacktop","Dry","Daylight","Clear","None","None",20,"Foot","North","ROUTE 533 / WHITEHORSE AVE","NULL","","NULL",35,35,40.18815,-74.70483,"No","","438",434901.77,493517.45,NA,"DVRPC",0,"PDO",10064113
3441342,"2010110310-13735","10-13735",2010,"MERCER","Hamilton Twp (Mercer Co)","2010-04-03","Saturday","April","11:55:00",1,"HAMILTON TWP PD (MERCER)","",0,0,0,0,0,"Property Damage","Not At Intersection","No","No","Encroachment",2,"NJ 33","West",33,"","00000033",3.72,"State Highway","Straight and Level","Blacktop","Dry","Daylight","Clear","None","None",10,"Foot","East","VINCENT AVE","NULL","","NULL",40,25,40.23481,-74.69346,"No","","418",438114.804436,510507.884814,NA,"DVRPC",0,"PDO",10064109
3441344,"2010110310-13765","10-13765",2010,"MERCER","Hamilton Twp (Mercer Co)","2010-04-03","Saturday","April","16:38:00",1,"HAMILTON TWP PD (MERCER)","",0,0,0,0,0,"Property Damage","At Intersection","No","No","Right Angle",2,"NJ 33","NULL",33,"","00000033",1.59,"State Highway","Straight and Level","Blacktop","Dry","Daylight","Clear","None","None",NA,"At","NULL","ATLANTIC AVE","NULL","","NULL",25,25,40.22673,-74.73153,"No","","364",427477.81624,507587.679161,NA,"DVRPC",0,"PDO",10064108
3441348,"2010110310-13851","10-13851",2010,"MERCER","Hamilton Twp (Mercer Co)","2010-04-04","Sunday","April","11:44:00",1,"HAMILTON TWP PD (MERCER)","",0,0,0,0,0,"Property Damage","Not At Intersection","No","No","Pedestrian",1,"US 206","NULL",206,"","00000206",39.78,"Municipal","Straight and Level","Blacktop","Dry","Daylight","Clear","Grass Median","None",50,"Foot","South","IRVINGTON PL / OLDFIELD RD","NULL","","NULL",NA,25,40.19437,-74.71959,"No","","370",430784.833339,495792.009599,NA,"DVRPC",1,"PDO",10064106
3441357,"2010110310-13982","10-13982",2010,"MERCER","Hamilton Twp (Mercer Co)","2010-04-05","Monday","April","11:39:00",1,"HAMILTON TWP PD (MERCER)","",0,0,0,0,0,"Property Damage","At Intersection","No","No","Right Angle",2,"ROUTE 533","North",533,"","00000533",1.41,"County","Straight and Level","Blacktop","Dry","Daylight","Clear","Curbed Median","None",NA,"At","NULL","CR 619 / KUSER RD","NULL","","NULL",40,35,40.20734,-74.6946,"No","","418",437775.57,500499.83,NA,"DVRPC",0,"PDO",10064101
3441358,"2010110310-13994","10-13994",2010,"MERCER","Hamilton Twp (Mercer Co)","2010-04-05","Monday","April","13:12:00",1,"HAMILTON TWP PD (MERCER)","",0,0,0,0,0,"Property Damage","Not At Intersection","No","No","Same Direction - Rear End",2,"KUSER RD","East",NA,"","11031985",1.91,"Municipal","Straight and Level","Blacktop","Dry","Daylight","Clear","None","None",20,"Foot","West","YARDVILLE HAMILTON SQ RD","NULL","","NULL",35,45,40.20445,-74.66168,"No","","418",446965.661405,499431.949971,NA,"DVRPC",0,"PDO",10064100
3441477,"2010110310-1631","10-1631",2010,"MERCER","Hamilton Twp (Mercer Co)","2010-01-12","Tuesday","January","14:44:00",1,"HAMILTON TWP PD (MERCER)","",0,0,0,0,0,"Property Damage","Not At Intersection","No","No","Same Direction - Rear End",2,"MERCER COUNTY 614","NULL",614,"","11000614",0.56,"County","Straight and Level","Blacktop","Dry","Daylight","Clear","None","None",15,"Foot","East","MICHAEL DR","NULL","","NULL",25,25,40.2331,-74.72762,"No","NONE","381",428577.363346,509905.685552,NA,"DVRPC",0,"PDO",10006435
3441486,"2010110310-1655","10-1655",2010,"MERCER","Hamilton Twp (Mercer Co)","2010-01-12","Tuesday","January","16:31:00",1,"HAMILTON TWP PD (MERCER)","",0,0,0,0,0,"Property Damage","Not At Intersection","No","No","Same Direction - Rear End",2,"ROUTE 533","NULL",533,"","00000533",3.51,"County","Straight and Level","Blacktop","Dry","Daylight","Clear","None","None",15,"Foot","North","ROUTE 535 / CR 618 / EDINBURG RD /","NULL","","NULL",35,35,40.23659,-74.68806,"No","","322",439623.18,511153.66,NA,"DVRPC",0,"PDO",10003103
3441544,"2010110310-180","10-180",2010,"MERCER","Hamilton Twp (Mercer Co)","2010-01-02","Saturday","January","15:17:00",1,"HAMILTON TWP PD (MERCER)","",0,0,0,0,0,"Property Damage","Not At Intersection","No","No","Opposite Direction - Head On/Angular",3,"ROUTE 524","East",524,"","00000524",0.18,"County","Straight and Level","Blacktop","Dry","Daylight","Clear","None","None",100,"Foot","East","LACY AVE / PEBBLE CREEK DR","NULL","","NULL",35,25,40.18813,-74.70148,"No","","384",435837.988931,493509.443329,NA,"DVRPC",0,"PDO",10026807
3441553,"2010110310-1815","10-1815",2010,"MERCER","Hamilton Twp (Mercer Co)","2010-01-13","Wednesday","January","14:14:00",1,"HAMILTON TWP PD (MERCER)","",0,0,2,0,0,"Injury","At Intersection","No","No","Right Angle",2,"NJ 33","West",33,"","00000033",2.3,"State Highway","Straight and Level","Blacktop","Dry","Daylight","Clear","Painted Median","None",NA,"At","NULL","CR 614 / NOTTINGHAM WAY","NULL","","NULL",30,40,40.23211,-74.72007,"No","","418",430684.147452,509542.239868,NA,"DVRPC",0,"Moderate Injury",10004124
3441628,"2010110310-1980","10-1980",2010,"MERCER","Hamilton Twp (Mercer Co)","2010-01-14","Thursday","January","11:17:00",1,"HAMILTON TWP PD (MERCER)","?",0,0,0,0,0,"Property Damage","At Intersection","No","No","Same Direction - Side Swipe",2,"US 206","North",206,"","00000206",38.88,"State Highway","Straight and Level","Blacktop","Dry","Daylight","Clear","Curbed Median","None",NA,"At","NULL","ROUTE 524 / S BROAD ST","NULL","","NULL",35,35,40.18804,-74.70478,"No","NONE","330",434915.207935,493479.390576,NA,"DVRPC",0,"PDO",10006434
3441635,"2010110310-1994","10-1994",2010,"MERCER","Hamilton Twp (Mercer Co)","2010-01-14","Thursday","January","12:34:00",1,"HAMILTON TWP PD (MERCER)","",0,0,0,0,0,"Property Damage","At Intersection","No","No","Left Turn / U Turn",2,"NJ 33","NULL",33,"","00000033",5.23,"State Highway","Straight and Level","Blacktop","Dry","Daylight","Clear","Painted Median","None",NA,"At","NULL","HERBERT AVE","NULL","","NULL",35,25,40.22835,-74.66626,"No","","302",445703.520814,508137.26536,NA,"DVRPC",0,"PDO",10004121
3441645,"2010110310-2015","10-2015",2010,"MERCER","Hamilton Twp (Mercer Co)","2010-01-14","Thursday","January","15:13:00",1,"HAMILTON TWP PD (MERCER)","",0,0,0,0,0,"Property Damage","At Intersection","No","No","Right Angle",2,"ROUTE 533","NULL",533,"","00000533",0.1,"County","Straight and Level","Blacktop","Dry","Daylight","Clear","None","None",NA,"At","NULL","LOCUST AVE","NULL","","NULL",35,25,40.18981,-74.70398,"No","","322",435140.840003,494120.481118,NA,"DVRPC",0,"PDO",10008899
3441654,"2010110310-20390","10-20390",2010,"MERCER","Hamilton Twp (Mercer Co)","2010-05-18","Tuesday","May","10:10:00",1,"HAMILTON TWP PD (MERCER)","",0,0,0,0,0,"Property Damage","At Intersection","No","No","Same Direction - Rear End",2,"NJ 33","NULL",33,"","00000033",1.8,"State Highway","Straight and Level","Blacktop","Wet","Daylight","Rain","None","None",NA,"At","NULL","JOHNSTON AVE","NULL","","NULL",35,25,40.22832,-74.72815,"No","","381",428425.377682,508167.391672,NA,"DVRPC",0,"PDO",10150409
3441696,"2010110310-2109","10-2109",2010,"MERCER","Hamilton Twp (Mercer Co)","2010-01-15","Friday","January","01:32:00",1,"HAMILTON TWP PD (MERCER)","",0,0,1,0,0,"Injury","Not At Intersection","No","No","Fixed Object",1,"ROUTE 524","West",524,"","00000524",0.38,"County","Straight and Level","Blacktop","Dry","Dark (Street Lights On/ continuous)","Clear","None","None",400,"Foot","East","GROPP AVE","NULL","","NULL",40,25,40.18786,-74.69746,"No","DOWN LINE FROM POLE # 13869HM TO 3127 S BRAND ST WAS RIPPED AWAY FROM BUILDING","444",436961.08,493409.21,NA,"DVRPC",0,"Pain",10004119
3441739,"2010110310-2200","10-2200",2010,"MERCER","Hamilton Twp (Mercer Co)","2010-01-15","Friday","January","15:02:00",1,"HAMILTON TWP PD (MERCER)","",0,0,1,0,0,"Injury","Not At Intersection","No","No","Left Turn / U Turn",2,"ROUTE 533","NULL",533,"","00000533",1.5,"County","Straight and Level","Blacktop","Dry","Daylight","Clear","None","None",500,"Foot","North","CR 619 / KUSER RD","NULL","","NULL",45,35,40.20856,-74.6939,"No","","322",437970.655455,500944.22,NA,"DVRPC",0,"Pain",10040084
3441751,"2010110310-2217","10-2217",2010,"MERCER","Hamilton Twp (Mercer Co)","2010-01-15","Friday","January","16:37:00",1,"HAMILTON TWP PD (MERCER)","",0,0,0,0,0,"Property Damage","At Intersection","No","No","Same Direction - Rear End",2,"US 206","West",206,"","00000206",38.89,"State Highway","Straight and Grade","Blacktop","Dry","Daylight","Clear","None","None",NA,"At","NULL","ROUTE 533 / WHITEHORSE AVE","NULL","","NULL",40,35,40.18815,-74.70483,"No","","384",434901.77,493517.45,NA,"DVRPC",0,"PDO",10003302