"ID","DOT_WEB_ID","CASE_NUMBER","CRASH_YEAR","COUNTY","MUNICIPALITY","CRASH_DATE","CRASH_DAY_OF_WEEK","CRASH_MONTH","CRASH_TIME","POLICE_DEPT_CODE","POLICE_DEPARTMENT","POLICE_STATION","TOTAL_KILLED","TOTAL_INCAPACITATED","TOTAL_INJURED","PEDESTRIANS_KILLED","PEDESTRIANS_INJURED","SEVERITY","INTERSECTION","ALCOHOL_INVOLVED","HAZMAT_INVOLVED","CRASH_TYPE","TOTAL_VEHICLES_INVOLVED","CRASH_LOCATION","LOCATION_DIRECTION","ROUTE","ROUTE_SUFFIX","SRI","MILEPOST","ROAD_SYSTEM","ROAD_CHARACTER","ROAD_SURFACE_TYPE","SURFACE_CONDITION","LIGHT_CONDITION","ENVIRONMENTAL_CONDITION","ROAD_DIVIDED_BY","TEMP_TRAFFIC_CONTROL_ZONE","DISTANCE_TO_CROSS_STREET","UNIT_OF_MEASUREMENT","DIRECTION_FROM_CROSS_STREET","CROSS_STREET_NAME","IS_RAMP","RAMP_TO_FROM_ROUTE_NAME","RAMP_TO_FROM_ROUTE_DIRECTION","POSTED_SPEED","POSTED_SPEED_CROSS_STREET","LATITUDE","LONGITUDE","CELL_PHONE_IN_USE","OTHER_PROPERTY_DAMAGE","REPORTING_BADGE_NO","X","Y","CRASH_NARRATIVE","MPO","TOTAL_PEDESTRIANS_INVOLVED","EPDO","DLN"
3441753,"2010110310-2219","10-2219",2010,"MERCER","Hamilton Twp (Mercer Co)","2010-01-15","Friday","January","",1,"HAMILTON TWP PD (MERCER)","",0,0,1,0,0,"Injury","Not At Intersection","No","No","Same Direction - Rear End",3,"NJ 33","East",33,"","00000033",6.26,"State Highway","Straight and Level","Blacktop","Dry","Daylight","Clear","Painted Median","None",500,"Foot","West","GEORGE DYE RD","NULL","","NULL",45,25,40.2234,-74.64785,"No","","398",450840.091045,506327.728967,NA,"DVRPC",0,"Pain",10003264
3441768,"2010110310-2258","10-2258",2010,"MERCER","Hamilton Twp (Mercer Co)","2010-01-15","Friday","January","20:29:00",1,"HAMILTON TWP PD (MERCER)","",0,0,0,0,0,"Property Damage","Not At Intersection","No","No","Left Turn / U Turn",2,"NJ 33","West",33,"","00000033",2.88,"State Highway","Straight and Level","Blacktop","Dry","Dark (Street Lights On/ continuous)","Clear","None","None",200,"Foot","East","KLOCKNER RD","NULL","","NULL",40,35,40.23303,-74.70916,"No","","384",433729.261871,509866.979372,NA,"DVRPC",0,"PDO",10003263
3441802,"2010110310-23346","10-23346",2010,"MERCER","Hamilton Twp (Mercer Co)","2010-06-05","Saturday","June","01:40:00",1,"HAMILTON TWP PD (MERCER)","",0,0,0,0,0,"Property Damage","Not At Intersection","No","No","Same Direction - Side Swipe",2,"NJ 33","East",33,"","00000033",3.19,"State Highway","Straight and Level","Blacktop","Dry","Dark (No Street Lights)","Clear","None","None",10,"Foot","West","MADISON AVE","NULL","","NULL",45,25,40.23347,-74.70332,"No","","438",435361.900667,510025.768047,NA,"DVRPC",0,"PDO",10111254
3441806,"2010110310-2343","10-2343",2010,"MERCER","Hamilton Twp (Mercer Co)","2010-01-16","Saturday","January","13:42:00",1,"HAMILTON TWP PD (MERCER)","",0,0,0,0,0,"Property Damage","Not At Intersection","No","No","Right Angle",2,"ROUTE 533","NULL",533,"","00000533",3.49,"County","Straight and Level","Blacktop","Dry","Daylight","Clear","None","None",100,"Foot","South","ROUTE 535 / CR 618 / EDINBURG RD /","NULL","","NULL",35,35,40.2363,-74.68804,"No","","322",439629.343326,511046.593387,NA,"DVRPC",0,"PDO",10008897
3441815,"2010110310-2367","10-2367",2010,"MERCER","Hamilton Twp (Mercer Co)","2010-01-16","Saturday","January","16:10:00",1,"HAMILTON TWP PD (MERCER)","",0,0,1,0,0,"Injury","Not At Intersection","No","No","Overturned",1,"OLD YORK RD","NULL",NA,"","11031997",1.73,"Municipal","Curve and Grade","Blacktop","Dry","Daylight","Clear","None","None",1000,"Foot","East","SAWMILL RD","NULL","","NULL",45,40,40.16119,-74.63491,"No","","322",454419.159902,483658.724521,NA,"DVRPC",0,"Pain",10008896
3441837,"2010110310-24237","10-24237",2010,"MERCER","Hamilton Twp (Mercer Co)","2010-06-10","Thursday","June","15:57:00",1,"HAMILTON TWP PD (MERCER)","",0,0,0,0,0,"Property Damage","Not At Intersection","No","No","Same Direction - Side Swipe",2,"US 206","South",206,"","00000206",38.88,"State Highway","Straight and Level","Blacktop","Dry","Daylight","Clear","Curbed Median","None",50,"Foot","South","ROUTE 533 / WHITEHORSE AVE","NULL","","NULL",35,35,40.18804,-74.70478,"No","","381",434915.207935,493479.390576,NA,"DVRPC",0,"PDO",10150410
3441841,"2010110310-2430","10-2430",2010,"MERCER","Hamilton Twp (Mercer Co)","2010-01-17","Sunday","January","01:04:00",1,"HAMILTON TWP PD (MERCER)","",0,0,0,0,0,"Property Damage","At Intersection","No","No","Opposite Direction - Head On/Angular",2,"MERCER COUNTY 622","NULL",622,"","11000622",1.89,"County","Straight and Level","Blacktop","Dry","Dark (Street Lights On/ continuous)","Clear","None","None",NA,"At","NULL","REDFERN ST","NULL","","NULL",30,25,40.21488,-74.72797,"No","","441",428460.54,503268.9,NA,"DVRPC",0,"PDO",10003260
3441855,"2010110310-24584","10-24584",2010,"MERCER","Hamilton Twp (Mercer Co)","2010-06-12","Saturday","June","19:54:00",1,"HAMILTON TWP PD (MERCER)","",0,0,0,0,0,"Property Damage","Not At Intersection","No","No","Same Direction - Rear End",2,"KUSER RD","NULL",NA,"","11031985",2.49,"Municipal","Straight at Hillcrest","Blacktop","Dry","Daylight","Clear","None","None",15,"Foot","West","KLOCKNER RD","NULL","","NULL",35,35,40.20588,-74.65088,"No","","461",449984.28,499945.63,NA,"DVRPC",0,"PDO",10150418
3441871,"2010110310-24835","10-24835",2010,"MERCER","Hamilton Twp (Mercer Co)","2010-06-14","Monday","June","16:16:00",1,"HAMILTON TWP PD (MERCER)","",0,0,1,0,0,"Injury","Not At Intersection","No","No","Same Direction - Rear End",2,"ROUTE 535","NULL",535,"","00000535",0.31,"County","Straight and Level","Blacktop","Dry","Daylight","Clear","None","None",20,"Foot","West","JOHNSTON AVE","NULL","","NULL",25,25,40.23171,-74.73218,"No","","458",427193.966675,509291.433342,NA,"DVRPC",0,"Pain",10128601
3441874,"2010110310-24978","10-24978",2010,"MERCER","Hamilton Twp (Mercer Co)","2010-06-15","Tuesday","June","14:36:00",1,"HAMILTON TWP PD (MERCER)","",0,0,0,0,0,"Property Damage","Not At Intersection","No","No","Same Direction - Rear End",2,"ROUTE 535","NULL",535,"","00000535",5.48,"County","Straight and Level","Blacktop","Dry","Daylight","Clear","None","None",NA,"NULL","NULL","","NULL","","NULL",NA,NA,40.25097,-74.65461,"No","","302",448916.44,516368.31,NA,"DVRPC",0,"PDO",10133418
3441879,"2010110310-2505","10-2505",2010,"MERCER","Hamilton Twp (Mercer Co)","2010-01-17","Sunday","January","19:06:00",1,"HAMILTON TWP PD (MERCER)","",0,0,0,0,0,"Property Damage","Not At Intersection","No","No","Struck Parked Vehicle",2,"MERCER COUNTY 606","NULL",606,"","11000606",1.72,"County","Straight and Level","Blacktop","Wet","Dark (Street Lights On/ continuous)","Rain","None","None",50,"Foot","East","CHARLOTTE AVE","NULL","","NULL",25,25,40.22096,-74.7281,"No","","427",428431.806807,505485.360049,NA,"DVRPC",0,"PDO",10003258
3441880,"2010110310-2508","10-2508",2010,"MERCER","Hamilton Twp (Mercer Co)","2010-01-17","Sunday","January","19:34:00",1,"HAMILTON TWP PD (MERCER)","",0,0,0,0,0,"Property Damage","Not At Intersection","No","No","Non-fixed Object",1,"ROUTE 533","North",533,"","00000533",3.03,"County","Straight and Level","Blacktop","Wet","Dark (Street Lights On/ continuous)","Rain","NULL","None",300,"Foot","North","ESTATES BLVD","NULL","","NULL",35,25,40.22966,-74.68726,"No","","413",439842.27545,508627.353488,NA,"DVRPC",0,"PDO",10003257
3441884,"2010110310-2514","10-2514",2010,"MERCER","Hamilton Twp (Mercer Co)","2010-01-17","Sunday","January","20:59:00",1,"HAMILTON TWP PD (MERCER)","",0,0,0,0,0,"Property Damage","At Intersection","No","No","Same Direction - Side Swipe",2,"NJ 33","NULL",33,"","00000033",1.7,"State Highway","Straight and Level","Blacktop","Wet","Dark (Street Lights On/ continuous)","Rain","None","None",NA,"At","NULL","LYNWOOD AVE","NULL","","NULL",35,25,40.22756,-74.72977,"No","","427",427971.891767,507889.145448,NA,"DVRPC",0,"PDO",10003256
3441886,"2010110310-25186","10-25186",2010,"MERCER","Hamilton Twp (Mercer Co)","2010-06-16","Wednesday","June","17:45:00",1,"HAMILTON TWP PD (MERCER)","",0,0,0,0,0,"Property Damage","Not At Intersection","No","No","Right Angle",2,"NJ 33","NULL",33,"","00000033",4.16,"State Highway","Straight and Level","Concrete","Dry","Daylight","Clear","None","None",500,"Foot","East","ROUTE 533 / WHITEHORSE MERCERVILLE","NULL","","NULL",35,35,40.23307,-74.68556,"No","","322",440318.759627,509869.467441,NA,"DVRPC",0,"PDO",10130043
3441912,"2010110310-2567","10-2567",2010,"MERCER","Hamilton Twp (Mercer Co)","2010-01-18","Monday","January","11:14:00",1,"HAMILTON TWP PD (MERCER)","",0,0,2,0,0,"Injury","Not At Intersection","No","No","Same Direction - Rear End",2,"NJ 33","NULL",33,"","00000033",3.53,"State Highway","Straight and Level","Blacktop","Dry","Daylight","Clear","None","None",2,"Foot","West","GRAYSON AVE","NULL","","NULL",40,25,40.23404,-74.69692,"No","","302",437147.361415,510229.678685,NA,"DVRPC",0,"Pain",10006433
3441915,"2010110310-2575","10-2575",2010,"MERCER","Hamilton Twp (Mercer Co)","2010-01-18","Monday","January","12:02:00",1,"HAMILTON TWP PD (MERCER)","",0,0,0,0,0,"Property Damage","Not At Intersection","No","No","Same Direction - Rear End",2,"FLOCK RD","NULL",NA,"","11031986",0.94,"Municipal","Straight and Level","Blacktop","Dry","Daylight","Clear","None","None",40,"Foot","West","CR 533","NULL","","NULL",45,45,40.24893,-74.68487,"No","","302",440479.978474,515658.021534,NA,"DVRPC",0,"PDO",10006432
3441917,"2010110310-2587","10-2587",2010,"MERCER","Hamilton Twp (Mercer Co)","2010-01-18","Monday","January","13:54:00",1,"HAMILTON TWP PD (MERCER)","",0,0,0,0,0,"Property Damage","Not At Intersection","Yes","No","Same Direction - Side Swipe",2,"ROUTE 533","NULL",533,"","00000533",4.39,"County","Straight and Level","Blacktop","Dry","Daylight","Clear","None","None",15,"Foot","North","FLOCK RD / SLOANE AVE","NULL","","NULL",45,40,40.24884,-74.68516,"No","","302",440442.28,515613,NA,"DVRPC",0,"PDO",10006431
3441920,"2010110310-2591","10-2591",2010,"MERCER","Hamilton Twp (Mercer Co)","2010-01-18","Monday","January","14:25:00",1,"HAMILTON TWP PD (MERCER)","",0,0,0,0,0,"Property Damage","At Intersection","No","No","Right Angle",2,"HOBSON AVE","NULL",NA,"","11031982",0.13,"Municipal","Straight and Level","Blacktop","Dry","Daylight","Clear","None","None",NA,"At","NULL","OLYMPIA AVE","NULL","","NULL",25,25,40.18825,-74.71064,"No","NONE","388",433277,493559.67,NA,"DVRPC",0,"PDO",10006430
3441939,"2010110310-26352","10-26352",2010,"MERCER","Hamilton Twp (Mercer Co)","2010-06-24","Thursday","June","09:00:00",1,"HAMILTON TWP PD (MERCER)","",0,0,0,0,0,"Property Damage","Not At Intersection","No","No","Struck Parked Vehicle",2,"MERCER COUNTY 622","East",622,"","11000622",0.52,"County","Straight and Level","Blacktop","Dry","Daylight","Clear","None","None",200,"Foot","East","KENWOOD TERRACE","NULL","","NULL",35,25,40.20515,-74.70625,"No","NONE","330",434520.394839,499711.434721,NA,"DVRPC",0,"PDO",10140921
3441944,"2010110310-2638","10-2638",2010,"MERCER","Hamilton Twp (Mercer Co)","2010-01-18","Monday","January","21:44:00",1,"HAMILTON TWP PD (MERCER)","",0,0,0,0,0,"Property Damage","Not At Intersection","No","No","Struck Parked Vehicle",2,"YARDVILLE-HAMILTON SQ RD","South",NA,"","11031990",3.57,"Municipal","Straight and Level","Blacktop","Dry","Dark (Street Lights On/ continuous)","Clear","None","None",200,"Foot","North","JARVIE DR","NULL","","NULL",25,25,40.22835,-74.6614,"No","","419",447059.732647,508137.363939,NA,"DVRPC",0,"PDO",10006428
3441955,"2010110310-26527","10-26527",2010,"MERCER","Hamilton Twp (Mercer Co)","2010-06-25","Friday","June","15:13:00",1,"HAMILTON TWP PD (MERCER)","",0,0,1,0,0,"Injury","Not At Intersection","No","No","Struck Parked Vehicle",2,"MERCER COUNTY 626","NULL",626,"","11000626",1.35,"County","Straight and Level","Blacktop","Dry","Daylight","Clear","None","None",50,"Foot","South","E BROWN ST","NULL","","NULL",25,25,40.20724,-74.73554,"No","NONE","381",426340.034665,500492.085288,NA,"DVRPC",0,"Pain",10143366
3441958,"2010110310-26585","10-26585",2010,"MERCER","Hamilton Twp (Mercer Co)","2010-06-25","Friday","June","22:57:00",1,"HAMILTON TWP PD (MERCER)","",0,0,2,0,0,"Injury","At Intersection","No","No","Left Turn / U Turn",4,"KUSER RD","NULL",NA,"","11031985",1.91,"Municipal","Straight and Level","Blacktop","Dry","Dark (Street Lights On/ continuous)","Clear","None","None",NA,"At","NULL","YORDVILLE HAMILTON SQ. RD","NULL","","NULL",35,40,40.20445,-74.66168,"No","","442",446965.661405,499431.949971,NA,"DVRPC",0,"Pain",10143345
3441976,"2010110310-27223","10-27223",2010,"MERCER","Hamilton Twp (Mercer Co)","2010-06-30","Wednesday","June","10:19:00",1,"HAMILTON TWP PD (MERCER)","",0,0,0,0,0,"Property Damage","Not At Intersection","No","No","Same Direction - Rear End",2,"KUSER RD","NULL",NA,"","11031985",0.36,"Municipal","Straight and Grade","Blacktop","Dry","Daylight","Clear","None","None",150,"Foot","East","WHITEHORSE-HAMILTON SQ. RD.","NULL","","NULL",25,40,40.20518,-74.68839,"No","","364",439506.021919,499710.097374,NA,"DVRPC",0,"PDO",10155004
3441991,"2010110310-27606","10-27606",2010,"MERCER","Hamilton Twp (Mercer Co)","2010-07-02","Friday","July","17:06:00",1,"HAMILTON TWP PD (MERCER)","",0,0,2,0,0,"Injury","Not At Intersection","Yes","No","Opposite Direction - Head On/Angular",3,"ROUTE 524","NULL",524,"","00000524",1.08,"County","Curve and Grade","Blacktop","Dry","Daylight","Clear","None","None",15,"Foot","East","COLE RIDGE AVE","NULL","","NULL",35,25,40.18604,-74.68521,"No","","322",440381.087073,492736.887366,NA,"DVRPC",0,"Moderate Injury",10155003
3442014,"2010110310-2817","10-2817",2010,"MERCER","Hamilton Twp (Mercer Co)","2010-01-20","Wednesday","January","00:09:00",1,"HAMILTON TWP PD (MERCER)","HAMILTON",0,0,0,0,0,"Property Damage","Not At Intersection","No","No","Fixed Object",1,"ROUTE 533","South",533,"","00000533",3.87,"County","Straight and Level","Blacktop","Dry","Dark (Street Lights On/ continuous)","Clear","Painted Median","None",40,"Foot","NULL","NEW ST","NULL","","NULL",40,25,40.24173,-74.6878,"No","#1 64548 HM #2 DRUG FREE SIGN","385",439698.92021,513024.033782,NA,"DVRPC",0,"PDO",10006424
3442015,"2010110310-28170","10-28170",2010,"MERCER","Hamilton Twp (Mercer Co)","2010-07-06","Tuesday","July","09:26:00",1,"HAMILTON TWP PD (MERCER)","",0,0,2,0,0,"Injury","At Intersection","No","No","Left Turn / U Turn",4,"NJ 33","NULL",33,"","00000033",6.35,"State Highway","Straight and Level","Blacktop","Dry","Daylight","Clear","None","None",NA,"At","NULL","GEORGE DYE RD","NULL","","NULL",45,25,40.22297,-74.64624,"No","NONE","302",451290.227405,506170.096115,NA,"DVRPC",0,"Pain",10140307
3442031,"2010110310-28557","10-28557",2010,"MERCER","Hamilton Twp (Mercer Co)","2010-07-08","Thursday","July","18:27:00",1,"HAMILTON TWP PD (MERCER)","",0,0,0,0,0,"Property Damage","Not At Intersection","No","No","Same Direction - Rear End",2,"NJ 33","NULL",33,"","00000033",5.15,"State Highway","Straight and Level","Blacktop","Dry","Daylight","Clear","None","None",75,"Foot","East","PAXSON AVE","NULL","","NULL",40,25,40.2287,-74.66769,"No","","364",445303.94419,508266.351538,NA,"DVRPC",0,"PDO",10150423
3442033,"2010110310-2861?","10-2861?",2010,"MERCER","Hamilton Twp (Mercer Co)","2010-07-09","Friday","July","07:01:00",1,"HAMILTON TWP PD (MERCER)","",0,0,2,0,0,"Injury","At Intersection","No","No","Right Angle",2,"KUSER RD","NULL",NA,"","11031985",0.33,"Municipal","Straight and Level","Blacktop","Dry","Daylight","Clear","None","None",NA,"At","NULL","WHITEHORSE-HAMILTON SQ RD","NULL","","NULL",35,40,40.20537,-74.6889,"No","","302",439363.925063,499779.986636,NA,"DVRPC",0,"Pain",10140293
3442034,"2010110310-28623","10-28623",2010,"MERCER","Hamilton Twp (Mercer Co)","2010-07-09","Friday","July","07:59:00",1,"HAMILTON TWP PD (MERCER)","",0,0,0,0,0,"Property Damage","Not At Intersection","No","No","Same Direction - Side Swipe",2,"KUSER RD","East",NA,"","11031985",0.36,"Municipal","Straight and Level","Blacktop","Dry","Daylight","Clear","None","None",150,"Foot","East","WHITEHORSE-HAMILTON SQ. RD.","NULL","","NULL",25,35,40.20518,-74.68839,"No","","384",439506.021919,499710.097374,NA,"DVRPC",0,"PDO",10140299
3442038,"2010110310-287","10-287",2010,"MERCER","Hamilton Twp (Mercer Co)","2010-01-03","Sunday","January","11:33:00",1,"HAMILTON TWP PD (MERCER)","",0,0,3,0,0,"Injury","At Intersection","No","No","Right Angle",2,"S CLINTON AVE","NULL",NA,"","11031969",0.5,"Municipal","Straight and Level","Blacktop","Dry","Daylight","Clear","NULL","None",NA,"At","NULL","FETTON AVE","NULL","","NULL",35,25,40.19302,-74.71251,"No","","396",432770.137143,495292.002857,NA,"DVRPC",0,"Moderate Injury",10008175
3442040,"2010110310-28778","10-28778",2010,"MERCER","Hamilton Twp (Mercer Co)","2010-07-10","Saturday","July","08:42:00",1,"HAMILTON TWP PD (MERCER)","",0,0,0,0,0,"Property Damage","Not At Intersection","No","No","Fixed Object",1,"US 206","NULL",206,"","00000206",38.9,"State Highway","Straight and Grade","Blacktop","Dry","NULL","Clear","NULL","NULL",NA,"NULL","NULL","","NULL","","NULL",NA,NA,40.18829,-74.70497,"No","","389",434862.230466,493567.477802,NA,"DVRPC",0,"PDO",10144572
3442041,"2010110310-28802","10-28802",2010,"MERCER","Hamilton Twp (Mercer Co)","2010-07-10","Saturday","July","11:18:00",1,"HAMILTON TWP PD (MERCER)","",0,0,0,0,0,"Property Damage","Not At Intersection","No","No","Same Direction - Rear End",2,"US 130","North",130,"","00000130",60.35,"State Highway","Straight and Level","Blacktop","Wet","Daylight","Rain","Grass Median","None",800,"Foot","South","CRSWKS-HMLT SQ RD / KLOCKNER RD","NULL","","NULL",55,40,40.19072,-74.64978,"No","","418",450281.330514,494424.685278,NA,"DVRPC",0,"PDO",10150412
3442043,"2010110310-28806","10-28806",2010,"MERCER","Hamilton Twp (Mercer Co)","2010-07-10","Saturday","July","11:56:00",1,"HAMILTON TWP PD (MERCER)","",0,0,3,0,0,"Injury","Not At Intersection","No","No","Same Direction - Rear End",3,"NJ 33","West",33,"","00000033",5.27,"State Highway","Straight and Level","Blacktop","Wet","Daylight","Overcast","None","None",200,"Foot","East","HERBERT AVE","NULL","","NULL",40,25,40.22817,-74.66554,"No","","418",445905.454105,508071.686729,NA,"DVRPC",0,"Pain",10144571
3442045,"2010110310-28814","10-28814",2010,"MERCER","Hamilton Twp (Mercer Co)","2010-07-10","Saturday","July","13:31:00",1,"HAMILTON TWP PD (MERCER)","",0,0,1,0,0,"Injury","At Intersection","No","No","Right Angle",2,"MERCER COUNTY 619","East",619,"","11000619",0.52,"County","Straight and Grade","Blacktop","Wet","Daylight","Overcast","None","None",NA,"At","NULL","ESTATES BLVD","NULL","","NULL",40,25,40.21053,-74.70351,"No","CURB AT NORTH EAST CORNER OF INTERSECTION","418",435289.414741,501670.700599,NA,"DVRPC",0,"Moderate Injury",10150413
3442046,"2010110310-28826","10-28826",2010,"MERCER","Hamilton Twp (Mercer Co)","2010-07-10","Saturday","July","16:48:00",1,"HAMILTON TWP PD (MERCER)","",0,0,0,0,0,"Property Damage","At Intersection","No","No","Right Angle",2,"ROUTE 533","NULL",533,"","00000533",5.91,"County","Straight and Level","Blacktop","Dry","Daylight","Clear","Painted Median","None",NA,"At","NULL","HUGHES DR","NULL","","NULL",40,35,40.26846,-74.67238,"No","'USE WALK' SIGN AND GUARDRAIL DAMAGED (COUNTY NOTIFIED)","402",444024.850826,522751.353268,NA,"DVRPC",0,"PDO",10144562
3442048,"2010110310-28924","10-28924",2010,"MERCER","Hamilton Twp (Mercer Co)","2010-07-11","Sunday","July","09:05:00",1,"HAMILTON TWP PD (MERCER)","",0,0,0,0,0,"Property Damage","At Intersection","No","No","Right Angle",2,"MERCER COUNTY 614","NULL",614,"","11000614",0.32,"County","Straight and Level","Blacktop","Dry","Daylight","Clear","None","None",NA,"At","NULL","EAST STATE ST.","NULL","","NULL",25,35,40.23343,-74.73206,"No","","429",427336.784081,510030.789021,NA,"DVRPC",0,"PDO",10152647
3442049,"2010110310-28927","10-28927",2010,"MERCER","Hamilton Twp (Mercer Co)","2010-07-11","Sunday","July","09:47:00",1,"HAMILTON TWP PD (MERCER)","",0,0,0,0,0,"Property Damage","Not At Intersection","No","No","Struck Parked Vehicle",2,"MERCER COUNTY 606","NULL",606,"","11000606",3.12,"County","Straight and Level","Blacktop","Dry","Dark (Street Lights On/ continuous)","Clear","None","None",200,"Foot","East","SALEM PL","NULL","","NULL",35,25,40.23049,-74.70469,"No","","402",434976.332245,508939.71761,NA,"DVRPC",0,"PDO",10144560
3442051,"2010110310-29051","10-29051",2010,"MERCER","Hamilton Twp (Mercer Co)","2010-07-12","Monday","July","11:03:00",1,"HAMILTON TWP PD (MERCER)","",0,0,1,0,0,"Injury","At Intersection","No","No","Right Angle",2,"NJ 33","NULL",33,"","00000033",1.54,"State Highway","Straight and Level","Blacktop","Dry","Daylight","Clear","None","None",NA,"At","NULL","MASSACHUSETTS AVE","NULL","","NULL",30,25,40.22634,-74.73234,"No","","381",427251.799826,507448.784893,NA,"DVRPC",0,"Pain",10144559
3442055,"2010110310-29120","10-29120",2010,"MERCER","Hamilton Twp (Mercer Co)","2010-07-12","Monday","July","21:21:00",1,"HAMILTON TWP PD (MERCER)","",0,0,3,0,0,"Injury","At Intersection","No","No","Opposite Direction - Head On/Angular",2,"ROUTE 533","South",533,"","00000533",2.7,"County","Straight and Level","Blacktop","Wet","Dark (Street Lights On/ continuous)","Rain","Curbed Median","None",NA,"At","NULL","KLOCKNER RD","NULL","","NULL",40,35,40.22493,-74.68709,"No","","398",439885.226951,506903.84795,NA,"DVRPC",0,"Pain",10144556
3442056,"2010110310-29125","10-29125",2010,"MERCER","Hamilton Twp (Mercer Co)","2010-07-12","Monday","July","21:57:00",1,"HAMILTON TWP PD (MERCER)","",0,0,0,0,0,"Property Damage","Not At Intersection","No","No","Opposite Direction - Head On/Angular",2,"ROUTE 524","East",524,"","00000524",1.27,"County","Straight and Level","Blacktop","Wet","Dark (Street Lights On/ continuous)","Rain","Curbed Median","None",500,"Foot","West","BOULEVARD / KIM VALLEY RD","NULL","","NULL",40,25,40.18531,-74.68178,"No","","460",441338.829905,492468.168026,NA,"DVRPC",0,"PDO",10150419
3442057,"2010110310-29196","10-29196",2010,"MERCER","Hamilton Twp (Mercer Co)","2010-07-13","Tuesday","July","12:06:00",1,"HAMILTON TWP PD (MERCER)","",0,0,0,0,0,"Property Damage","Not At Intersection","No","No","Same Direction - Rear End",2,"NJ 33","West",33,"","00000033",5.22,"State Highway","Straight and Level","Blacktop","Dry","Daylight","Clear","None","None",50,"Foot","West","HERBERT AVE","NULL","","NULL",40,25,40.22839,-74.66644,"No","","418",445652.972197,508153.461995,NA,"DVRPC",0,"PDO",10150415
3442058,"2010110310-29228","10-29228",2010,"MERCER","Hamilton Twp (Mercer Co)","2010-07-13","Tuesday","July","15:35:00",1,"HAMILTON TWP PD (MERCER)","",0,0,0,0,0,"Property Damage","Not At Intersection","No","No","Same Direction - Rear End",2,"US 130","North",130,"","00000130",60.41,"State Highway","Straight and Level","Concrete","Wet","Daylight","Rain","Grass Median","None",500,"Foot","South","CRSWKS-HMLT SQ RD / KLOCKNER RD","NULL","","NULL",55,35,40.19127,-74.6489,"No","","322",450528.353731,494624.282137,NA,"DVRPC",0,"PDO",10150424
3442061,"2010110310-29274?","10-29274?",2010,"MERCER","Hamilton Twp (Mercer Co)","2010-07-13","Tuesday","July","19:50:00",1,"HAMILTON TWP PD (MERCER)","",0,0,0,0,0,"Property Damage","Not At Intersection","No","No","Fixed Object",1,"US 130","South",130,"","00000130",61.63,"State Highway","Straight and Level","Blacktop","Wet","Daylight","Rain","Grass Median","None",10,"Foot","North","KUSER RD","NULL","","NULL",55,40,40.20422,-74.63331,"No","SIGN POST","322",454891.616789,499332.302666,NA,"DVRPC",0,"PDO",10150425
3442064,"2010110310-2929","10-2929",2010,"MERCER","Hamilton Twp (Mercer Co)","2010-01-20","Wednesday","January","16:43:00",1,"HAMILTON TWP PD (MERCER)","",0,0,0,0,0,"Property Damage","At Intersection","No","No","Right Angle",2,"MERCER COUNTY 622","North",622,"","11000622",1.27,"County","Straight and Level","Blacktop","Dry","Daylight","Clear","None","None",NA,"At","NULL","NEWKIRK AVE","NULL","","NULL",35,35,40.20964,-74.71877,"No","","418",431027.307146,501354.109369,NA,"DVRPC",0,"PDO",10006423
3442065,"2010110310-29332","10-29332",2010,"MERCER","Hamilton Twp (Mercer Co)","2010-07-14","Wednesday","July","07:49:00",1,"HAMILTON TWP PD (MERCER)","",0,0,2,0,0,"Injury","At Intersection","No","No","Encroachment",2,"NJ 33","NULL",33,"","00000033",2.63,"State Highway","Straight and Level","Blacktop","Wet","Daylight","Overcast","None","None",NA,"At","NULL","BUTTONWOOD ST","NULL","","NULL",40,25,40.23269,-74.71386,"No","","364",432418.31,509746.49,NA,"DVRPC",0,"Moderate Injury",10160059
3442068,"2010110310-2935","10-2935",2010,"MERCER","Hamilton Twp (Mercer Co)","2010-01-20","Wednesday","January","17:32:00",1,"HAMILTON TWP PD (MERCER)","",0,0,1,0,0,"Injury","Not At Intersection","No","No","Same Direction - Rear End",2,"NJ 33","NULL",33,"","00000033",6.27,"State Highway","Straight and Level","Blacktop","Dry","Dark (Street Lights On/ continuous)","Clear","None","None",400,"Foot","West","GEORGE DYE RD","NULL","","NULL",45,25,40.22336,-74.64767,"No","","364",450890.056428,506310.716875,NA,"DVRPC",0,"Pain",10008895
3442071,"2010110310-29461","10-29461",2010,"MERCER","Hamilton Twp (Mercer Co)","2010-07-15","Thursday","July","06:17:00",1,"HAMILTON TWP PD (MERCER)","",0,0,1,0,0,"Injury","Not At Intersection","No","No","Fixed Object",1,"NJ 129","South",129,"","00000129",0.09,"State Highway","Curve and Grade","Blacktop","Dry","Daylight","Clear","None","None",500,"Foot","East","LAMBERTON ST","NULL","","NULL",25,25,40.18531,-74.74656,"No","","441",423241.479864,492511.425545,NA,"DVRPC",0,"Moderate Injury",10150420
3442072,"2010110310-29496","10-29496",2010,"MERCER","Hamilton Twp (Mercer Co)","2010-07-15","Thursday","July","12:01:00",1,"HAMILTON TWP PD (MERCER)","",0,0,0,0,0,"Property Damage","Not At Intersection","No","No","Same Direction - Rear End",2,"NJ 33","NULL",33,"","00000033",2.6,"State Highway","Straight and Level","Blacktop","Dry","Daylight","Clear","None","None",175,"Foot","West","BUTTONWOOD ST","NULL","","NULL",40,25,40.23265,-74.71444,"No","","364",432255.666441,509732.672007,NA,"DVRPC",0,"PDO",10160060