"ID","DOT_WEB_ID","CASE_NUMBER","CRASH_YEAR","COUNTY","MUNICIPALITY","CRASH_DATE","CRASH_DAY_OF_WEEK","CRASH_MONTH","CRASH_TIME","POLICE_DEPT_CODE","POLICE_DEPARTMENT","POLICE_STATION","TOTAL_KILLED","TOTAL_INCAPACITATED","TOTAL_INJURED","PEDESTRIANS_KILLED","PEDESTRIANS_INJURED","SEVERITY","INTERSECTION","ALCOHOL_INVOLVED","HAZMAT_INVOLVED","CRASH_TYPE","TOTAL_VEHICLES_INVOLVED","CRASH_LOCATION","LOCATION_DIRECTION","ROUTE","ROUTE_SUFFIX","SRI","MILEPOST","ROAD_SYSTEM","ROAD_CHARACTER","ROAD_SURFACE_TYPE","SURFACE_CONDITION","LIGHT_CONDITION","ENVIRONMENTAL_CONDITION","ROAD_DIVIDED_BY","TEMP_TRAFFIC_CONTROL_ZONE","DISTANCE_TO_CROSS_STREET","UNIT_OF_MEASUREMENT","DIRECTION_FROM_CROSS_STREET","CROSS_STREET_NAME","IS_RAMP","RAMP_TO_FROM_ROUTE_NAME","RAMP_TO_FROM_ROUTE_DIRECTION","POSTED_SPEED","POSTED_SPEED_CROSS_STREET","LATITUDE","LONGITUDE","CELL_PHONE_IN_USE","OTHER_PROPERTY_DAMAGE","REPORTING_BADGE_NO","X","Y","CRASH_NARRATIVE","MPO","TOTAL_PEDESTRIANS_INVOLVED","EPDO","DLN"
3442073,"2010110310-29515","10-29515",2010,"MERCER","Hamilton Twp (Mercer Co)","2010-07-15","Thursday","July","14:35:00",1,"HAMILTON TWP PD (MERCER)","",0,0,3,0,0,"Injury","Not At Intersection","No","No","Same Direction - Rear End",3,"NJ 33","NULL",33,"","00000033",5.48,"State Highway","Straight and Level","Blacktop","Dry","Daylight","Clear","Painted Median","None",100,"Foot","West","YARDVILLE-HAMILTON SQUARE RD","NULL","","NULL",40,40,40.22724,-74.66174,"No","","302",446965.018745,507731.859044,NA,"DVRPC",0,"Pain",10150421
3442074,"2010110310-29521","10-29521",2010,"MERCER","Hamilton Twp (Mercer Co)","2010-07-15","Thursday","July","15:08:00",1,"HAMILTON TWP PD (MERCER)","",0,0,0,0,0,"Property Damage","Not At Intersection","No","No","Same Direction - Side Swipe",2,"ROUTE 533","South",533,"","00000533",2.05,"County","Straight and Level","Blacktop","Dry","Daylight","Clear","None","None",500,"Foot","South","CYPRESS LA","NULL","","NULL",40,35,40.2159,-74.69008,"No","","384",439043.107059,503615.21336,NA,"DVRPC",0,"PDO",10163236
3442075,"2010110310-29524","10-29524",2010,"MERCER","Hamilton Twp (Mercer Co)","2010-07-15","Thursday","July","15:38:00",1,"HAMILTON TWP PD (MERCER)","HAMILTON",0,0,0,0,0,"Property Damage","Not At Intersection","No","No","Same Direction - Rear End",2,"S CLINTON AVE","South",NA,"","11031969",0.87,"Municipal","Straight and Level","Blacktop","Dry","Daylight","Clear","None","None",10,"Foot","North","IRVINGTON PL.","NULL","","NULL",35,25,40.1956,-74.71861,"No","","457",431059.167756,496241.83279,NA,"DVRPC",0,"PDO",10150422
3442076,"2010110310-29549","10-29549",2010,"MERCER","Hamilton Twp (Mercer Co)","2010-07-15","Thursday","July","18:34:00",1,"HAMILTON TWP PD (MERCER)","",0,0,2,0,0,"Injury","At Intersection","No","No","Right Angle",2,"NJ 33","NULL",33,"","00000033",1.88,"State Highway","Straight and Level","Blacktop","Dry","Daylight","Clear","None","None",NA,"At","NULL","BROMELY AVE","NULL","","NULL",35,25,40.22893,-74.72686,"No","","422",428784.859367,508386.687899,NA,"DVRPC",0,"Pain",10152648
3442077,"2010110310-29571","10-29571",2010,"MERCER","Hamilton Twp (Mercer Co)","2010-07-15","Thursday","July","21:05:00",1,"HAMILTON TWP PD (MERCER)","",0,0,0,0,0,"Property Damage","Not At Intersection","No","No","Same Direction - Rear End",2,"KLOCKNER RD","North",NA,"","11031996",1.82,"Municipal","Straight and Level","Blacktop","Dry","Dark (Street Lights On/ continuous)","Clear","None","None",30,"Foot","South","CR 606","NULL","","NULL",35,35,40.18039,-74.64511,"No","","384",451581.088402,490658.060692,NA,"DVRPC",0,"PDO",10163237
3442079,"2010110310-29622","10-29622",2010,"MERCER","Hamilton Twp (Mercer Co)","2010-07-16","Friday","July","08:50:00",1,"HAMILTON TWP PD (MERCER)","",0,0,0,0,0,"Property Damage","At Intersection","No","No","Encroachment",2,"KLOCKNER RD","North",NA,"","11031996",0.51,"Municipal","Straight and Level","Blacktop","Dry","Daylight","Clear","None","None",NA,"At","South","STULTS AVE.","NULL","","NULL",35,25,40.19854,-74.64958,"No","","418",450343.99777,497273.051159,NA,"DVRPC",0,"PDO",10152650
3442081,"2010110310-29677","10-29677",2010,"MERCER","Hamilton Twp (Mercer Co)","2010-07-16","Friday","July","15:04:00",1,"HAMILTON TWP PD (MERCER)","",0,0,1,0,0,"Injury","Not At Intersection","No","No","Same Direction - Rear End",2,"ROUTE 533","North",533,"","00000533",0.47,"County","Straight and Level","Blacktop","Dry","Daylight","Clear","Painted Median","None",10,"Foot","South","ORCHARD AVE","NULL","","NULL",35,25,40.1947,-74.70135,"No","NO OTHER DAMAGE","437",435877.64,495900.83,NA,"DVRPC",0,"Pain",10152651
3442085,"2010110310-29807","10-29807",2010,"MERCER","Hamilton Twp (Mercer Co)","2010-07-17","Saturday","July","10:01:00",1,"HAMILTON TWP PD (MERCER)","",0,0,1,0,0,"Injury","Not At Intersection","No","No","Same Direction - Rear End",2,"MERCER COUNTY 622","NULL",622,"","11000622",1.02,"County","Straight and Level","Blacktop","Dry","Daylight","Clear","None","None",5,"Foot","West","VOLUSIA AVE","NULL","","NULL",35,25,40.20797,-74.71459,"No","","402",432190.87,500742.63,NA,"DVRPC",0,"Pain",10152655
3442087,"2010110310-29837","10-29837",2010,"MERCER","Hamilton Twp (Mercer Co)","2010-07-17","Saturday","July","13:37:00",1,"HAMILTON TWP PD (MERCER)","",0,0,0,0,0,"Property Damage","Not At Intersection","No","No","Same Direction - Rear End",2,"KLOCKNER RD","West",NA,"","11031976",3.82,"Municipal","Straight and Level","Blacktop","Dry","Daylight","Clear","None","None",10,"Foot","East","WHITEHORSE HAMILTON SQ RD","NULL","","NULL",35,40,40.2191,-74.67295,"No","","447",443830.729093,504773.9231,NA,"DVRPC",0,"PDO",10152660
3442088,"2010110310-29879","10-29879",2010,"MERCER","Hamilton Twp (Mercer Co)","2010-07-17","Saturday","July","19:03:00",1,"HAMILTON TWP PD (MERCER)","",0,0,1,0,0,"Injury","At Intersection","No","No","Pedalcyclist",1,"INDEPENDENCE AVE","NULL",NA,"","11031981",0.28,"Municipal","Straight and Level","Blacktop","Dry","Daylight","Clear","None","None",NA,"At","NULL","WEDGE AVE","NULL","","NULL",25,25,40.19103,-74.72234,"No","","965",430011.482005,494579.023997,NA,"DVRPC",0,"Moderate Injury",10152656
3442089,"2010110310-29938","10-29938",2010,"MERCER","Hamilton Twp (Mercer Co)","2010-07-17","Saturday","July","23:42:00",1,"HAMILTON TWP PD (MERCER)","",0,0,0,0,0,"Property Damage","At Intersection","No","No","Opposite Direction - Head On/Angular",2,"US 206","North",206,"","00000206",38.9,"State Highway","Straight and Level","Blacktop","Dry","Dark (Street Lights On/ continuous)","Clear","None","NULL",NA,"At","NULL","","NULL","","NULL",40,NA,40.18829,-74.70497,"No","","441",434862.230466,493567.477802,NA,"DVRPC",0,"PDO",10152657
3442095,"2010110310-30108","10-30108",2010,"MERCER","Hamilton Twp (Mercer Co)","2010-07-19","Monday","July","10:59:00",1,"HAMILTON TWP PD (MERCER)","",0,0,0,0,0,"Property Damage","Not At Intersection","No","No","Same Direction - Side Swipe",2,"NJ 33","West",33,"","00000033",2.11,"State Highway","Straight and Level","Blacktop","Dry","Daylight","Clear","None","None",150,"Foot","West","WARD AVE","NULL","","NULL",30,25,40.23068,-74.72315,"No","NONE","302",429822.96,509022.3,NA,"DVRPC",0,"PDO",10152662
3442099,"2010110310-3017","10-3017",2010,"MERCER","Hamilton Twp (Mercer Co)","2010-01-21","Thursday","January","08:43:00",1,"HAMILTON TWP PD (MERCER)","",0,0,0,0,0,"Property Damage","Not At Intersection","No","No","Same Direction - Rear End",2,"CYPRESS LN","East",NA,"","11031810",0.6,"Municipal","Straight at Hillcrest","Blacktop","Dry","Daylight","Clear","None","None",100,"Foot","West","ROCKWOOD AVE","NULL","","NULL",35,25,40.22169,-74.70308,"No","","384",435419.02,505733.65,NA,"DVRPC",0,"PDO",10008893
3442100,"2010110310-30175","10-30175",2010,"MERCER","Hamilton Twp (Mercer Co)","2010-07-23","Friday","July","07:32:00",1,"HAMILTON TWP PD (MERCER)","",0,0,0,0,0,"Property Damage","Not At Intersection","No","No","Same Direction - Rear End",2,"US 206","NULL",206,"","00000206",38.88,"State Highway","Straight and Level","Blacktop","Dry","Daylight","Clear","None","None",50,"Foot","West","ROUTE 533 / WHITEHORSE AVE","NULL","","NULL",35,35,40.18804,-74.70478,"No","","465",434915.207935,493479.390576,NA,"DVRPC",0,"PDO",10160061
3442113,"2010110310-30423","10-30423",2010,"MERCER","Hamilton Twp (Mercer Co)","2010-07-21","Wednesday","July","11:44:00",1,"HAMILTON TWP PD (MERCER)","",0,0,2,0,0,"Injury","At Intersection","No","No","Right Angle",2,"S CLINTON AVE","West",NA,"","11031969",1.16,"Municipal","Straight and Level","Blacktop","Dry","Daylight","Clear","None","None",NA,"At","NULL","E. PARK AVE","NULL","","NULL",35,25,40.19764,-74.72343,"No","TRAFFIC LIGHT STANDARD","407",429713.72,496988.67,NA,"DVRPC",0,"Pain",10160055
3442117,"2010110310-30550","10-30550",2010,"MERCER","Hamilton Twp (Mercer Co)","2010-07-22","Thursday","July","08:13:00",1,"HAMILTON TWP PD (MERCER)","",0,0,2,0,0,"Injury","At Intersection","No","No","Right Angle",3,"US 206","East",206,"","00000206",39.79,"Municipal","Straight and Level","Blacktop","Dry","Daylight","Clear","Curbed Median","None",NA,"At","NULL","IRVINGTON PL / OLDFIELD RD","NULL","","NULL",35,NA,40.19444,-74.71975,"No","","450",430738.307853,495817.299716,NA,"DVRPC",0,"Pain",10160064
3442118,"2010110310-3056","10-3056",2010,"MERCER","Hamilton Twp (Mercer Co)","2010-01-21","Thursday","January","12:56:00",1,"HAMILTON TWP PD (MERCER)","",0,0,4,0,0,"Injury","Not At Intersection","No","No","Encroachment",2,"ROUTE 533","South",533,"","00000533",4.38,"County","Straight and Level","Blacktop","Dry","Daylight","Clear","None","None",75,"Foot","South","FLOCK RD / SLOANE AVE","NULL","","NULL",40,40,40.24875,-74.68523,"No","NONE","270",440421.87,515581.66,NA,"DVRPC",0,"Moderate Injury",10006421
3442122,"2010110310-30645","10-30645",2010,"MERCER","Hamilton Twp (Mercer Co)","2010-07-22","Thursday","July","17:32:00",1,"HAMILTON TWP PD (MERCER)","",0,0,0,0,0,"Property Damage","Not At Intersection","No","No","Same Direction - Rear End",2,"FLOCK RD","East",NA,"","11031986",1.09,"Municipal","Straight and Level","Blacktop","Dry","Daylight","Clear","None","None",100,"Foot","West","DOUGLAS AVE","NULL","","NULL",45,25,40.24959,-74.68754,"No","","418",439727.616147,515904.25953,NA,"DVRPC",0,"PDO",10160057
3442123,"2010110310-30646","10-30646",2010,"MERCER","Hamilton Twp (Mercer Co)","2010-07-22","Thursday","July","17:35:00",1,"HAMILTON TWP PD (MERCER)","",0,0,0,0,0,"Property Damage","Not At Intersection","No","No","Struck Parked Vehicle",3,"CYPRESS LN","NULL",NA,"","11031810",1.36,"Municipal","Curve and Level","Blacktop","Dry","Daylight","Clear","None","None",200,"Foot","West","WHITEHORSE-HAMILTON SQ RD","NULL","","NULL",35,40,40.21868,-74.68933,"No","","381",439255.53,504629.79,NA,"DVRPC",0,"PDO",10163239
3442125,"2010110310-30684","10-30684",2010,"MERCER","Hamilton Twp (Mercer Co)","2010-07-22","Thursday","July","23:04:00",1,"HAMILTON TWP PD (MERCER)","",0,0,0,0,0,"Property Damage","Not At Intersection","No","No","Right Angle",2,"US 130","South",130,"","00000130",60.51,"State Highway","Straight and Level","Blacktop","Dry","Dark (Street Lights On/ continuous)","Clear","None","None",75,"Foot","North","CRSWKS-HMLT SQ RD / KLOCKNER RD","NULL","","NULL",50,40,40.19217,-74.64742,"No","","438",450941.718406,494949.072891,NA,"DVRPC",0,"PDO",10160058
3442126,"2010110310-30773","10-30773",2010,"MERCER","Hamilton Twp (Mercer Co)","2010-07-23","Friday","July","14:14:00",1,"HAMILTON TWP PD (MERCER)","",0,0,0,0,0,"Property Damage","At Intersection","No","No","Fixed Object",2,"ROUTE 533","South",533,"","00000533",5.66,"County","Straight and Level","Blacktop","Dry","Daylight","Overcast","None","None",NA,"At","NULL","COLONY DR","NULL","","NULL",45,25,40.26514,-74.67423,"No","UTILITY POLE GUIDE LINES FOR POLE 71945HM","407",443503.781193,521545.446774,NA,"DVRPC",0,"PDO",10163240
3442127,"2010110310-30774","10-30774",2010,"MERCER","Hamilton Twp (Mercer Co)","2010-07-23","Friday","July","10:19:00",1,"HAMILTON TWP PD (MERCER)","",0,0,0,0,0,"Property Damage","Not At Intersection","No","No","Same Direction - Rear End",3,"ROUTE 533","NULL",533,"","00000533",0.13,"County","Straight and Level","Blacktop","Dry","Daylight","Clear","None","None",10,"Foot","South","S CLINTON AVE","NULL","","NULL",35,NA,40.19017,-74.70378,"No","","370",435196.14,494253.1,NA,"DVRPC",0,"PDO",10168780
3442128,"2010110310-30776","10-30776",2010,"MERCER","Hamilton Twp (Mercer Co)","2010-07-23","Friday","July","14:22:00",1,"HAMILTON TWP PD (MERCER)","",0,0,0,0,0,"Property Damage","Not At Intersection","No","No","Right Angle",2,"US 206","NULL",206,"","00000206",38.89,"State Highway","Straight and Level","Blacktop","Dry","Daylight","Clear","Curbed Median","None",5,"Foot","East","ROUTE 533 / WHITEHORSE AVE","NULL","","NULL",35,25,40.18815,-74.70483,"No","","388",434901.77,493517.45,NA,"DVRPC",0,"PDO",10160066
3442129,"2010110310-30778","10-30778",2010,"MERCER","Hamilton Twp (Mercer Co)","2010-07-23","Friday","July","14:47:00",1,"HAMILTON TWP PD (MERCER)","",0,0,0,0,0,"Property Damage","Not At Intersection","No","No","Same Direction - Rear End",2,"ROUTE 533","NULL",533,"","00000533",5.68,"County","Straight and Level","Blacktop","Dry","Daylight","Clear","None","Incident Zone",100,"Foot","North","COLONY DR","NULL","","NULL",40,25,40.26541,-74.67409,"No","","364",443545.55821,521642.353043,NA,"DVRPC",0,"PDO",10160067
3442130,"2010110310-30794","10-30794",2010,"MERCER","Hamilton Twp (Mercer Co)","2010-07-23","Friday","July","16:14:00",1,"HAMILTON TWP PD (MERCER)","",0,0,0,0,0,"Property Damage","Not At Intersection","No","No","Opposite Direction - Head On/Angular",2,"US 206","NULL",206,"","00000206",38.9,"State Highway","Curve and Level","Blacktop","Dry","Daylight","Clear","Curbed Median","None",50,"Foot","East","ROUTE 533 / WHITEHORSE AVE","NULL","","NULL",40,35,40.18829,-74.70497,"No","","381",434862.230466,493567.477802,NA,"DVRPC",0,"PDO",10163241
3442132,"2010110310-30838","10-30838",2010,"MERCER","Hamilton Twp (Mercer Co)","2010-07-23","Friday","July","20:14:00",1,"HAMILTON TWP PD (MERCER)","",0,0,0,0,0,"Property Damage","At Intersection","No","No","Same Direction - Rear End",2,"ROUTE 533","NULL",533,"","00000533",3.73,"County","Straight and Level","Blacktop","Dry","Daylight","Clear","None","None",NA,"At","NULL","WHITTENBON AVE","NULL","","NULL",40,25,40.23974,-74.68826,"No","","381",439571.055016,512301.511762,NA,"DVRPC",0,"PDO",10170225
3442136,"2010110310-30964","10-30964",2010,"MERCER","Hamilton Twp (Mercer Co)","2010-07-24","Saturday","July","16:38:00",1,"HAMILTON TWP PD (MERCER)","",0,1,3,0,0,"Injury","At Intersection","No","No","Right Angle",3,"NJ 33","NULL",33,"","00000033",1.8,"State Highway","Straight and Level","Blacktop","Dry","Daylight","Clear","None","None",NA,"At","NULL","JOHNSTON AVE","NULL","","NULL",30,25,40.22832,-74.72815,"No","","364",428425.377682,508167.391672,NA,"DVRPC",0,"Incapacitating Injury",10163243
3442143,"2010110310-31085","10-31085",2010,"MERCER","Hamilton Twp (Mercer Co)","2010-07-25","Sunday","July","14:17:00",1,"HAMILTON TWP PD (MERCER)","",0,0,1,0,0,"Injury","Not At Intersection","Yes","No","Opposite Direction - Head On/Angular",3,"HAMILTON SQUARE-WHITEHORSE RD","South",NA,"","11031988",3.05,"Municipal","Straight and Level","Blacktop","Dry","Daylight","Clear","None","None",10,"Foot","North","WHITEHORSE AVE","NULL","","NULL",40,35,40.19699,-74.70013,"No","STRUCTURAL DAMAGE TO 502 WHITEHORSE AVE & LIGHT STANDARD DOWN","414",436222.47,496733.69,NA,"DVRPC",0,"Pain",10163244
3442146,"2010110310-31124","10-31124",2010,"MERCER","Hamilton Twp (Mercer Co)","2010-07-25","Sunday","July","20:23:00",1,"HAMILTON TWP PD (MERCER)","",0,0,0,0,0,"Property Damage","At Intersection","No","No","Opposite Direction - Head On/Angular",2,"ROUTE 524","NULL",524,"","00000524",1.91,"County","Straight and Level","Blacktop","Dry","Daylight","Clear","None","None",NA,"At","NULL","CR 609/CR 672/S BROAD ST/YARDVILLE-","NULL","","NULL",35,35,40.17982,-74.67244,"No","","347",443943.66,490463.35,NA,"DVRPC",0,"PDO",10160078
3442148,"2010110310-31196","10-31196",2010,"MERCER","Hamilton Twp (Mercer Co)","2010-07-26","Monday","July","10:40:00",1,"HAMILTON TWP PD (MERCER)","",0,0,2,0,0,"Injury","Not At Intersection","No","No","Opposite Direction - Head On/Angular",3,"ROUTE 533","North",533,"","00000533",5.91,"County","Straight and Level","Blacktop","Dry","Daylight","Clear","None","None",NA,"NULL","NULL","HUGHES DR","NULL","","NULL",35,35,40.26846,-74.67238,"No","","462",444024.850826,522751.353268,NA,"DVRPC",0,"Pain",10163245
3442149,"2010110310-31203","10-31203",2010,"MERCER","Hamilton Twp (Mercer Co)","2010-07-26","Monday","July","11:45:00",1,"HAMILTON TWP PD (MERCER)","",0,0,0,0,0,"Property Damage","At Intersection","No","No","Right Angle",2,"ROUTE 535","West",535,"","00000535",3.51,"County","Straight and Level","Blacktop","Dry","Daylight","Clear","None","None",NA,"At","NULL","STEINER AVE","NULL","","NULL",35,25,40.23712,-74.6865,"No","","407",439948.756738,511295.037301,NA,"DVRPC",0,"PDO",10160079
3442152,"2010110310-31219","10-31219",2010,"MERCER","Hamilton Twp (Mercer Co)","2010-07-26","Monday","July","13:27:00",1,"HAMILTON TWP PD (MERCER)","",0,0,0,0,0,"Property Damage","Not At Intersection","No","No","Backing",2,"US 130","NULL",130,"","00000130",61.96,"State Highway","Straight and Grade","Blacktop","Dry","Daylight","Clear","None","None",NA,"Foot","North","","NULL","","NULL",25,NA,40.20796,-74.62941,"No","","370",455980.899887,500693.8478,NA,"DVRPC",0,"PDO",10163256
3442153,"2010110310-31244","10-31244",2010,"MERCER","Hamilton Twp (Mercer Co)","2010-07-26","Monday","July","16:42:00",1,"HAMILTON TWP PD (MERCER)","",0,0,2,0,0,"Injury","At Intersection","No","No","Right Angle",2,"S CLINTON AVE","West",NA,"","11031969",0.18,"Municipal","Straight and Level","Blacktop","Dry","Daylight","Clear","None","None",NA,"At","NULL","COLONIAL AVE","NULL","","NULL",35,25,40.19115,-74.70693,"No","TOWNSHIP OF HAMILTON STREET SIGN FOR S. CLINTON AVE OF 77","426",434316.722127,494613.476771,NA,"DVRPC",0,"Moderate Injury",10163246
3442158,"2010110310-31315","10-31315",2010,"MERCER","Hamilton Twp (Mercer Co)","2010-07-27","Tuesday","July","08:04:00",1,"HAMILTON TWP PD (MERCER)","?",0,0,0,0,0,"Property Damage","Not At Intersection","No","No","Same Direction - Rear End",2,"SWEETBRIAR AVE","West",NA,"","11031995",0.15,"Municipal","Straight and Grade","Blacktop","Dry","Daylight","Clear","None","Incident Zone",70,"Foot","East","SANDALWOOD AVE","NULL","","NULL",40,25,40.25039,-74.71257,"No","NONE","330",NA,NA,NA,"DVRPC",0,"PDO",10170220
3442159,"2010110310-3132","10-3132",2010,"MERCER","Hamilton Twp (Mercer Co)","2010-01-21","Thursday","January","22:33:00",1,"HAMILTON TWP PD (MERCER)","",0,0,0,0,0,"Property Damage","At Intersection","No","No","Same Direction - Rear End",2,"ROUTE 524","NULL",524,"","00000524",0,"County","Curve and Level","Concrete","Dry","Dark (Street Lights On/ continuous)","Clear","None","None",NA,"At","NULL","CR 533","NULL","","NULL",40,35,40.18807,-74.70499,"No","","425",434856.07,493488.18,NA,"DVRPC",0,"PDO",10008892
3442161,"2010110310-31397","10-31397",2010,"MERCER","Hamilton Twp (Mercer Co)","2010-07-27","Tuesday","July","16:36:00",1,"HAMILTON TWP PD (MERCER)","",0,0,0,0,0,"Property Damage","Not At Intersection","No","No","Struck Parked Vehicle",2,"HEMPSTEAD RD","South",NA,"","11031987",0.33,"Municipal","Straight and Level","Blacktop","Dry","Daylight","Clear","None","None",300,"Foot","North","PATRICIA LN.","NULL","","NULL",25,25,40.19227,-74.69309,"No","","384",438185.73,495012,NA,"DVRPC",0,"PDO",10163249
3442163,"2010110310-31478","10-31478",2010,"MERCER","Hamilton Twp (Mercer Co)","2010-07-28","Wednesday","July","08:23:00",1,"HAMILTON TWP PD (MERCER)","",0,0,0,0,0,"Property Damage","Not At Intersection","No","No","Backing",2,"MERCER ST","NULL",NA,"","11031036",0.17,"Municipal","Straight and Level","Blacktop","Dry","Daylight","Overcast","None","None",200,"Foot","North","COMPTON WAY","NULL","","NULL",25,25,40.23527,-74.65351,"No","","364",449267.33,510653.35,NA,"DVRPC",0,"PDO",10163251
3442164,"2010110310-31480","10-31480",2010,"MERCER","Hamilton Twp (Mercer Co)","2010-07-28","Wednesday","July","08:25:00",1,"HAMILTON TWP PD (MERCER)","",0,0,0,0,0,"Property Damage","Not At Intersection","No","No","Backing",2,"LIBERTY ST","East",NA,"","11112004",2.01,"Municipal","Straight and Level","Blacktop","Dry","Daylight","Clear","None","None",25,"Foot","East","JOHNSTON AVE","NULL","","NULL",25,25,40.22127,-74.72242,"No","","418",430017.373668,505595.281818,NA,"DVRPC",0,"PDO",10163250
3442168,"2010110310-3154","10-3154",2010,"MERCER","Hamilton Twp (Mercer Co)","2010-01-22","Friday","January","07:08:00",1,"HAMILTON TWP PD (MERCER)","",0,0,1,0,0,"Injury","Not At Intersection","No","No","Opposite Direction - Side Swipe",2,"MERCER COUNTY 618","West",618,"","11000618",0.69,"County","Straight and Level","Blacktop","Dry","Dawn","Clear","None","None",50,"Foot","West","EVERGREEN AVE.","NULL","","NULL",40,25,40.23351,-74.67562,"No","SEE PAGE #2","270",443094.220972,510023.207381,NA,"DVRPC",0,"Moderate Injury",10010051
3442170,"2010110310-31573","10-31573",2010,"MERCER","Hamilton Twp (Mercer Co)","2010-07-28","Wednesday","July","20:10:00",1,"HAMILTON TWP PD (MERCER)","",0,0,0,0,0,"Property Damage","Not At Intersection","No","No","Same Direction - Rear End",2,"ROUTE 533","NULL",533,"","00000533",5.57,"County","Straight and Level","Blacktop","Dry","Dusk","Clear","None","None",50,"Foot","North","YOUNGS RD","NULL","","NULL",40,25,40.26396,-74.6749,"No","","322",443318.432489,521113.551531,NA,"DVRPC",0,"PDO",10173861
3442171,"2010110310-31643","10-31643",2010,"MERCER","Hamilton Twp (Mercer Co)","2010-07-29","Thursday","July","11:18:00",1,"HAMILTON TWP PD (MERCER)","?",0,0,0,0,0,"Property Damage","Not At Intersection","No","No","Fixed Object",1,"US 130","South",130,"","00000130",59.99,"State Highway","Straight and Level","Blacktop","Dry","Daylight","Clear","Curbed Median","None",2700,"Foot","South","CRSWKS-HMLT SQ RD / KLOCKNER RD","NULL","","NULL",55,35,40.18744,-74.65508,"No","NONE","330",448798.862871,493229.524373,NA,"DVRPC",0,"PDO",10170222
3442172,"2010110310-31652","10-31652",2010,"MERCER","Hamilton Twp (Mercer Co)","2010-07-29","Thursday","July","12:22:00",1,"HAMILTON TWP PD (MERCER)","",0,0,0,0,0,"Property Damage","Not At Intersection","No","No","Same Direction - Rear End",2,"US 130","NULL",130,"","00000130",61,"State Highway","Curve and Level","Blacktop","Dry","Daylight","Clear","Grass Median","None",10,"Foot","South","HORIZON BLVD","NULL","","NULL",NA,35,40.19708,-74.64076,"No","","381",452806.719629,496734.18257,NA,"DVRPC",0,"PDO",10188141
3442174,"2010110310-31685","10-31685",2010,"MERCER","Hamilton Twp (Mercer Co)","2010-07-29","Thursday","July","16:09:00",1,"HAMILTON TWP PD (MERCER)","",0,0,0,0,0,"Property Damage","Not At Intersection","No","No","Right Angle",2,"US 206","North",206,"","00000206",38.89,"State Highway","Straight and Level","Blacktop","Dry","Daylight","Clear","None","None",10,"Foot","South","ROUTE 533 / WHITEHORSE AVE","NULL","","NULL",35,35,40.18815,-74.70483,"No","","438",434901.77,493517.45,NA,"DVRPC",0,"PDO",10163253
3442176,"2010110310-31740","10-31740",2010,"MERCER","Hamilton Twp (Mercer Co)","2010-07-30","Friday","July","00:13:00",1,"HAMILTON TWP PD (MERCER)","",0,0,1,0,0,"Injury","At Intersection","Yes","No","Fixed Object",1,"NJ 33","NULL",33,"","00000033",3.57,"State Highway","Straight and Level","Blacktop","Dry","Dark (Street Lights On/ continuous)","Clear","Painted Median","None",NA,"At","NULL","CONCORD AVE","NULL","","NULL",40,25,40.23419,-74.69619,"No","LIGHT STANDARD @ CONCORD/NOTTINGHAM UTILITY POLE #6289/HM BUILDING WINDOW TO 25","440",437350.786747,510283.727959,NA,"DVRPC",0,"Moderate Injury",10167245
3442178,"2010110310-31751","10-31751",2010,"MERCER","Hamilton Twp (Mercer Co)","2010-07-30","Friday","July","06:48:00",1,"HAMILTON TWP PD (MERCER)","",0,0,0,0,0,"Property Damage","Not At Intersection","No","No","Struck Parked Vehicle",2,"ROUTE 535","NULL",535,"","00000535",0.27,"County","Straight and Level","Blacktop","Dry","Daylight","Clear","None","None",75,"Foot","East","NORWAY AVE","NULL","","NULL",25,25,40.23126,-74.73275,"No","","381",427041.820042,509141.428038,NA,"DVRPC",0,"PDO",10188152
3442180,"2010110310-31782","10-31782",2010,"MERCER","Hamilton Twp (Mercer Co)","2010-07-30","Friday","July","10:03:00",1,"HAMILTON TWP PD (MERCER)","",0,0,0,0,0,"Property Damage","At Intersection","No","No","Right Angle",2,"ROUTE 533","NULL",533,"","00000533",2.14,"County","Straight and Level","Blacktop","Dry","Daylight","Clear","None","None",NA,"At","NULL","CYPRESS LA","NULL","","NULL",45,35,40.21709,-74.68931,"No","","381",439259.31,504049.3,NA,"DVRPC",0,"PDO",10188318
3442181,"2010110310-31802","10-31802",2010,"MERCER","Hamilton Twp (Mercer Co)","2010-07-30","Friday","July","13:17:00",1,"HAMILTON TWP PD (MERCER)","",0,0,0,0,0,"Property Damage","At Intersection","No","No","Right Angle",2,"MERCER COUNTY 618","NULL",618,"","11000618",0.51,"County","Straight and Level","Blacktop","Dry","Daylight","Clear","None","None",NA,"At","NULL","MARSHALL AVE","NULL","","NULL",35,25,40.2343,-74.67888,"No","","381",442186.002753,510313.846015,NA,"DVRPC",0,"PDO",10188317
3442184,"2010110310-31822","10-31822",2010,"MERCER","Hamilton Twp (Mercer Co)","2010-07-30","Friday","July","16:20:00",1,"HAMILTON TWP PD (MERCER)","",0,0,1,0,0,"Injury","Not At Intersection","No","No","Right Angle",2,"US 130","South",130,"","00000130",60.39,"State Highway","Straight and Level","Blacktop","Dry","Daylight","Clear","Grass Median","None",600,"Foot","South","CRSWKS-HMLT SQ RD / KLOCKNER RD","NULL","","NULL",55,35,40.19109,-74.64919,"No","4X4 WOOD BORDER LANDSCAPING 630 RT 130 HAMILTON TWP NJ","511",450446.191009,494557.742941,NA,"DVRPC",0,"Pain",10170229
3442186,"2010110310-31857","10-31857",2010,"MERCER","Hamilton Twp (Mercer Co)","2010-07-30","Friday","July","19:31:00",1,"HAMILTON TWP PD (MERCER)","",0,0,1,0,0,"Injury","Not At Intersection","Yes","No","Fixed Object",1,"NJ 33","NULL",33,"","00000033",4.21,"State Highway","Straight and Level","Blacktop","Dry","Daylight","Clear","None","None",500,"Foot","West","SHADY LN","NULL","","NULL",40,25,40.23284,-74.68466,"No","PSE AND G POLE 67003HM","322",440570.17572,509784.778983,NA,"DVRPC",0,"Pain",10163262