"ID","DOT_WEB_ID","CASE_NUMBER","CRASH_YEAR","COUNTY","MUNICIPALITY","CRASH_DATE","CRASH_DAY_OF_WEEK","CRASH_MONTH","CRASH_TIME","POLICE_DEPT_CODE","POLICE_DEPARTMENT","POLICE_STATION","TOTAL_KILLED","TOTAL_INCAPACITATED","TOTAL_INJURED","PEDESTRIANS_KILLED","PEDESTRIANS_INJURED","SEVERITY","INTERSECTION","ALCOHOL_INVOLVED","HAZMAT_INVOLVED","CRASH_TYPE","TOTAL_VEHICLES_INVOLVED","CRASH_LOCATION","LOCATION_DIRECTION","ROUTE","ROUTE_SUFFIX","SRI","MILEPOST","ROAD_SYSTEM","ROAD_CHARACTER","ROAD_SURFACE_TYPE","SURFACE_CONDITION","LIGHT_CONDITION","ENVIRONMENTAL_CONDITION","ROAD_DIVIDED_BY","TEMP_TRAFFIC_CONTROL_ZONE","DISTANCE_TO_CROSS_STREET","UNIT_OF_MEASUREMENT","DIRECTION_FROM_CROSS_STREET","CROSS_STREET_NAME","IS_RAMP","RAMP_TO_FROM_ROUTE_NAME","RAMP_TO_FROM_ROUTE_DIRECTION","POSTED_SPEED","POSTED_SPEED_CROSS_STREET","LATITUDE","LONGITUDE","CELL_PHONE_IN_USE","OTHER_PROPERTY_DAMAGE","REPORTING_BADGE_NO","X","Y","CRASH_NARRATIVE","MPO","TOTAL_PEDESTRIANS_INVOLVED","EPDO","DLN"
3442188,"2010110310-31903","10-31903",2010,"MERCER","Hamilton Twp (Mercer Co)","2010-07-31","Saturday","July","02:05:00",1,"HAMILTON TWP PD (MERCER)","",0,0,0,0,0,"Property Damage","Not At Intersection","No","No","Same Direction - Rear End",2,"ROUTE 535","South",535,"","00000535",3.29,"County","Straight and Level","Blacktop","Dry","Dark (Street Lights On/ continuous)","Clear","None","None",20,"Foot","North","CR 652 / NOTTINGHAM WAY","NULL","","NULL",35,40,40.23583,-74.6903,"No","NONE","421",438902.591217,510966.509437,NA,"DVRPC",0,"PDO",10163263
3442190,"2010110310-32003","10-32003",2010,"MERCER","Hamilton Twp (Mercer Co)","2010-07-31","Saturday","July","21:31:00",1,"HAMILTON TWP PD (MERCER)","",0,0,0,0,0,"Property Damage","Not At Intersection","No","No","Struck Parked Vehicle",2,"HEMPSTEAD RD","North",NA,"","11031987",0.58,"Municipal","Straight and Level","Blacktop","Dry","NULL","Clear","None","None",30,"Foot","South","LYNNE DR","NULL","","NULL",25,25,40.1956,-74.69173,"No","","438",438565.997076,496224.80137,NA,"DVRPC",0,"PDO",10163265
3442191,"2010110310-32055","10-32055",2010,"MERCER","Hamilton Twp (Mercer Co)","2010-08-01","Sunday","August","04:37:00",1,"HAMILTON TWP PD (MERCER)","",0,0,1,0,0,"Injury","Not At Intersection","No","No","Fixed Object",1,"HAMILTON SQUARE-WHITEHORSE RD","North",NA,"","11031988",0.81,"Municipal","Straight and Level","Blacktop","Dry","Dark (Street Lights On/ continuous)","Clear","Painted Median","None",200,"Foot","North","BOW RD","NULL","","NULL",35,25,40.22092,-74.67158,"No","MINOR DAMAGE TO PSE & G POLE 68250HM","459",444214.679993,505435.822262,NA,"DVRPC",0,"Pain",10163266
3442196,"2010110310-32188","10-32188",2010,"MERCER","Hamilton Twp (Mercer Co)","2010-08-02","Monday","August","10:35:00",1,"HAMILTON TWP PD (MERCER)","",0,0,1,0,0,"Injury","Not At Intersection","No","No","Same Direction - Rear End",2,"NJ 33","NULL",33,"","00000033",4.11,"State Highway","Straight and Level","Blacktop","Dry","Daylight","Clear","None","None",200,"Foot","East","ROUTE 533 / WHITEHORSE MERCERVILLE","NULL","","NULL",35,NA,40.23331,-74.68646,"No","","361",440069.079501,509958.16795,NA,"DVRPC",0,"Pain",10169672
3442197,"2010110310-32241","10-32241",2010,"MERCER","Hamilton Twp (Mercer Co)","2010-08-02","Monday","August","16:23:00",1,"HAMILTON TWP PD (MERCER)","",0,0,0,0,0,"Property Damage","Not At Intersection","No","No","Same Direction - Rear End",2,"ROUTE 533","South",533,"","00000533",5.68,"County","Straight and Level","Blacktop","Dry","Daylight","Clear","None","None",100,"Foot","North","COLONY DR","NULL","","NULL",45,25,40.26541,-74.67409,"No","","407",443545.55821,521642.353043,NA,"DVRPC",0,"PDO",10170215
3442202,"2010110310-32322","10-32322",2010,"MERCER","Hamilton Twp (Mercer Co)","2010-08-03","Tuesday","August","07:39:00",1,"HAMILTON TWP PD (MERCER)","",0,0,1,0,0,"Injury","At Intersection","No","No","Right Angle",2,"NJ 33","NULL",33,"","00000033",1.75,"State Highway","Straight and Level","Blacktop","Dry","Daylight","Clear","None","None",NA,"At","NULL","NORWAY AVE","NULL","","NULL",30,25,40.22794,-74.72895,"No","","322",428199.186685,508028.742058,NA,"DVRPC",0,"Pain",10188134
3442205,"2010110310-32370","10-32370",2010,"MERCER","Hamilton Twp (Mercer Co)","2010-08-03","Tuesday","August","12:18:00",1,"HAMILTON TWP PD (MERCER)","",0,0,1,0,0,"Injury","Not At Intersection","No","No","Same Direction - Rear End",2,"ROUTE 533","South",533,"","00000533",1.2,"County","Straight and Level","Blacktop","Dry","Daylight","Clear","Painted Median","None",200,"Foot","North","CR 622 / OLDEN AVE","NULL","","NULL",40,NA,40.20454,-74.6961,"No","","392",437352.44,499484.1,NA,"DVRPC",0,"Pain",10170230
3442207,"2010110310-32392","10-32392",2010,"MERCER","Hamilton Twp (Mercer Co)","2010-08-03","Tuesday","August","14:47:00",1,"HAMILTON TWP PD (MERCER)","",0,0,0,0,0,"Property Damage","Not At Intersection","No","No","Right Angle",2,"HUGHES DR","North",NA,"","11031978",0.28,"Municipal","Straight and Level","Blacktop","Dry","Daylight","Clear","None","None",200,"Foot","South","APPLEGATE DR","NULL","","NULL",25,25,40.23783,-74.65771,"No","","451",448096.159803,511588.345888,NA,"DVRPC",0,"PDO",10170231
3442208,"2010110310-32489","10-32489",2010,"MERCER","Hamilton Twp (Mercer Co)","2010-08-04","Wednesday","August","01:02:00",1,"HAMILTON TWP PD (MERCER)","",0,0,0,0,0,"Property Damage","Not At Intersection","Yes","No","Struck Parked Vehicle",2,"NJ 33","NULL",33,"","00000033",1.49,"State Highway","Straight and Level","Blacktop","Dry","Dark (Street Lights On/ continuous)","Clear","None","None",15,"Foot","East","WOODLAWN AVE","NULL","","NULL",30,25,40.22596,-74.73315,"No","","429",427027.299456,507311.05238,NA,"DVRPC",0,"PDO",10170232
3442210,"2010110310-32573","10-32573",2010,"MERCER","Hamilton Twp (Mercer Co)","2010-08-04","Wednesday","August","15:47:00",1,"HAMILTON TWP PD (MERCER)","",0,0,0,0,0,"Property Damage","Not At Intersection","No","No","Backing",2,"ROUTE 535","East",535,"","00000535",0.31,"County","Straight and Level","Blacktop","Dry","Daylight","Clear","None","None",NA,"NULL","West","JOHNSTON AVE","NULL","","NULL",25,25,40.23171,-74.73218,"No","","403",427193.966675,509291.433342,NA,"DVRPC",0,"PDO",10170234
3442213,"2010110310-32677","10-32677",2010,"MERCER","Hamilton Twp (Mercer Co)","2010-08-05","Thursday","August","08:16:00",1,"HAMILTON TWP PD (MERCER)","",0,0,0,0,0,"Property Damage","At Intersection","No","No","Right Angle",2,"MERCER COUNTY 606","NULL",606,"","11000606",3.52,"County","Straight and Level","Blacktop","Dry","Daylight","Clear","None","None",NA,"At","NULL","SAYBROOK AVE","NULL","","NULL",35,25,40.23359,-74.69825,"No","","322",436777.219916,510064.358281,NA,"DVRPC",0,"PDO",10173859
3442214,"2010110310-32694","10-32694",2010,"MERCER","Hamilton Twp (Mercer Co)","2010-08-05","Thursday","August","10:23:00",1,"HAMILTON TWP PD (MERCER)","",0,0,1,0,0,"Injury","Not At Intersection","No","No","Same Direction - Rear End",2,"ROUTE 533","NULL",533,"","00000533",4.44,"County","Straight and Level","Blacktop","Dry","Daylight","Clear","None","None",250,"Foot","North","FLOCK RD / SLOANE AVE","NULL","","NULL",40,45,40.2495,-74.6847,"No","","322",440572.642562,515852.318444,NA,"DVRPC",0,"Pain",10173858
3442215,"2010110310-32717","10-32717",2010,"MERCER","Hamilton Twp (Mercer Co)","2010-08-05","Thursday","August","12:45:00",1,"HAMILTON TWP PD (MERCER)","",0,0,1,0,0,"Injury","Not At Intersection","No","No","Right Angle",2,"KUSER RD","West",NA,"","11031985",0,"Municipal","Straight and Level","Blacktop","Dry","Daylight","Clear","None","None",200,"Foot","West","WHITEHORSE-MERCERVILLE RD","NULL","","NULL",35,40,40.20733,-74.69458,"No","USPS MAIL DROP BOX WAS STRUCK BUT SUFFERED ONLY PAINT TRANSFER SCRAPES.","384",437780.13,500497.81,NA,"DVRPC",0,"Pain",10173856
3442218,"2010110310-32754","10-32754",2010,"MERCER","Hamilton Twp (Mercer Co)","2010-08-05","Thursday","August","17:06:00",1,"HAMILTON TWP PD (MERCER)","",0,0,0,0,0,"Property Damage","Not At Intersection","No","No","Struck Parked Vehicle",2,"S CLINTON AVE","East",NA,"","11031969",1.27,"Municipal","Straight and Level","Blacktop","Dry","Daylight","Clear","None","NULL",200,"Foot","West","MARY ST.","NULL","","NULL",35,25,40.19839,-74.72525,"No","","457",429205.358421,497259.941618,NA,"DVRPC",0,"PDO",10169670
3442220,"2010110310-3284","10-3284",2010,"MERCER","Hamilton Twp (Mercer Co)","2010-01-22","Friday","January","20:22:00",1,"HAMILTON TWP PD (MERCER)","",0,0,0,0,0,"Property Damage","Not At Intersection","No","No","Same Direction - Side Swipe",2,"ROUTE 535","North",535,"","00000535",0.44,"County","Straight and Level","Blacktop","Dry","Dark (Street Lights On/ continuous)","Overcast","None","None",20,"Foot","South","CR 614 / NOTTINGHAM WAY","NULL","","NULL",25,25,40.23339,-74.73061,"No","","402",427617.793054,509831.968561,NA,"DVRPC",0,"PDO",10008913
3442222,"2010110310-32875","10-32875",2010,"MERCER","Hamilton Twp (Mercer Co)","2010-08-06","Friday","August","10:58:00",1,"HAMILTON TWP PD (MERCER)","",0,0,2,0,0,"Injury","Not At Intersection","No","No","Same Direction - Rear End",3,"ROUTE 533","North",533,"","00000533",3.66,"County","Straight and Level","Blacktop","Dry","Daylight","Clear","None","None",75,"Foot","South","POLLMAN AVE","NULL","","NULL",35,25,40.23874,-74.68839,"No","","384",439533.580007,511934.618225,NA,"DVRPC",0,"Pain",10172893
3442224,"2010110310-3290","10-3290",2010,"MERCER","Hamilton Twp (Mercer Co)","2010-01-22","Friday","January","21:04:00",1,"HAMILTON TWP PD (MERCER)","",0,0,0,0,0,"Property Damage","Not At Intersection","No","No","Struck Parked Vehicle",2,"NEW CEDAR LANE","NULL",NA,"","11031993",0,"Municipal","Straight and Level","Blacktop","Dry","Dark (Street Lights On/ continuous)","Clear","None","None",50,"Foot","South","LAFAYETTE AVE","NULL","","NULL",25,25,40.19913,-74.73406,"No","","381",426746.01,497537.95,NA,"DVRPC",0,"PDO",10008912
3442227,"2010110310-32923","10-32923",2010,"MERCER","Hamilton Twp (Mercer Co)","2010-08-06","Friday","August","16:54:00",1,"HAMILTON TWP PD (MERCER)","",0,0,0,0,0,"Property Damage","Not At Intersection","No","No","Same Direction - Rear End",2,"NJ 33","NULL",33,"","00000033",1.71,"State Highway","Straight and Level","Blacktop","Dry","Daylight","Clear","None","None",200,"Foot","West","NORWAY AVE","NULL","","NULL",30,25,40.22763,-74.72961,"No","","364",428017.205892,507917.22065,NA,"DVRPC",0,"PDO",10173854
3442228,"2010110310-32931","10-32931",2010,"MERCER","Hamilton Twp (Mercer Co)","2010-08-06","Friday","August","17:37:00",1,"HAMILTON TWP PD (MERCER)","",0,0,1,0,0,"Injury","Not At Intersection","No","No","Pedalcyclist",1,"ROUTE 533","NULL",533,"","00000533",3.36,"County","Straight and Level","Blacktop","Dry","Daylight","Clear","None","None",300,"Foot","North","NJ 33","NULL","","NULL",35,40,40.23441,-74.68764,"No","","364",439739.15,510359.1,NA,"DVRPC",0,"Moderate Injury",10173853
3442230,"2010110310-32982","10-32982",2010,"MERCER","Hamilton Twp (Mercer Co)","2010-08-06","Friday","August","23:27:00",1,"HAMILTON TWP PD (MERCER)","",0,0,0,0,0,"Property Damage","At Intersection","Yes","No","Opposite Direction - Side Swipe",2,"MERCER COUNTY 622","North",622,"","11000622",2.05,"County","Straight and Level","Blacktop","Dry","Dark (Street Lights On/ continuous)","Clear","None","None",NA,"At","NULL","LIBERTY ST","NULL","","NULL",35,35,40.21671,-74.72982,"No","NONE","444",427946.371021,503938.749802,NA,"DVRPC",0,"PDO",10173857
3442238,"2010110310-33151","10-33151",2010,"MERCER","Hamilton Twp (Mercer Co)","2010-08-08","Sunday","August","10:15:00",1,"HAMILTON TWP PD (MERCER)","",0,0,0,0,0,"Property Damage","Not At Intersection","No","No","Same Direction - Rear End",2,"KUSER RD","NULL",NA,"","11031985",0.33,"Municipal","Straight and Level","Blacktop","Dry","Daylight","Clear","None","None",10,"Foot","West","WHITCHOISE-HAMILTON SQ RD","NULL","","NULL",35,40,40.20537,-74.6889,"No","","482",439363.925063,499779.986636,NA,"DVRPC",0,"PDO",10172895
3442239,"2010110310-33160","10-33160",2010,"MERCER","Hamilton Twp (Mercer Co)","2010-08-08","Sunday","August","11:55:00",1,"HAMILTON TWP PD (MERCER)","",0,0,3,0,0,"Injury","At Intersection","No","No","Right Angle",2,"NJ 156","West",156,"","00000156",0.49,"State Highway","Straight and Level","Blacktop","Dry","Daylight","Clear","None","None",NA,"At","NULL","CR 672 / S BROAD ST","NULL","","NULL",25,25,40.17835,-74.67054,"No","","451",444473.344332,489926.831451,NA,"DVRPC",0,"Pain",10173850
3442240,"2010110310-33169","10-33169",2010,"MERCER","Hamilton Twp (Mercer Co)","2010-08-08","Sunday","August","13:11:00",1,"HAMILTON TWP PD (MERCER)","",0,0,0,0,0,"Property Damage","At Intersection","No","No","Right Angle",2,"NJ 33","NULL",33,"","00000033",6.35,"State Highway","Straight and Level","Blacktop","Dry","Daylight","Clear","None","None",NA,"At","NULL","GEORGE DYE RD","NULL","","NULL",35,25,40.22297,-74.64624,"No","","451",451290.227405,506170.096115,NA,"DVRPC",0,"PDO",10173849
3442241,"2010110310-33185","10-33185",2010,"MERCER","Hamilton Twp (Mercer Co)","2010-08-08","Sunday","August","16:39:00",1,"HAMILTON TWP PD (MERCER)","",0,0,0,0,0,"Property Damage","Not At Intersection","No","No","Same Direction - Rear End",2,"ROUTE 533","South",533,"","00000533",3.52,"County","Straight and Level","Blacktop","Dry","Daylight","Clear","None","None",30,"Foot","North","ROUTE 535 / CR 618 / EDINBURG RD /","NULL","","NULL",25,35,40.23675,-74.68807,"No","","451",439620.66,511210.66,NA,"DVRPC",0,"PDO",10173848
3442243,"2010110310-33258","10-33258",2010,"MERCER","Hamilton Twp (Mercer Co)","2010-08-09","Monday","August","08:40:00",1,"HAMILTON TWP PD (MERCER)","",0,0,1,0,0,"Injury","At Intersection","No","No","Pedalcyclist",1,"KLOCKNER RD","NULL",NA,"","11031976",3.42,"Municipal","Straight and Level","Blacktop","Dry","Daylight","Clear","None","None",NA,"At","NULL","WHATLEY RD","NULL","","NULL",35,25,40.22174,-74.67965,"No","","302",441961.213949,505739.268219,NA,"DVRPC",0,"Pain",10172877
3442245,"2010110310-33304","10-33304",2010,"MERCER","Hamilton Twp (Mercer Co)","2010-08-09","Monday","August","12:40:00",1,"HAMILTON TWP PD (MERCER)","",0,0,2,0,0,"Injury","Not At Intersection","No","No","Same Direction - Rear End",3,"US 130","NULL",130,"","00000130",61.9,"State Highway","Straight and Level","Blacktop","Dry","Daylight","Clear","Grass Median","None",150,"Foot","South","S GOLD DR","NULL","","NULL",55,25,40.20728,-74.63013,"No","","302",455781.487446,500445.160457,NA,"DVRPC",0,"Pain",10173847
3442246,"2010110310-33413","10-33413",2010,"MERCER","Hamilton Twp (Mercer Co)","2010-08-10","Tuesday","August","07:08:00",1,"HAMMONTON PD","",0,0,0,0,0,"Property Damage","Not At Intersection","No","No","Same Direction - Rear End",2,"US 206","North",206,"","00000206",38.82,"State Highway","Straight and Grade","Blacktop","Dry","Daylight","Overcast","Curbed Median","None",300,"Foot","South","ROUTE 524 / S BROAD ST","NULL","","NULL",50,35,40.18718,-74.7047,"No","","364",434936.006479,493164.635146,NA,"DVRPC",0,"PDO",10172880
3442249,"2010110310-3347","10-3347",2010,"MERCER","Hamilton Twp (Mercer Co)","2010-01-23","Saturday","January","08:37:00",1,"HAMILTON TWP PD (MERCER)","P-3",0,0,0,0,0,"Property Damage","At Intersection","No","No","Right Angle",2,"ROUTE 535","North",535,"","00000535",0.31,"County","Straight and Level","Blacktop","Dry","Daylight","Clear","Painted Median","None",NA,"At","NULL","JOHNSTON AVE","NULL","","NULL",35,35,40.23171,-74.73218,"No","","374",427193.966675,509291.433342,NA,"DVRPC",0,"PDO",10008910
3442250,"2010110310-33502","10-33502",2010,"MERCER","Hamilton Twp (Mercer Co)","2010-08-10","Tuesday","August","18:17:00",1,"HAMILTON TWP PD (MERCER)","",0,0,0,0,0,"Property Damage","Not At Intersection","No","No","Same Direction - Side Swipe",2,"S CLINTON AVE","NULL",NA,"","11031969",1.12,"Municipal","Straight and Level","Blacktop","Dry","Daylight","Clear","None","None",200,"Foot","South","E. PARK AVE","NULL","","NULL",35,25,40.19736,-74.72273,"No","","361",429908.006717,496884.950881,NA,"DVRPC",0,"PDO",10172882
3442251,"2010110310-33505","10-33505",2010,"MERCER","Hamilton Twp (Mercer Co)","2010-08-10","Tuesday","August","18:34:00",1,"HAMILTON TWP PD (MERCER)","",0,0,0,0,0,"Property Damage","At Intersection","No","No","Right Angle",2,"FLOCK RD","NULL",NA,"","11031986",1.11,"Municipal","Straight and Level","Blacktop","Dry","Daylight","Clear","None","None",NA,"At","South","DOUGLAS AVE","NULL","","NULL",45,25,40.24968,-74.68791,"No","","469",439626.36,515938.2,NA,"DVRPC",0,"PDO",10172887
3442253,"2010110310-3354","10-3354",2010,"MERCER","Hamilton Twp (Mercer Co)","2010-01-23","Saturday","January","",1,"HAMILTON TWP PD (MERCER)","",0,0,0,0,0,"Property Damage","Not At Intersection","No","No","Struck Parked Vehicle",2,"ROUTE 535","West",535,"","00000535",0.44,"County","Straight and Level","Blacktop","Dry","Daylight","Clear","None","None",25,"Foot","North","CR 614 / NOTTINGHAM WAY","NULL","","NULL",25,25,40.23339,-74.73061,"No","","414",427617.793054,509831.968561,NA,"DVRPC",0,"PDO",10008909
3442255,"2010110310-33594","10-33594",2010,"MERCER","Hamilton Twp (Mercer Co)","2010-08-11","Wednesday","August","10:41:00",1,"HAMILTON TWP PD (MERCER)","",0,0,0,0,0,"Property Damage","Not At Intersection","No","No","Right Angle",2,"MERCER COUNTY 622","North",622,"","11000622",1.62,"County","Straight and Level","Blacktop","Dry","Daylight","Clear","None","None",100,"Foot","South","CEDAR LANE","NULL","","NULL",35,35,40.21189,-74.72472,"No","","418",429366.774188,502176.939748,NA,"DVRPC",0,"PDO",10172883
3442256,"2010110310-33626","10-33626",2010,"MERCER","Hamilton Twp (Mercer Co)","2010-08-11","Wednesday","August","14:09:00",1,"HAMILTON TWP PD (MERCER)","",0,0,0,0,0,"Property Damage","Not At Intersection","No","No","Struck Parked Vehicle",2,"MERCER COUNTY 672","NULL",672,"","11000672",1.36,"County","Straight and Level","Blacktop","Dry","Unknown","Clear","None","None",200,"Foot","East","PETTYRIDGE RD","NULL","","NULL",50,25,40.1706,-74.6624,"No","","302",446743.3,487100.85,NA,"DVRPC",0,"PDO",10172884
3442257,"2010110310-33644","10-33644",2010,"MERCER","Hamilton Twp (Mercer Co)","2010-08-11","Wednesday","August","16:28:00",1,"HAMILTON TWP PD (MERCER)","",0,0,0,0,0,"Property Damage","Not At Intersection","No","No","Same Direction - Rear End",2,"KLOCKNER RD","South",NA,"","11031996",1.83,"Municipal","Straight and Level","Blacktop","Dry","Daylight","Clear","None","None",25,"Foot","South","CR 606","NULL","","NULL",40,35,40.18025,-74.6451,"No","","384",451583.849689,490605.563968,NA,"DVRPC",0,"PDO",10172885
3442259,"2010110310-3374","10-3374",2010,"MERCER","Hamilton Twp (Mercer Co)","2010-01-23","Saturday","January","11:55:00",1,"HAMILTON TWP PD (MERCER)","",0,0,0,0,0,"Property Damage","At Intersection","No","No","Same Direction - Side Swipe",2,"MERCER COUNTY 618","West",618,"","11000618",0.48,"County","Straight and Level","Blacktop","Dry","Daylight","Clear","None","None",NA,"At","NULL","BIRTIN AVE","NULL","","NULL",40,25,40.23444,-74.67942,"No","","418",442034.154947,510362.747325,NA,"DVRPC",0,"PDO",10008908
3442260,"2010110310-33762","10-33762",2010,"MERCER","Hamilton Twp (Mercer Co)","2010-08-12","Thursday","August","12:56:00",1,"HAMILTON TWP PD (MERCER)","",0,0,0,0,0,"Property Damage","At Intersection","No","No","Left Turn / U Turn",2,"KUSER RD","North",NA,"","11031985",2.49,"Municipal","Curve and Level","Blacktop","Dry","Daylight","Overcast","None","None",NA,"At","NULL","KLOCKNER RD","NULL","","NULL",35,35,40.20588,-74.65088,"No","","407",449984.28,499945.63,NA,"DVRPC",0,"PDO",10172896
3442261,"2010110310-33783","10-33783",2010,"MERCER","Hamilton Twp (Mercer Co)","2010-08-12","Thursday","August","14:29:00",1,"HAMILTON TWP PD (MERCER)","",0,0,0,0,0,"Property Damage","At Intersection","No","No","Same Direction - Rear End",2,"SWEETBRIAR AVE","East",NA,"","11031995",0.39,"Municipal","Straight and Level","Blacktop","Wet","Daylight","Rain","None","None",NA,"At","NULL","RUTGERS AVE","NULL","","NULL",40,25,40.24945,-74.71699,"No","","418",NA,NA,NA,"DVRPC",0,"PDO",10172897
3442262,"2010110310-33785","10-33785",2010,"MERCER","Hamilton Twp (Mercer Co)","2010-08-12","Thursday","August","14:33:00",1,"HAMILTON TWP PD (MERCER)","",0,0,0,0,0,"Property Damage","At Intersection","No","No","Fixed Object",1,"YARDVILLE-HAMILTON SQ RD","North",NA,"","11031990",2.56,"Municipal","Straight and Level","Blacktop","Wet","Daylight","Rain","None","None",NA,"At","NULL","KLOCKNER RD","NULL","","NULL",35,35,40.21422,-74.66069,"No","","407",447249.741216,502989.287542,NA,"DVRPC",0,"PDO",10172898
3442263,"2010110310-33803","10-33803",2010,"MERCER","Hamilton Twp (Mercer Co)","2010-08-12","Thursday","August","17:26:00",1,"HAMILTON TWP PD (MERCER)","",0,0,0,0,0,"Property Damage","Not At Intersection","No","No","Same Direction - Rear End",2,"NJ 33","NULL",33,"","00000033",3.59,"State Highway","Straight and Level","Blacktop","Wet","Daylight","Rain","None","None",100,"Foot","East","CONCORD AVE","NULL","","NULL",35,NA,40.23427,-74.69584,"No","","361",437450.864573,510312.115173,NA,"DVRPC",0,"PDO",10172890
3442266,"2010110310-33812","10-33812",2010,"MERCER","Hamilton Twp (Mercer Co)","2010-08-12","Thursday","August","18:37:00",1,"HAMILTON TWP PD (MERCER)","",0,0,0,0,0,"Property Damage","Not At Intersection","No","No","Opposite Direction - Head On/Angular",2,"NJ 33","East",33,"","00000033",4.07,"State Highway","Straight and Level","Blacktop","Wet","Daylight","Rain","None","Utility Zone",20,"Foot","NULL","ROUTE 533 / WHITEHORSE MERCERVILLE","NULL","","NULL",35,40,40.23351,-74.68717,"No","","446",439869.16155,510028.297564,NA,"DVRPC",0,"PDO",10184140
3442269,"2010110310-3398","10-3398",2010,"MERCER","Hamilton Twp (Mercer Co)","2010-01-23","Saturday","January","14:47:00",1,"HAMILTON TWP PD (MERCER)","",0,0,0,0,0,"Property Damage","Not At Intersection","No","No","Encroachment",2,"MERCER COUNTY 622","North",622,"","11000622",1.62,"County","Straight and Level","Blacktop","Dry","Daylight","Clear","None","None",100,"Foot","South","CEDAR LN","NULL","","NULL",35,35,40.21189,-74.72472,"No","","418",429366.774188,502176.939748,NA,"DVRPC",0,"PDO",10008906
3442273,"2010110310-34099","10-34099",2010,"MERCER","Hamilton Twp (Mercer Co)","2010-08-14","Saturday","August","21:43:00",1,"HAMILTON TWP PD (MERCER)","",0,0,0,0,0,"Property Damage","Not At Intersection","No","No","Right Angle",2,"MERCER COUNTY 606","NULL",606,"","11000606",1.83,"County","Straight and Level","Blacktop","Dry","Dark (Street Lights Off)","Clear","None","None",100,"Foot","North","NEWKIRK AVE","NULL","","NULL",30,25,40.22148,-74.72611,"No","","342",428988.441879,505673.313408,NA,"DVRPC",0,"PDO",10172901
3442278,"2010110310-34182","10-34182",2010,"MERCER","Hamilton Twp (Mercer Co)","2010-08-15","Sunday","August","13:02:00",1,"HAMILTON TWP PD (MERCER)","",0,0,0,0,0,"Property Damage","Not At Intersection","No","No","Same Direction - Rear End",2,"FLOCK RD","East",NA,"","11031986",1.02,"Municipal","Straight and Level","Blacktop","Dry","Daylight","Overcast","None","None",400,"Foot","East","CR 533","NULL","","NULL",25,35,40.24928,-74.68629,"No","","451",440080.166479,515788.374011,NA,"DVRPC",0,"PDO",10172903
3442280,"2010110310-34200","10-34200",2010,"MERCER","Hamilton Twp (Mercer Co)","2010-08-15","Sunday","August","16:25:00",1,"HAMILTON TWP PD (MERCER)","",0,0,0,0,0,"Property Damage","Not At Intersection","No","No","Same Direction - Rear End",2,"NJ 33","South",33,"","00000033",1.81,"State Highway","Straight and Level","Blacktop","Wet","Daylight","Rain","None","None",30,"Foot","North","JOHNSTON AVE","NULL","","NULL",25,25,40.2284,-74.72799,"No","","451",428469.394606,508194.077302,NA,"DVRPC",0,"PDO",10184145
3442281,"2010110310-34218","10-34218",2010,"MERCER","Hamilton Twp (Mercer Co)","2010-08-15","Sunday","August","19:57:00",1,"HAMILTON TWP PD (MERCER)","HAMILTON",0,0,1,0,1,"Injury","Not At Intersection","No","No","Pedestrian",1,"ROUTE 524","NULL",524,"","00000524",2.36,"County","Straight and Level","Blacktop","Wet","Dusk","Rain","None","None",100,"Foot","East","CLAREDON AVE","NULL","","NULL",40,NA,40.1776,-74.66429,"No","","423",446220.956839,489651.246361,NA,"DVRPC",1,"Moderate Injury",10172904
3442282,"2010110310-34292","10-34292",2010,"MERCER","Hamilton Twp (Mercer Co)","2010-08-16","Monday","August","10:25:00",1,"HAMILTON TWP PD (MERCER)","",0,0,0,0,0,"Property Damage","At Intersection","No","No","Right Angle",2,"S CLINTON AVE","NULL",NA,"","11031969",0.5,"Municipal","Straight and Level","Blacktop","Dry","Daylight","Clear","None","None",NA,"At","NULL","FETTER AVE","NULL","","NULL",35,25,40.19302,-74.71251,"No","","322",432770.137143,495292.002857,NA,"DVRPC",0,"PDO",10188153
3442285,"2010110310-34328","10-34328",2010,"MERCER","Hamilton Twp (Mercer Co)","2010-08-16","Monday","August","14:27:00",1,"HAMILTON TWP PD (MERCER)","",0,0,1,0,0,"Injury","Not At Intersection","No","No","Struck Parked Vehicle",2,"MERCER COUNTY 606","North",606,"","11000606",1.56,"County","Straight and Level","Blacktop","Dry","Daylight","Clear","None","None",50,"Foot","South","PERRY AVE","NULL","","NULL",25,25,40.22019,-74.73097,"No","","451",427630.4,505207.89,NA,"DVRPC",0,"Moderate Injury",10184146
3442286,"2010110310-34333","10-34333",2010,"MERCER","Hamilton Twp (Mercer Co)","2010-08-16","Monday","August","14:48:00",1,"HAMILTON TWP PD (MERCER)","",0,0,0,0,0,"Property Damage","At Intersection","No","No","Right Angle",2,"MERCER COUNTY 619","NULL",619,"","11000619",1.46,"County","Straight and Level","Blacktop","Dry","Daylight","Clear","None","None",NA,"At","NULL","LEONARD AVE.","NULL","","NULL",35,25,40.22009,-74.71629,"No","","391",431727.327353,505159.207636,NA,"DVRPC",0,"PDO",10184198
3442289,"2010110310-3436","10-3436",2010,"MERCER","Hamilton Twp (Mercer Co)","2010-01-23","Saturday","January","20:24:00",1,"HAMILTON TWP PD (MERCER)","",0,0,1,0,0,"Injury","At Intersection","No","No","Right Angle",2,"US 206","NULL",206,"","00000206",38.89,"State Highway","Straight and Level","Blacktop","Dry","Dark (Street Lights On/ continuous)","Clear","Curbed Median","None",NA,"At","NULL","CR 533","NULL","","NULL",40,NA,40.18815,-74.70483,"No","","458",434901.77,493517.45,NA,"DVRPC",0,"Moderate Injury",10017899