"ID","DOT_WEB_ID","CASE_NUMBER","CRASH_YEAR","COUNTY","MUNICIPALITY","CRASH_DATE","CRASH_DAY_OF_WEEK","CRASH_MONTH","CRASH_TIME","POLICE_DEPT_CODE","POLICE_DEPARTMENT","POLICE_STATION","TOTAL_KILLED","TOTAL_INCAPACITATED","TOTAL_INJURED","PEDESTRIANS_KILLED","PEDESTRIANS_INJURED","SEVERITY","INTERSECTION","ALCOHOL_INVOLVED","HAZMAT_INVOLVED","CRASH_TYPE","TOTAL_VEHICLES_INVOLVED","CRASH_LOCATION","LOCATION_DIRECTION","ROUTE","ROUTE_SUFFIX","SRI","MILEPOST","ROAD_SYSTEM","ROAD_CHARACTER","ROAD_SURFACE_TYPE","SURFACE_CONDITION","LIGHT_CONDITION","ENVIRONMENTAL_CONDITION","ROAD_DIVIDED_BY","TEMP_TRAFFIC_CONTROL_ZONE","DISTANCE_TO_CROSS_STREET","UNIT_OF_MEASUREMENT","DIRECTION_FROM_CROSS_STREET","CROSS_STREET_NAME","IS_RAMP","RAMP_TO_FROM_ROUTE_NAME","RAMP_TO_FROM_ROUTE_DIRECTION","POSTED_SPEED","POSTED_SPEED_CROSS_STREET","LATITUDE","LONGITUDE","CELL_PHONE_IN_USE","OTHER_PROPERTY_DAMAGE","REPORTING_BADGE_NO","X","Y","CRASH_NARRATIVE","MPO","TOTAL_PEDESTRIANS_INVOLVED","EPDO","DLN"
3442290,"2010110310-34364","10-34364",2010,"MERCER","Hamilton Twp (Mercer Co)","2010-08-16","Monday","August","19:29:00",1,"HAMILTON TWP PD (MERCER)","",0,0,0,0,0,"Property Damage","Not At Intersection","No","No","Same Direction - Rear End",2,"NJ 33","West",33,"","00000033",1.64,"State Highway","Straight and Level","Blacktop","Dry","Daylight","Clear","None","None",20,"Foot","East","CONNECTICUT AVE","NULL","","NULL",30,25,40.2271,-74.73073,"No","","425",427703.929688,507725.248002,NA,"DVRPC",0,"PDO",10184147
3442292,"2010110310-34397","10-34397",2010,"MERCER","Hamilton Twp (Mercer Co)","2010-08-17","Tuesday","August","00:35:00",1,"HAMILTON TWP PD (MERCER)","",0,0,1,0,0,"Injury","Not At Intersection","No","No","Struck Parked Vehicle",2,"ROUTE 524","West",524,"","00000524",0.14,"County","Straight and Level","Blacktop","Wet","Dark (Street Lights On/ continuous)","Rain","Painted Median","None",100,"Foot","West","LACY AVE / PEBBLE CREEK DR","NULL","","NULL",35,25,40.18819,-74.70227,"No","","440",435615.940616,493529.616326,NA,"DVRPC",0,"Pain",10184148
3442294,"2010110310-34436","10-34436",2010,"MERCER","Hamilton Twp (Mercer Co)","2010-08-17","Tuesday","August","11:24:00",1,"HAMILTON TWP PD (MERCER)","",0,0,1,0,0,"Injury","Not At Intersection","No","No","Right Angle",2,"ROUTE 533","NULL",533,"","00000533",3.25,"County","Straight and Level","Blacktop","Dry","Daylight","Clear","None","None",250,"Foot","South","NJ 33","NULL","","NULL",35,40,40.23285,-74.68723,"No","","322",439851.516,509788.4,NA,"DVRPC",0,"Pain",10188150
3442295,"2010110310-34449","10-34449",2010,"MERCER","Hamilton Twp (Mercer Co)","2010-08-17","Tuesday","August","13:16:00",1,"HAMILTON TWP PD (MERCER)","",0,0,0,0,0,"Property Damage","At Intersection","No","No","Right Angle",2,"S CLINTON AVE","East",NA,"","11031969",0.61,"Municipal","Straight and Grade","Blacktop","Dry","Daylight","Clear","None","None",NA,"At","NULL","THROPP AVE","NULL","","NULL",35,25,40.19377,-74.71431,"No","","407",432258.188506,495572.121465,NA,"DVRPC",0,"PDO",10184200
3442300,"2010110310-34762","10-34762",2010,"MERCER","Hamilton Twp (Mercer Co)","2010-08-19","Thursday","August","11:49:00",1,"HAMILTON TWP PD (MERCER)","",0,0,0,0,0,"Property Damage","Not At Intersection","No","No","Same Direction - Rear End",4,"NJ 33","NULL",33,"","00000033",5.24,"State Highway","Straight and Level","Blacktop","Dry","Daylight","Clear","None","None",500,"Foot","West","WHITEHORSE-HAMILTON SQUARE RD","NULL","","NULL",40,35,40.2283,-74.66608,"No","","322",445754.041511,508120.990096,NA,"DVRPC",0,"PDO",10188133
3442302,"2010110310-34786","10-34786",2010,"MERCER","Hamilton Twp (Mercer Co)","2010-08-19","Thursday","August","14:25:00",1,"HAMILTON TWP PD (MERCER)","",0,0,1,0,0,"Injury","At Intersection","No","No","Same Direction - Side Swipe",2,"NJ 33","NULL",33,"","00000033",1.8,"State Highway","Straight and Level","Blacktop","Dry","Daylight","Clear","Painted Median","None",NA,"At","NULL","JOHNSTON AVE","NULL","","NULL",35,25,40.22832,-74.72815,"No","","458",428425.377682,508167.391672,NA,"DVRPC",0,"Pain",10188125
3442303,"2010110310-34792","10-34792",2010,"MERCER","Hamilton Twp (Mercer Co)","2010-08-19","Thursday","August","14:58:00",1,"HAMILTON TWP PD (MERCER)","",0,0,1,0,0,"Injury","At Intersection","No","No","Right Angle",2,"MERCER COUNTY 622","North",622,"","11000622",1.89,"County","Straight and Level","Blacktop","Dry","Daylight","Clear","None","None",NA,"At","NULL","ELLWOOD ST","NULL","","NULL",30,25,40.21488,-74.72797,"No","STREET SIGN AT THE CORNER OF S. OLDEN AVE AND REDFERN ST.","418",428460.54,503268.9,NA,"DVRPC",0,"Moderate Injury",10184207
3442306,"2010110310-34827","10-34827",2010,"MERCER","Hamilton Twp (Mercer Co)","2010-07-30","Friday","July","16:42:00",1,"HAMILTON TWP PD (MERCER)","",0,0,0,0,0,"Property Damage","Not At Intersection","No","No","Same Direction - Rear End",2,"NJ 33","East",33,"","00000033",6.35,"State Highway","Straight and Level","Blacktop","Dry","Daylight","Clear","None","None",20,"Foot","West","GEORGE DYE RD","NULL","","NULL",45,25,40.22297,-74.64624,"No","","407",451290.227405,506170.096115,NA,"DVRPC",0,"PDO",10170213
3442310,"2010110310-34899","10-34899",2010,"MERCER","Hamilton Twp (Mercer Co)","2010-08-20","Friday","August","08:58:00",1,"HAMILTON TWP PD (MERCER)","",0,0,0,0,0,"Property Damage","Not At Intersection","No","No","Same Direction - Rear End",2,"KLOCKNER RD","NULL",NA,"","11031996",2.37,"Municipal","Straight and Level","Blacktop","Dry","Daylight","Clear","None","None",1000,"Foot","West","YARDVILLE HAMILTON SQ","NULL","","NULL",40,35,40.17253,-74.64625,"No","","322",451256.85,487796.73,NA,"DVRPC",0,"PDO",10188131
3442314,"2010110310-34955","10-34955",2010,"MERCER","Hamilton Twp (Mercer Co)","2010-08-20","Friday","August","15:38:00",1,"HAMILTON TWP PD (MERCER)","",0,0,0,0,0,"Property Damage","Not At Intersection","No","No","Fixed Object",1,"MERCER COUNTY 620","West",620,"","11000620",0.31,"County","Straight and Level","Blacktop","Dry","Daylight","Clear","None","None",20,"Foot","West","HEMPSTEAD","NULL","","NULL",35,25,40.19115,-74.69408,"No","UTILITY POLE 72198HM","426",437906.461868,494603.99751,NA,"DVRPC",0,"PDO",10188149
3442316,"2010110310-34960","10-34960",2010,"MERCER","Hamilton Twp (Mercer Co)","2010-08-20","Friday","August","16:19:00",1,"HAMILTON TWP PD (MERCER)","",0,0,0,0,0,"Property Damage","Not At Intersection","No","No","Same Direction - Rear End",2,"ROUTE 533","NULL",533,"","00000533",4.1,"County","Straight and Level","Blacktop","Dry","Daylight","Clear","None","None",10,"Foot","North","MACON DR","NULL","","NULL",40,25,40.245,-74.68702,"No","","370",439920.584615,514215.041879,NA,"DVRPC",0,"PDO",10188147
3442319,"2010110310-35095","10-35095",2010,"MERCER","Hamilton Twp (Mercer Co)","2010-08-21","Saturday","August","15:54:00",1,"HAMILTON TWP PD (MERCER)","",0,0,1,0,0,"Injury","Not At Intersection","No","No","Same Direction - Rear End",2,"HAMILTON SQUARE-WHITEHORSE RD","NULL",NA,"","11031988",2.23,"Municipal","Straight and Level","Blacktop","Dry","Daylight","Clear","None","None",10,"Foot","North","KUSER RD","NULL","","NULL",35,35,40.2052,-74.68885,"No","","381",439378.311038,499718.353265,NA,"DVRPC",0,"Pain",10188142
3442321,"2010110310-35210","10-35210",2010,"MERCER","Hamilton Twp (Mercer Co)","2010-08-22","Sunday","August","08:27:00",1,"HAMILTON TWP PD (MERCER)","",0,0,1,0,0,"Injury","Not At Intersection","No","No","Fixed Object",1,"NJ 33","NULL",33,"","00000033",4.6,"State Highway","Straight and Level","Blacktop","Wet","Daylight","Overcast","None","None",200,"Foot","West","EVERGREEN AVE","NULL","","NULL",40,25,40.23112,-74.67762,"No","MINOR DAMAGE TO POLE #HM70568 (PSE&G NOTIFIED)","402",442533.01622,509154.053435,NA,"DVRPC",0,"Moderate Injury",10188140
3442322,"2010110310-35220","10-35220",2010,"MERCER","Hamilton Twp (Mercer Co)","2010-08-22","Sunday","August","10:23:00",1,"HAMILTON TWP PD (ATLANTIC","",0,0,2,0,0,"Injury","Not At Intersection","No","No","Fixed Object",1,"MERCER COUNTY 619","NULL",619,"","11000619",1.75,"County","Straight and Grade","Blacktop","Wet","Daylight","Clear","None","None",NA,"NULL","NULL","","NULL","","NULL",NA,NA,40.22309,-74.7201,"No","","431",430667.37,506256.17,NA,"DVRPC",0,"Moderate Injury",10197070
3442323,"2010110310-35223","10-35223",2010,"MERCER","Hamilton Twp (Mercer Co)","2010-08-22","Sunday","August","10:45:00",1,"HAMILTON TWP PD (MERCER)","",0,0,1,0,0,"Injury","Not At Intersection","No","No","Fixed Object",2,"FLOCK RD","West",NA,"","11031986",2.08,"Municipal","Straight and Level","Blacktop","Wet","Daylight","Overcast","None","None",100,"Foot","East","KLOCKNER AVE","NULL","","NULL",45,30,40.25241,-74.70569,"No","","451",NA,NA,NA,"DVRPC",0,"Moderate Injury",10188139
3442324,"2010110310-35265","10-35265",2010,"MERCER","Hamilton Twp (Mercer Co)","2010-08-22","Sunday","August","17:03:00",1,"HAMILTON TWP PD (MERCER)","",0,0,0,0,0,"Property Damage","At Intersection","No","No","Right Angle",2,"NJ 33","East",33,"","00000033",5.5,"State Highway","Straight and Level","Blacktop","Wet","Daylight","Overcast","Painted Median","None",NA,"At","NULL","YARDVILLE-HAMILTON SQUARE RD","NULL","","NULL",40,NA,40.22715,-74.66138,"No","","450",447065.43,507699.495,NA,"DVRPC",0,"PDO",10188137
3442325,"2010110310-35286","10-35286",2010,"MERCER","Hamilton Twp (Mercer Co)","2010-08-22","Sunday","August","20:45:00",1,"HAMILTON TWP PD (MERCER)","",0,0,0,0,0,"Property Damage","At Intersection","No","No","Opposite Direction - Head On/Angular",2,"MERCER COUNTY 622","NULL",622,"","11000622",1.64,"County","Straight and Level","Blacktop","Wet","Dark (Street Lights On/ continuous)","Clear","None","None",NA,"At","NULL","CEDAR LN.","NULL","","NULL",35,35,40.21202,-74.72506,"No","NONE","468",429271.88,502227.42,NA,"DVRPC",0,"PDO",10188136
3442328,"2010110310-35352","10-35352",2010,"MERCER","Hamilton Twp (Mercer Co)","2010-08-23","Monday","August","11:09:00",1,"HAMILTON TWP PD (MERCER)","",0,0,0,0,0,"Property Damage","At Intersection","No","No","Same Direction - Side Swipe",2,"MERCER COUNTY 620","North",620,"","11000620",2.13,"County","Curve and Level","Blacktop","Dry","Daylight","Clear","None","None",NA,"At","NULL","CR 622","NULL","","NULL",35,35,40.20839,-74.71545,"No","","330",431953.47,500896.86,NA,"DVRPC",0,"PDO",10188123
3442330,"2010110310-35364","10-35364",2010,"MERCER","Hamilton Twp (Mercer Co)","2010-08-23","Monday","August","12:20:00",1,"HAMILTON TWP PD (MERCER)","",0,0,0,0,0,"Property Damage","At Intersection","No","No","Right Angle",2,"MERCER COUNTY 606","NULL",606,"","11000606",2.98,"County","Straight and Level","Blacktop","Dry","Daylight","Clear","None","None",NA,"At","NULL","KLOCKNER RD","NULL","","NULL",35,35,40.22939,-74.70694,"No","","381",434345.741601,508543.087326,NA,"DVRPC",0,"PDO",10197609
3442333,"2010110310-35382","10-35382",2010,"MERCER","Hamilton Twp (Mercer Co)","2010-08-23","Monday","August","14:31:00",1,"HAMILTON TWP PD (MERCER)","",0,0,0,0,0,"Property Damage","At Intersection","No","No","Same Direction - Rear End",2,"NJ 33","East",33,"","00000033",1.7,"State Highway","Straight and Level","Blacktop","Wet","Daylight","Rain","None","None",NA,"At","NULL","LYNWOOD AVE","NULL","","NULL",30,25,40.22756,-74.72977,"No","","418",427971.891767,507889.145448,NA,"DVRPC",0,"PDO",10188129
3442334,"2010110310-35407","10-35407",2010,"MERCER","Hamilton Twp (Mercer Co)","2010-08-23","Monday","August","18:07:00",1,"HAMILTON TWP PD (MERCER)","",0,0,0,0,0,"Property Damage","Not At Intersection","No","No","Same Direction - Side Swipe",2,"MERCER COUNTY 620","NULL",620,"","11000620",1.97,"County","Straight and Level","Blacktop","Wet","Daylight","Rain","None","None",150,"Foot","East","CENTRAL AVE.","NULL","","NULL",35,25,40.20623,-74.71448,"No","","391",432220.583324,500109.043485,NA,"DVRPC",0,"PDO",10188122
3442335,"2010110310-35415","10-35415",2010,"MERCER","Hamilton Twp (Mercer Co)","2010-08-23","Monday","August","20:14:00",1,"HAMILTON TWP PD (MERCER)","",0,0,1,0,1,"Injury","Not At Intersection","No","No","Pedestrian",1,"ROUTE 533","North",533,"","00000533",3.3,"County","Straight and Level","Blacktop","Wet","Dark (Street Lights On/ continuous)","Rain","None","None",3,"Foot","North","NJ 33","NULL","","NULL",35,40,40.23356,-74.68739,"No","","430",439809.12,510049.15,NA,"DVRPC",1,"Pain",10188121
3442337,"2010110310-35508","10-35508",2010,"MERCER","Hamilton Twp (Mercer Co)","2010-08-24","Tuesday","August","12:20:00",1,"HAMILTON TWP PD (MERCER)","",0,0,1,0,0,"Injury","Not At Intersection","No","No","Right Angle",2,"FLOCK RD","NULL",NA,"","11031986",1.91,"Municipal","Straight and Level","Blacktop","Dry","Daylight","Clear","None","None",800,"Foot","West","KLOCKNER RD","NULL","","NULL",45,35,40.25189,-74.70254,"No","","381",NA,NA,NA,"DVRPC",0,"Moderate Injury",10197608
3442338,"2010110310-35527","10-35527",2010,"MERCER","Hamilton Twp (Mercer Co)","2010-08-24","Tuesday","August","14:31:00",1,"HAMILTON TWP PD (MERCER)","",0,0,0,0,0,"Property Damage","At Intersection","No","No","Same Direction - Rear End",2,"ROUTE 533","NULL",533,"","00000533",2.7,"County","Straight and Level","Blacktop","Wet","Daylight","Rain","Curbed Median","None",NA,"At","NULL","KLOCKNER RD","NULL","","NULL",45,45,40.22493,-74.68709,"No","","302",439885.226951,506903.84795,NA,"DVRPC",0,"PDO",10188119
3442340,"2010110310-35547","10-35547",2010,"MERCER","Hamilton Twp (Mercer Co)","2010-08-24","Tuesday","August","17:30:00",1,"HAMILTON TWP PD (MERCER)","",0,0,1,0,0,"Injury","At Intersection","No","No","Right Angle",2,"NJ 33","East",33,"","00000033",3.61,"State Highway","Straight and Level","Blacktop","Wet","Daylight","Rain","Painted Median","None",NA,"At","NULL","CRESCENT AVE","NULL","","NULL",40,25,40.23435,-74.69547,"No","","466",437553.565664,510341.423534,NA,"DVRPC",0,"Pain",10188117
3442341,"2010110310-35550","10-35550",2010,"MERCER","Hamilton Twp (Mercer Co)","2010-08-24","Tuesday","August","17:41:00",1,"HAMILTON TWP PD (MERCER)","",0,0,0,0,0,"Property Damage","At Intersection","No","No","Same Direction - Side Swipe",2,"US 206","North",206,"","00000206",38.89,"State Highway","Curve and Level","Blacktop","Wet","Dusk","Overcast","Curbed Median","None",NA,"At","NULL","ROUTE 533 / WHITEHORSE AVE","NULL","","NULL",35,35,40.18815,-74.70483,"No","","450",434901.77,493517.45,NA,"DVRPC",0,"PDO",10188115
3442342,"2010110310-3565","10-3565",2010,"MERCER","Hamilton Twp (Mercer Co)","2010-01-24","Sunday","January","20:27:00",1,"HAMILTON TWP PD (MERCER)","",0,0,1,0,1,"Injury","At Intersection","No","No","Pedestrian",1,"YARDVILLE-HAMILTON SQ RD","South",NA,"","11031990",0.12,"Municipal","Straight and Level","Blacktop","Wet","Dark (Street Lights On/ continuous)","Rain","None","None",NA,"At","NULL","LOCUST AVENUE","NULL","","NULL",35,25,40.18151,-74.67207,"No","","330",444047.928886,491080.238875,NA,"DVRPC",1,"Moderate Injury",10037775
3442344,"2010110310-35667","10-35667",2010,"MERCER","Hamilton Twp (Mercer Co)","2010-08-25","Wednesday","August","15:15:00",1,"HAMILTON TWP PD (MERCER)","",0,0,0,0,0,"Property Damage","Not At Intersection","No","No","Same Direction - Rear End",2,"ROUTE 524","NULL",524,"","00000524",2.09,"County","Straight and Level","Blacktop","Dry","Daylight","Clear","None","None",15,"Foot","West","NJ 156","NULL","","NULL",35,45,40.17889,-74.66924,"No","","448",444837.77,490122.44,NA,"DVRPC",0,"PDO",10188114
3442345,"2010110310-35668","10-35668",2010,"MERCER","Hamilton Twp (Mercer Co)","2010-08-25","Wednesday","August","15:17:00",1,"HAMILTON TWP PD (MERCER)","",0,0,0,0,0,"Property Damage","Not At Intersection","No","No","Opposite Direction - Head On/Angular",2,"ROUTE 533","South",533,"","00000533",3.53,"County","Straight and Level","Blacktop","Dry","Daylight","Overcast","None","None",100,"Foot","North","ROUTE 535 / CR 618 / EDINBURG RD /","NULL","","NULL",35,25,40.23688,-74.68809,"No","","451",439614.586686,511257.96985,NA,"DVRPC",0,"PDO",10188113
3442347,"2010110310-35748","10-35748",2010,"MERCER","Hamilton Twp (Mercer Co)","2010-08-26","Thursday","August","01:45:00",1,"HAMILTON TWP PD (MERCER)","",0,0,0,0,0,"Property Damage","Not At Intersection","Yes","No","Struck Parked Vehicle",2,"NJ 33","NULL",33,"","00000033",2.85,"State Highway","Straight and Level","Blacktop","Dry","Dark (Street Lights On/ continuous)","Clear","Painted Median","None",50,"Foot","East","KLOCKNER RD","NULL","","NULL",40,35,40.23299,-74.70972,"No","","441",433572.528775,509853.195634,NA,"DVRPC",0,"PDO",10188126
3442348,"2010110310-35758","10-35758",2010,"MERCER","Hamilton Twp (Mercer Co)","2010-08-22","Sunday","August","16:18:00",1,"HAMILTON TWP PD (MERCER)","",0,0,0,0,0,"Property Damage","Not At Intersection","No","No","Fixed Object",2,"NJ 33","East",33,"","00000033",3.53,"State Highway","Straight and Level","Blacktop","Wet","Daylight","Rain","None","None",10,"Foot","West","GRAYSON AVE","NULL","","NULL",40,25,40.23404,-74.69692,"No","2419 NOTTINGHAM WAY (FACADE WINDOW FRAMEWORK)","451",437147.361415,510229.678685,NA,"DVRPC",0,"PDO",10188138
3442349,"2010110310-35829","10-35829",2010,"MERCER","Hamilton Twp (Mercer Co)","2010-08-26","Thursday","August","15:22:00",1,"HAMILTON TWP PD (MERCER)","",0,0,1,0,0,"Injury","At Intersection","No","No","Right Angle",2,"NJ 33","East",33,"","00000033",3.92,"State Highway","Straight and Level","Blacktop","Dry","Daylight","Clear","None","None",NA,"At","NULL","CLIFFORD AVE","NULL","","NULL",40,25,40.23422,-74.68985,"No","","462",439120.948033,510289.255024,NA,"DVRPC",0,"Pain",10197618
3442351,"2010110310-35839","10-35839",2010,"MERCER","Hamilton Twp (Mercer Co)","2010-08-26","Thursday","August","16:42:00",1,"HAMILTON TWP PD (MERCER)","",0,0,0,0,0,"Property Damage","Not At Intersection","No","No","Struck Parked Vehicle",2,"US 206","NULL",206,"","00000206",38.9,"State Highway","Straight and Level","Blacktop","Dry","Daylight","Clear","None","None",NA,"NULL","NULL","","NULL","","NULL",20,NA,40.18829,-74.70497,"No","","435",434862.230466,493567.477802,NA,"DVRPC",0,"PDO",10188109
3442352,"2010110310-3586","10-3586",2010,"MERCER","Hamilton Twp (Mercer Co)","2010-01-25","Monday","January","01:36:00",1,"HAMILTON TWP PD (MERCER)","",0,0,1,0,0,"Injury","At Intersection","Yes","No","Fixed Object",1,"MERCER COUNTY 622","East",622,"","11000622",1.64,"County","Straight and Level","Blacktop","Wet","Dark (Street Lights On/ continuous)","Clear","Painted Median","None",NA,"At","NULL","CEDAR LANE","NULL","","NULL",35,35,40.21202,-74.72506,"No","UTILITY POLE # E71234HM","450",429271.88,502227.42,NA,"DVRPC",0,"Moderate Injury",10008904
3442353,"2010110310-35861","10-35861",2010,"MERCER","Hamilton Twp (Mercer Co)","2010-08-26","Thursday","August","20:28:00",1,"HAMILTON TWP PD (MERCER)","",0,0,0,0,0,"Property Damage","Not At Intersection","No","No","Right Angle",2,"ROUTE 533","NULL",533,"","00000533",3.32,"County","Straight and Level","Blacktop","Dry","Daylight","Clear","None","None",100,"Foot","North","NJ 33","NULL","","NULL",35,40,40.23385,-74.68748,"No","","322",439783.87,510153.41,NA,"DVRPC",0,"PDO",10197084
3442354,"2010110310-35899","10-35899",2010,"MERCER","Hamilton Twp (Mercer Co)","2010-08-27","Friday","August","12:49:00",1,"HAMILTON TWP PD (MERCER)","HAMILTON",0,0,0,0,0,"Property Damage","At Intersection","No","No","Right Angle",2,"NJ 156","NULL",156,"","00000156",0.82,"State Highway","Straight and Level","Concrete","Dry","Dark (Street Lights On/ continuous)","Clear","None","None",NA,"At","NULL","WOODSIDE AVE","NULL","","NULL",40,25,40.18122,-74.66543,"No","","209",445904.012228,490970.893202,NA,"DVRPC",0,"PDO",10197617
3442355,"2010110310-35941","10-35941",2010,"MERCER","Hamilton Twp (Mercer Co)","2010-08-27","Friday","August","09:07:00",1,"HAMILTON TWP PD (MERCER)","",0,0,1,0,0,"Injury","At Intersection","No","No","Encroachment",2,"ROUTE 533","NULL",533,"","00000533",5.56,"County","Straight and Grade","Blacktop","Dry","Daylight","Clear","None","None",NA,"At","NULL","YOUNGS RD","NULL","","NULL",40,25,40.26384,-74.67496,"No","","364",443300.28,521070.73,NA,"DVRPC",0,"Pain",10197083
3442356,"2010110310-35981","10-35981",2010,"MERCER","Hamilton Twp (Mercer Co)","2010-08-27","Friday","August","14:11:00",1,"HAMILTON TWP PD (MERCER)","",0,0,0,0,0,"Property Damage","Not At Intersection","No","No","Same Direction - Rear End",2,"MERCER COUNTY 619","East",619,"","11000619",0,"County","Curve and Level","Blacktop","Dry","Daylight","Clear","Curbed Median","None",10,"Foot","West","WHITEHORSE MERCERVILLE RD","NULL","","NULL",35,35,40.20733,-74.69458,"No","","418",437780.13,500497.81,NA,"DVRPC",0,"PDO",10197082
3442358,"2010110310-36008","10-36008",2010,"MERCER","Hamilton Twp (Mercer Co)","2010-08-27","Friday","August","17:19:00",1,"HAMILTON TWP PD (MERCER)","",0,0,0,0,0,"Property Damage","Not At Intersection","No","No","Same Direction - Rear End",2,"LIBERTY ST","NULL",NA,"","11112004",1.8,"Municipal","Straight and Level","Blacktop","Dry","Daylight","Clear","None","None",25,"Foot","West","NEWKIRK AVE","NULL","","NULL",25,25,40.21919,-74.72531,"No","","322",429210.014794,504839.109833,NA,"DVRPC",0,"PDO",10197616
3442360,"2010110310-36036","10-36036",2010,"MERCER","Hamilton Twp (Mercer Co)","2010-08-27","Friday","August","20:09:00",1,"HAMILTON TWP PD (MERCER)","",0,0,2,0,0,"Injury","At Intersection","No","No","Left Turn / U Turn",2,"NJ 33","NULL",33,"","00000033",5.14,"State Highway","Straight and Level","Blacktop","Dry","Dark (Street Lights On/ continuous)","Clear","None","None",NA,"At","NULL","PAXSON AVE","NULL","","NULL",40,25,40.22874,-74.66788,"No","","322",445253.140237,508282.289033,NA,"DVRPC",0,"Moderate Injury",10197615
3442361,"2010110310-36043","10-36043",2010,"MERCER","Hamilton Twp (Mercer Co)","2010-08-27","Friday","August","20:42:00",1,"HAMILTON TWP PD (MERCER)","",0,0,0,0,0,"Property Damage","Not At Intersection","No","No","Same Direction - Side Swipe",2,"NJ 33","NULL",33,"","00000033",5.14,"State Highway","Straight and Level","Blacktop","Dry","Dark (Street Lights On/ continuous)","Clear","None","None",25,"Foot","East","PAXSON AVE","NULL","","NULL",40,25,40.22874,-74.66788,"No","","322",445253.140237,508282.289033,NA,"DVRPC",0,"PDO",10197614
3442363,"2010110310-3608","10-3608",2010,"MERCER","Hamilton Twp (Mercer Co)","2010-01-25","Monday","January","07:43:00",1,"HAMILTON TWP PD (MERCER)","",0,0,0,0,0,"Property Damage","Not At Intersection","No","No","Same Direction - Rear End",2,"KLOCKNER RD","NULL",NA,"","11031976",1.35,"Municipal","Straight and Level","Blacktop","Wet","Daylight","Rain","None","None",150,"Foot","North","CLAYTON AVE.","NULL","","NULL",35,25,40.23545,-74.71001,"No","","364",433496.148464,510751.236794,NA,"DVRPC",0,"PDO",10008903
3442364,"2010110310-36084","10-36084",2010,"MERCER","Hamilton Twp (Mercer Co)","2010-08-28","Saturday","August","02:31:00",1,"HAMILTON TWP PD (MERCER)","",0,0,0,0,0,"Property Damage","At Intersection","No","No","Fixed Object",1,"ROUTE 533","NULL",533,"","00000533",0.65,"County","Straight and Level","Blacktop","Dry","Dark (Street Lights On/ continuous)","Clear","None","None",NA,"At","NULL","HILTON AVE / WHITE HORSE-HAMILTON S","NULL","","NULL",35,35,40.19712,-74.70005,"No","TRAFFIC SIGNAL STANDARD","429",436243.54495,496783.87738,NA,"DVRPC",0,"PDO",10197079
3442370,"2010110310-36146","10-36146",2010,"MERCER","Hamilton Twp (Mercer Co)","2010-08-28","Saturday","August","15:15:00",1,"HAMILTON TWP PD (MERCER)","",0,0,0,0,0,"Property Damage","Not At Intersection","No","No","Same Direction - Rear End",2,"NJ 33","NULL",33,"","00000033",4.64,"State Highway","Straight and Level","Blacktop","Dry","Daylight","Clear","None","None",25,"Foot","West","EVERGREEN AVE","NULL","","NULL",40,25,40.23094,-74.6769,"No","","402",442734.32885,509089.578116,NA,"DVRPC",0,"PDO",10197605
3442371,"2010110310-36221","10-36221",2010,"MERCER","Hamilton Twp (Mercer Co)","2010-08-29","Sunday","August","00:28:00",1,"HAMILTON TWP PD (MERCER)","",0,0,0,0,0,"Property Damage","Not At Intersection","No","No","Right Angle",2,"YARDVILLE-HAMILTON SQ RD","NULL",NA,"","11031990",1.65,"Municipal","Straight and Level","Blacktop","Dry","Dark (Street Lights On/ continuous)","Clear","None","None",500,"Foot","South","KUSER RD.","NULL","","NULL",45,65,40.20142,-74.66275,"No","","304",446666.2,498327.7,NA,"DVRPC",0,"PDO",10197604
3442372,"2010110310-36232","10-36232",2010,"MERCER","Hamilton Twp (Mercer Co)","2010-08-29","Sunday","August","02:13:00",1,"HAMILTON TWP PD (MERCER)","",0,0,0,0,0,"Property Damage","Not At Intersection","No","No","Fixed Object",1,"ROUTE 524","West",524,"","00000524",2.5,"County","Straight and Level","Blacktop","Dry","Dark (Street Lights On/ continuous)","Clear","None","None",50,"Foot","West","CARLISLE AVE","NULL","","NULL",25,25,40.1769,-74.66177,"Yes","TELEPHONE POLE 61826 HM","453",446922.66,489396.68,NA,"DVRPC",0,"PDO",10197603
3442378,"2010110310-36323","10-36323",2010,"MERCER","Hamilton Twp (Mercer Co)","2010-08-29","Sunday","August","20:39:00",1,"HAMILTON TWP PD (MERCER)","",0,0,0,0,0,"Property Damage","At Intersection","No","No","Right Angle",2,"ROUTE 533","NULL",533,"","00000533",2.7,"County","Straight and Level","Blacktop","Dry","Dark (Street Lights On/ continuous)","Clear","Curbed Median","None",NA,"At","NULL","KLOCKNER RD","NULL","","NULL",45,35,40.22493,-74.68709,"No","","428",439885.226951,506903.84795,NA,"DVRPC",0,"PDO",10197599
3442381,"2010110310-36416","10-36416",2010,"MERCER","Hamilton Twp (Mercer Co)","2010-08-30","Monday","August","12:13:00",1,"HAMILTON TWP PD (MERCER)","",0,0,0,0,0,"Property Damage","At Intersection","No","No","Same Direction - Rear End",2,"ROUTE 533","NULL",533,"","00000533",3.97,"County","Straight and Level","Blacktop","Dry","Daylight","Clear","None","None",NA,"At","NULL","SHERWOOD AVE","NULL","","NULL",40,25,40.24318,-74.68748,"No","","322",439791.12,513553.97,NA,"DVRPC",0,"PDO",10197078
3442383,"2010110310-36422","10-36422",2010,"MERCER","Hamilton Twp (Mercer Co)","2010-08-30","Monday","August","12:53:00",1,"HAMILTON TWP PD (MERCER)","",0,0,0,0,0,"Property Damage","Not At Intersection","No","No","Same Direction - Rear End",2,"HUGHES DR","NULL",NA,"","11031978",1.12,"Municipal","Straight and Level","Blacktop","Dry","Daylight","Clear","None","None",50,"Foot","North","EDINBURG RD","NULL","","NULL",35,40,40.24964,-74.66133,"No","","322",447095.01695,515891.40959,NA,"DVRPC",0,"PDO",10197077