"ID","DOT_WEB_ID","CASE_NUMBER","CRASH_YEAR","COUNTY","MUNICIPALITY","CRASH_DATE","CRASH_DAY_OF_WEEK","CRASH_MONTH","CRASH_TIME","POLICE_DEPT_CODE","POLICE_DEPARTMENT","POLICE_STATION","TOTAL_KILLED","TOTAL_INCAPACITATED","TOTAL_INJURED","PEDESTRIANS_KILLED","PEDESTRIANS_INJURED","SEVERITY","INTERSECTION","ALCOHOL_INVOLVED","HAZMAT_INVOLVED","CRASH_TYPE","TOTAL_VEHICLES_INVOLVED","CRASH_LOCATION","LOCATION_DIRECTION","ROUTE","ROUTE_SUFFIX","SRI","MILEPOST","ROAD_SYSTEM","ROAD_CHARACTER","ROAD_SURFACE_TYPE","SURFACE_CONDITION","LIGHT_CONDITION","ENVIRONMENTAL_CONDITION","ROAD_DIVIDED_BY","TEMP_TRAFFIC_CONTROL_ZONE","DISTANCE_TO_CROSS_STREET","UNIT_OF_MEASUREMENT","DIRECTION_FROM_CROSS_STREET","CROSS_STREET_NAME","IS_RAMP","RAMP_TO_FROM_ROUTE_NAME","RAMP_TO_FROM_ROUTE_DIRECTION","POSTED_SPEED","POSTED_SPEED_CROSS_STREET","LATITUDE","LONGITUDE","CELL_PHONE_IN_USE","OTHER_PROPERTY_DAMAGE","REPORTING_BADGE_NO","X","Y","CRASH_NARRATIVE","MPO","TOTAL_PEDESTRIANS_INVOLVED","EPDO","DLN"
3442385,"2010110310-36455","10-36455",2010,"MERCER","Hamilton Twp (Mercer Co)","2010-08-30","Monday","August","16:25:00",1,"HAMILTON TWP PD (MERCER)","",0,0,0,0,0,"Property Damage","Not At Intersection","No","No","Same Direction - Side Swipe",2,"NJ 33","NULL",33,"","00000033",5.5,"State Highway","Straight and Level","Blacktop","Dry","Daylight","Clear","Painted Median","None",20,"Foot","West","YARDVILLE-HAMILTON SQUARE RD","NULL","","NULL",40,35,40.22715,-74.66138,"No","","398",447065.43,507699.495,NA,"DVRPC",0,"PDO",10197074
3442387,"2010110310-36540","10-36540",2010,"MERCER","Hamilton Twp (Mercer Co)","2010-08-31","Tuesday","August","07:22:00",1,"HAMILTON TWP PD (MERCER)","",0,0,0,0,0,"Property Damage","Not At Intersection","No","No","Fixed Object",1,"US 130","NULL",130,"","00000130",60.31,"State Highway","Straight and Level","Blacktop","Dry","Daylight","Clear","Grass Median","None",1000,"Foot","South","CRSWKS-HMLT SQ RD / KLOCKNER RD","NULL","","NULL",55,40,40.19035,-74.65037,"No","","322",450116.537425,494289.651843,NA,"DVRPC",0,"PDO",10197073
3442389,"2010110310-36556","10-36556",2010,"MERCER","Hamilton Twp (Mercer Co)","2010-08-31","Tuesday","August","10:36:00",1,"HAMILTON TWP PD (MERCER)","",0,0,0,0,0,"Property Damage","Not At Intersection","No","No","Fixed Object",1,"MERCER COUNTY 614","NULL",614,"","11000614",0.23,"County","Straight and Grade","Blacktop","Dry","Daylight","Clear","None","None",100,"Foot","West","N. JOHNSTON AVE","NULL","","NULL",25,25,40.23347,-74.73375,"No","","322",426865.006688,510047.106666,NA,"DVRPC",0,"PDO",10197071
3442395,"2010110310-36746","10-36746",2010,"MERCER","Hamilton Twp (Mercer Co)","2010-09-01","Wednesday","September","11:27:00",1,"HAMILTON TWP PD (MERCER)","",0,0,2,0,0,"Injury","Not At Intersection","No","No","Fixed Object",1,"ROUTE 533","NULL",533,"","00000533",2.76,"County","Straight and Level","Blacktop","Dry","Daylight","Clear","None","None",300,"Foot","North","KLOCKNER RD","NULL","","NULL",40,40,40.22579,-74.68711,"No","","302",439879.855155,507217.798131,NA,"DVRPC",0,"Pain",10197050
3442396,"2010110310-3677","10-3677",2010,"MERCER","Hamilton Twp (Mercer Co)","2010-01-25","Monday","January","16:36:00",1,"HAMILTON TWP PD (MERCER)","",0,0,0,0,0,"Property Damage","Not At Intersection","No","No","Struck Parked Vehicle",2,"NEWKIRK AVE","NULL",NA,"","11031884",0.91,"Municipal","Straight and Level","Blacktop","Wet","Daylight","Rain","None","None",50,"Foot","South","CR 606","NULL","","NULL",30,25,40.22118,-74.72666,"No","","442",428833.206615,505565.835131,NA,"DVRPC",0,"PDO",10008900
3442397,"2010110310-3681","10-3681",2010,"MERCER","Hamilton Twp (Mercer Co)","2010-01-25","Monday","January","17:00:00",1,"HAMILTON TWP PD (MERCER)","",0,0,0,0,0,"Property Damage","Not At Intersection","No","No","Right Angle",2,"ROUTE 533","South",533,"","00000533",5.28,"County","Straight and Level","Blacktop","Wet","Dark (Street LIghts On/ spot)","Overcast","None","None",1500,"Foot","South","YOUNGS RD","NULL","","NULL",40,25,40.26017,-74.67719,"No","LANDSCAPING OF 3630 QUAKERBRIDGE RD","418",442675.869177,519734.271656,NA,"DVRPC",0,"PDO",10010047
3442398,"2010110310-36856","10-36856",2010,"MERCER","Hamilton Twp (Mercer Co)","2010-09-01","Wednesday","September","21:37:00",1,"HAMILTON TWP PD (MERCER)","",0,0,0,0,0,"Property Damage","Not At Intersection","No","No","Struck Parked Vehicle",2,"US 130","North",130,"","00000130",59.8,"State Highway","Straight at Hillcrest","Concrete","Dry","Dark (Street Lights On/ continuous)","Clear","Curbed Median","Construction Zone",3700,"Foot","South","CRSWKS-HMLT SQ RD / KLOCKNER RD","NULL","","NULL",55,40,40.18569,-74.65786,"No","","364",448022.690451,492595.074188,NA,"DVRPC",0,"PDO",10197049
3442401,"2010110310-36943","10-36943",2010,"MERCER","Hamilton Twp (Mercer Co)","2010-09-02","Thursday","September","14:10:00",1,"HAMILTON TWP PD (MERCER)","",0,0,1,0,0,"Injury","Not At Intersection","No","No","Pedalcyclist",1,"LIBERTY ST","NULL",NA,"","11112004",0.88,"Municipal","Straight and Level","Blacktop","Dry","Daylight","Clear","None","None",50,"Foot","North","CHAMBERS ST.","NULL","","NULL",25,25,40.20974,-74.73739,"No","BIKE HANDLEBARS.","302",425826.786826,501405.742613,NA,"DVRPC",0,"Pain",10197048
3442402,"2010110310-36968","10-36968",2010,"MERCER","Hamilton Twp (Mercer Co)","2010-09-02","Thursday","September","17:05:00",1,"HAMILTON TWP PD (MERCER)","",0,0,0,0,0,"Property Damage","Not At Intersection","No","No","Fixed Object",1,"MERCER COUNTY 614","NULL",614,"","11000614",0.28,"County","Straight and Grade","Blacktop","Dry","Daylight","Clear","None","None",150,"Foot","East","N. JOHNSTON AVE","NULL","","NULL",25,25,40.23345,-74.73282,"No","NONE","468",427126.473006,510038.373,NA,"DVRPC",0,"PDO",10197047
3442403,"2010110310-36978","10-36978",2010,"MERCER","Hamilton Twp (Mercer Co)","2010-09-02","Thursday","September","17:42:00",1,"HAMILTON TWP PD (MERCER)","",0,0,1,0,0,"Injury","At Intersection","No","No","Right Angle",2,"PAXSON AVE","North",NA,"","11031980",0.54,"Municipal","Straight and Level","Blacktop","Dry","Daylight","Clear","None","None",NA,"At","NULL","E. TAR HEELS RD","NULL","","NULL",25,25,40.23957,-74.66878,"No","","418",445008.128972,512226.028113,NA,"DVRPC",0,"Moderate Injury",10197046
3442420,"2010110310-3744","10-3744",2010,"MERCER","Hamilton Twp (Mercer Co)","2010-01-26","Tuesday","January","06:45:00",1,"HAMILTON TWP PD (MERCER)","",0,0,0,0,0,"Property Damage","At Intersection","No","No","Fixed Object",1,"NJ 33","NULL",33,"","00000033",3.19,"State Highway","Straight and Level","Blacktop","Dry","Dawn","Clear","None","None",NA,"At","NULL","MADISON AVE","NULL","","NULL",40,25,40.23347,-74.70332,"No","PSE&G UTILITY POLE #65491HM","364",435361.900667,510025.768047,NA,"DVRPC",0,"PDO",10010046
3442424,"2010110310-3747","10-3747",2010,"MERCER","Hamilton Twp (Mercer Co)","2010-01-26","Tuesday","January","06:45:00",1,"HAMILTON TWP PD (MERCER)","",0,0,0,0,0,"Property Damage","Not At Intersection","No","No","Same Direction - Rear End",2,"NJ 33","NULL",33,"","00000033",2.86,"State Highway","Straight and Level","Blacktop","Dry","Dawn","Clear","None","None",100,"Foot","East","KLOCKNER RD","NULL","","NULL",40,35,40.233,-74.70954,"No","","364",433624.876618,509858.165068,NA,"DVRPC",0,"PDO",10010045
3442425,"2010110310-3749","10-3749",2010,"MERCER","Hamilton Twp (Mercer Co)","2010-01-26","Tuesday","January","07:40:00",1,"HAMILTON TWP PD (MERCER)","",0,0,1,0,0,"Injury","At Intersection","No","No","Right Angle",2,"US 206","East",206,"","00000206",39.79,"Municipal","Straight and Level","Blacktop","Dry","Daylight","Clear","Curbed Median","None",NA,"At","NULL","IRVINGTON PL / OLDFIELD RD","NULL","","NULL",35,25,40.19444,-74.71975,"No","UTILITY POLE #PS7388HM","330",430738.307853,495817.299716,NA,"DVRPC",0,"Moderate Injury",10017898
3442432,"2010110310-378","10-378",2010,"MERCER","Hamilton Twp (Mercer Co)","2010-01-04","Monday","January","09:05:00",1,"HAMILTON TWP PD (MERCER)","",0,0,0,0,0,"Property Damage","At Intersection","No","No","Right Angle",2,"S. BROAD ST","NULL",NA,"","11031016",0,"Municipal","Straight and Level","Blacktop","Dry","Daylight","Clear","None","None",NA,"At","NULL","CROSSWICKS-HAMILTON SQ RD","NULL","","NULL",30,45,40.15889,-74.64809,"No","","302",450734.27,482828.07,NA,"DVRPC",0,"PDO",10026805
3442435,"2010110310-3784","10-3784",2010,"MERCER","Hamilton Twp (Mercer Co)","2010-01-26","Tuesday","January","10:00:00",1,"HAMILTON TWP PD (MERCER)","",0,0,0,0,0,"Property Damage","Not At Intersection","No","No","Same Direction - Side Swipe",2,"FLOCK RD","NULL",NA,"","11031986",1.07,"Municipal","Straight and Level","Blacktop","Dry","Daylight","Clear","None","None",100,"Foot","East","ST CLAIR AVE","NULL","","NULL",45,25,40.2495,-74.68718,"No","","381",439828.150675,515871.126336,NA,"DVRPC",0,"PDO",10025055
3442439,"2010110310-3790","10-3790",2010,"MERCER","Hamilton Twp (Mercer Co)","2010-01-26","Tuesday","January","10:37:00",1,"HAMILTON TWP PD (MERCER)","",0,0,1,0,0,"Injury","Not At Intersection","No","No","Same Direction - Rear End",4,"ROUTE 535","NULL",535,"","00000535",4.94,"County","Straight and Level","Blacktop","Dry","Daylight","Clear","None","None",150,"Foot","North","UNIVERSITY DR","NULL","","NULL",45,25,40.24866,-74.66433,"No","","364",446186.048855,515508.322964,NA,"DVRPC",0,"Pain",10010043
3442442,"2010110310-3803","10-3803",2010,"MERCER","Hamilton Twp (Mercer Co)","2010-01-26","Tuesday","January","12:28:00",1,"HAMILTON TWP PD (MERCER)","",0,0,0,0,0,"Property Damage","Not At Intersection","No","No","Backing",2,"KLOCKNER RD","NULL",NA,"","11031976",1.63,"Municipal","Straight and Level","Blacktop","Dry","Daylight","Clear","None","None",25,"Foot","South","RICHMOND RD","NULL","","NULL",35,25,40.2315,-74.70934,"No","","381",433679.38,509312.17,NA,"DVRPC",0,"PDO",10025054
3442458,"2010110310-3845","10-3845",2010,"MERCER","Hamilton Twp (Mercer Co)","2010-01-26","Tuesday","January","15:59:00",1,"HAMILTON TWP PD (MERCER)","",0,0,0,0,0,"Property Damage","Not At Intersection","No","No","Same Direction - Side Swipe",2,"MERCER COUNTY 622","South",622,"","11000622",1.17,"County","Straight and Level","Blacktop","Dry","Daylight","Clear","None","None",20,"Foot","South","WERT AVE","NULL","","NULL",40,25,40.20899,-74.71706,"No","","407",431503.129295,501118.297171,NA,"DVRPC",0,"PDO",10018427
3442514,"2010110310-3936","10-3936",2010,"MERCER","Hamilton Twp (Mercer Co)","2010-01-27","Wednesday","January","07:55:00",1,"HAMILTON TWP PD (MERCER)","",0,0,0,0,0,"Property Damage","Not At Intersection","No","No","Same Direction - Side Swipe",2,"FLOCK RD","NULL",NA,"","11031986",1.68,"Municipal","Straight and Level","Blacktop","Dry","Daylight","Clear","None","None",2000,"Foot","East","KLOCKNER RD","NULL","","NULL",45,40,40.25154,-74.6983,"No","NONE","302",NA,NA,NA,"DVRPC",0,"PDO",10018426
3442523,"2010110310-3970","10-3970",2010,"MERCER","Hamilton Twp (Mercer Co)","2010-01-27","Wednesday","January","10:48:00",1,"HAMILTON TWP PD (MERCER)","",0,0,0,0,0,"Property Damage","Not At Intersection","Yes","No","Struck Parked Vehicle",2,"ROUTE 524","NULL",524,"","00000524",1.64,"County","Straight and Level","Blacktop","Dry","Daylight","Clear","None","None",50,"Foot","East","OAK LA","NULL","","NULL",35,25,40.18247,-74.67611,"No","NONE","302",442919.899141,491431.231431,NA,"DVRPC",0,"PDO",10018432
3442540,"2010110310-4010","10-4010",2010,"MERCER","Hamilton Twp (Mercer Co)","2010-01-27","Wednesday","January","13:44:00",1,"HAMILTON TWP PD (MERCER)","",0,0,0,0,0,"Property Damage","Not At Intersection","No","No","Encroachment",2,"NJ 33","West",33,"","00000033",4.08,"State Highway","Straight and Level","Blacktop","Dry","Daylight","Overcast","None","None",50,"Foot","East","ROUTE 533 / WHITEHORSE MERCERVILLE","NULL","","NULL",40,45,40.23346,-74.68699,"No","","418",439919.171294,510010.855341,NA,"DVRPC",0,"PDO",10016612
3442555,"2010110310-4054","10-4054",2010,"MERCER","Hamilton Twp (Mercer Co)","2010-01-27","Wednesday","January","17:39:00",1,"HAMILTON TWP PD (MERCER)","",0,0,1,0,0,"Injury","At Intersection","No","No","Same Direction - Rear End",2,"MERCER COUNTY 606","West",606,"","11000606",2.56,"County","Straight and Level","Blacktop","Dry","Dark (Street Lights On/ continuous)","Clear","None","None",NA,"At","NULL","BENTLEY AVENUE","NULL","","NULL",30,25,40.22614,-74.71371,"No","FENCE AND TREE ON 1919 HAMILTON AVENUE.","442",432452.658436,507361.887664,NA,"DVRPC",0,"Pain",10017889
3442615,"2010110310-4160","10-4160",2010,"MERCER","Hamilton Twp (Mercer Co)","2010-01-28","Thursday","January","10:58:00",1,"HAMILTON TWP PD (MERCER)","",0,0,0,0,0,"Property Damage","Not At Intersection","No","No","Same Direction - Rear End",2,"NJ 33","East",33,"","00000033",2.3,"State Highway","Straight and Level","Blacktop","Dry","Daylight","Overcast","None","None",10,"Foot","West","CR 614 / NOTTINGHAM WAY","NULL","","NULL",30,25,40.23211,-74.72007,"No","","402",430684.147452,509542.239868,NA,"DVRPC",0,"PDO",10017888
3442619,"2010110310-4170","10-4170",2010,"MERCER","Hamilton Twp (Mercer Co)","2010-01-28","Thursday","January","12:25:00",1,"HAMILTON TWP PD (MERCER)","",0,0,1,0,0,"Injury","Not At Intersection","No","No","Same Direction - Rear End",2,"ROUTE 533","NULL",533,"","00000533",5.61,"County","Straight and Level","Blacktop","Dry","Daylight","Clear","None","None",250,"Foot","North","YOUNGS RD","NULL","","NULL",40,25,40.26448,-74.67461,"No","","381",443399.800532,521304.512398,NA,"DVRPC",0,"Pain",10025052
3442648,"2010110310-4227","10-4227",2010,"MERCER","Hamilton Twp (Mercer Co)","2010-01-28","Thursday","January","17:50:00",1,"HAMILTON TWP PD (MERCER)","",0,0,0,0,0,"Property Damage","At Intersection","No","No","Right Angle",2,"MERCER COUNTY 619","East",619,"","11000619",1.46,"County","Straight and Level","Blacktop","Dry","Dark (Street Lights On/ continuous)","Clear","None","None",NA,"At","NULL","LEONARD AVE","NULL","","NULL",35,25,40.22009,-74.71629,"No","","384",431727.327353,505159.207636,NA,"DVRPC",0,"PDO",10016614
3442653,"2010110310-4235","10-4235",2010,"MERCER","Hamilton Twp (Mercer Co)","2010-01-28","Thursday","January","18:08:00",1,"HAMILTON TWP PD (MERCER)","",0,0,0,0,0,"Property Damage","Not At Intersection","No","No","Same Direction - Rear End",3,"MERCER COUNTY 618","West",618,"","11000618",1.64,"County","Straight and Level","Blacktop","Dry","Dark (Street Lights On/ continuous)","Clear","None","None",200,"Foot","West","ABER FOYLE DRIVE","NULL","","NULL",35,25,40.22879,-74.65883,"No","","442",447779.997932,508293.481229,NA,"DVRPC",0,"PDO",10016615
3442688,"2010110310-4283","10-4283",2010,"MERCER","Hamilton Twp (Mercer Co)","2010-01-29","Friday","January","04:02:00",1,"HAMILTON TWP PD (MERCER)","PATROL",0,0,0,0,0,"Property Damage","Not At Intersection","No","No","Fixed Object",1,"US 206","East",206,"","00000206",38.88,"State Highway","Curve and Level","Blacktop","Dry","Dark (Street Lights On/ continuous)","Clear","Curbed Median","None",50,"Foot","South","ROUTE 533 / WHITEHORSE AVE","NULL","","NULL",40,35,40.18804,-74.70478,"No","NONE","420",434915.207935,493479.390576,NA,"DVRPC",0,"PDO",10017886
3442689,"2010110310-4287","10-4287",2010,"MERCER","Hamilton Twp (Mercer Co)","2010-01-29","Friday","January","06:47:00",1,"HAMILTON TWP PD (MERCER)","",0,0,0,0,0,"Property Damage","At Intersection","No","No","Left Turn / U Turn",2,"MERCER COUNTY 618","West",618,"","11000618",0,"County","Straight and Level","Blacktop","Dry","Daylight","Clear","None","None",NA,"At","NULL","WHITEHORSE-MERCERVILLE ROAD","NULL","","NULL",35,35,40.23659,-74.68806,"No","","330",439623.18,511153.66,NA,"DVRPC",0,"PDO",10012800
3442716,"2010110310-4342","10-4342",2010,"MERCER","Hamilton Twp (Mercer Co)","2010-01-29","Friday","January","12:52:00",1,"HAMILTON TWP PD (MERCER)","",0,0,1,0,0,"Injury","Not At Intersection","No","No","Opposite Direction - Head On/Angular",2,"HUGHES DR","South",NA,"","11031978",1.07,"Municipal","Straight and Level","Blacktop","Dry","Daylight","Clear","None","None",200,"Foot","South","EDINBURG RD","NULL","","NULL",35,45,40.24894,-74.6611,"No","NONE","381",447157.084467,515635.901022,NA,"DVRPC",0,"Moderate Injury",10025051
3442733,"2010110310-4377","10-4377",2010,"MERCER","Hamilton Twp (Mercer Co)","2010-01-29","Friday","January","15:56:00",1,"HAMILTON TWP PD (MERCER)","",0,0,1,0,0,"Injury","Not At Intersection","No","No","Same Direction - Rear End",3,"ROUTE 533","South",533,"","00000533",3.88,"County","Straight and Level","Blacktop","Dry","Daylight","Clear","None","None",50,"Foot","North","NEW ST","NULL","","NULL",35,25,40.24187,-74.68777,"No","","384",439707.85479,513075.816218,NA,"DVRPC",0,"Pain",10016617
3442743,"2010110310-4405","10-4405",2010,"MERCER","Hamilton Twp (Mercer Co)","2010-01-29","Friday","January","18:33:00",1,"HAMILTON TWP PD (MERCER)","",0,0,1,0,0,"Injury","At Intersection","No","No","Opposite Direction - Head On/Angular",2,"US 206","North",206,"","00000206",38.89,"State Highway","Curve and Level","Blacktop","Dry","Dark (Street Lights On/ continuous)","Clear","Curbed Median","None",NA,"At","NULL","ROUTE 533 / WHITEHORSE AVE","NULL","","NULL",35,35,40.18815,-74.70483,"No","","464",434901.77,493517.45,NA,"DVRPC",0,"Pain",10017884
3442762,"2010110310-445","10-445",2010,"MERCER","Hamilton Twp (Mercer Co)","2010-01-04","Monday","January","16:17:00",1,"HAMILTON TWP PD (MERCER)","",0,0,0,0,0,"Property Damage","Not At Intersection","No","No","Same Direction - Rear End",2,"I-295","NULL",295,"","00000295",61.5,"Interstate","Curve and Hillcrest","Blacktop","Dry","Daylight","Clear","None","None",200,"Foot","NULL","","From","ARENA DR.","East Bound",65,NA,40.20034,-74.71081,"No","","410",433240.2716,497962.9844,NA,"DVRPC",0,"PDO",10008173
3442811,"2010110310-4529","10-4529",2010,"MERCER","Hamilton Twp (Mercer Co)","2010-01-30","Saturday","January","18:37:00",1,"HAMILTON TWP PD (MERCER)","",0,0,0,0,0,"Property Damage","At Intersection","No","No","Right Angle",2,"KUSER RD","East",NA,"","11031985",1.91,"Municipal","Straight at Hillcrest","Blacktop","Snowy","Dark (Street Lights On/ continuous)","Snow","None","None",NA,"At","NULL","YARDVILLE HAM. SQ. RD.","NULL","","NULL",35,45,40.20445,-74.66168,"No","","399",446965.661405,499431.949971,NA,"DVRPC",0,"PDO",10017893
3442813,"2010110310-4530","10-4530",2010,"MERCER","Hamilton Twp (Mercer Co)","2010-01-30","Saturday","January","18:49:00",1,"HAMILTON TWP PD (MERCER)","",0,0,0,0,0,"Property Damage","Not At Intersection","No","No","Struck Parked Vehicle",2,"MAIN ST","NULL",NA,"","11031998",0.37,"Municipal","Straight and Grade","Blacktop","Icy","Dark (Street Lights On/ continuous)","Snow","None","None",20,"Foot","South","CHURCH ST","NULL","","NULL",25,25,40.17006,-74.67184,"No","","465",444105.973034,486908.875083,NA,"DVRPC",0,"PDO",10017892
3442816,"2010110310-4532","10-4532",2010,"MERCER","Hamilton Twp (Mercer Co)","2010-01-30","Saturday","January","18:55:00",1,"HAMILTON TWP PD (MERCER)","",0,0,0,0,0,"Property Damage","Not At Intersection","No","No","Fixed Object",1,"FLOCK RD","NULL",NA,"","11031986",0.94,"Municipal","Straight and Level","Blacktop","Snowy","Dark (Street Lights On/ continuous)","Snow","None","None",10,"Foot","West","CR 533","NULL","","NULL",45,40,40.24893,-74.68487,"No","","435",440479.978474,515658.021534,NA,"DVRPC",0,"PDO",10017891
3442824,"2010110310-4543","10-4543",2010,"MERCER","Hamilton Twp (Mercer Co)","2010-01-30","Saturday","January","20:40:00",1,"HAMILTON TWP PD (MERCER)","",0,0,0,0,0,"Property Damage","Not At Intersection","No","No","Fixed Object",1,"YARDVILLE-HAMILTON SQ RD","South",NA,"","11031990",0,"Municipal","Straight and Level","Blacktop","Snowy","Dark (Street Lights On/ continuous)","Snow","Curbed Median","None",20,"Foot","South","CR 524","NULL","","NULL",55,35,40.17982,-74.67244,"No","","438",443943.66,490463.35,NA,"DVRPC",0,"PDO",10017890
3442832,"2010110310-4558","10-4558",2010,"MERCER","Hamilton Twp (Mercer Co)","2010-01-30","Saturday","January","21:43:00",1,"HAMILTON TWP PD (MERCER)","",0,0,0,0,0,"Property Damage","Not At Intersection","No","No","Backing",2,"MERCER COUNTY 606","East",606,"","11000606",2.18,"County","Straight and Level","Blacktop","Snowy","Dark (Street Lights On/ continuous)","Snow","None","None",30,"Foot","East","MERCER COUNTY 619","NULL","","NULL",35,35,40.22318,-74.71984,"No","","438",430738.743941,506289.633795,NA,"DVRPC",0,"PDO",10017894
3442838,"2010110310-4561","10-4561",2010,"MERCER","Hamilton Twp (Mercer Co)","2010-01-30","Saturday","January","22:00:00",1,"HAMILTON TWP PD (MERCER)","",0,0,0,0,0,"Property Damage","Not At Intersection","No","No","Struck Parked Vehicle",2,"US 206","South",206,"","00000206",40.68,"Municipal","Straight and Level","Blacktop","Snowy","Dark (Street Lights On/ continuous)","Clear","Curbed Median","None",15,"Foot","North","ANNABELLE AVE / CEDAR LA","NULL","","NULL",35,25,40.20055,-74.73457,"No","NONE","435",426605.093805,498055.395548,NA,"DVRPC",0,"PDO",10016619
3442851,"2010110310-4578","10-4578",2010,"MERCER","Hamilton Twp (Mercer Co)","2010-01-31","Sunday","January","02:07:00",1,"HAMILTON TWP PD (MERCER)","",0,0,0,0,0,"Property Damage","Not At Intersection","No","No","Fixed Object",1,"ROUTE 535","South",535,"","00000535",1.92,"County","Curve and Level","Blacktop","Icy","Dark (Street Lights On/ continuous)","Overcast","None","None",100,"Foot","North","KLOCKNER RD","NULL","","NULL",25,25,40.248,-74.71058,"No","69-HEAVY DAMAGE TO BUILDING 86 ? AVE.","441",433157.186222,515298.635777,NA,"DVRPC",0,"PDO",10016620
3442877,"2010110310-4616","10-4616",2010,"MERCER","Hamilton Twp (Mercer Co)","2010-01-31","Sunday","January","15:19:00",1,"HAMILTON TWP PD (MERCER)","",0,0,1,0,0,"Injury","Not At Intersection","No","No","Same Direction - Rear End",2,"ROUTE 533","South",533,"","00000533",6,"County","Straight and Level","Blacktop","Dry","Daylight","Clear","None","None",50,"Foot","South","QUAKERBRIDGE PLAZA DR","NULL","","NULL",40,NA,40.26965,-74.6717,"No","","392",444215.135455,523185.444545,NA,"DVRPC",0,"Pain",10018425
3442903,"2010110310-4669","10-4669",2010,"MERCER","Hamilton Twp (Mercer Co)","2010-02-01","Monday","February","07:40:00",1,"HAMILTON TWP PD (MERCER)","",0,0,0,0,0,"Property Damage","At Intersection","No","No","Left Turn / U Turn",3,"MERCER COUNTY 620","NULL",620,"","11000620",1.7,"County","Straight and Level","Blacktop","Dry","Daylight","Clear","None","None",NA,"At","NULL","REEVES AVE","NULL","","NULL",35,25,40.20242,-74.71409,"No","","322",432326.442149,498720.214167,NA,"DVRPC",0,"PDO",10020124
3443027,"2010110310-489","10-489",2010,"MERCER","Hamilton Twp (Mercer Co)","2010-01-05","Tuesday","January","07:33:00",1,"HAMILTON TWP PD (MERCER)","",0,0,0,0,0,"Property Damage","At Intersection","No","No","Right Angle",2,"ROUTE 533","NULL",533,"","00000533",4.63,"County","Straight and Level","Blacktop","Dry","Daylight","Clear","None","None",NA,"At","NULL","CLEARVIEW RD","NULL","","NULL",40,25,40.25191,-74.68301,"No","","322",441044.096677,516729.001344,NA,"DVRPC",0,"PDO",10008172
3443084,"2010110310-4967","10-4967",2010,"MERCER","Hamilton Twp (Mercer Co)","2010-02-08","Monday","February","01:45:00",1,"HAMILTON TWP PD (MERCER)","PATROL",0,0,0,0,0,"Property Damage","Not At Intersection","No","No","Fixed Object",1,"MERCER COUNTY 672","South",672,"","11000672",0.31,"County","Curve and Level","Blacktop","Snowy","Dark (Street Lights On/ continuous)","Snow","None","None",30,"Foot","North","MILL RD","NULL","","NULL",45,25,40.15933,-74.64937,"No","RESIDENCE 5825 S. BROAD ST.","409",450376.865589,482990.378005,NA,"DVRPC",0,"PDO",10017451
3443098,"2010110310-49850","10-49850",2010,"MERCER","Hamilton Twp (Mercer Co)","2010-12-01","Wednesday","December","22:43:00",1,"HAMILTON TWP PD (MERCER)","",0,0,0,0,0,"Property Damage","Not At Intersection","No","No","Opposite Direction - Side Swipe",2,"NJ 33","NULL",33,"","00000033",4.07,"State Highway","Straight and Level","Blacktop","Dry","Dark (Street Lights On/ continuous)","Clear","None","None",20,"Foot","West","ROUTE 533 / WHITEHORSE MERCERVILLE","NULL","","NULL",35,NA,40.23351,-74.68717,"No","","347",439869.16155,510028.297564,NA,"DVRPC",0,"PDO",10284661
3443111,"2010110310-5010","10-5010",2010,"MERCER","Hamilton Twp (Mercer Co)","2010-02-03","Wednesday","February","10:46:00",1,"HAMILTON TWP PD (MERCER)","",0,0,0,0,0,"Property Damage","Not At Intersection","No","No","Fixed Object",1,"FLOCK RD","West",NA,"","11031986",1.62,"Municipal","Curve and Grade","Blacktop","Wet","Daylight","Clear","Curbed Median","None",150,"Foot","East","I-295","NULL","","NULL",20,65,40.25134,-74.6972,"No","","322",NA,NA,NA,"DVRPC",0,"PDO",10020119
3443124,"2010110310-5033","10-5033",2010,"MERCER","Hamilton Twp (Mercer Co)","2010-02-03","Wednesday","February","13:56:00",1,"HAMILTON TWP PD (MERCER)","",0,0,0,0,0,"Property Damage","Not At Intersection","No","No","Same Direction - Side Swipe",2,"ROUTE 524","NULL",524,"","00000524",0.81,"State Highway","Curve and Level","Blacktop","Dry","Daylight","Clear","Grass Median","None",250,"Foot","West","LAKESIDE BLVD","NULL","","NULL",40,25,40.18726,-74.68989,"No","NONE","302",439074.36,493183.95,NA,"DVRPC",0,"PDO",10017453
3443153,"2010110310-5070","10-5070",2010,"MERCER","Hamilton Twp (Mercer Co)","2010-02-03","Wednesday","February","17:56:00",1,"HAMILTON TWP PD (MERCER)","",0,0,0,0,0,"Property Damage","At Intersection","No","No","Right Angle",2,"US 206","North",206,"","00000206",38.89,"State Highway","Curve and Level","Blacktop","Dry","Dark (Street LIghts On/ spot)","Overcast","Curbed Median","None",NA,"At","NULL","ROUTE 533 / WHITEHORSE AVE","NULL","","NULL",35,35,40.18815,-74.70483,"No","","418",434901.77,493517.45,NA,"DVRPC",0,"PDO",10020117
3443160,"2010110310-50899","10-50899",2010,"MERCER","Hamilton Twp (Mercer Co)","2010-12-09","Thursday","December","11:24:00",1,"HAMILTON TWP PD (MERCER)","",0,0,0,0,0,"Property Damage","Not At Intersection","No","No","Same Direction - Rear End",2,"NJ 33","East",33,"","00000033",2.86,"State Highway","Straight and Level","Blacktop","Dry","Daylight","Clear","None","None",100,"Foot","East","KLOCKNER RD","NULL","","NULL",40,25,40.233,-74.70954,"No","NONE","361",433624.876618,509858.165068,NA,"DVRPC",0,"PDO",10295227