"ID","DOT_WEB_ID","CASE_NUMBER","CRASH_YEAR","COUNTY","MUNICIPALITY","CRASH_DATE","CRASH_DAY_OF_WEEK","CRASH_MONTH","CRASH_TIME","POLICE_DEPT_CODE","POLICE_DEPARTMENT","POLICE_STATION","TOTAL_KILLED","TOTAL_INCAPACITATED","TOTAL_INJURED","PEDESTRIANS_KILLED","PEDESTRIANS_INJURED","SEVERITY","INTERSECTION","ALCOHOL_INVOLVED","HAZMAT_INVOLVED","CRASH_TYPE","TOTAL_VEHICLES_INVOLVED","CRASH_LOCATION","LOCATION_DIRECTION","ROUTE","ROUTE_SUFFIX","SRI","MILEPOST","ROAD_SYSTEM","ROAD_CHARACTER","ROAD_SURFACE_TYPE","SURFACE_CONDITION","LIGHT_CONDITION","ENVIRONMENTAL_CONDITION","ROAD_DIVIDED_BY","TEMP_TRAFFIC_CONTROL_ZONE","DISTANCE_TO_CROSS_STREET","UNIT_OF_MEASUREMENT","DIRECTION_FROM_CROSS_STREET","CROSS_STREET_NAME","IS_RAMP","RAMP_TO_FROM_ROUTE_NAME","RAMP_TO_FROM_ROUTE_DIRECTION","POSTED_SPEED","POSTED_SPEED_CROSS_STREET","LATITUDE","LONGITUDE","CELL_PHONE_IN_USE","OTHER_PROPERTY_DAMAGE","REPORTING_BADGE_NO","X","Y","CRASH_NARRATIVE","MPO","TOTAL_PEDESTRIANS_INVOLVED","EPDO","DLN"
3443161,"2010110310-5090","10-5090",2010,"MERCER","Hamilton Twp (Mercer Co)","2010-02-03","Wednesday","February","19:47:00",1,"HAMILTON TWP PD (MERCER)","",0,0,0,0,0,"Property Damage","Not At Intersection","No","No","Same Direction - Rear End",2,"ROUTE 533","South",533,"","00000533",2.71,"County","Straight and Level","Blacktop","Dry","Dark (Street LIghts On/ spot)","Clear","Curbed Median","None",30,"Foot","North","KLOCKNER RD","NULL","","NULL",45,40,40.22507,-74.68708,"No","","418",439888.708579,506956.751627,NA,"DVRPC",0,"PDO",10017456
3443209,"2010110310-5178","10-5178",2010,"MERCER","Hamilton Twp (Mercer Co)","2010-02-04","Thursday","February","11:46:00",1,"HAMILTON TWP PD (MERCER)","",0,0,0,0,0,"Property Damage","At Intersection","No","No","Left Turn / U Turn",2,"ROUTE 533","NULL",533,"","00000533",4.3,"County","Straight and Level","Blacktop","Dry","Daylight","Clear","None","None",NA,"At","NULL","BROOKWOOD RD","NULL","","NULL",40,25,40.24778,-74.68607,"No","","322",440189.152464,515226.802861,NA,"DVRPC",0,"PDO",10020114
3443210,"2010110310-51788","10-51788",2010,"MERCER","Hamilton Twp (Mercer Co)","2010-12-15","Wednesday","December","08:39:00",1,"HAMILTON TWP PD (MERCER)","",0,0,2,0,0,"Injury","At Intersection","No","No","Same Direction - Side Swipe",3,"ROUTE 533","North",533,"","00000533",3.51,"County","Straight and Level","Blacktop","Icy","Daylight","Clear","None","None",NA,"At","NULL","ROUTE 535 / CR 618 / EDINBURG RD /","NULL","","NULL",35,35,40.23659,-74.68806,"No","NONE","381",439623.18,511153.66,NA,"DVRPC",0,"Pain",10295190
3443243,"2010110310-52292","10-52292",2010,"MERCER","Hamilton Twp (Mercer Co)","2010-12-18","Saturday","December","12:11:00",1,"HAMILTON TWP PD (MERCER)","",0,0,3,0,0,"Injury","Not At Intersection","No","No","Same Direction - Rear End",3,"US 130","North",130,"","00000130",60.41,"State Highway","Straight and Level","Blacktop","Dry","Daylight","Clear","Grass Median","None",500,"Foot","South","CRSWKS-HMLT SQ RD / KLOCKNER RD","NULL","","NULL",55,40,40.19127,-74.6489,"No","","322",450528.353731,494624.282137,NA,"DVRPC",0,"Pain",10294285
3443246,"2010110310-523","10-523",2010,"MERCER","Hamilton Twp (Mercer Co)","2010-01-05","Tuesday","January","12:15:00",1,"HAMILTON TWP PD (MERCER)","",0,0,0,0,0,"Property Damage","Not At Intersection","No","No","Fixed Object",1,"US 206","East",206,"","00000206",40.3,"Municipal","Straight and Level","Blacktop","Dry","Daylight","Clear","Curbed Median","None",30,"Foot","East","CR 626 / CHAMBER ST","NULL","","NULL",35,25,40.19792,-74.72823,"No","NONE","431",428373.05,497093.33,NA,"DVRPC",0,"PDO",10008171
3443255,"2010110310-5246","10-5246",2010,"MERCER","Hamilton Twp (Mercer Co)","2010-02-04","Thursday","February","17:49:00",1,"HAMILTON TWP PD (MERCER)","",0,0,1,0,0,"Injury","Not At Intersection","No","No","Same Direction - Rear End",3,"SWEETBRIAR AVE","NULL",NA,"","11031995",0.91,"Municipal","Straight and Level","Blacktop","Dry","Dark (Street Lights On/ continuous)","Clear","None","None",250,"Foot","North","WHITEHEAD RD.","NULL","","NULL",40,35,40.24728,-74.72653,"No","","364",NA,NA,NA,"DVRPC",0,"Pain",10020111
3443262,"2010110310-52548","10-52548",2010,"MERCER","Hamilton Twp (Mercer Co)","2010-12-20","Monday","December","13:11:00",1,"HAMILTON TWP PD (MERCER)","",0,0,0,0,0,"Property Damage","Not At Intersection","No","No","Same Direction - Rear End",3,"NJ 33","East",33,"","00000033",5.14,"State Highway","Straight and Level","Blacktop","Dry","Daylight","Clear","None","None",15,"Foot","East","PAXSON AVE","NULL","","NULL",40,25,40.22874,-74.66788,"No","","322",445253.140237,508282.289033,NA,"DVRPC",0,"PDO",10294267
3443266,"2010110310-52576","10-52576",2010,"MERCER","Hamilton Twp (Mercer Co)","2010-12-20","Monday","December","15:50:00",1,"HAMILTON TWP PD (MERCER)","",0,0,0,0,0,"Property Damage","Not At Intersection","No","No","Fixed Object",1,"US 206","North",206,"","00000206",38.64,"State Highway","Straight and Level","Blacktop","Dry","Daylight","NULL","None","None",1320,"Foot","South","ROUTE 533 / WHITEHORSE AVE","NULL","","NULL",40,NA,40.18457,-74.70473,"No","LIGHT STANDARD DIRECTIONAL SIGN","361",434927.604774,492213.263109,NA,"DVRPC",0,"PDO",10295224
3443269,"2010110310-5260","10-5260",2010,"MERCER","Hamilton Twp (Mercer Co)","2010-02-04","Thursday","February","20:14:00",1,"HAMILTON TWP PD (MERCER)","",0,0,0,0,0,"Property Damage","Not At Intersection","No","No","Same Direction - Rear End",2,"NJ 33","East",33,"","00000033",5.32,"State Highway","Straight and Level","Blacktop","Dry","Dark (Street LIghts On/ spot)","Clear","None","None",50,"Foot","West","WHITEHORSE-HAMILTON SQUARE RD","NULL","","NULL",40,35,40.22795,-74.66463,"No","","418",446158.315373,507991.850048,NA,"DVRPC",0,"PDO",10020110
3443281,"2010110310-52697","10-52697",2010,"MERCER","Hamilton Twp (Mercer Co)","2010-12-21","Tuesday","December","14:37:00",1,"HAMILTON TWP PD (MERCER)","",0,0,0,0,0,"Property Damage","Not At Intersection","No","No","Struck Parked Vehicle",2,"MERCER COUNTY 614","East",614,"","11000614",0.31,"County","Straight and Level","Blacktop","Dry","Daylight","Clear","None","None",50,"Foot","West","ROBERTS AVE.","NULL","","NULL",25,25,40.23344,-74.73225,"No","NONE","388",427284.103346,510032.876666,NA,"DVRPC",0,"PDO",10295197
3443325,"2010110310-53388","10-53388",2010,"MERCER","Hamilton Twp (Mercer Co)","2010-12-26","Sunday","December","15:16:00",1,"HAMILTON TWP PD (MERCER)","",0,0,0,0,0,"Property Damage","Not At Intersection","No","No","Same Direction - Rear End",2,"NJ 33","NULL",33,"","00000033",2.84,"State Highway","Straight and Level","Blacktop","Snowy","Daylight","Snow","None","None",10,"Foot","West","KLOCKNER RD","NULL","","NULL",45,35,40.23297,-74.70993,"No","","433",433514.87,509847.46,NA,"DVRPC",0,"PDO",10299824
3443337,"2010110310-5364","10-5364",2010,"MERCER","Hamilton Twp (Mercer Co)","2010-02-05","Friday","February","13:20:00",1,"HAMILTON TWP PD (MERCER)","",0,0,0,0,0,"Property Damage","Not At Intersection","No","No","Fixed Object",1,"US 130","North",130,"","00000130",59,"State Highway","Straight and Level","Blacktop","Dry","Daylight","Overcast","Grass Median","None",650,"Foot","South","VAN KANNEL AVE","NULL","","NULL",55,NA,40.1777,-74.66875,"No","*SEE NARRATIVE*","302",444973.553651,489691.576726,NA,"DVRPC",0,"PDO",10021544
3443364,"2010110310-5396","10-5396",2010,"MERCER","Hamilton Twp (Mercer Co)","2010-02-05","Friday","February","16:31:00",1,"HAMILTON TWP PD (MERCER)","",0,0,1,0,0,"Injury","At Intersection","No","No","Right Angle",2,"NJ 33","NULL",33,"","00000033",5.23,"State Highway","Straight and Level","Blacktop","Dry","Daylight","Overcast","None","None",NA,"At","NULL","HERBERT AVE","NULL","","NULL",40,25,40.22835,-74.66626,"No","","364",445703.520814,508137.26536,NA,"DVRPC",0,"Pain",10025142
3443371,"2010110310-5406","10-5406",2010,"MERCER","Hamilton Twp (Mercer Co)","2010-02-05","Friday","February","15:07:00",1,"HAMILTON TWP PD (MERCER)","",0,0,3,0,0,"Injury","Not At Intersection","Yes","No","Opposite Direction - Head On/Angular",2,"MERCER COUNTY 622","NULL",622,"","11000622",0.81,"County","Straight and Level","Blacktop","Dry","Dark (Street Lights On/ continuous)","Clear","Painted Median","None",100,"Foot","South","TAMPA AVE","NULL","","NULL",35,25,40.20632,-74.71122,"No","","447",433133.057671,500139.92334,NA,"DVRPC",0,"Moderate Injury",10025141
3443379,"2010110310-5413","10-5413",2010,"MERCER","Hamilton Twp (Mercer Co)","2010-02-05","Friday","February","17:18:00",1,"HAMILTON TWP PD (MERCER)","",0,0,0,0,0,"Property Damage","Not At Intersection","No","No","Fixed Object",1,"MERCER COUNTY 622","South",622,"","11000622",0.92,"County","Straight and Level","Blacktop","Dry","Dark (Street Lights On/ continuous)","Clear","None","None",20,"Foot","South","TORONITA AVENUE","NULL","","NULL",25,55,40.20717,-74.71297,"No","","458",432643.103117,500452.556856,NA,"DVRPC",0,"PDO",10020106
3443380,"2010110310-5422","10-5422",2010,"MERCER","Hamilton Twp (Mercer Co)","2010-02-05","Friday","February","18:48:00",1,"HAMILTON TWP PD (MERCER)","",0,0,0,0,0,"Property Damage","Not At Intersection","No","No","Right Angle",2,"ROUTE 533","NULL",533,"","00000533",4.35,"County","Straight and Level","Blacktop","Dry","Dark (Street Lights On/ continuous)","Overcast","None","None",200,"Foot","South","FLOCK RD / SLOANE AVE","NULL","","NULL",40,35,40.24839,-74.68557,"No","","364",440329.085052,515448.676269,NA,"DVRPC",0,"PDO",10025140
3443381,"2010110310-5436","10-5436",2010,"MERCER","Hamilton Twp (Mercer Co)","2010-02-05","Friday","February","19:40:00",1,"HAMILTON TWP PD (MERCER)","",0,0,2,0,0,"Injury","At Intersection","No","No","Right Angle",2,"MERCER COUNTY 622","NULL",622,"","11000622",1.94,"County","Straight and Level","Blacktop","Wet","Dark (Street Lights On/ continuous)","Snow","None","None",NA,"At","NULL","E. FRANKLIN AVE","NULL","","NULL",35,25,40.21544,-74.72855,"No","858 S. OLDEN AVE(DRAIN DOWN SPOUTS) & STREET SIGN","381",428301.492368,503476.315134,NA,"DVRPC",0,"Pain",10021542
3443382,"2010110310-5457","10-5457",2010,"MERCER","Hamilton Twp (Mercer Co)","2010-02-05","Friday","February","23:58:00",1,"HAMILTON TWP PD (MERCER)","",0,0,0,0,0,"Property Damage","Not At Intersection","No","No","Fixed Object",1,"WARD AVE","NULL",NA,"","11032003",0.49,"Municipal","Curve and Level","Blacktop","Snowy","Dark (Street Lights On/ continuous)","Snow","None","None",25,"Foot","North","TIPTON AVE","NULL","","NULL",25,25,40.22899,-74.72316,"No","SMALL DENT IN GUARD RAIL","304",429818.34,508408.25,NA,"DVRPC",0,"PDO",10020105
3443386,"2010110310-5486","10-5486",2010,"MERCER","Hamilton Twp (Mercer Co)","2010-02-06","Saturday","February","07:56:00",1,"HAMILTON TWP PD (MERCER)","",0,0,0,0,0,"Property Damage","At Intersection","No","No","Fixed Object",1,"NJ 33","East",33,"","00000033",2.63,"State Highway","Straight and Level","Blacktop","Snowy","Daylight","Snow","None","None",NA,"At","NULL","BUTTONWOOD ST","NULL","","NULL",40,NA,40.23269,-74.71386,"No","UTILITY POLE A65943 HM","392",432418.31,509746.49,NA,"DVRPC",0,"PDO",10024327
3443387,"2010110310-5490","10-5490",2010,"MERCER","Hamilton Twp (Mercer Co)","2010-02-06","Saturday","February","08:21:00",1,"HAMILTON TWP PD (MERCER)","",0,0,0,0,0,"Property Damage","Not At Intersection","No","No","Fixed Object",1,"US 130","South",130,"","00000130",61.64,"State Highway","Straight and Level","Blacktop","Snowy","Daylight","Snow","Grass Median","None",75,"Foot","North","KUSER RD","NULL","","NULL",50,30,40.20433,-74.63319,"No","POLE #445-1 (MINOR)","368",454924.749973,499373.586716,NA,"DVRPC",0,"PDO",10024326
3443397,"2010110310-556","10-556",2010,"MERCER","Hamilton Twp (Mercer Co)","2010-01-05","Tuesday","January","17:49:00",1,"HAMILTON TWP PD (MERCER)","",0,0,0,0,0,"Property Damage","Not At Intersection","No","No","Animal",1,"ROUTE 524","NULL",524,"","00000524",3.11,"County","Straight and Level","Blacktop","Dry","Dark (Street Lights On/ continuous)","Clear","None","None",75,"Foot","West","GROVEVILLE RD","NULL","","NULL",40,35,40.17324,-74.65131,"No","","381",449845.05,488055.82,NA,"DVRPC",0,"PDO",10006201
3443401,"2010110310-5702","10-5702",2010,"MERCER","Hamilton Twp (Mercer Co)","2010-02-08","Monday","February","10:47:00",1,"HAMILTON TWP PD (MERCER)","",0,0,0,0,0,"Property Damage","Not At Intersection","No","No","Opposite Direction - Head On/Angular",2,"US 206","NULL",206,"","00000206",38.9,"State Highway","Straight and Level","Blacktop","Dry","Daylight","Clear","None","None",NA,"NULL","NULL","","NULL","","NULL",NA,NA,40.18829,-74.70497,"No","","330",434862.230466,493567.477802,NA,"DVRPC",0,"PDO",10025132
3443402,"2010110310-5727","10-5727",2010,"MERCER","Hamilton Twp (Mercer Co)","2010-02-08","Monday","February","13:55:00",1,"HAMILTON TWP PD (MERCER)","",0,0,0,0,0,"Property Damage","Not At Intersection","No","No","Struck Parked Vehicle",2,"US 206","North",206,"","00000206",40.57,"Municipal","Straight and Level","Blacktop","Dry","Daylight","Clear","Curbed Median","None",100,"Foot","South","SAMUAL ST","NULL","","NULL",35,25,40.1998,-74.73274,"No","NONE","418",427114.130908,497781.188273,NA,"DVRPC",0,"PDO",10025131
3443403,"2010110310-5744","10-5744",2010,"MERCER","Hamilton Twp (Mercer Co)","2010-02-08","Monday","February","15:05:00",1,"HAMILTON TWP PD (MERCER)","",0,0,0,0,0,"Property Damage","Not At Intersection","No","No","Same Direction - Rear End",2,"NJ 33","East",33,"","00000033",3.97,"State Highway","Straight and Level","Blacktop","Dry","Daylight","Clear","None","None",100,"Foot","West","LOWELL AVE","NULL","","NULL",40,25,40.23398,-74.68897,"No","","418",439367.908735,510202.341044,NA,"DVRPC",0,"PDO",10025130
3443405,"2010110310-5761","10-5761",2010,"MERCER","Hamilton Twp (Mercer Co)","2010-02-08","Monday","February","17:18:00",1,"HAMILTON TWP PD (MERCER)","",0,0,0,0,0,"Property Damage","At Intersection","No","No","Left Turn / U Turn",2,"ROUTE 533","South",533,"","00000533",5.56,"County","Straight and Level","Blacktop","Dry","Dusk","Clear","None","None",NA,"At","NULL","YOUNGS RD","NULL","","NULL",45,25,40.26384,-74.67496,"No","","407",443300.28,521070.73,NA,"DVRPC",0,"PDO",10025128
3443407,"2010110310-5799","10-5799",2010,"MERCER","Hamilton Twp (Mercer Co)","2010-02-09","Tuesday","February","07:44:00",1,"HAMILTON TWP PD (MERCER)","",0,0,0,0,0,"Property Damage","Not At Intersection","No","No","Same Direction - Rear End",2,"US 206","East",206,"","00000206",38.86,"State Highway","Straight and Level","Blacktop","Dry","Daylight","Clear","Curbed Median","None",150,"Foot","West","ROUTE 533 / WHITEHORSE AVE","NULL","","NULL",35,35,40.18775,-74.70471,"No","NONE","302",434935.844284,493372.528707,NA,"DVRPC",0,"PDO",10025124
3443408,"2010110310-5805","10-5805",2010,"MERCER","Hamilton Twp (Mercer Co)","2010-02-09","Tuesday","February","08:18:00",1,"HAMILTON TWP PD (MERCER)","",0,0,0,0,0,"Property Damage","Not At Intersection","No","No","Same Direction - Rear End",3,"FLOCK RD","NULL",NA,"","11031986",1.21,"Municipal","Straight and Level","Blacktop","Dry","Daylight","Clear","None","None",75,"Foot","West","FAIRLAWN AVE","NULL","","NULL",45,25,40.25013,-74.68968,"No","","364",439124.945253,516102.200959,NA,"DVRPC",0,"PDO",10025123
3443410,"2010110310-5813","10-5813",2010,"MERCER","Hamilton Twp (Mercer Co)","2010-02-09","Tuesday","February","09:16:00",1,"HAMILTON TWP PD (MERCER)","",0,0,2,0,0,"Injury","Not At Intersection","No","No","Same Direction - Rear End",2,"MERCER COUNTY 620","West",620,"","11000620",0.31,"County","Straight and Grade","Blacktop","Dry","Daylight","Clear","None","None",10,"Foot","East","FRANCINE DR","NULL","","NULL",40,25,40.19115,-74.69408,"No","","418",437906.461868,494603.99751,NA,"DVRPC",0,"Pain",10025121
3443413,"2010110310-5833","10-5833",2010,"MERCER","Hamilton Twp (Mercer Co)","2010-02-09","Tuesday","February","11:11:00",1,"HAMILTON TWP PD (MERCER)","",0,0,0,0,0,"Property Damage","Not At Intersection","No","No","Opposite Direction - Side Swipe",2,"MERCER COUNTY 652","NULL",652,"","11000652",0.06,"Municipal","Straight and Level","Blacktop","Dry","Daylight","Clear","None","None",250,"Foot","West","CLIFFORD AVE","NULL","","NULL",35,25,40.23537,-74.69167,"No","","381",438616.122743,510708.516997,NA,"DVRPC",0,"PDO",10038705
3443414,"2010110310-5837","10-5837",2010,"MERCER","Hamilton Twp (Mercer Co)","2010-02-09","Tuesday","February","11:41:00",1,"HAMILTON TWP PD (MERCER)","HAMILTON",0,0,1,0,0,"Injury","At Intersection","No","No","Same Direction - Rear End",2,"MERCER COUNTY 622","East",622,"","11000622",1.1,"County","Straight and Level","Blacktop","Dry","Daylight","Clear","None","None",NA,"At","NULL","WELLER AVE","NULL","","NULL",35,25,40.20855,-74.71589,"No","","376",431829.57,500956.3,NA,"DVRPC",0,"Pain",10025118
3443416,"2010110310-5855","10-5855",2010,"MERCER","Hamilton Twp (Mercer Co)","2010-02-09","Tuesday","February","13:07:00",1,"HAMILTON TWP PD (MERCER)","",0,0,0,0,0,"Property Damage","Not At Intersection","No","No","Left Turn / U Turn",3,"KUSER RD","West",NA,"","11031985",1.88,"Municipal","Straight and Level","Blacktop","Dry","Daylight","Overcast","None","None",180,"Foot","West","YARDVILLE HAMILTON SQUARE RD","NULL","","NULL",35,35,40.20439,-74.66224,"No","","407",446810.220278,499407.116663,NA,"DVRPC",0,"PDO",10025117
3443418,"2010110310-5878","10-5878",2010,"MERCER","Hamilton Twp (Mercer Co)","2010-02-09","Tuesday","February","15:45:00",1,"HAMILTON TWP PD (MERCER)","",0,0,0,0,0,"Property Damage","Not At Intersection","No","No","Same Direction - Rear End",2,"ROUTE 524","West",524,"","00000524",0.24,"County","Straight and Level","Blacktop","Dry","Daylight","Overcast","None","Construction Zone",300,"Foot","West","GROPP AVE","NULL","","NULL",40,25,40.18805,-74.70027,"No","","942",436175.78197,493479.774003,NA,"DVRPC",0,"PDO",10025116
3443419,"2010110310-5899","10-5899",2010,"MERCER","Hamilton Twp (Mercer Co)","2010-02-09","Tuesday","February","18:30:00",1,"HAMILTON TWP PD (MERCER)","",0,0,0,0,0,"Property Damage","At Intersection","No","No","Right Angle",2,"ROUTE 533","NULL",533,"","00000533",2.7,"County","Straight and Level","Blacktop","Dry","Dark (Street Lights On/ continuous)","Clear","Curbed Median","None",NA,"At","NULL","KLOCKNER RD","NULL","","NULL",45,40,40.22493,-74.68709,"No","","422",439885.226951,506903.84795,NA,"DVRPC",0,"PDO",10025115
3443425,"2010110310-6031","10-6031",2010,"MERCER","Hamilton Twp (Mercer Co)","2010-02-10","Wednesday","February","14:33:00",1,"HAMILTON TWP PD (MERCER)","",0,0,0,0,0,"Property Damage","Not At Intersection","No","No","Overturned",1,"US 130","NULL",130,"","00000130",60.12,"State Highway","Straight and Level","Blacktop","Snowy","Daylight","Snow","Grass Median","None",2000,"Foot","South","CRSWKS-HMLT SQ RD / KLOCKNER RD","NULL","","NULL",55,40,40.18863,-74.65316,"No","","302",449335.666783,493662.796491,NA,"DVRPC",0,"PDO",10025109
3443426,"2010110310-6056","10-6056",2010,"MERCER","Hamilton Twp (Mercer Co)","2010-02-10","Wednesday","February","17:03:00",1,"HAMILTON TWP PD (MERCER)","",0,0,0,0,0,"Property Damage","At Intersection","No","No","Same Direction - Rear End",2,"NJ 33","West",33,"","00000033",2.84,"State Highway","Straight and Level","Blacktop","Snowy","Dark (Street Lights On/ continuous)","Snow","None","None",NA,"At","NULL","KLOCKNER RD","NULL","","NULL",45,35,40.23297,-74.70993,"No","","384",433514.87,509847.46,NA,"DVRPC",0,"PDO",10025108
3443429,"2010110310-6196","10-6196",2010,"MERCER","Hamilton Twp (Mercer Co)","2010-02-11","Thursday","February","10:29:00",1,"HAMILTON TWP PD (MERCER)","",0,0,0,0,0,"Property Damage","Not At Intersection","No","No","Backing",2,"NJ 156","South",156,"","00000156",0.27,"State Highway","Straight and Grade","Blacktop","Slush","Daylight","Clear","None","None",200,"Foot","South","MARTINS LA","NULL","","NULL",35,25,40.1769,-74.67432,"No","NONE","418",443416.34305,489401.455024,NA,"DVRPC",0,"PDO",10025105
3443430,"2010110310-6215","10-6215",2010,"MERCER","Hamilton Twp (Mercer Co)","2010-02-11","Thursday","February","12:15:00",1,"HAMILTON TWP PD (MERCER)","",0,0,0,0,0,"Property Damage","Not At Intersection","No","No","Struck Parked Vehicle",2,"LAFAYETTE AVE","NULL",NA,"","11031992",0.05,"Municipal","Straight and Level","Blacktop","Snowy","Dark (Street Lights On/ continuous)","Snow","None","None",250,"Foot","North","W. PARK AVE","NULL","","NULL",25,25,40.19586,-74.72574,"No","","381",429067.169996,496340.834446,NA,"DVRPC",0,"PDO",10051359
3443432,"2010110310-622","10-622",2010,"MERCER","Hamilton Twp (Mercer Co)","2010-01-06","Wednesday","January","06:15:00",1,"HAMILTON TWP PD (MERCER)","",0,0,0,0,0,"Property Damage","At Intersection","No","No","Same Direction - Side Swipe",2,"MERCER COUNTY 618","West",618,"","11000618",1.91,"County","Straight and Level","Blacktop","Dry","Dark (Street Lights On/ continuous)","Clear","None","None",NA,"At","NULL","CREST AVE","NULL","","NULL",40,25,40.22722,-74.65418,"No","","511",449076.53,507719.52,NA,"DVRPC",0,"PDO",10008167
3443437,"2010110310-6340","10-6340",2010,"MERCER","Hamilton Twp (Mercer Co)","2010-02-12","Friday","February","07:28:00",1,"HAMILTON TWP PD (MERCER)","",0,0,1,0,0,"Injury","At Intersection","No","No","Right Angle",2,"S CLINTON AVE","NULL",NA,"","11031969",0.5,"Municipal","Straight and Level","Blacktop","Icy","Daylight","Clear","None","None",NA,"At","NULL","FETTER AVE.","NULL","","NULL",35,25,40.19302,-74.71251,"No","","364",432770.137143,495292.002857,NA,"DVRPC",0,"Pain",10037771
3443438,"2010110310-6341","10-6341",2010,"MERCER","Hamilton Twp (Mercer Co)","2010-02-12","Friday","February","07:37:00",1,"HAMILTON TWP PD (MERCER)","",0,0,1,0,0,"Injury","At Intersection","No","Yes","Left Turn / U Turn",2,"ROUTE 524","North",524,"","00000524",1.04,"County","Straight and Grade","Blacktop","Icy","Daylight","Clear","None","None",NA,"At","NULL","HIGHLAND AVE","NULL","","NULL",35,25,40.18624,-74.68591,"No","","416",440184.237501,492808.894698,NA,"DVRPC",0,"Pain",10037768
3443439,"2010110310-6344","10-6344",2010,"MERCER","Hamilton Twp (Mercer Co)","2010-02-12","Friday","February","07:47:00",1,"HAMILTON TWP PD (MERCER)","",0,0,0,0,0,"Property Damage","Not At Intersection","No","No","Same Direction - Rear End",2,"US 206","NULL",206,"","00000206",38.9,"State Highway","Straight and Level","Blacktop","Icy","Daylight","Clear","Curbed Median","None",10,"Foot","South","CR 626 / CHAMBER ST","NULL","","NULL",35,25,40.18829,-74.70497,"No","","396",434862.230466,493567.477802,NA,"DVRPC",0,"PDO",10037767
3443440,"2010110310-6351","10-6351",2010,"MERCER","Hamilton Twp (Mercer Co)","2010-01-12","Tuesday","January","08:30:00",1,"HAMILTON TWP PD (MERCER)","",0,0,0,0,0,"Property Damage","At Intersection","No","No","Same Direction - Rear End",2,"ROUTE 535","West",535,"","00000535",5.12,"County","Straight and Level","Blacktop","Icy","Daylight","Clear","None","None",NA,"At","NULL","HUGHES DR","NULL","","NULL",40,35,40.24959,-74.66114,"No","","418",447079.338596,515845.686868,NA,"DVRPC",0,"PDO",10037766
3443441,"2010110310-6353","10-6353",2010,"MERCER","Hamilton Twp (Mercer Co)","2010-02-12","Friday","February","08:40:00",1,"HAMILTON TWP PD (MERCER)","",0,0,0,0,0,"Property Damage","Not At Intersection","No","No","Opposite Direction - Head On/Angular",2,"KLOCKNER RD","NULL",NA,"","11031976",0.49,"Municipal","Curve and Level","Blacktop","Icy","Daylight","Clear","None","None",350,"Foot","North","E. STATE ST. EXT.","NULL","","NULL",35,45,40.24796,-74.71095,"No","","302",433242.74,515309.65,NA,"DVRPC",0,"PDO",10037765
3443442,"2010110310-6380","10-6380",2010,"MERCER","Hamilton Twp (Mercer Co)","2010-02-12","Friday","February","11:17:00",1,"HAMILTON TWP PD (MERCER)","",0,0,0,0,0,"Property Damage","At Intersection","No","No","Right Angle",2,"ROUTE 533","NULL",533,"","00000533",1.41,"County","Straight and Level","Blacktop","Wet","Daylight","Clear","Curbed Median","None",NA,"At","NULL","CR 619 / KUSER RD","NULL","","NULL",35,35,40.20734,-74.6946,"No","","302",437775.57,500499.83,NA,"DVRPC",0,"PDO",10037764
3443446,"2010110310-6544","10-6544",2010,"MERCER","Hamilton Twp (Mercer Co)","2010-02-13","Saturday","February","11:29:00",1,"HAMILTON TWP PD (MERCER)","",0,0,0,0,0,"Property Damage","Not At Intersection","No","No","Same Direction - Rear End",2,"ROUTE 533","North",533,"","00000533",0.43,"County","Straight and Level","Blacktop","Dry","Daylight","Overcast","None","None",40,"Foot","North","ARENA DR.","NULL","","NULL",40,40,40.19416,-74.70164,"No","","384",435796.470014,495706.646702,NA,"DVRPC",0,"PDO",10037760
3443447,"2010110310-6574","10-6574",2010,"MERCER","Hamilton Twp (Mercer Co)","2010-02-13","Saturday","February","14:52:00",1,"HAMILTON TWP PD (MERCER)","",0,0,0,0,0,"Property Damage","At Intersection","No","No","Right Angle",2,"YARDVILLE-HAMILTON SQ RD","South",NA,"","11031990",3.48,"Municipal","Straight and Level","Blacktop","Dry","Daylight","Overcast","None","None",NA,"At","NULL","NJ 33","NULL","","NULL",35,45,40.22707,-74.66154,"No","","384",447022.140676,507668.178764,NA,"DVRPC",0,"PDO",10037759
3443451,"2010110310-6637","10-6637",2010,"MERCER","Hamilton Twp (Mercer Co)","2010-02-14","Sunday","February","00:10:00",1,"HAMILTON TWP PD (MERCER)","",0,0,0,0,0,"Property Damage","Not At Intersection","No","No","Fixed Object",1,"ROUTE 533","NULL",533,"","00000533",3.86,"County","Straight and Level","Blacktop","Icy","Dark (Street Lights On/ continuous)","Clear","None","None",30,"Foot","South","NEW ST","NULL","","NULL",40,25,40.24159,-74.68784,"No","STONE FRONT DECORATIVE WALL F/O 2857 QUAKERBRIDGE RD.","421",439689.722402,512972.734464,NA,"DVRPC",0,"PDO",10037754
3443465,"2010110310-687","10-687",2010,"MERCER","Hamilton Twp (Mercer Co)","2010-01-06","Wednesday","January","17:36:00",1,"HAMILTON TWP PD (MERCER)","",0,0,0,0,0,"Property Damage","At Intersection","No","No","Left Turn / U Turn",2,"KLOCKNER RD","South",NA,"","11031976",0,"Municipal","Straight and Level","Blacktop","Dry","Dark (Street LIghts On/ spot)","Clear","None","None",NA,"At","NULL","KUSER RD","NULL","","NULL",35,40,40.2524,-74.70559,"No","","418",434742.48,516922.98,NA,"DVRPC",0,"PDO",10008166