"ID","DOT_WEB_ID","CASE_NUMBER","CRASH_YEAR","COUNTY","MUNICIPALITY","CRASH_DATE","CRASH_DAY_OF_WEEK","CRASH_MONTH","CRASH_TIME","POLICE_DEPT_CODE","POLICE_DEPARTMENT","POLICE_STATION","TOTAL_KILLED","TOTAL_INCAPACITATED","TOTAL_INJURED","PEDESTRIANS_KILLED","PEDESTRIANS_INJURED","SEVERITY","INTERSECTION","ALCOHOL_INVOLVED","HAZMAT_INVOLVED","CRASH_TYPE","TOTAL_VEHICLES_INVOLVED","CRASH_LOCATION","LOCATION_DIRECTION","ROUTE","ROUTE_SUFFIX","SRI","MILEPOST","ROAD_SYSTEM","ROAD_CHARACTER","ROAD_SURFACE_TYPE","SURFACE_CONDITION","LIGHT_CONDITION","ENVIRONMENTAL_CONDITION","ROAD_DIVIDED_BY","TEMP_TRAFFIC_CONTROL_ZONE","DISTANCE_TO_CROSS_STREET","UNIT_OF_MEASUREMENT","DIRECTION_FROM_CROSS_STREET","CROSS_STREET_NAME","IS_RAMP","RAMP_TO_FROM_ROUTE_NAME","RAMP_TO_FROM_ROUTE_DIRECTION","POSTED_SPEED","POSTED_SPEED_CROSS_STREET","LATITUDE","LONGITUDE","CELL_PHONE_IN_USE","OTHER_PROPERTY_DAMAGE","REPORTING_BADGE_NO","X","Y","CRASH_NARRATIVE","MPO","TOTAL_PEDESTRIANS_INVOLVED","EPDO","DLN"
3443468,"2010110310-6881","10-6881",2010,"MERCER","Hamilton Twp (Mercer Co)","2010-02-15","Monday","February","18:40:00",1,"HAMILTON TWP PD (MERCER)","",0,0,0,0,0,"Property Damage","At Intersection","No","No","Right Angle",2,"MERCER COUNTY 620","East",620,"","11000620",2.13,"County","Curve and Level","Blacktop","Wet","Dark (Street Lights Off)","Rain","None","None",NA,"At","NULL","CR 622","NULL","","NULL",35,25,40.20839,-74.71545,"No","","462",431953.47,500896.86,NA,"DVRPC",0,"PDO",10030988
3443470,"2010110310-6895","10-6895",2010,"MERCER","Hamilton Twp (Mercer Co)","2010-02-15","Monday","February","20:13:00",1,"HAMILTON TWP PD (MERCER)","",0,0,0,0,0,"Property Damage","At Intersection","No","No","Right Angle",2,"ROUTE 533","NULL",533,"","00000533",0,"County","Straight and Level","Blacktop","Snowy","Dark (Street Lights On/ continuous)","Snow","None","None",NA,"At","NULL","US 206 / ROUTE 524 / BROAD ST","NULL","","NULL",35,35,40.18848,-74.70467,"No","","442",434945.6,493638.27,NA,"DVRPC",0,"PDO",10030986
3443475,"2010110310-6983","10-6983",2010,"MERCER","Hamilton Twp (Mercer Co)","2010-02-16","Tuesday","February","13:30:00",1,"HAMILTON TWP PD (MERCER)","",0,0,1,0,0,"Injury","Not At Intersection","No","No","Same Direction - Rear End",2,"NJ 33","NULL",33,"","00000033",6.35,"State Highway","Straight and Level","Blacktop","Wet","Daylight","Snow","None","None",25,"Foot","West","GEORGE DYE RD","NULL","","NULL",40,25,40.22297,-74.64624,"No","","322",451290.227405,506170.096115,NA,"DVRPC",0,"Pain",10030981
3443481,"2010110310-7111","10-7111",2010,"MERCER","Hamilton Twp (Mercer Co)","2010-02-17","Wednesday","February","09:43:00",1,"HAMILTON TWP PD (MERCER)","",0,0,0,0,0,"Property Damage","Not At Intersection","No","No","Opposite Direction - Side Swipe",2,"ROUTE 535","NULL",535,"","00000535",4.77,"County","Straight and Level","Blacktop","Dry","Daylight","Clear","None","None",50,"Foot","East","FLOCK RD","NULL","","NULL",45,35,40.24773,-74.6673,"No","PSE & G POLE 74859 HM","322",445354.175921,515155.433951,NA,"DVRPC",0,"PDO",10027540
3443482,"2010110310-7120","10-7120",2010,"MERCER","Hamilton Twp (Mercer Co)","2010-02-17","Wednesday","February","10:16:00",1,"HAMILTON TWP PD (MERCER)","",0,0,0,0,0,"Property Damage","At Intersection","No","No","Right Angle",2,"FLOCK RD","West",NA,"","11031986",2.06,"Municipal","Straight and Level","Blacktop","Dry","Daylight","Overcast","None","None",NA,"At","NULL","KLOCKNER RD.","NULL","","NULL",45,35,40.25237,-74.70531,"No","","384",NA,NA,NA,"DVRPC",0,"PDO",10051450
3443483,"2010110310-7161","10-7161",2010,"MERCER","Hamilton Twp (Mercer Co)","2010-02-17","Wednesday","February","14:00:00",1,"HAMILTON TWP PD (MERCER)","",0,0,0,0,0,"Property Damage","Not At Intersection","No","No","Struck Parked Vehicle",2,"NJ 33","East",33,"","00000033",1.75,"State Highway","Straight and Level","Blacktop","Dry","Daylight","Clear","None","None",20,"Foot","East","NORWAY AVE","NULL","","NULL",30,25,40.22794,-74.72895,"No","","407",428199.186685,508028.742058,NA,"DVRPC",0,"PDO",10027539
3443485,"2010110310-7180","10-7180",2010,"MERCER","Hamilton Twp (Mercer Co)","2010-02-17","Wednesday","February","15:47:00",1,"HAMILTON TWP PD (MERCER)","",0,0,1,0,0,"Injury","At Intersection","No","No","Right Angle",2,"ROUTE 533","South",533,"","00000533",2.14,"County","Straight and Level","Blacktop","Dry","Daylight","Clear","None","None",NA,"At","NULL","CYPRESS LA","NULL","","NULL",45,40,40.21709,-74.68931,"No","","407",439259.31,504049.3,NA,"DVRPC",0,"Pain",10027537
3443488,"2010110310-7216","10-7216",2010,"MERCER","Hamilton Twp (Mercer Co)","2010-02-17","Wednesday","February","19:40:00",1,"HAMILTON TWP PD (MERCER)","",0,0,0,0,0,"Property Damage","Not At Intersection","No","No","Same Direction - Side Swipe",2,"US 206","NULL",206,"","00000206",40.33,"Municipal","Straight and Level","Blacktop","Dry","Dark (Street Lights On/ continuous)","Clear","None","None",200,"Foot","South","HARRISON ST","NULL","","NULL",35,25,40.19814,-74.72875,"No","","381",428227.550525,497173.190103,NA,"DVRPC",0,"PDO",10027534
3443490,"2010110310-7231","10-7231",2010,"MERCER","Hamilton Twp (Mercer Co)","2010-02-17","Wednesday","February","22:03:00",1,"HAMILTON TWP PD (MERCER)","",0,0,0,0,0,"Property Damage","Not At Intersection","No","No","Fixed Object",1,"ROUTE 535","North",535,"","00000535",4.18,"County","Straight and Level","Blacktop","Dry","Dark (Street Lights On/ continuous)","Clear","None","None",160,"Foot","South","TANGLEWOOD DR","NULL","","NULL",35,35,40.2432,-74.67678,"No","","438",442692.59927,513502.103538,NA,"DVRPC",0,"PDO",10027532
3443492,"2010110310-7244","10-7244",2010,"MERCER","Hamilton Twp (Mercer Co)","2010-02-18","Thursday","February","03:56:00",1,"HAMILTON TWP PD (MERCER)","",0,0,0,0,0,"Property Damage","Not At Intersection","No","No","Struck Parked Vehicle",2,"NJ 33","West",33,"","00000033",3.44,"State Highway","Straight and Level","Blacktop","Dry","Dark (Street Lights Off)","Clear","Painted Median","None",200,"Foot","West","CR 606 / HAMILTON AVE / N HAMILTON","NULL","","NULL",40,25,40.23383,-74.69861,"No","","440",436677.10712,510154.974851,NA,"DVRPC",0,"PDO",10027530
3443497,"2010110310-7316","10-7316",2010,"MERCER","Hamilton Twp (Mercer Co)","2010-02-18","Thursday","February","15:34:00",1,"HAMILTON TWP PD (MERCER)","",0,0,0,0,0,"Property Damage","At Intersection","No","No","Same Direction - Rear End",2,"HAMILTON SQUARE-WHITEHORSE RD","North",NA,"","11031988",2.23,"Municipal","Straight and Level","Blacktop","Dry","Daylight","Clear","None","None",NA,"At","NULL","KUSER RD","NULL","","NULL",40,35,40.2052,-74.68885,"No","NONE","381",439378.311038,499718.353265,NA,"DVRPC",0,"PDO",10027524
3443498,"2010110310-7319","10-7319",2010,"MERCER","Hamilton Twp (Mercer Co)","2010-02-18","Thursday","February","15:47:00",1,"HAMILTON TWP PD (MERCER)","",0,0,0,0,0,"Property Damage","Not At Intersection","No","No","Same Direction - Rear End",2,"ROUTE 533","NULL",533,"","00000533",0.94,"County","Straight and Grade","Blacktop","Dry","Daylight","Clear","None","None",75,"Foot","North","DODGE DR","NULL","","NULL",35,25,40.20104,-74.69796,"No","","364",436829.858745,498208.926238,NA,"DVRPC",0,"PDO",10039520
3443499,"2010110310-7331","10-7331",2010,"MERCER","Hamilton Twp (Mercer Co)","2010-02-18","Thursday","February","17:06:00",1,"HAMILTON TWP PD (MERCER)","",0,0,0,0,0,"Property Damage","Not At Intersection","No","No","Same Direction - Rear End",2,"NJ 33","East",33,"","00000033",2.63,"State Highway","Straight and Level","Blacktop","Dry","Daylight","Clear","None","None",20,"Foot","East","BUTTONWOOD ST","NULL","","NULL",35,25,40.23269,-74.71386,"No","","407",432418.31,509746.49,NA,"DVRPC",0,"PDO",10027523
3443504,"2010110310-7427","10-7427",2010,"MERCER","Hamilton Twp (Mercer Co)","2010-02-19","Friday","February","12:17:00",1,"HAMILTON TWP PD (MERCER)","",0,0,1,0,0,"Injury","Not At Intersection","No","No","Same Direction - Rear End",3,"ROUTE 535","North",535,"","00000535",0.45,"County","Straight and Level","Blacktop","Dry","Daylight","Clear","None","None",50,"Foot","North","CR 614 / NOTTINGHAM WAY","NULL","","NULL",35,30,40.23351,-74.73052,"No","","407",427648.619555,509875.282806,NA,"DVRPC",0,"Pain",10027561
3443510,"2010110310-7503","10-7503",2010,"MERCER","Hamilton Twp (Mercer Co)","2010-02-19","Friday","February","20:31:00",1,"HAMILTON TWP PD (MERCER)","",0,0,1,0,0,"Injury","Not At Intersection","No","No","Same Direction - Rear End",2,"NJ 33","NULL",33,"","00000033",4.3,"State Highway","Straight and Level","Blacktop","Dry","Dark (Street Lights On/ continuous)","Clear","None","None",25,"Foot","West","SHADY LN","NULL","","NULL",40,25,40.23245,-74.68304,"No","","381",441022.700205,509639.931358,NA,"DVRPC",0,"Pain",10044114
3443511,"2010110310-7511","10-7511",2010,"MERCER","Hamilton Twp (Mercer Co)","2010-02-14","Sunday","February","21:37:00",1,"HAMILTON TWP PD (MERCER)","",0,0,0,0,0,"Property Damage","At Intersection","No","No","Opposite Direction - Head On/Angular",2,"FLOCK RD","NULL",NA,"","11031986",1.22,"Municipal","Straight and Level","Blacktop","Dry","Dark (Street Lights On/ continuous)","Clear","Painted Median","None",NA,"At","NULL","FAIRLAWN AVE","NULL","","NULL",45,25,40.25017,-74.68987,"No","","396",439071.913848,516114.217033,NA,"DVRPC",0,"PDO",10039519
3443512,"2010110310-752","10-752",2010,"MERCER","Hamilton Twp (Mercer Co)","2010-01-07","Thursday","January","08:58:00",1,"HAMILTON TWP PD (MERCER)","",0,0,0,0,0,"Property Damage","Not At Intersection","No","No","Struck Parked Vehicle",2,"MERCER COUNTY 614","West",614,"","11000614",0.69,"County","Straight and Level","Blacktop","Dry","Daylight","Clear","None","None",40,"Foot","East","WARNER DR","NULL","","NULL",35,25,40.23263,-74.72527,"No","","384",429232.014988,509735.185003,NA,"DVRPC",0,"PDO",10004302
3443513,"2010110310-7565","10-7565",2010,"MERCER","Hamilton Twp (Mercer Co)","2010-02-20","Saturday","February","11:39:00",1,"HAMILTON TWP PD (MERCER)","",0,0,0,0,0,"Property Damage","At Intersection","No","No","Right Angle",2,"NJ 33","NULL",33,"","00000033",3.92,"State Highway","Straight and Grade","Blacktop","Dry","Daylight","Clear","None","None",NA,"At","NULL","CLIFFORD AVE","NULL","","NULL",40,25,40.23422,-74.68985,"No","","364",439120.948033,510289.255024,NA,"DVRPC",0,"PDO",10039518
3443514,"2010110310-7570","10-7570",2010,"MERCER","Hamilton Twp (Mercer Co)","2010-02-20","Saturday","February","12:25:00",1,"HAMILTON TWP PD (MERCER)","",0,0,0,0,0,"Property Damage","Not At Intersection","No","No","Same Direction - Rear End",2,"NJ 33","East",33,"","00000033",4,"State Highway","Straight and Level","Blacktop","Dry","Daylight","Clear","None","None",50,"Foot","East","LOWELL AVE","NULL","","NULL",40,25,40.23384,-74.68843,"No","","418",439518.256054,510148.978488,NA,"DVRPC",0,"PDO",10027556
3443516,"2010110310-7592","10-7592",2010,"MERCER","Hamilton Twp (Mercer Co)","2010-02-20","Saturday","February","16:20:00",1,"HAMILTON TWP PD (MERCER)","",0,0,1,0,0,"Injury","Not At Intersection","No","No","Same Direction - Rear End",3,"YARDVILLE-HAMILTON SQ RD","NULL",NA,"","11031990",3.07,"Municipal","Straight and Level","Blacktop","Dry","Daylight","Clear","Barrier Median","None",300,"Foot","North","ESTATES BLVD","NULL","","NULL",35,25,40.22124,-74.66169,"No","","381",446976.19,505546.83,NA,"DVRPC",0,"Pain",10027554
3443517,"2010110310-7598","10-7598",2010,"MERCER","Hamilton Twp (Mercer Co)","2010-02-20","Saturday","February","17:36:00",1,"HAMILTON TWP PD (MERCER)","",0,0,0,0,0,"Property Damage","Not At Intersection","No","No","Same Direction - Rear End",2,"US 130","North",130,"","00000130",60.44,"State Highway","Straight and Level","Blacktop","Dry","Dark (Street LIghts On/ spot)","Overcast","Grass Median","None",300,"Foot","South","CRSWKS-HMLT SQ RD / KLOCKNER RD","NULL","","NULL",55,40,40.19155,-74.64846,"No","","418",450651.215898,494724.544623,NA,"DVRPC",0,"PDO",10033580
3443523,"2010110310-7702","10-7702",2010,"MERCER","Hamilton Twp (Mercer Co)","2010-02-21","Sunday","February","16:56:00",1,"HAMILTON TWP PD (MERCER)","",0,0,0,0,0,"Property Damage","Not At Intersection","No","No","Opposite Direction - Side Swipe",2,"ROUTE 524","NULL",524,"","00000524",4.36,"County","Straight and Level","Blacktop","Dry","Daylight","Clear","None","None",20,"Foot","South","TATTLETOWN RD","NULL","","NULL",50,25,40.17102,-74.62802,"No","","400",456350.360731,487237.53682,NA,"DVRPC",0,"PDO",10039517
3443524,"2010110310-7732","10-7732",2010,"MERCER","Hamilton Twp (Mercer Co)","2010-02-22","Monday","February","00:54:00",1,"HAMILTON TWP PD (MERCER)","PATROL",0,0,0,0,0,"Property Damage","Not At Intersection","Yes","No","Same Direction - Rear End",2,"PAXSON AVE","North",NA,"","11031979",0,"Municipal","Straight and Level","Blacktop","Dry","Dark (Street Lights On/ continuous)","Clear","None","None",10,"Foot","South","CR 619","NULL","","NULL",25,40,40.24886,-74.67138,"No","","417",444290.18,515612.04,NA,"DVRPC",0,"PDO",10027551
3443526,"2010110310-7750","10-7750",2010,"MERCER","Hamilton Twp (Mercer Co)","2010-02-22","Monday","February","07:59:00",1,"HAMILTON TWP PD (MERCER)","",0,0,0,0,0,"Property Damage","At Intersection","No","No","Same Direction - Side Swipe",2,"OLD YORK RD","West",NA,"","11031997",2.12,"Municipal","Straight and Level","Blacktop","Icy","Daylight","Clear","None","None",NA,"At","NULL","SAWMILL RD","NULL","","NULL",40,35,40.15926,-74.64178,"No","NONE","381",452498.271647,482959.926957,NA,"DVRPC",0,"PDO",10027549
3443527,"2010110310-7752","10-7752",2010,"MERCER","Hamilton Twp (Mercer Co)","2010-02-22","Monday","February","08:16:00",1,"HAMILTON TWP PD (MERCER)","",0,0,0,0,0,"Property Damage","Not At Intersection","No","No","Same Direction - Rear End",2,"KUSER RD","East",NA,"","11031985",0,"Municipal","Straight and Level","Blacktop","Dry","Daylight","Clear","None","None",20,"Foot","West","CR 533","NULL","","NULL",35,35,40.20733,-74.69458,"No","","330",437780.13,500497.81,NA,"DVRPC",0,"PDO",10027548
3443530,"2010110310-7797","10-7797",2010,"MERCER","Hamilton Twp (Mercer Co)","2010-02-22","Monday","February","13:08:00",1,"HAMILTON TWP PD (MERCER)","",0,0,1,0,0,"Injury","Not At Intersection","No","No","Same Direction - Rear End",2,"FLOCK RD","NULL",NA,"","11031986",1,"Municipal","Straight and Level","Blacktop","Dry","Daylight","Clear","None","None",10,"Foot","South","STEVENSON AVE.","NULL","","NULL",35,25,40.24919,-74.68594,"No","","388",440179.168,515755.792,NA,"DVRPC",0,"Pain",10033583
3443531,"2010110310-7816","10-7816",2010,"MERCER","Hamilton Twp (Mercer Co)","2010-02-22","Monday","February","14:56:00",1,"HAMILTON TWP PD (MERCER)","",0,0,0,0,0,"Property Damage","At Intersection","No","No","Same Direction - Side Swipe",2,"US 130","North",130,"","00000130",60.5,"State Highway","Straight and Level","Blacktop","Dry","Daylight","Overcast","Curbed Median","None",NA,"At","NULL","CRSWKS-HMLT SQ RD / KLOCKNER RD","NULL","","NULL",50,35,40.19208,-74.64757,"No","","407",450899.572914,494917.941392,NA,"DVRPC",0,"PDO",10027547
3443532,"2010110310-7817","10-7817",2010,"MERCER","Hamilton Twp (Mercer Co)","2010-02-22","Monday","February","14:56:00",1,"HAMILTON TWP PD (MERCER)","",0,0,0,0,0,"Property Damage","Not At Intersection","No","No","Same Direction - Rear End",2,"FLOCK RD","West",NA,"","11031986",0.94,"Municipal","Straight and Level","Blacktop","Dry","Daylight","Clear","None","None",20,"Foot","East","CR 533","NULL","","NULL",35,NA,40.24893,-74.68487,"No","","392",440479.978474,515658.021534,NA,"DVRPC",0,"PDO",10038710
3443533,"2010110310-7819","10-7819",2010,"MERCER","Hamilton Twp (Mercer Co)","2010-02-22","Monday","February","15:08:00",1,"HAMILTON TWP PD (MERCER)","",0,0,1,0,0,"Injury","At Intersection","No","No","Same Direction - Side Swipe",2,"S CLINTON AVE","South",NA,"","11031969",0.43,"Municipal","Straight and Level","Blacktop","Dry","Daylight","Clear","None","None",NA,"At","NULL","REDWOOD","NULL","","NULL",35,25,40.19254,-74.7113,"No","","368",433097.653966,495120.674015,NA,"DVRPC",0,"Pain",10027545
3443534,"2010110310-7832","10-7832",2010,"MERCER","Hamilton Twp (Mercer Co)","2010-02-22","Monday","February","16:47:00",1,"HAMILTON TWP PD (MERCER)","",0,0,0,0,0,"Property Damage","At Intersection","No","No","Right Angle",2,"ROUTE 524","West",524,"","00000524",2.01,"County","Straight and Level","Blacktop","Dry","Daylight","Overcast","None","None",NA,"At","NULL","MANOR BLVD","NULL","","NULL",35,25,40.17928,-74.67068,"No","","407",444435.357547,490266.574954,NA,"DVRPC",0,"PDO",10033399
3443540,"2010110310-7885","10-7885",2010,"MERCER","Hamilton Twp (Mercer Co)","2010-02-23","Tuesday","February","07:53:00",1,"HAMILTON TWP PD (MERCER)","",0,0,0,0,0,"Property Damage","Not At Intersection","No","No","Same Direction - Rear End",2,"FLOCK RD","NULL",NA,"","11031986",0.19,"Municipal","Straight and Level","Blacktop","Wet","Daylight","Rain","None","None",100,"Foot","West","PAXSON AVE","NULL","","NULL",35,25,40.24868,-74.67086,"No","","381",444419.776887,515554.432495,NA,"DVRPC",0,"PDO",10033585
3443541,"2010110310-7904","10-7904",2010,"MERCER","Hamilton Twp (Mercer Co)","2010-02-23","Tuesday","February","10:47:00",1,"HAMILTON TWP PD (MERCER)","",0,0,0,0,0,"Property Damage","Not At Intersection","No","No","Same Direction - Rear End",2,"HUGHES DR","NULL",NA,"","11031978",1.11,"Municipal","Straight and Level","Blacktop","Wet","Daylight","Rain","None","None",10,"Foot","East","CR 533","NULL","","NULL",35,40,40.2495,-74.66128,"No","","381",447108.166297,515839.780073,NA,"DVRPC",0,"PDO",10038714
3443542,"2010110310-7915","10-7915",2010,"MERCER","Hamilton Twp (Mercer Co)","2010-02-23","Tuesday","February","12:06:00",1,"HAMILTON TWP PD (MERCER)","",0,0,0,0,0,"Property Damage","At Intersection","No","No","Fixed Object",1,"NJ 33","North",33,"","00000033",5.33,"State Highway","Straight and Level","Blacktop","Wet","Daylight","Rain","None","None",NA,"At","NULL","WHITEHORSE-HAMILTON SQUARE RD","NULL","","NULL",35,35,40.22791,-74.66445,"No","PSE&G POLE 62273 HM NJDOT LIGHT STANDARD","302",446208.722138,507975.643877,NA,"DVRPC",0,"PDO",10035583
3443544,"2010110310-7947","10-7947",2010,"MERCER","Hamilton Twp (Mercer Co)","2010-02-23","Tuesday","February","16:28:00",1,"HAMILTON TWP PD (MERCER)","",0,0,0,0,0,"Property Damage","Not At Intersection","No","No","Same Direction - Rear End",2,"FLOCK RD","NULL",NA,"","11031986",1.17,"Municipal","Straight and Level","Blacktop","Wet","Daylight","Rain","None","None",25,"Foot","East","ALEXANDER AVE","NULL","","NULL",45,25,40.24996,-74.68897,"No","","322",439325.420205,516039.909932,NA,"DVRPC",0,"PDO",10040081
3443546,"2010110310-800","10-800",2010,"MERCER","Hamilton Twp (Mercer Co)","2010-01-07","Thursday","January","14:13:00",1,"HAMILTON TWP PD (MERCER)","",0,0,0,0,0,"Property Damage","Not At Intersection","No","No","Animal",1,"ROUTE 524","NULL",524,"","00000524",2.83,"County","Straight and Level","Blacktop","Dry","Daylight","Clear","None","None",300,"Foot","West","PAPPS DR","NULL","","NULL",45,25,40.17494,-74.65613,"No","","302",448498.930581,488677.643186,NA,"DVRPC",0,"PDO",10008163
3443547,"2010110310-8035","10-8035",2010,"MERCER","Hamilton Twp (Mercer Co)","2010-02-24","Wednesday","February","09:58:00",1,"HAMILTON TWP PD (MERCER)","",0,0,0,0,0,"Property Damage","Not At Intersection","No","No","Same Direction - Rear End",2,"NJ 33","NULL",33,"","00000033",3.75,"State Highway","Straight and Level","Blacktop","Dry","Daylight","Clear","None","None",25,"Foot","West","WINSLOW AVE","NULL","","NULL",40,25,40.23493,-74.69293,"No","","381",438263.14,510550.33,NA,"DVRPC",0,"PDO",10039515
3443549,"2010110310-8051","10-8051",2010,"MERCER","Hamilton Twp (Mercer Co)","2010-02-24","Wednesday","February","12:26:00",1,"HAMILTON TWP PD (MERCER)","",0,0,0,0,0,"Property Damage","Not At Intersection","No","No","Same Direction - Side Swipe",2,"FLOCK RD","West",NA,"","11031986",1.97,"Municipal","Straight and Level","Blacktop","Wet","Daylight","Clear","None","None",500,"Foot","East","KLOCKNER RD","NULL","","NULL",45,35,40.25209,-74.70367,"No","NONE","381",NA,NA,NA,"DVRPC",0,"PDO",10036750
3443550,"2010110310-8056","10-8056",2010,"MERCER","Hamilton Twp (Mercer Co)","2010-02-24","Wednesday","February","13:01:00",1,"HAMILTON TWP PD (MERCER)","",0,0,1,0,0,"Injury","Not At Intersection","No","No","Same Direction - Rear End",2,"ROUTE 535","South",535,"","00000535",4.27,"County","Straight and Level","Blacktop","Dry","Daylight","Overcast","None","None",10,"Foot","North","MOUNT DR","NULL","","NULL",40,25,40.2439,-74.67534,"No","","418",443098.306789,513755.854529,NA,"DVRPC",0,"Pain",10036751
3443552,"2010110310-8080","10-8080",2010,"MERCER","Hamilton Twp (Mercer Co)","2010-02-24","Wednesday","February","17:13:00",1,"HAMILTON TWP PD (MERCER)","",0,0,0,0,0,"Property Damage","At Intersection","No","No","Right Angle",2,"HAMILTON SQUARE-WHITEHORSE RD","NULL",NA,"","11031988",2.23,"Municipal","Straight and Level","Blacktop","Dry","Dark (Street Lights On/ continuous)","Clear","Painted Median","None",NA,"At","NULL","KUSER RD","NULL","","NULL",35,35,40.2052,-74.68885,"No","","450",439378.311038,499718.353265,NA,"DVRPC",0,"PDO",10036753
3443553,"2010110310-8084","10-8084",2010,"MERCER","Hamilton Twp (Mercer Co)","2010-02-24","Wednesday","February","17:58:00",1,"HAMILTON TWP PD (MERCER)","",0,0,1,0,0,"Injury","At Intersection","No","No","Left Turn / U Turn",2,"ROUTE 533","South",533,"","00000533",1.41,"County","Straight and Level","Blacktop","Dry","Dusk","Overcast","None","None",NA,"At","NULL","CR 619 / KUSER RD","NULL","","NULL",35,45,40.20734,-74.6946,"No","","407",437775.57,500499.83,NA,"DVRPC",0,"Pain",10036754
3443554,"2010110310-8107","10-8107",2010,"MERCER","Hamilton Twp (Mercer Co)","2010-02-24","Wednesday","February","22:15:00",1,"HAMILTON TWP PD (MERCER)","",0,0,0,0,0,"Property Damage","Not At Intersection","No","No","Same Direction - Side Swipe",2,"ROUTE 533","NULL",533,"","00000533",3.34,"County","Straight and Level","Blacktop","Dry","Dark (Street Lights On/ continuous)","Clear","None","None",200,"Foot","North","NJ 33","NULL","","NULL",35,40,40.23412,-74.68756,"No","","304",439761.29,510252.33,NA,"DVRPC",0,"PDO",10039514
3443557,"2010110310-8158","10-8158",2010,"MERCER","Hamilton Twp (Mercer Co)","2010-02-25","Thursday","February","10:24:00",1,"HAMILTON TWP PD (MERCER)","",0,0,0,0,0,"Property Damage","Not At Intersection","No","No","Same Direction - Side Swipe",2,"ROUTE 535","NULL",535,"","00000535",5.4,"County","Straight and Level","Blacktop","Wet","Daylight","Snow","Curbed Median","None",1500,"Foot","North","HUGHES DR","NULL","","NULL",40,35,40.25084,-74.65612,"No","","381",448481.62,516317.39,NA,"DVRPC",0,"PDO",10040077
3443560,"2010110310-8247","10-8247",2010,"MERCER","Hamilton Twp (Mercer Co)","2010-02-26","Friday","February","03:41:00",1,"HAMILTON TWP PD (MERCER)","",0,0,1,0,0,"Injury","At Intersection","No","No","Fixed Object",1,"ROUTE 533","South",533,"","00000533",1.41,"County","Straight and Level","Blacktop","Snowy","Dark (Street Lights On/ continuous)","Snow","Curbed Median","None",NA,"At","South","CR 619 / KUSER RD","NULL","","NULL",35,35,40.20734,-74.6946,"No","TRAFFIC SIGN WARNING OF MEDIVA","444",437775.57,500499.83,NA,"DVRPC",0,"Pain",10036757
3443562,"2010110310-8260","10-8260",2010,"MERCER","Hamilton Twp (Mercer Co)","2010-02-26","Friday","February","07:14:00",1,"HAMILTON TWP PD (MERCER)","",0,0,0,0,0,"Property Damage","Not At Intersection","No","No","Same Direction - Rear End",2,"NJ 33","East",33,"","00000033",3.48,"State Highway","Straight and Level","Blacktop","Snowy","Daylight","Snow","None","None",10,"Foot","West","CR 606 / HAMILTON AVE / N HAMILTON","NULL","","NULL",40,25,40.2339,-74.69785,"No","","460",436888.070838,510178.533897,NA,"DVRPC",0,"PDO",10039513
3443563,"2010110310-8279","10-8279",2010,"MERCER","Hamilton Twp (Mercer Co)","2010-02-26","Friday","February","09:26:00",1,"HAMILTON TWP PD (MERCER)","",0,0,0,0,0,"Property Damage","At Intersection","No","No","Same Direction - Rear End",2,"US 206","North",206,"","00000206",38.89,"State Highway","Straight and Level","Blacktop","Snowy","Daylight","Snow","Curbed Median","None",NA,"At","NULL","ROUTE 533 / WHITEHORSE AVE","NULL","","NULL",35,35,40.18815,-74.70483,"No","","418",434901.77,493517.45,NA,"DVRPC",0,"PDO",10036759
3443566,"2010110310-8344","10-8344",2010,"MERCER","Hamilton Twp (Mercer Co)","2010-02-26","Friday","February","16:18:00",1,"HAMILTON TWP PD (MERCER)","",0,0,3,0,0,"Injury","At Intersection","No","No","Same Direction - Rear End",3,"ROUTE 524","NULL",524,"","00000524",0.3,"County","Straight and Level","Blacktop","Wet","Daylight","Clear","None","None",NA,"At","NULL","GROPP AVE","NULL","","NULL",35,25,40.18797,-74.69907,"No","","462",436509.399209,493448.522565,NA,"DVRPC",0,"Pain",10036762
3443567,"2010110310-8348","10-8348",2010,"MERCER","Hamilton Twp (Mercer Co)","2010-02-26","Friday","February","17:04:00",1,"HAMILTON TWP PD (MERCER)","",0,0,0,0,0,"Property Damage","At Intersection","No","No","Right Angle",2,"ROUTE 535","North",535,"","00000535",5.12,"County","Straight and Level","Blacktop","Wet","Daylight","Clear","None","None",NA,"At","NULL","HUGHES DR","NULL","","NULL",40,35,40.24959,-74.66114,"No","","384",447079.338596,515845.686868,NA,"DVRPC",0,"PDO",10036760
3443568,"2010110310-836","10-836",2010,"MERCER","Hamilton Twp (Mercer Co)","2010-01-07","Thursday","January","18:03:00",1,"HAMILTON TWP PD (MERCER)","",0,0,0,0,0,"Property Damage","Not At Intersection","No","No","Animal",1,"MERCER COUNTY 672","North",672,"","11000672",0.72,"County","Straight and Grade","Blacktop","Dry","Dark (Street LIghts On/ spot)","Clear","None","None",800,"Foot","South","TEA ROSE LN.","NULL","","NULL",45,25,40.16354,-74.65463,"No","","418",448909.754166,484525.250812,NA,"DVRPC",0,"PDO",10008161
3443575,"2010110310-8452","10-8452",2010,"MERCER","Hamilton Twp (Mercer Co)","2010-02-27","Saturday","February","",1,"HAMILTON TWP PD (MERCER)","",0,0,0,0,0,"Property Damage","Not At Intersection","No","No","Same Direction - Rear End",2,"KLOCKNER RD","West",NA,"","11031976",0.52,"Municipal","Straight and Level","Blacktop","Dry","Daylight","Clear","None","None",50,"Foot","NULL","NOTHINGHAM WAY","NULL","","NULL",40,40,40.24753,-74.71088,"No","","398",433262.226829,515151.478346,NA,"DVRPC",0,"PDO",10048470