"ID","DOT_WEB_ID","CASE_NUMBER","CRASH_YEAR","COUNTY","MUNICIPALITY","CRASH_DATE","CRASH_DAY_OF_WEEK","CRASH_MONTH","CRASH_TIME","POLICE_DEPT_CODE","POLICE_DEPARTMENT","POLICE_STATION","TOTAL_KILLED","TOTAL_INCAPACITATED","TOTAL_INJURED","PEDESTRIANS_KILLED","PEDESTRIANS_INJURED","SEVERITY","INTERSECTION","ALCOHOL_INVOLVED","HAZMAT_INVOLVED","CRASH_TYPE","TOTAL_VEHICLES_INVOLVED","CRASH_LOCATION","LOCATION_DIRECTION","ROUTE","ROUTE_SUFFIX","SRI","MILEPOST","ROAD_SYSTEM","ROAD_CHARACTER","ROAD_SURFACE_TYPE","SURFACE_CONDITION","LIGHT_CONDITION","ENVIRONMENTAL_CONDITION","ROAD_DIVIDED_BY","TEMP_TRAFFIC_CONTROL_ZONE","DISTANCE_TO_CROSS_STREET","UNIT_OF_MEASUREMENT","DIRECTION_FROM_CROSS_STREET","CROSS_STREET_NAME","IS_RAMP","RAMP_TO_FROM_ROUTE_NAME","RAMP_TO_FROM_ROUTE_DIRECTION","POSTED_SPEED","POSTED_SPEED_CROSS_STREET","LATITUDE","LONGITUDE","CELL_PHONE_IN_USE","OTHER_PROPERTY_DAMAGE","REPORTING_BADGE_NO","X","Y","CRASH_NARRATIVE","MPO","TOTAL_PEDESTRIANS_INVOLVED","EPDO","DLN"
3443577,"2010110310-8585","10-8585",2010,"MERCER","Hamilton Twp (Mercer Co)","2010-02-28","Sunday","February","17:30:00",1,"HAMILTON TWP PD (MERCER)","",0,0,0,0,0,"Property Damage","Not At Intersection","No","No","Fixed Object",1,"FLOCK RD","NULL",NA,"","11031986",1.05,"Municipal","Straight and Level","Blacktop","Dry","Dusk","Clear","None","None",10,"Foot","West","ST. CLAIRE AVE","NULL","","NULL",45,25,40.24941,-74.68683,"No","","425",439928.55173,515838.161197,NA,"DVRPC",0,"PDO",10036765
3443578,"2010110310-8590","10-8590",2010,"MERCER","Hamilton Twp (Mercer Co)","2010-02-28","Sunday","February","18:55:00",1,"HAMILTON TWP PD (MERCER)","",0,0,0,0,0,"Property Damage","Not At Intersection","No","No","Fixed Object",1,"ROUTE 524","West",524,"","00000524",2.26,"County","Straight at Hillcrest","Blacktop","Wet","Dark (Street Lights On/ continuous)","Rain","Curbed Median","None",15,"Foot","West","VAN KANNEL AVE","NULL","","NULL",40,25,40.17806,-74.66606,"No","","435",445726.568061,489820.229204,NA,"DVRPC",0,"PDO",10036766
3443593,"2010110310-898","10-898",2010,"MERCER","Hamilton Twp (Mercer Co)","2010-01-08","Friday","January","06:54:00",1,"HAMILTON TWP PD (MERCER)","",0,0,0,0,0,"Property Damage","Not At Intersection","No","No","Opposite Direction - Side Swipe",2,"OLD YORK RD","East",NA,"","11031997",0.07,"Municipal","Curve and Grade","Blacktop","Snowy","Dawn","Snow","None","None",300,"Foot","East","HIDDEN HOLLOW DRIVE","NULL","","NULL",50,25,40.16459,-74.60481,"No","","330",462831.88,484886.41,NA,"DVRPC",0,"PDO",10008157
3443596,"2010110310-903","10-903",2010,"MERCER","Hamilton Twp (Mercer Co)","2010-01-08","Friday","January","07:04:00",1,"HAMILTON TWP PD (MERCER)","",0,0,0,0,0,"Property Damage","Not At Intersection","No","No","Same Direction - Rear End",2,"MERCER COUNTY 622","NULL",622,"","11000622",0.87,"County","Straight and Level","Blacktop","Icy","Daylight","Clear","None","None",25,"Foot","West","MIAMI AVE","NULL","","NULL",35,25,40.20679,-74.71218,"No","","410",432865.275769,500310.661592,NA,"DVRPC",0,"PDO",10008155
3443597,"2010110310-9034","10-9034",2010,"MERCER","Hamilton Twp (Mercer Co)","2010-03-03","Wednesday","March","20:11:00",1,"HAMILTON TWP PD (MERCER)","",0,0,0,0,0,"Property Damage","Not At Intersection","No","No","Fixed Object",1,"ROUTE 524","North",524,"","00000524",1.91,"County","Curve and Level","Blacktop","Dry","Dark (Street LIghts On/ spot)","Overcast","None","None",10,"Foot","North","CR 609/CR 672/S BROAD ST/YARDVILLE-","NULL","","NULL",35,35,40.17982,-74.67244,"No","UTILITY POLE #1232 HM","418",443943.66,490463.35,NA,"DVRPC",0,"PDO",10039359
3443601,"2010110310-9084","10-9084",2010,"MERCER","Hamilton Twp (Mercer Co)","2010-03-04","Thursday","March","08:45:00",1,"HAMILTON TWP PD (MERCER)","",0,0,1,0,0,"Injury","Not At Intersection","No","No","Same Direction - Rear End",2,"LIBERTY ST","South",NA,"","11112004",1.48,"Municipal","Straight and Level","Blacktop","Dry","Daylight","Clear","None","None",90,"Foot","South","SOUTH OLDEN AVENUE","NULL","","NULL",25,30,40.21638,-74.7301,"No","","330",427869.202064,503817.400076,NA,"DVRPC",0,"Pain",10039358
3443603,"2010110310-910","10-910",2010,"MERCER","Hamilton Twp (Mercer Co)","2010-01-08","Friday","January","07:45:00",1,"HAMILTON TWP PD (MERCER)","",0,0,0,0,0,"Property Damage","At Intersection","No","No","Right Angle",2,"HUGHES DR","West",NA,"","11031978",0.32,"Municipal","Straight and Level","Blacktop","Icy","Daylight","Overcast","None","None",NA,"At","NULL","APPLEGATE DR.","NULL","","NULL",35,25,40.23839,-74.65788,"No","","384",448049.25,511791.64,NA,"DVRPC",0,"PDO",10003108
3443605,"2010110310-9143","10-9143",2010,"MERCER","Hamilton Twp (Mercer Co)","2010-03-04","Thursday","March","16:16:00",1,"HAMILTON TWP PD (MERCER)","",0,0,0,0,0,"Property Damage","At Intersection","No","No","Right Angle",2,"MERCER COUNTY 606","NULL",606,"","11000606",2.98,"County","Straight and Level","Blacktop","Dry","Daylight","Clear","None","None",NA,"At","NULL","KLOCKNER RD","NULL","","NULL",35,35,40.22939,-74.70694,"No","","381",434345.741601,508543.087326,NA,"DVRPC",0,"PDO",10039354
3443606,"2010110310-9162","10-9162",2010,"MERCER","Hamilton Twp (Mercer Co)","2010-03-04","Thursday","March","18:52:00",1,"HAMILTON TWP PD (MERCER)","",0,0,0,0,0,"Property Damage","Not At Intersection","No","No","Same Direction - Rear End",2,"US 130","North",130,"","00000130",60.44,"State Highway","Straight and Level","Blacktop","Dry","Dark (Street LIghts On/ spot)","Clear","None","None",300,"Foot","South","CRSWKS-HMLT SQ RD / KLOCKNER RD","NULL","","NULL",55,35,40.19155,-74.64846,"No","","381",450651.215898,494724.544623,NA,"DVRPC",0,"PDO",10039353
3443607,"2010110310-9166","10-9166",2010,"MERCER","Hamilton Twp (Mercer Co)","2010-03-04","Thursday","March","19:10:00",1,"HAMILTON TWP PD (MERCER)","",0,0,0,0,0,"Property Damage","Not At Intersection","No","No","Same Direction - Rear End",2,"ROUTE 533","NULL",533,"","00000533",5.05,"County","Straight and Level","Blacktop","Dry","Dark (Street Lights On/ continuous)","Clear","None","None",75,"Foot","South","NAMI LA","NULL","","NULL",40,25,40.25721,-74.67917,"No","","364",442121.804814,518659.018285,NA,"DVRPC",0,"PDO",10039356
3443609,"2010110310-9178","10-9178",2010,"MERCER","Hamilton Twp (Mercer Co)","2010-03-04","Thursday","March","21:15:00",1,"HAMILTON TWP PD (MERCER)","",0,0,0,0,0,"Property Damage","Not At Intersection","Yes","No","Same Direction - Rear End",2,"FLOCK RD","NULL",NA,"","11031986",1.21,"Municipal","Straight and Level","Blacktop","Dry","Dark (Street Lights On/ continuous)","Clear","None","None",50,"Foot","West","FAIRLAWN AVE.","NULL","","NULL",45,25,40.25013,-74.68968,"No","","364",439124.945253,516102.200959,NA,"DVRPC",0,"PDO",10048472
3443612,"2010110310-9270","10-9270",2010,"MERCER","Hamilton Twp (Mercer Co)","2010-03-05","Friday","March","14:29:00",1,"HAMILTON TWP PD (MERCER)","",0,0,0,0,0,"Property Damage","Not At Intersection","No","No","Same Direction - Rear End",2,"NJ 33","East",33,"","00000033",2.84,"State Highway","Straight and Level","Blacktop","Dry","Daylight","Clear","None","None",15,"Foot","East","KLOCKNER RD","NULL","","NULL",35,35,40.23297,-74.70993,"No","","384",433514.87,509847.46,NA,"DVRPC",0,"PDO",10048474
3443613,"2010110310-929","10-929",2010,"MERCER","Hamilton Twp (Mercer Co)","2010-01-08","Friday","January","08:15:00",1,"HAMILTON TWP PD (MERCER)","",0,0,0,0,0,"Property Damage","At Intersection","No","No","Same Direction - Rear End",3,"HUGHES DR","East",NA,"","11031978",0.32,"Municipal","Straight and Level","Blacktop","Icy","Daylight","Overcast","None","None",NA,"At","NULL","APPLEGATE DR.","NULL","","NULL",35,25,40.23839,-74.65788,"No","","384",448049.25,511791.64,NA,"DVRPC",0,"PDO",10003107
3443614,"2010110310-9293","10-9293",2010,"MERCER","Hamilton Twp (Mercer Co)","2010-03-05","Friday","March","16:49:00",1,"HAMILTON TWP PD (MERCER)","",0,0,0,0,0,"Property Damage","Not At Intersection","No","No","Right Angle",2,"NJ 33","NULL",33,"","00000033",3.2,"State Highway","Straight and Level","Blacktop","Dry","Daylight","Clear","None","None",NA,"NULL","NULL","WEGNER AVE","NULL","","NULL",40,25,40.23348,-74.70316,"No","","381",435407,510029.47,NA,"DVRPC",0,"PDO",10039352
3443615,"2010110310-930","10-930",2010,"MERCER","Hamilton Twp (Mercer Co)","2010-01-08","Friday","January","08:19:00",1,"HAMILTON TWP PD (MERCER)","",0,0,0,0,0,"Property Damage","Not At Intersection","No","No","Other",4,"PAXSON AVE","NULL",NA,"","11031980",0.98,"Municipal","Straight and Level","Blacktop","Icy","Daylight","Clear","None","None",100,"Foot","West","EDINBURG RD","NULL","","NULL",25,45,40.24574,-74.6708,"No","","396",444449.764722,514476.942641,NA,"DVRPC",0,"PDO",10003106
3443619,"2010110310-936","10-936",2010,"MERCER","Hamilton Twp (Mercer Co)","2010-01-08","Friday","January","08:31:00",1,"HAMILTON TWP PD (MERCER)","",0,0,0,0,0,"Property Damage","At Intersection","No","No","Same Direction - Rear End",4,"US 206","South",206,"","00000206",38.89,"State Highway","Curve and Level","Blacktop","Icy","Daylight","Snow","Curbed Median","None",NA,"At","NULL","ROUTE 533 / WHITEHORSE AVE","NULL","","NULL",35,35,40.18815,-74.70483,"No","","426",434901.77,493517.45,NA,"DVRPC",0,"PDO",10007773
3443620,"2010110310-9381","10-9381",2010,"MERCER","Hamilton Twp (Mercer Co)","2010-03-06","Saturday","March","10:36:00",1,"HAMILTON TWP PD (MERCER)","",0,0,0,0,0,"Property Damage","At Intersection","No","No","Same Direction - Rear End",2,"ROUTE 535","North",535,"","00000535",4.21,"County","Straight and Level","Blacktop","Dry","Daylight","Clear","None","None",NA,"At","NULL","TANGLEWOOD DR","NULL","","NULL",35,25,40.24344,-74.6763,"No","","462",442826.788996,513585.350109,NA,"DVRPC",0,"PDO",10039348
3443622,"2010110310-939","10-939",2010,"MERCER","Hamilton Twp (Mercer Co)","2010-01-08","Friday","January","08:46:00",1,"HAMILTON TWP PD (MERCER)","",0,0,0,0,0,"Property Damage","Not At Intersection","No","No","Same Direction - Rear End",3,"KLOCKNER RD","NULL",NA,"","11031976",5.33,"Municipal","Curve and Grade","Blacktop","Icy","Daylight","Clear","None","None",15,"Foot","East","KUSER RD","NULL","","NULL",35,40,40.20587,-74.65115,"No","","322",449908.03,499941.2,NA,"DVRPC",0,"PDO",10007772
3443626,"2010110310-9472","10-9472",2010,"MERCER","Hamilton Twp (Mercer Co)","2010-03-06","Saturday","March","23:30:00",1,"HAMILTON TWP PD (MERCER)","",0,0,0,0,0,"Property Damage","Not At Intersection","Yes","No","Fixed Object",1,"MERCER COUNTY 620","South",620,"","11000620",1.28,"County","Straight and Level","Blacktop","Dry","Dark (Street Lights On/ continuous)","Clear","None","None",5,"Foot","West","ARENA DR","NULL","","NULL",25,35,40.19759,-74.70974,"No","STREET SIGN POST C/O REEVES AND ARENA DR.","453",433537.35,496961.17,NA,"DVRPC",0,"PDO",10039345
3443629,"2010110310-96","10-96",2010,"MERCER","Hamilton Twp (Mercer Co)","2010-01-01","Friday","January","21:18:00",1,"HAMILTON TWP PD (MERCER)","",0,0,2,0,0,"Injury","At Intersection","No","No","Same Direction - Rear End",2,"NJ 33","West",33,"","00000033",1.54,"State Highway","Straight and Level","Blacktop","Dry","Dark (Street Lights On/ continuous)","Clear","None","None",NA,"At","NULL","MASSACHUSETTS AVE","NULL","","NULL",30,25,40.22634,-74.73234,"No","","384",427251.799826,507448.784893,NA,"DVRPC",0,"Moderate Injury",10026808
3443630,"2010110310-9606","10-9606",2010,"MERCER","Hamilton Twp (Mercer Co)","2010-03-08","Monday","March","07:09:00",1,"HAMILTON TWP PD (MERCER)","",0,0,0,0,0,"Property Damage","Not At Intersection","No","No","Same Direction - Rear End",2,"KLOCKNER RD","East",NA,"","11031976",3.82,"Municipal","Straight and Level","Blacktop","Dry","Daylight","Clear","None","None",20,"Foot","West","WHITEHORSE-HAMILTON SQUARE","NULL","","NULL",35,30,40.2191,-74.67295,"No","","330",443830.729093,504773.9231,NA,"DVRPC",0,"PDO",10048473
3443633,"2010110310-9618","10-9618",2010,"MERCER","Hamilton Twp (Mercer Co)","2010-03-08","Monday","March","08:26:00",1,"HAMILTON TWP PD (MERCER)","",0,0,0,0,0,"Property Damage","Not At Intersection","No","No","Same Direction - Rear End",2,"KUSER RD","NULL",NA,"","11031985",1.91,"Municipal","Curve and Grade","Blacktop","Dry","Daylight","Clear","Curbed Median","None",10,"Foot","West","YARDVILLE-HAMILTON SQ RD","NULL","","NULL",35,40,40.20445,-74.66168,"No","","302",446965.661405,499431.949971,NA,"DVRPC",0,"PDO",10048476
3443635,"2010110310-9642","10-9642",2010,"MERCER","Hamilton Twp (Mercer Co)","2010-03-08","Monday","March","11:16:00",1,"HAMILTON TWP PD (MERCER)","",0,0,0,0,0,"Property Damage","Not At Intersection","No","No","Opposite Direction - Head On/Angular",2,"FLOCK RD","NULL",NA,"","11031986",0.75,"Municipal","Straight and Level","Blacktop","Dry","Daylight","Clear","None","None",1000,"Foot","West","CR 533","NULL","","NULL",45,40,40.249,-74.68132,"No","","381",441483.119836,515668.394754,NA,"DVRPC",0,"PDO",10049554
3443637,"2010110310-9676","10-9676",2010,"MERCER","Hamilton Twp (Mercer Co)","2010-03-08","Monday","March","15:18:00",1,"HAMILTON TWP PD (MERCER)","",0,0,0,0,0,"Property Damage","At Intersection","No","No","Same Direction - Side Swipe",2,"ROUTE 533","South",533,"","00000533",0,"County","Straight and Level","Blacktop","Dry","Daylight","Clear","Painted Median","None",NA,"At","NULL","US 206 / ROUTE 524 / BROAD ST","NULL","","NULL",35,35,40.18848,-74.70467,"No","NONE","450",434945.6,493638.27,NA,"DVRPC",0,"PDO",10048478
3443639,"2010110310-9685","10-9685",2010,"MERCER","Hamilton Twp (Mercer Co)","2010-03-08","Monday","March","16:03:00",1,"HAMILTON TWP PD (MERCER)","",0,0,0,0,0,"Property Damage","Not At Intersection","No","No","Struck Parked Vehicle",2,"PAXSON AVE","NULL",NA,"","11031979",0.83,"Municipal","Straight and Level","Blacktop","Dry","Daylight","Clear","None","None",20,"Foot","North","WENDOVER DR","NULL","","NULL",25,25,40.25937,-74.6655,"No","","448",445936.38,519436.83,NA,"DVRPC",0,"PDO",10048480
3443644,"2010110310-980","10-980",2010,"MERCER","Hamilton Twp (Mercer Co)","2010-01-08","Friday","January","13:07:00",1,"HAMILTON TWP PD (MERCER)","?",0,0,0,0,0,"Property Damage","Not At Intersection","No","No","Struck Parked Vehicle",2,"ROUTE 533","North",533,"","00000533",0.14,"County","Straight and Level","Blacktop","Dry","Daylight","Clear","None","None",200,"Foot","North","LOCUST AVE","NULL","","NULL",35,25,40.19033,-74.70369,"No","NONE","330",435220.602354,494310.675297,NA,"DVRPC",0,"PDO",10010052
3443646,"2010110310-9839","10-9839",2010,"MERCER","Hamilton Twp (Mercer Co)","2010-03-09","Tuesday","March","16:30:00",1,"HAMILTON TWP PD (MERCER)","",0,0,0,0,0,"Property Damage","Not At Intersection","No","No","Same Direction - Side Swipe",2,"NJ 33","NULL",33,"","00000033",2.64,"State Highway","Straight and Level","Blacktop","Dry","Daylight","Clear","None","None",50,"Foot","East","BUTTONWOOD ST","NULL","","NULL",40,25,40.2327,-74.71369,"No","","322",432465.596629,509750.973124,NA,"DVRPC",0,"PDO",10049555
3443648,"2010110310-?","10-?",2010,"MERCER","Hamilton Twp (Mercer Co)","2010-08-17","Tuesday","August","21:51:00",1,"HAMILTON TWP PD (MERCER)","",0,0,0,0,0,"Property Damage","At Intersection","No","No","Right Angle",2,"S CLINTON AVE","NULL",NA,"","11031969",0.43,"Municipal","Straight and Grade","Blacktop","Dry","Dark (Street Lights On/ continuous)","Clear","None","None",NA,"At","NULL","REDWOOD AVE.","NULL","","NULL",35,25,40.19254,-74.7113,"No","","364",433097.653966,495120.674015,NA,"DVRPC",0,"PDO",10184201
3443651,"2010110310000444","10000444",2010,"MERCER","Hamilton Twp (Mercer Co)","2010-01-09","Saturday","January","21:35:00",1,"TRENTON PD","EAST",0,0,0,0,0,"Property Damage","At Intersection","No","No","Right Angle",2,"MERCER COUNTY 622","South",622,"","11000622",1.22,"County","Straight and Level","Blacktop","Dry","Dark (Street Lights On/ continuous)","Clear","None","None",NA,"At","NULL","CUNNINGHAM ALY","NULL","","NULL",25,25,40.20931,-74.71791,"No","","609",431265.454857,501234.700072,NA,"DVRPC",0,"PDO",10004746
3443658,"201011031Q-3648","1Q-3648",2010,"MERCER","Hamilton Twp (Mercer Co)","2010-01-25","Monday","January","12:48:00",1,"HAMILTON TWP PD (MERCER)","",0,0,0,0,0,"Property Damage","Not At Intersection","No","No","Same Direction - Rear End",2,"ROUTE 533","NULL",533,"","00000533",5.05,"County","Straight and Level","Blacktop","Wet","Daylight","Rain","None","None",50,"Foot","South","NAMI LA","NULL","","NULL",40,25,40.25721,-74.67917,"No","","388",442121.804814,518659.018285,NA,"DVRPC",0,"PDO",10010048
3443688,"201011032010-5936","2010-5936",2010,"MERCER","Hamilton Twp (Mercer Co)","2010-02-10","Wednesday","February","00:47:00",1,"HAMILTON TWP PD (MERCER)","PATROL",0,0,0,0,0,"Property Damage","Not At Intersection","No","No","Opposite Direction - Side Swipe",2,"YARDVILLE-HAMILTON SQ RD","North",NA,"","11031990",0.13,"Municipal","Straight and Level","Blacktop","Snowy","Dark (Street Lights On/ continuous)","Snow","None","None",30,"Foot","North","LOCUST HILL","NULL","","NULL",45,25,40.18165,-74.67204,"No","NONE","409",444056.797996,491131.080476,NA,"DVRPC",0,"PDO",10025113
3443693,"20101103???","???",2010,"MERCER","Hamilton Twp (Mercer Co)","2010-08-09","Monday","August","18:49:00",1,"HAMILTON TWP PD (MERCER)","",0,0,0,0,0,"Property Damage","Not At Intersection","No","No","Same Direction - Side Swipe",2,"NJ 33","West",33,"","00000033",3.19,"State Highway","Straight and Level","Blacktop","Dry","Daylight","Clear","None","None",50,"Foot","West","WEGNER AVE","NULL","","NULL",40,25,40.23347,-74.70332,"No","","414",435361.900667,510025.768047,NA,"DVRPC",0,"PDO",10172879
3443694,"20101103B050201000018A","B050201000018A",2010,"MERCER","Hamilton Twp (Mercer Co)","2010-01-05","Tuesday","January","08:04:00",2,"NEW JERSEY STATE POLICE","SUSSEX",0,0,0,0,0,"Property Damage","Not At Intersection","No","No","Left Turn / U Turn",2,"US 206","South",206,"","00000206",38.9,"State Highway","Straight and Level","Blacktop","Dry","Daylight","Clear","None","None",NA,"NULL","NULL","","NULL","","NULL",45,NA,40.18829,-74.70497,"No","","661",434862.230466,493567.477802,NA,"DVRPC",0,"PDO",10009532
3443696,"20101103C000-2010-01655A","C000-2010-01655A",2010,"MERCER","Hamilton Twp (Mercer Co)","2010-12-21","Tuesday","December","07:30:00",2,"NEW JERSEY STATE POLICE","NJSP HAMILTON",0,0,0,0,0,"Property Damage","Not At Intersection","No","No","Fixed Object",1,"NJ 29","North",29,"","00000029",0.8,"State Highway","Straight and Level","Blacktop","Dry","Daylight","Clear","Barrier Median","None",NA,"NULL","NULL","","NULL","","NULL",55,NA,40.18516,-74.7374,"No","APPROX 5 FEET OF GUARDRAIL N.J.DOT WEST TRENTON NJ","709",425798.719787,492452.393184,NA,"DVRPC",0,"PDO",10301874
3443697,"20101103C020-2010-00032A","C020-2010-00032A",2010,"MERCER","Hamilton Twp (Mercer Co)","2010-01-18","Monday","January","17:31:00",2,"NEW JERSEY STATE POLICE","BORDENTOWN",0,0,0,0,0,"Property Damage","Not At Intersection","No","No","Same Direction - Side Swipe",2,"I-295","North",295,"","00000295",58,"Interstate","Straight and Level","Blacktop","Dry","Dark (Street Lights On/ continuous)","Clear","Barrier Median","None",NA,"NULL","NULL","","NULL","","NULL",65,NA,40.15206,-74.7184,"No","","725",431078.354286,480380.987619,NA,"DVRPC",0,"PDO",10023293
3443698,"20101103C020-2010-00137A","C020-2010-00137A",2010,"MERCER","Hamilton Twp (Mercer Co)","2010-03-08","Monday","March","19:31:00",2,"NEW JERSEY STATE POLICE","BORDENTOWN",0,0,0,0,0,"Property Damage","Not At Intersection","No","No","Animal",1,"I-295","South",295,"","00000295",59.9,"Interstate","Straight and Level","Blacktop","Dry","Dark (No Street Lights)","Clear","Grass Median","None",NA,"NULL","NULL","","NULL","","NULL",65,NA,40.17905,-74.72218,"No","","635",430045.764024,490216.056705,NA,"DVRPC",0,"PDO",10046687
3443699,"20101103C020-2010-00149A","C020-2010-00149A",2010,"MERCER","Hamilton Twp (Mercer Co)","2010-03-13","Saturday","March","12:57:00",2,"NEW JERSEY STATE POLICE","C020/BORDENTOWN",0,0,0,0,0,"Property Damage","Not At Intersection","No","No","Fixed Object",1,"I-295","South",295,"","00000295",59.3,"Interstate","Straight and Level","Blacktop","Wet","Daylight","Rain","Barrier Median","None",NA,"NULL","NULL","","NULL","","NULL",65,NA,40.1704,-74.72205,"No","GUARDRAIL-NJ DOT PO BOX 600 TRENTON NJ 08625","672",430073.23776,487063.102969,NA,"DVRPC",0,"PDO",10052960
3443704,"20101103C020-2010-00381A","C020-2010-00381A",2010,"MERCER","Hamilton Twp (Mercer Co)","2010-06-04","Friday","June","11:14:00",2,"NEW JERSEY STATE POLICE","BORDENTOWN",0,0,1,0,0,"Injury","Not At Intersection","No","No","Fixed Object",1,"I-295","North",295,"","00000295",58.2,"Interstate","Curve and Level","Blacktop","Dry","Daylight","Clear","Barrier Median","None",NA,"NULL","NULL","","NULL","","NULL",65,NA,40.15491,-74.71775,"No","GUARDRAIL PEDESTRIAN WALKAWAY (NBI295) NJ DOT TRENTON NJ","687",431262.902067,481416.902427,NA,"DVRPC",0,"Pain",10157981
3443706,"20101103C020-2010-00463A","C020-2010-00463A",2010,"MERCER","Hamilton Twp (Mercer Co)","2010-06-30","Wednesday","June","17:52:00",2,"NEW JERSEY STATE POLICE","BORDENTOWN",0,0,2,0,0,"Injury","Not At Intersection","No","No","Fixed Object",1,"I-295","North",295,"","00000295",59.3,"Interstate","Straight and Level","Blacktop","Dry","Daylight","Clear","Barrier Median","None",NA,"NULL","NULL","","NULL","","NULL",65,NA,40.1704,-74.72205,"No","DAMAGE TO GUARDRAIL MP 59.3 NJ DOT","722",430073.23776,487063.102969,NA,"DVRPC",0,"Pain",10147797
3443707,"20101103C020-2010-00495A","C020-2010-00495A",2010,"MERCER","Hamilton Twp (Mercer Co)","2010-07-10","Saturday","July","17:58:00",2,"NEW JERSEY STATE POLICE","BORDENTOWN",0,0,0,0,0,"Property Damage","Not At Intersection","No","No","Fixed Object",1,"I-295","North",295,"","00000295",58,"Interstate","Straight and Level","Concrete","Dry","Daylight","Clear","Barrier Median","None",NA,"NULL","NULL","","NULL","","NULL",65,NA,40.15206,-74.7184,"No","MINOR DAMAGE TO GUARD RAIL","722",431078.354286,480380.987619,NA,"DVRPC",0,"PDO",10148556
3443708,"20101103C020-2010-00556A","C020-2010-00556A",2010,"MERCER","Hamilton Twp (Mercer Co)","2010-08-02","Monday","August","17:24:00",2,"NEW JERSEY STATE POLICE","BORDENTOWN",0,0,2,0,0,"Injury","Not At Intersection","No","No","Same Direction - Rear End",5,"I-295","South",295,"","00000295",58.1,"Interstate","Straight and Level","Blacktop","Dry","Daylight","Clear","Barrier Median","None",NA,"NULL","NULL","","NULL","","NULL",65,NA,40.15347,-74.718,"No","NONE","671",431191.336199,480893.859226,NA,"DVRPC",0,"Pain",10182744
3443709,"20101103C020-2010-00604A","C020-2010-00604A",2010,"MERCER","Hamilton Twp (Mercer Co)","2010-08-19","Thursday","August","15:17:00",2,"NEW JERSEY STATE POLICE","BORDENTOWN",0,0,0,0,0,"Property Damage","Not At Intersection","No","No","Same Direction - Rear End",2,"I-295","South",295,"","00000295",58.2,"Interstate","Straight and Level","Blacktop","Dry","Daylight","Clear","Barrier Median","None",NA,"NULL","NULL","","NULL","","NULL",65,NA,40.15491,-74.71775,"No","","706",431262.902067,481416.902427,NA,"DVRPC",0,"PDO",10191685
3443710,"20101103C020-2010-00615A","C020-2010-00615A",2010,"MERCER","Hamilton Twp (Mercer Co)","2010-08-19","Thursday","August","15:13:00",2,"NEW JERSEY STATE POLICE","BORDENTOWN",0,0,0,0,0,"Property Damage","Not At Intersection","No","No","Fixed Object",1,"I-295","North",295,"","00000295",58,"Interstate","Straight and Grade","Blacktop","Dry","Daylight","Clear","Barrier Median","None",NA,"NULL","NULL","","NULL","","NULL",65,NA,40.15206,-74.7184,"No","GUARDRAIL FACE AT MILEPOST 58.0 NJ DOT PARKWAY AVE EWING NJ","685",431078.354286,480380.987619,NA,"DVRPC",0,"PDO",10192877
3443711,"20101103C020-2010-00636-A","C020-2010-00636-A",2010,"MERCER","Hamilton Twp (Mercer Co)","2010-09-01","Wednesday","September","13:59:00",2,"NEW JERSEY STATE POLICE","BORDENTOWN",0,0,1,0,0,"Injury","Not At Intersection","No","No","Overturned",1,"I-295","South",295,"","00000295",58.8,"Interstate","Straight and Level","Blacktop","Dry","Daylight","Clear","Barrier Median","None",NA,"NULL","NULL","","NULL","","NULL",65,NA,40.16341,-74.71964,"No","","699",430741.717928,484515.17614,NA,"DVRPC",0,"Pain",10197428
3443720,"20101103C020201000480A","C020201000480A",2010,"MERCER","Hamilton Twp (Mercer Co)","2010-07-05","Monday","July","15:17:00",2,"NEW JERSEY STATE POLICE","BORDENTOWN",0,0,2,0,0,"Injury","Not At Intersection","No","No","Fixed Object",1,"I-295","South",295,"","00000295",59.6,"Interstate","Straight and Level","Blacktop","Dry","Daylight","Clear","Barrier Median","None",NA,"NULL","NULL","","NULL","","NULL",65,NA,40.17472,-74.7223,"No","DOT: 20 FEET OF GUARD RAIL DAMAGE","724",430008.245054,488637.435176,NA,"DVRPC",0,"Moderate Injury",10152755
3443721,"20101103C020201000526A","C020201000526A",2010,"MERCER","Hamilton Twp (Mercer Co)","2010-07-20","Tuesday","July","17:46:00",2,"NEW JERSEY STATE POLICE","BORDENTOWN",0,0,1,0,0,"Injury","Not At Intersection","No","No","Same Direction - Rear End",4,"I-295","North",295,"","00000295",58.5,"Interstate","Straight and Level","Concrete","Dry","Daylight","Clear","Barrier Median","None",NA,"NULL","NULL","","NULL","","NULL",65,NA,40.15922,-74.71818,"No","","708",431146.195789,482987.85,NA,"DVRPC",0,"Pain",10159655
3443722,"20101103C020201000584A","C020201000584A",2010,"MERCER","Hamilton Twp (Mercer Co)","2010-08-13","Friday","August","09:50:00",2,"NEW JERSEY STATE POLICE","BORDENTOWN",0,0,0,0,0,"Property Damage","Not At Intersection","No","No","Same Direction - Rear End",2,"I-295","South",295,"","00000295",59,"Interstate","Straight and Level","Blacktop","Dry","Daylight","Clear","Barrier Median","None",NA,"NULL","NULL","","NULL","","NULL",65,NA,40.1662,-74.72063,"No","","714",430468.47,485531.253333,NA,"DVRPC",0,"PDO",10185657
3443726,"20101103C060-2010-00013A","C060-2010-00013A",2010,"MERCER","Hamilton Twp (Mercer Co)","2010-01-05","Tuesday","January","15:15:00",2,"NEW JERSEY STATE POLICE","HAMILTON-SUB",0,0,1,0,0,"Injury","Not At Intersection","No","No","Fixed Object",1,"I-295","North",295,"","00000295",65.2,"Interstate","Curve and Grade","Blacktop","Dry","Daylight","Clear","Grass Median","None",NA,"NULL","NULL","","To","SLOAN AVE.","East Bound",65,NA,40.25032,-74.69725,"No","","708",437068.838279,516160.093621,NA,"DVRPC",0,"Pain",10012307