"ID","DOT_WEB_ID","CASE_NUMBER","CRASH_YEAR","COUNTY","MUNICIPALITY","CRASH_DATE","CRASH_DAY_OF_WEEK","CRASH_MONTH","CRASH_TIME","POLICE_DEPT_CODE","POLICE_DEPARTMENT","POLICE_STATION","TOTAL_KILLED","TOTAL_INCAPACITATED","TOTAL_INJURED","PEDESTRIANS_KILLED","PEDESTRIANS_INJURED","SEVERITY","INTERSECTION","ALCOHOL_INVOLVED","HAZMAT_INVOLVED","CRASH_TYPE","TOTAL_VEHICLES_INVOLVED","CRASH_LOCATION","LOCATION_DIRECTION","ROUTE","ROUTE_SUFFIX","SRI","MILEPOST","ROAD_SYSTEM","ROAD_CHARACTER","ROAD_SURFACE_TYPE","SURFACE_CONDITION","LIGHT_CONDITION","ENVIRONMENTAL_CONDITION","ROAD_DIVIDED_BY","TEMP_TRAFFIC_CONTROL_ZONE","DISTANCE_TO_CROSS_STREET","UNIT_OF_MEASUREMENT","DIRECTION_FROM_CROSS_STREET","CROSS_STREET_NAME","IS_RAMP","RAMP_TO_FROM_ROUTE_NAME","RAMP_TO_FROM_ROUTE_DIRECTION","POSTED_SPEED","POSTED_SPEED_CROSS_STREET","LATITUDE","LONGITUDE","CELL_PHONE_IN_USE","OTHER_PROPERTY_DAMAGE","REPORTING_BADGE_NO","X","Y","CRASH_NARRATIVE","MPO","TOTAL_PEDESTRIANS_INVOLVED","EPDO","DLN"
3443727,"20101103C060-2010-00014A","C060-2010-00014A",2010,"MERCER","Hamilton Twp (Mercer Co)","2010-01-05","Tuesday","January","17:13:00",2,"NEW JERSEY STATE POLICE","HAMILTON-SUB",0,0,0,0,0,"Property Damage","Not At Intersection","No","No","Non-fixed Object",1,"I-195","West",195,"","00000195",2.8,"Interstate","Straight and Level","Blacktop","Dry","Dark (No Street Lights)","Clear","Barrier Median","None",NA,"NULL","NULL","","NULL","","NULL",65,NA,40.19617,-74.6733,"No","","727",443714.862707,496420.037196,NA,"DVRPC",0,"PDO",10002734
3443728,"20101103C060-2010-00017A","C060-2010-00017A",2010,"MERCER","Hamilton Twp (Mercer Co)","2010-01-05","Tuesday","January","21:44:00",2,"NEW JERSEY STATE POLICE","HAMILTON-SUB",0,0,1,0,0,"Injury","Not At Intersection","Yes","No","Fixed Object",1,"NJ 29","North",29,"","00000029",0.2,"State Highway","Straight and Level","Concrete","Dry","Dark (Street Lights On/ continuous)","Clear","Barrier Median","None",NA,"NULL","NULL","","NULL","","NULL",55,NA,40.18417,-74.72615,"No","","713",428942.399095,492081.374507,NA,"DVRPC",0,"Pain",10002736
3443729,"20101103C060-2010-00057A","C060-2010-00057A",2010,"MERCER","Hamilton Twp (Mercer Co)","2010-01-18","Monday","January","19:35:00",2,"NEW JERSEY STATE POLICE","HAMILTON",0,0,1,0,0,"Injury","Not At Intersection","No","No","Fixed Object",1,"I-295","North",295,"","00000295",65.8,"Interstate","Straight and Level","Blacktop","Wet","Dark (Street Lights On/ continuous)","Overcast","Grass Median","None",NA,"NULL","NULL","","NULL","","NULL",65,NA,40.25846,-74.69362,"No","","697",438088.616843,519123.632498,NA,"DVRPC",0,"Pain",10023467
3443730,"20101103C060-2010-00058A","C060-2010-00058A",2010,"MERCER","Hamilton Twp (Mercer Co)","2010-01-19","Tuesday","January","20:10:00",2,"NEW JERSEY STATE POLICE","HAMILTON-SUB",0,0,0,0,0,"Property Damage","Not At Intersection","No","No","Fixed Object",1,"I-295","South",295,"","00000295",61.61,"Interstate","Curve and Grade","Blacktop","Dry","Dark (Street Lights On/ continuous)","Clear","None","None",NA,"NULL","NULL","","To","ARENA DR","NULL",65,NA,40.20161,-74.70961,"No","NO TURN SIGN","727",433577.965199,498422.344473,NA,"DVRPC",0,"PDO",10012326
3443731,"20101103C060-2010-00067A","C060-2010-00067A",2010,"MERCER","Hamilton Twp (Mercer Co)","2010-01-21","Thursday","January","08:04:00",2,"NEW JERSEY STATE POLICE","HAMILTON SUB",0,0,0,0,0,"Property Damage","Not At Intersection","No","No","Same Direction - Rear End",2,"I-195","West",195,"","00000195",5.1,"Interstate","Straight and Level","Blacktop","Dry","Daylight","Clear","Barrier Median","None",NA,"NULL","NULL","","NULL","","NULL",65,NA,40.20144,-74.63177,"No","","721",455317.842304,498319.925547,NA,"DVRPC",0,"PDO",10028532
3443732,"20101103C060-2010-00073A","C060-2010-00073A",2010,"MERCER","Hamilton Twp (Mercer Co)","2010-01-22","Friday","January","17:55:00",2,"NEW JERSEY STATE POLICE","HAMILTON-SUB",0,0,1,0,0,"Injury","Not At Intersection","No","No","Same Direction - Rear End",2,"NJ 29","North",29,"","00000029",1.6,"State Highway","Straight and Level","Blacktop","Dry","Dark (No Street Lights)","Clear","Barrier Median","None",NA,"NULL","NULL","","To","NJ 129","North Bound",55,NA,40.19145,-74.74907,"No","","688",422545.709159,494749.748483,NA,"DVRPC",0,"Pain",10023187
3443733,"20101103C060-2010-00074A","C060-2010-00074A",2010,"MERCER","Hamilton Twp (Mercer Co)","2010-01-14","Thursday","January","07:09:00",2,"NEW JERSEY STATE POLICE","HAMILTON SUB",0,0,1,0,0,"Injury","Not At Intersection","No","No","Same Direction - Side Swipe",2,"I-195","West",195,"","00000195",3.3,"Interstate","Straight and Level","Blacktop","Dry","Daylight","Clear","Barrier Median","None",NA,"NULL","NULL","","NULL","","NULL",65,NA,40.19855,-74.66442,"No","MEDIAN GUARDRAIL DAMAGE","722",446198.490455,497281.654614,NA,"DVRPC",0,"Pain",10023164
3443734,"20101103C060-2010-00081A","C060-2010-00081A",2010,"MERCER","Hamilton Twp (Mercer Co)","2010-01-25","Monday","January","07:21:00",2,"NEW JERSEY STATE POLICE","HAMILTON-SUB",0,0,0,0,0,"Property Damage","Not At Intersection","No","No","Fixed Object",1,"NJ 29","North",29,"","00000029",1.77,"State Highway","Straight and Level","Blacktop","Wet","Daylight","Rain","Barrier Median","None",NA,"NULL","NULL","","NULL","","NULL",55,NA,40.1921,-74.75202,"No","","690",421721.93267,494991.515768,NA,"DVRPC",0,"PDO",10012330
3443735,"20101103C060-2010-00089A","C060-2010-00089A",2010,"MERCER","Hamilton Twp (Mercer Co)","2010-01-25","Monday","January","12:38:00",2,"NEW JERSEY STATE POLICE","HAMILTON-SUB",0,0,0,0,0,"Property Damage","Not At Intersection","No","No","Non-fixed Object",1,"I-295","North",295,"","00000295",64,"Interstate","Straight and Level","Blacktop","Wet","Daylight","Rain","Grass Median","None",NA,"NULL","NULL","","NULL","","NULL",65,NA,40.23356,-74.70049,"No","","710",436151.18,510054.445,NA,"DVRPC",0,"PDO",10023439
3443736,"20101103C060-2010-00100A","C060-2010-00100A",2010,"MERCER","Hamilton Twp (Mercer Co)","2010-01-30","Saturday","January","20:29:00",2,"NEW JERSEY STATE POLICE","HAMILTON-SUB",0,0,1,0,0,"Injury","Not At Intersection","No","No","Fixed Object",1,"I-195","West",195,"","00000195",4.2,"Interstate","Straight and Level","Blacktop","Icy","Dark (No Street Lights)","Snow","Barrier Median","None",NA,"NULL","NULL","","NULL","","NULL",65,NA,40.20275,-74.64839,"No","","683",450676.256137,498805.912586,NA,"DVRPC",0,"Pain",10023440
3443737,"20101103C060-2010-00101A","C060-2010-00101A",2010,"MERCER","Hamilton Twp (Mercer Co)","2010-01-30","Saturday","January","20:29:00",2,"NEW JERSEY STATE POLICE","HAMILTON-SUB",0,0,3,0,0,"Injury","Not At Intersection","No","No","Opposite Direction - Head On/Angular",2,"I-195","West",195,"","00000195",4.2,"Interstate","Straight and Level","Blacktop","Icy","Dark (No Street Lights)","Snow","Barrier Median","None",NA,"NULL","NULL","","NULL","","NULL",65,NA,40.20275,-74.64839,"No","","683",450676.256137,498805.912586,NA,"DVRPC",0,"Moderate Injury",10028990
3443738,"20101103C060-2010-00104A","C060-2010-00104A",2010,"MERCER","Hamilton Twp (Mercer Co)","2010-01-31","Sunday","January","06:57:00",2,"NEW JERSEY STATE POLICE","HAMILTON-SUB",0,0,1,0,0,"Injury","Not At Intersection","No","No","Fixed Object",1,"I-295","South",295,"","00000295",66,"Interstate","Straight and Level","Blacktop","Dry","Daylight","Clear","Grass Median","None",NA,"NULL","NULL","","NULL","","NULL",65,NA,40.26132,-74.69306,"No","","642",438248.525556,520162.645556,NA,"DVRPC",0,"Pain",10023197
3443739,"20101103C060-2010-00106A","C060-2010-00106A",2010,"MERCER","Hamilton Twp (Mercer Co)","2010-01-31","Sunday","January","21:33:00",2,"NEW JERSEY STATE POLICE","HAMILTON SUB",0,0,1,0,0,"Injury","Not At Intersection","No","No","Fixed Object",1,"I-295","North",295,"","00000295",65.8,"Interstate","Straight and Level","Blacktop","Dry","Dark (No Street Lights)","Clear","Grass Median","None",NA,"NULL","NULL","","NULL","","NULL",65,NA,40.25846,-74.69362,"No","NJDOT EMERGENCY SERVICES PATROL SIGN","665",438088.616843,519123.632498,NA,"DVRPC",0,"Moderate Injury",10028989
3443740,"20101103C060-2010-00111A","C060-2010-00111A",2010,"MERCER","Hamilton Twp (Mercer Co)","2010-02-02","Tuesday","February","07:23:00",2,"NEW JERSEY STATE POLICE","HAMILTON-SUB",0,0,0,0,0,"Property Damage","Not At Intersection","No","No","Same Direction - Rear End",2,"I-195","West",195,"","00000195",1.2,"Interstate","Straight and Level","Blacktop","Dry","Dawn","Clear","Barrier Median","None",NA,"NULL","NULL","","NULL","","NULL",65,NA,40.18531,-74.69935,"No","","727",436429.453679,492478.567918,NA,"DVRPC",0,"PDO",10028986
3443741,"20101103C060-2010-00113A","C060-2010-00113A",2010,"MERCER","Hamilton Twp (Mercer Co)","2010-02-02","Tuesday","February","08:13:00",2,"NEW JERSEY STATE POLICE","HAMILTON-SUB",0,0,0,0,0,"Property Damage","Not At Intersection","No","No","Same Direction - Rear End",2,"I-195","West",195,"","00000195",5.1,"Interstate","Straight and Level","Blacktop","Dry","Daylight","Clear","Barrier Median","None",NA,"NULL","NULL","","NULL","","NULL",65,NA,40.20144,-74.63177,"No","","667",455317.842304,498319.925547,NA,"DVRPC",0,"PDO",10028984
3443742,"20101103C060-2010-00115A","C060-2010-00115A",2010,"MERCER","Hamilton Twp (Mercer Co)","2010-02-02","Tuesday","February","08:03:00",2,"NEW JERSEY STATE POLICE","HAMILTON",0,0,1,0,0,"Injury","Not At Intersection","No","No","Same Direction - Rear End",3,"I-195","West",195,"","00000195",4.4,"Interstate","Straight and Level","Blacktop","Dry","Daylight","Clear","Barrier Median","None",NA,"NULL","NULL","","NULL","","NULL",65,NA,40.20319,-74.64468,"No","","625",451713.838759,498962.342605,NA,"DVRPC",0,"Pain",10028982
3443743,"20101103C060-2010-00123A","C060-2010-00123A",2010,"MERCER","Hamilton Twp (Mercer Co)","2010-02-04","Thursday","February","11:41:00",2,"NEW JERSEY STATE POLICE","HAMILTON-SUB",0,0,1,0,0,"Injury","Not At Intersection","No","No","Fixed Object",2,"I-195","East",195,"","00000195",1.7,"Interstate","Straight and Level","Blacktop","Dry","Daylight","Clear","Barrier Median","None",NA,"NULL","NULL","","NULL","","NULL",65,NA,40.1881,-74.69086,"No","DENT IN GUARDRAIL","690",438805.257697,493489.519913,NA,"DVRPC",0,"Pain",10034232
3443744,"20101103C060-2010-00129A","C060-2010-00129A",2010,"MERCER","Hamilton Twp (Mercer Co)","2010-02-06","Saturday","February","13:02:00",2,"NEW JERSEY STATE POLICE","HAMILTON-SUB",0,0,0,0,0,"Property Damage","Not At Intersection","No","No","Fixed Object",1,"NJ 29","North",29,"","00000029",0.2,"State Highway","Curve and Level","Blacktop","Snowy","Daylight","Snow","Barrier Median","None",NA,"NULL","NULL","","From","I-295","South Bound",50,NA,40.18417,-74.72615,"No","","667",428942.399095,492081.374507,NA,"DVRPC",0,"PDO",10034228
3443745,"20101103C060-2010-00130A","C060-2010-00130A",2010,"MERCER","Hamilton Twp (Mercer Co)","2010-02-06","Saturday","February","06:59:00",2,"NEW JERSEY STATE POLICE","HAMILTON-SUB",0,0,0,0,0,"Property Damage","Not At Intersection","No","No","Fixed Object",1,"I-295","South",295,"","00000295",64.7,"Interstate","Straight and Level","Blacktop","Snowy","Dawn","Snow","Grass Median","None",NA,"NULL","NULL","","NULL","","NULL",65,NA,40.24363,-74.70072,"No","","727",436095.75,513726.01,NA,"DVRPC",0,"PDO",10034227
3443746,"20101103C060-2010-00131A","C060-2010-00131A",2010,"MERCER","Hamilton Twp (Mercer Co)","2010-02-06","Saturday","February","10:24:00",2,"NEW JERSEY STATE POLICE","HAMILTON-SUB",0,0,0,0,0,"Property Damage","Not At Intersection","No","No","Fixed Object",1,"I-295","South",295,"","00000295",60.6,"Interstate","Curve and Level","Blacktop","Snowy","Daylight","Snow","Grass Median","None",NA,"NULL","NULL","","To","NJ 29","North Bound",65,NA,40.18917,-74.72,"No","EXIT 60B SIGN","727",430663.339345,493898.479385,NA,"DVRPC",0,"PDO",10034226
3443747,"20101103C060-2010-00133A","C060-2010-00133A",2010,"MERCER","Hamilton Twp (Mercer Co)","2010-02-06","Saturday","February","13:40:00",2,"NEW JERSEY STATE POLICE","HAMILTON",0,0,0,0,0,"Property Damage","Not At Intersection","No","No","Fixed Object",1,"I-295","North",295,"","00000295",64.8,"Interstate","Straight and Level","Blacktop","Snowy","Daylight","Snow","Grass Median","None",NA,"NULL","NULL","","NULL","","NULL",65,NA,40.24501,-74.70009,"No","","722",436272.383698,514226.490662,NA,"DVRPC",0,"PDO",10034224
3443748,"20101103C060-2010-00135A","C060-2010-00135A",2010,"MERCER","Hamilton Twp (Mercer Co)","2010-02-06","Saturday","February","16:16:00",2,"NEW JERSEY STATE POLICE","HAMILTON-SUB",0,0,0,0,0,"Property Damage","Not At Intersection","No","No","Fixed Object",1,"I-295","South",295,"","00000295",62,"Interstate","Straight and Level","Blacktop","Snowy","Daylight","Clear","Grass Median","None",NA,"NULL","NULL","","NULL","","NULL",65,NA,40.20691,-74.7075,"No","NO DAMAGE TO LIGHT POLE","727",434171.732941,500354.286471,NA,"DVRPC",0,"PDO",10034222
3443750,"20101103C060-2010-00152A","C060-2010-00152A",2010,"MERCER","Hamilton Twp (Mercer Co)","2010-02-10","Wednesday","February","00:09:00",2,"NEW JERSEY STATE POLICE","HAMILTON",0,0,1,0,0,"Injury","Not At Intersection","Yes","No","Fixed Object",1,"I-195","West",195,"","00000195",0.9,"Interstate","Straight and Level","Blacktop","Snowy","Dark (No Street Lights)","Snow","Barrier Median","None",NA,"NULL","NULL","","NULL","","NULL",65,NA,40.18543,-74.7051,"No","GUARDRAIL","690",434824.539912,492527.02383,NA,"DVRPC",0,"Pain",10034211
3443751,"20101103C060-2010-00159A","C060-2010-00159A",2010,"MERCER","Hamilton Twp (Mercer Co)","2010-02-10","Wednesday","February","14:06:00",2,"NEW JERSEY STATE POLICE","HAMILTON-SUB",0,0,1,0,0,"Injury","Not At Intersection","No","No","Same Direction - Rear End",2,"I-195","West",195,"","00000195",0.8,"Interstate","Straight and Level","Blacktop","Snowy","Daylight","Snow","Barrier Median","None",NA,"NULL","NULL","","NULL","","NULL",65,NA,40.18518,-74.70701,"No","","727",434288.601906,492436.806304,NA,"DVRPC",0,"Pain",10037133
3443752,"20101103C060-2010-00164A","C060-2010-00164A",2010,"MERCER","Hamilton Twp (Mercer Co)","2010-02-11","Thursday","February","09:45:00",2,"NEW JERSEY STATE POLICE","HAMILTON-SUB",0,0,0,0,0,"Property Damage","Not At Intersection","No","Yes","Other",1,"I-195","East",195,"","00000195",3.7,"Interstate","Straight and Level","Blacktop","Icy","Daylight","Clear","Grass Median","None",NA,"NULL","NULL","","NULL","","NULL",65,NA,40.20045,-74.65732,"No","","688",448181.835879,497970.045431,NA,"DVRPC",0,"PDO",10037104
3443753,"20101103C060-2010-00178A","C060-2010-00178A",2010,"MERCER","Hamilton Twp (Mercer Co)","2010-02-12","Friday","February","14:40:00",2,"NEW JERSEY STATE POLICE","HAMILTON-SUB",0,0,0,0,0,"Property Damage","Not At Intersection","No","No","Same Direction - Side Swipe",2,"I-195","East",195,"","00000195",1.4,"Interstate","Straight and Level","Blacktop","Dry","Daylight","Clear","Barrier Median","None",NA,"NULL","NULL","","NULL","","NULL",65,NA,40.18553,-74.69554,"No","NONE","696",437495.200247,492557.419366,NA,"DVRPC",0,"PDO",10046649
3443754,"20101103C060-2010-00195A","C060-2010-00195A",2010,"MERCER","Hamilton Twp (Mercer Co)","2010-02-17","Wednesday","February","07:10:00",2,"NEW JERSEY STATE POLICE","HAMILTON-SUB",0,0,1,0,0,"Injury","Not At Intersection","No","No","Overturned",1,"I-195","East",195,"","00000195",5,"Interstate","Curve and Level","Blacktop","Dry","Daylight","Clear","None","None",NA,"NULL","NULL","","To","US 130","North Bound",65,NA,40.20181,-74.6336,"No","","683",454808.918718,498455.23813,NA,"DVRPC",0,"Moderate Injury",10037096
3443755,"20101103C060-2010-00196A","C060-2010-00196A",2010,"MERCER","Hamilton Twp (Mercer Co)","2010-02-17","Wednesday","February","08:06:00",2,"NEW JERSEY STATE POLICE","HAMILTON-SUB",0,0,0,0,0,"Property Damage","Not At Intersection","No","No","Non-fixed Object",1,"I-195","East",195,"","00000195",3.5,"Interstate","Curve and Level","Blacktop","Dry","Daylight","Clear","None","None",NA,"NULL","NULL","","To","YARDVILLE-HAMILTON","North Bound",65,NA,40.1995,-74.66086,"No","NONE","683",447192.188992,497625.218169,NA,"DVRPC",0,"PDO",10047209
3443756,"20101103C060-2010-00208A","C060-2010-00208A",2010,"MERCER","Hamilton Twp (Mercer Co)","2010-02-19","Friday","February","11:57:00",2,"NEW JERSEY STATE POLICE","HAMILTON-SUB",0,0,1,0,0,"Injury","Not At Intersection","No","No","Same Direction - Rear End",2,"I-295","North",295,"","00000295",66,"Interstate","Curve and Grade","Blacktop","Wet","Daylight","Clear","Barrier Median","None",NA,"NULL","NULL","","To","NJ 33","West Bound",65,NA,40.26132,-74.69306,"No","","697",438248.525556,520162.645556,NA,"DVRPC",0,"Pain",10047216
3443757,"20101103C060-2010-00225A","C060-2010-00225A",2010,"MERCER","Hamilton Twp (Mercer Co)","2010-02-25","Thursday","February","06:50:00",2,"NEW JERSEY STATE POLICE","HAMILTON-SUB",0,0,0,0,0,"Property Damage","Not At Intersection","No","No","Fixed Object",1,"I-295","South",295,"","00000295",62.8,"Interstate","Straight and Level","Blacktop","Snowy","Daylight","Snow","Grass Median","None",NA,"NULL","NULL","","NULL","","NULL",65,NA,40.21703,-74.70032,"No","","620",436185.83,504034.38,NA,"DVRPC",0,"PDO",10047222
3443758,"20101103C060-2010-00234A","C060-2010-00234A",2010,"MERCER","Hamilton Twp (Mercer Co)","2010-02-25","Thursday","February","08:22:00",2,"NEW JERSEY STATE POLICE","HAMILTON-SUB",0,0,0,0,0,"Property Damage","Not At Intersection","No","No","Fixed Object",1,"I-295","NULL",295,"","00000295",65.05,"Interstate","Straight and Level","Blacktop","Snowy","Daylight","Snow","Grass Median","None",NA,"NULL","NULL","","NULL","","NULL",65,NA,40.24834,-74.69832,"No","THE GUARDRAIL IN THE CENTER MEDIAN AT MP65 WAS DAMAGED (NJ DOT)","703",436769.868074,515437.464648,NA,"DVRPC",0,"PDO",10048943
3443759,"20101103C060-2010-00240A","C060-2010-00240A",2010,"MERCER","Hamilton Twp (Mercer Co)","2010-02-26","Friday","February","09:26:00",2,"NEW JERSEY STATE POLICE","HAMILTON",0,0,0,0,0,"Property Damage","Not At Intersection","No","No","Same Direction - Side Swipe",2,"NJ 29","South",29,"","00000029",1.77,"State Highway","Curve and Grade","Blacktop","Snowy","Daylight","Snow","None","None",NA,"NULL","NULL","","NULL","","NULL",45,NA,40.1921,-74.75202,"No","","584",421721.93267,494991.515768,NA,"DVRPC",0,"PDO",10047230
3443760,"20101103C060-2010-00246A","C060-2010-00246A",2010,"MERCER","Hamilton Twp (Mercer Co)","2010-02-26","Friday","February","18:54:00",2,"NEW JERSEY STATE POLICE","HAMILTON-SUB",0,0,2,0,0,"Injury","Not At Intersection","No","No","Same Direction - Rear End",2,"NJ 29","South",29,"","00000029",1.77,"State Highway","Curve and Grade","Blacktop","Dry","Dark (Street Lights On/ continuous)","Clear","Barrier Median","None",NA,"NULL","NULL","","NULL","","NULL",45,NA,40.1921,-74.75202,"No","","700",421721.93267,494991.515768,NA,"DVRPC",0,"Moderate Injury",10047177
3443761,"20101103C060-2010-00251A","C060-2010-00251A",2010,"MERCER","Hamilton Twp (Mercer Co)","2010-02-28","Sunday","February","11:40:00",2,"NEW JERSEY STATE POLICE","HAMILTON-SUB",0,0,0,0,0,"Property Damage","Not At Intersection","No","No","Fixed Object",1,"I-295","South",295,"","00000295",60.2,"Interstate","Straight and Level","Concrete","Snowy","Daylight","Overcast","Grass Median","None",NA,"NULL","NULL","","NULL","","NULL",65,NA,40.18339,-74.72205,"No","","699",430087.5,491796.15,NA,"DVRPC",0,"PDO",10047182
3443763,"20101103C060-2010-00268A","C060-2010-00268A",2010,"MERCER","Hamilton Twp (Mercer Co)","2010-03-05","Friday","March","07:16:00",2,"NEW JERSEY STATE POLICE","HAMILTON",0,0,3,0,0,"Injury","Not At Intersection","No","No","Same Direction - Side Swipe",3,"I-195","East",195,"","00000195",1.2,"Interstate","Curve and Grade","Blacktop","Dry","Daylight","Clear","Barrier Median","None",NA,"NULL","NULL","","NULL","","NULL",65,NA,40.18531,-74.69935,"No","","722",436429.453679,492478.567918,NA,"DVRPC",0,"Pain",10059441
3443764,"20101103C060-2010-00270A","C060-2010-00270A",2010,"MERCER","Hamilton Twp (Mercer Co)","2010-03-05","Friday","March","17:36:00",2,"NEW JERSEY STATE POLICE","HAMILTON-SUB",0,0,0,0,0,"Property Damage","Not At Intersection","No","No","Same Direction - Rear End",2,"I-195","East",195,"","00000195",5.4,"Interstate","Straight and Level","Blacktop","Dry","Daylight","Clear","Barrier Median","None",NA,"NULL","NULL","","NULL","","NULL",65,NA,40.20033,-74.62631,"No","","697",456843.319434,497914.940531,NA,"DVRPC",0,"PDO",10047187
3443765,"20101103C060-2010-00299-A","C060-2010-00299-A",2010,"MERCER","Hamilton Twp (Mercer Co)","2010-03-14","Sunday","March","09:16:00",2,"NEW JERSEY STATE POLICE","HAMILTON-SUB",0,0,0,0,0,"Property Damage","Not At Intersection","No","No","Fixed Object",1,"I-195","West",195,"","00000195",5.58,"Interstate","Straight and Level","Blacktop","Wet","Daylight","Sleet/Hail/Freezing Rain","Barrier Median","None",NA,"NULL","NULL","","NULL","","NULL",65,NA,40.19967,-74.62303,"No","","710",457759.886687,497672.404573,NA,"DVRPC",0,"PDO",10060802
3443766,"20101103C060-2010-00308A","C060-2010-00308A",2010,"MERCER","Hamilton Twp (Mercer Co)","2010-03-16","Tuesday","March","10:56:00",2,"NEW JERSEY STATE POLICE","HAMILTON-SUB",0,0,1,0,0,"Injury","Not At Intersection","No","No","Same Direction - Rear End",2,"I-195","West",195,"","00000195",3.9,"Interstate","Straight and Level","Blacktop","Dry","Daylight","Clear","Barrier Median","None",NA,"NULL","NULL","","NULL","","NULL",65,NA,40.2014,-74.65376,"No","","697",449176.410373,498314.848494,NA,"DVRPC",0,"Pain",10061076
3443767,"20101103C060-2010-00328A","C060-2010-00328A",2010,"MERCER","Hamilton Twp (Mercer Co)","2010-03-21","Sunday","March","18:27:00",2,"NEW JERSEY STATE POLICE","HAMILTON-SUB",0,0,2,0,0,"Injury","Not At Intersection","No","No","Same Direction - Side Swipe",2,"I-195","West",195,"","00000195",0.3,"Interstate","Straight and Level","Blacktop","Dry","Dusk","Clear","Barrier Median","None",NA,"NULL","NULL","","NULL","","NULL",65,NA,40.18392,-74.71659,"No","","727",431612.860388,491985.013559,NA,"DVRPC",0,"Pain",10059514
3443769,"20101103C060-2010-00351A","C060-2010-00351A",2010,"MERCER","Hamilton Twp (Mercer Co)","2010-03-25","Thursday","March","17:33:00",2,"NEW JERSEY STATE POLICE","HAMILTON SUB",0,0,0,0,0,"Property Damage","Not At Intersection","No","No","Same Direction - Side Swipe",2,"I-195","East",195,"","00000195",2.3,"Interstate","Straight and Level","Blacktop","Dry","Daylight","Clear","Barrier Median","None",NA,"NULL","NULL","","NULL","","NULL",65,NA,40.19348,-74.68202,"No","","713",441278.745327,495443.976604,NA,"DVRPC",0,"PDO",10061188
3443800,"20101103C060-2010-00552A","C060-2010-00552A",2010,"MERCER","Hamilton Twp (Mercer Co)","2010-07-14","Wednesday","July","04:47:00",2,"NEW JERSEY STATE POLICE","HAMILTON-SUB",0,0,0,0,0,"Property Damage","Not At Intersection","No","No","Fixed Object",1,"I-195","West",195,"","00000195",5.1,"Interstate","Straight and Level","Blacktop","Wet","Dark (Street Lights On/ continuous)","Rain","Barrier Median","None",NA,"NULL","NULL","","NULL","","NULL",65,NA,40.20144,-74.63177,"No","5 FEET OR NJDOT","697",455317.842304,498319.925547,NA,"DVRPC",0,"PDO",10160456
3443815,"20101103C060-2010-00602A","C060-2010-00602A",2010,"MERCER","Hamilton Twp (Mercer Co)","2010-05-23","Sunday","May","11:25:00",2,"NEW JERSEY STATE POLICE","HAMILTON",0,0,0,0,0,"Property Damage","Not At Intersection","No","No","Fixed Object",1,"I-195","East",195,"","00000195",4.9,"Interstate","Straight and Level","Blacktop","Dry","Daylight","Overcast","Barrier Median","None",NA,"NULL","NULL","","NULL","","NULL",65,NA,40.20218,-74.63542,"No","HIGH VOLTAGE UTILITY POLE & GUARDRAIL FACE-NJDOT: PO BOX 600 TRENTON NJ 08625","717",454301.11,498591.89,NA,"DVRPC",0,"PDO",10144050
3443835,"20101103C060-2010-00722A","C060-2010-00722A",2010,"MERCER","Hamilton Twp (Mercer Co)","2010-06-14","Monday","June","15:41:00",2,"NEW JERSEY STATE POLICE","HAMILTON",0,0,0,0,0,"Property Damage","Not At Intersection","No","No","Same Direction - Rear End",2,"I-195","East",195,"","00000195",3.2,"Interstate","Straight and Level","Blacktop","Dry","Daylight","Clear","Barrier Median","None",NA,"NULL","NULL","","NULL","","NULL",65,NA,40.19807,-74.6662,"No","","717",445701.277491,497107.802715,NA,"DVRPC",0,"PDO",10144057
3443836,"20101103C060-2010-00732-A","C060-2010-00732-A",2010,"MERCER","Hamilton Twp (Mercer Co)","2010-06-15","Tuesday","June","16:46:00",2,"NEW JERSEY STATE POLICE","HAMILTON-SUB",0,0,0,0,0,"Property Damage","Not At Intersection","No","No","Non-fixed Object",1,"I-295","South",295,"","00000295",63,"Interstate","Straight and Level","Blacktop","Dry","Daylight","Clear","Barrier Median","None",NA,"NULL","NULL","","NULL","","NULL",65,NA,40.21953,-74.69838,"No","","710",436727.622,504945.82,NA,"DVRPC",0,"PDO",10143250
3443837,"20101103C060-2010-00749-A","C060-2010-00749-A",2010,"MERCER","Hamilton Twp (Mercer Co)","2010-06-20","Sunday","June","21:45:00",2,"NEW JERSEY STATE POLICE","HAMILTON-SUB",0,0,1,0,0,"Injury","Not At Intersection","No","No","Fixed Object",1,"NJ 29","South",29,"","00000029",1.77,"State Highway","Curve and Grade","Blacktop","Dry","Dark (Street Lights On/ continuous)","Clear","Curbed Median","None",NA,"NULL","NULL","","NULL","","NULL",45,NA,40.1921,-74.75202,"No","","710",421721.93267,494991.515768,NA,"DVRPC",0,"Moderate Injury",10144064
3443840,"20101103C060-2010-00769A","C060-2010-00769A",2010,"MERCER","Hamilton Twp (Mercer Co)","2010-06-27","Sunday","June","14:00:00",2,"NEW JERSEY STATE POLICE","HAMILTON-SUB",0,0,0,0,0,"Property Damage","Not At Intersection","No","No","Non-fixed Object",2,"I-195","West",195,"","00000195",5.2,"Interstate","Straight and Level","Blacktop","Dry","Daylight","Clear","Barrier Median","None",NA,"NULL","NULL","","NULL","","NULL",65,NA,40.20107,-74.62995,"No","","697",455827.869447,498184.814515,NA,"DVRPC",0,"PDO",10144114
3443841,"20101103C060-2010-00821A","C060-2010-00821A",2010,"MERCER","Hamilton Twp (Mercer Co)","2010-07-08","Thursday","July","17:00:00",2,"NEW JERSEY STATE POLICE","HAMILTON",0,0,1,0,0,"Injury","Not At Intersection","No","No","Same Direction - Rear End",2,"I-195","East",195,"","00000195",3.4,"Interstate","Straight and Level","Blacktop","Dry","Daylight","Clear","Barrier Median","None",NA,"NULL","NULL","","NULL","","NULL",65,NA,40.19902,-74.66264,"No","LEFT GUIDERAIL CENTER MEDIAN","630",446695.344528,497453.789427,NA,"DVRPC",0,"Pain",10159498