"ID","DOT_WEB_ID","CASE_NUMBER","CRASH_YEAR","COUNTY","MUNICIPALITY","CRASH_DATE","CRASH_DAY_OF_WEEK","CRASH_MONTH","CRASH_TIME","POLICE_DEPT_CODE","POLICE_DEPARTMENT","POLICE_STATION","TOTAL_KILLED","TOTAL_INCAPACITATED","TOTAL_INJURED","PEDESTRIANS_KILLED","PEDESTRIANS_INJURED","SEVERITY","INTERSECTION","ALCOHOL_INVOLVED","HAZMAT_INVOLVED","CRASH_TYPE","TOTAL_VEHICLES_INVOLVED","CRASH_LOCATION","LOCATION_DIRECTION","ROUTE","ROUTE_SUFFIX","SRI","MILEPOST","ROAD_SYSTEM","ROAD_CHARACTER","ROAD_SURFACE_TYPE","SURFACE_CONDITION","LIGHT_CONDITION","ENVIRONMENTAL_CONDITION","ROAD_DIVIDED_BY","TEMP_TRAFFIC_CONTROL_ZONE","DISTANCE_TO_CROSS_STREET","UNIT_OF_MEASUREMENT","DIRECTION_FROM_CROSS_STREET","CROSS_STREET_NAME","IS_RAMP","RAMP_TO_FROM_ROUTE_NAME","RAMP_TO_FROM_ROUTE_DIRECTION","POSTED_SPEED","POSTED_SPEED_CROSS_STREET","LATITUDE","LONGITUDE","CELL_PHONE_IN_USE","OTHER_PROPERTY_DAMAGE","REPORTING_BADGE_NO","X","Y","CRASH_NARRATIVE","MPO","TOTAL_PEDESTRIANS_INVOLVED","EPDO","DLN"
3443842,"20101103C060-2010-00824A","C060-2010-00824A",2010,"MERCER","Hamilton Twp (Mercer Co)","2010-07-08","Thursday","July","17:07:00",2,"NEW JERSEY STATE POLICE","HAMILTON-SUB",0,0,1,0,0,"Injury","Not At Intersection","No","No","Same Direction - Rear End",4,"I-195","East",195,"","00000195",3.6,"Interstate","Straight and Level","Blacktop","Dry","Daylight","Clear","Grass Median","None",NA,"NULL","NULL","","NULL","","NULL",65,NA,40.19997,-74.65909,"No","","642",447685.897052,497798.039317,NA,"DVRPC",0,"Pain",10148590
3443843,"20101103C060-2010-00828A","C060-2010-00828A",2010,"MERCER","Hamilton Twp (Mercer Co)","2010-07-09","Friday","July","10:47:00",2,"NEW JERSEY STATE POLICE","HAMILTON - SUB",0,0,2,0,0,"Injury","Not At Intersection","No","No","Right Angle",2,"I-195","West",195,"","00000195",4.7,"Interstate","Straight and Level","Blacktop","Wet","Daylight","Rain","Barrier Median","None",NA,"NULL","NULL","","NULL","","NULL",65,NA,40.20289,-74.63906,"No","","697",453283.257751,498851.164831,NA,"DVRPC",0,"Moderate Injury",10159619
3443844,"20101103C060-2010-00837A","C060-2010-00837A",2010,"MERCER","Hamilton Twp (Mercer Co)","2010-07-11","Sunday","July","23:21:00",2,"NEW JERSEY STATE POLICE","HAMILTON",0,0,1,0,0,"Injury","Not At Intersection","No","No","Same Direction - Rear End",2,"I-295","North",295,"","00000295",60,"Interstate","Straight and Level","Blacktop","Dry","Dark (Street Lights On/ continuous)","Clear","Grass Median","None",NA,"NULL","NULL","","NULL","","NULL",65,NA,40.18051,-74.72214,"No","","697",430058.51,490746.472692,NA,"DVRPC",0,"Pain",10159598
3443845,"20101103C060-2010-00843A","C060-2010-00843A",2010,"MERCER","Hamilton Twp (Mercer Co)","2010-07-12","Monday","July","17:35:00",2,"NEW JERSEY STATE POLICE","HAMILTON-SUB",0,0,2,0,0,"Injury","Not At Intersection","No","No","Same Direction - Rear End",2,"I-295","North",295,"","00000295",63.7,"Interstate","Straight and Level","Blacktop","Dry","Daylight","Overcast","Grass Median","None",NA,"NULL","NULL","","NULL","","NULL",65,NA,40.22942,-74.69916,"No","NONE","683",436520.130706,508548.030553,NA,"DVRPC",0,"Pain",10159551
3443846,"20101103C060-2010-00850A","C060-2010-00850A",2010,"MERCER","Hamilton Twp (Mercer Co)","2010-07-13","Tuesday","July","17:20:00",2,"NEW JERSEY STATE POLICE","HAMILTON-SUB",0,0,0,0,0,"Property Damage","Not At Intersection","No","No","Same Direction - Side Swipe",2,"I-195","West",195,"","00000195",1,"Interstate","Straight and Level","Blacktop","Dry","Daylight","Clear","Barrier Median","None",NA,"NULL","NULL","","NULL","","NULL",65,NA,40.18566,-74.70318,"No","","703",435359.111037,492609.106596,NA,"DVRPC",0,"PDO",10159601
3443849,"20101103C060-2010-00877A","C060-2010-00877A",2010,"MERCER","Hamilton Twp (Mercer Co)","2010-07-16","Friday","July","17:02:00",2,"NEW JERSEY STATE POLICE","HAMILTON",0,0,2,0,0,"Injury","Not At Intersection","No","No","Same Direction - Rear End",2,"I-295","South",295,"","00000295",61,"Interstate","Straight and Level","Blacktop","Dry","Daylight","Clear","Grass Median","None",NA,"NULL","NULL","","NULL","","NULL",65,NA,40.19447,-74.71626,"No","","717",431714.59,495826.54,NA,"DVRPC",0,"Pain",10159650
3443850,"20101103C060-2010-00878A","C060-2010-00878A",2010,"MERCER","Hamilton Twp (Mercer Co)","2010-07-16","Friday","July","18:00:00",2,"NEW JERSEY STATE POLICE","HAMILTON",0,0,0,0,0,"Property Damage","Not At Intersection","No","No","Same Direction - Rear End",2,"I-295","South",295,"","00000295",60.1,"Interstate","Straight and Level","Blacktop","Dry","Daylight","Clear","Barrier Median","None",NA,"NULL","NULL","","NULL","","NULL",65,NA,40.18195,-74.7221,"No","","717",430071.93748,491269.573127,NA,"DVRPC",0,"PDO",10159651
3443851,"20101103C060-2010-00886A","C060-2010-00886A",2010,"MERCER","Hamilton Twp (Mercer Co)","2010-07-17","Saturday","July","19:52:00",2,"NEW JERSEY STATE POLICE","HAMILTON STATI",0,0,1,0,0,"Injury","Not At Intersection","No","No","Overturned",1,"I-195","West",195,"","00000195",1,"Interstate","Curve and Grade","Blacktop","Sand/ Mud/ Dirt","Daylight","Clear","Grass Median","None",NA,"NULL","NULL","","From","US 206","North Bound",65,NA,40.18566,-74.70318,"No","","646",435359.111037,492609.106596,NA,"DVRPC",0,"Moderate Injury",10159628
3443852,"20101103C060-2010-00892A","C060-2010-00892A",2010,"MERCER","Hamilton Twp (Mercer Co)","2010-07-20","Tuesday","July","08:47:00",2,"NEW JERSEY STATE POLICE","HAMILTON",0,0,0,0,0,"Property Damage","Not At Intersection","No","No","Same Direction - Rear End",2,"I-195","West",195,"","00000195",5.2,"Interstate","Straight and Level","Blacktop","Dry","Daylight","Clear","Barrier Median","None",NA,"NULL","NULL","","NULL","","NULL",65,NA,40.20107,-74.62995,"No","","625",455827.869447,498184.814515,NA,"DVRPC",0,"PDO",10174442
3443853,"20101103C060-2010-00907A","C060-2010-00907A",2010,"MERCER","Hamilton Twp (Mercer Co)","2010-07-23","Friday","July","16:48:00",2,"NEW JERSEY STATE POLICE","HAMILTON",0,0,0,0,0,"Property Damage","Not At Intersection","No","No","Same Direction - Rear End",2,"I-195","East",195,"","00000195",5.2,"Interstate","Straight and Level","Blacktop","Dry","Daylight","Clear","Barrier Median","None",NA,"NULL","NULL","","NULL","","NULL",65,NA,40.20107,-74.62995,"No","","678",455827.869447,498184.814515,NA,"DVRPC",0,"PDO",10171045
3443856,"20101103C060-2010-00950A","C060-2010-00950A",2010,"MERCER","Hamilton Twp (Mercer Co)","2010-07-29","Thursday","July","05:51:00",2,"NEW JERSEY STATE POLICE","HAMILTON-SUB",0,0,0,0,0,"Property Damage","Not At Intersection","No","No","Same Direction - Rear End",2,"I-295","North",295,"","00000295",61.1,"Interstate","Straight and Level","Blacktop","Dry","Dawn","Clear","Grass Median","None",NA,"NULL","NULL","","NULL","","NULL",65,NA,40.19574,-74.71536,"No","","708",431967.146274,496289.706447,NA,"DVRPC",0,"PDO",10172973
3443857,"20101103C060-2010-00958-A","C060-2010-00958-A",2010,"MERCER","Hamilton Twp (Mercer Co)","2010-08-04","Wednesday","August","14:22:00",2,"NEW JERSEY STATE POLICE","HAMILTON SUB",0,0,0,0,0,"Property Damage","Not At Intersection","No","No","Same Direction - Side Swipe",2,"NJ 29","South",29,"","00000029",0.2,"State Highway","Straight and Level","Blacktop","Dry","Daylight","Clear","Barrier Median","None",NA,"NULL","NULL","","NULL","","NULL",55,NA,40.18417,-74.72615,"No","","710",428942.399095,492081.374507,NA,"DVRPC",0,"PDO",10182728
3443858,"20101103C060-2010-00975A","C060-2010-00975A",2010,"MERCER","Hamilton Twp (Mercer Co)","2010-08-09","Monday","August","06:37:00",2,"NEW JERSEY STATE POLICE","HAMILTON-SUB",0,0,1,0,0,"Injury","Not At Intersection","No","No","Fixed Object",1,"I-295","North",295,"","00000295",60.7,"Interstate","Curve and Level","Blacktop","Dry","Daylight","Clear","Barrier Median","None",NA,"NULL","NULL","","From","I-195","West Bound",65,NA,40.19051,-74.71905,"No","APPROXIMATELY 10 FEET OF GUARDRAIL ON I-195 WB RAMP TO I-295 NB","642",430929.792014,494385.328839,NA,"DVRPC",0,"Pain",10182735
3443859,"20101103C060-2010-01000A","C060-2010-01000A",2010,"MERCER","Hamilton Twp (Mercer Co)","2010-08-16","Monday","August","08:24:00",2,"NEW JERSEY STATE POLICE","HAMILTON SUB",0,0,0,0,0,"Property Damage","Not At Intersection","No","No","Non-fixed Object",2,"I-195","West",195,"","00000195",3.7,"Interstate","Straight and Level","Blacktop","Dry","Daylight","Clear","Barrier Median","None",NA,"NULL","NULL","","NULL","","NULL",65,NA,40.20045,-74.65732,"No","","720",448181.835879,497970.045431,NA,"DVRPC",0,"PDO",10191488
3443860,"20101103C060-2010-01001A","C060-2010-01001A",2010,"MERCER","Hamilton Twp (Mercer Co)","2010-08-16","Monday","August","08:11:00",2,"NEW JERSEY STATE POLICE","HAMILTON-SUB",0,0,0,0,0,"Property Damage","Not At Intersection","No","No","Non-fixed Object",1,"I-195","West",195,"","00000195",3.7,"Interstate","Straight and Level","Blacktop","Dry","Daylight","Clear","Barrier Median","None",NA,"NULL","NULL","","NULL","","NULL",65,NA,40.20045,-74.65732,"No","","667",448181.835879,497970.045431,NA,"DVRPC",0,"PDO",10191489
3443861,"20101103C060-2010-01004A","C060-2010-01004A",2010,"MERCER","Hamilton Twp (Mercer Co)","2010-08-17","Tuesday","August","16:41:00",2,"NEW JERSEY STATE POLICE","HAMILTON SUB",0,0,0,0,0,"Property Damage","Not At Intersection","No","No","Same Direction - Rear End",3,"I-195","NULL",195,"","00000195",3,"Interstate","Straight and Level","Blacktop","Dry","Daylight","Clear","Grass Median","None",NA,"NULL","NULL","","NULL","","NULL",65,NA,40.19712,-74.66974,"No","","720",444709.34033,496764.945771,NA,"DVRPC",0,"PDO",10191491
3443862,"20101103C060-2010-01013A","C060-2010-01013A",2010,"MERCER","Hamilton Twp (Mercer Co)","2010-08-19","Thursday","August","12:29:00",2,"NEW JERSEY STATE POLICE","HAMILTON-SUB",0,0,1,0,0,"Injury","Not At Intersection","No","No","Same Direction - Rear End",2,"I-195","West",195,"","00000195",4.6,"Interstate","Straight at Hillcrest","Blacktop","Dry","Daylight","Clear","Barrier Median","None",NA,"NULL","NULL","","NULL","","NULL",65,NA,40.20312,-74.64092,"No","","690",452764.155442,498935.627664,NA,"DVRPC",0,"Pain",10191494
3443863,"20101103C060-2010-01014A","C060-2010-01014A",2010,"MERCER","Hamilton Twp (Mercer Co)","2010-08-19","Thursday","August","16:53:00",2,"NEW JERSEY STATE POLICE","HAMILTON",0,0,0,0,0,"Property Damage","Not At Intersection","No","No","Non-fixed Object",1,"I-295","South",295,"","00000295",62.5,"Interstate","Straight and Level","Blacktop","Dry","Daylight","Clear","Grass Median","None",NA,"NULL","NULL","","NULL","","NULL",65,NA,40.21337,-74.70331,"No","","690",435346.818333,502701.959444,NA,"DVRPC",0,"PDO",10191495
3443864,"20101103C060-2010-01028A","C060-2010-01028A",2010,"MERCER","Hamilton Twp (Mercer Co)","2010-08-21","Saturday","August","15:17:00",2,"NEW JERSEY STATE POLICE","HAMILTON SUB",0,0,0,0,0,"Property Damage","Not At Intersection","No","No","Non-fixed Object",2,"I-195","East",195,"","00000195",1.3,"Interstate","Straight and Level","Blacktop","Dry","Daylight","Clear","Grass Median","None",NA,"NULL","NULL","","NULL","","NULL",65,NA,40.18523,-74.69743,"No","","720",436967.099226,492447.857436,NA,"DVRPC",0,"PDO",10191672
3443865,"20101103C060-2010-01030A","C060-2010-01030A",2010,"MERCER","Hamilton Twp (Mercer Co)","2010-08-12","Thursday","August","19:06:00",2,"NEW JERSEY STATE POLICE","HAMILTON SUB",0,0,1,0,0,"Injury","Not At Intersection","No","No","Fixed Object",1,"I-195","West",195,"","00000195",2.5,"Interstate","Straight and Level","Blacktop","Dry","Daylight","Clear","Grass Median","None",NA,"NULL","NULL","","NULL","","NULL",65,NA,40.19474,-74.67863,"No","DAMAGE TO GUARDRAIL.","720",442224.260953,495900.721136,NA,"DVRPC",0,"Pain",10191497
3443866,"20101103C060-2010-01061A","C060-2010-01061A",2010,"MERCER","Hamilton Twp (Mercer Co)","2010-08-24","Tuesday","August","15:44:00",2,"NEW JERSEY STATE POLICE","HAMILTON",0,0,1,0,0,"Injury","Not At Intersection","No","No","Struck Parked Vehicle",2,"I-295","South",295,"","00000295",63.2,"Interstate","Curve and Level","Blacktop","Wet","Daylight","Rain","Grass Median","Construction Zone",NA,"NULL","NULL","","NULL","","NULL",65,NA,40.22237,-74.69744,"No","","620",436993.99,505976.73,NA,"DVRPC",0,"Pain",10191510
3443867,"20101103C060-2010-01063A","C060-2010-01063A",2010,"MERCER","Hamilton Twp (Mercer Co)","2010-08-25","Wednesday","August","13:41:00",2,"NEW JERSEY STATE POLICE","HAMILTON SUB",0,0,1,0,0,"Injury","Not At Intersection","No","No","Same Direction - Side Swipe",2,"I-195","East",195,"","00000195",3.9,"Interstate","Straight and Level","Blacktop","Dry","Daylight","Overcast","Grass Median","None",NA,"NULL","NULL","","NULL","","NULL",65,NA,40.2014,-74.65376,"No","?","625",449176.410373,498314.848494,NA,"DVRPC",0,"Pain",10197684
3443869,"20101103C060-2010-01078A","C060-2010-01078A",2010,"MERCER","Hamilton Twp (Mercer Co)","2010-08-30","Monday","August","17:54:00",2,"NEW JERSEY STATE POLICE","HAMILTON",0,0,0,0,0,"Property Damage","Not At Intersection","No","No","Same Direction - Rear End",2,"I-195","East",195,"","00000195",3,"Interstate","Straight and Level","Blacktop","Dry","Daylight","Clear","Grass Median","None",NA,"NULL","NULL","","NULL","","NULL",65,NA,40.19712,-74.66974,"No","","692",444709.34033,496764.945771,NA,"DVRPC",0,"PDO",10197267
3443932,"20101103C060-2010-01524A","C060-2010-01524A",2010,"MERCER","Hamilton Twp (Mercer Co)","2010-11-29","Monday","November","11:06:00",2,"NEW JERSEY STATE POLICE","HAMILTON-SUB",0,0,0,0,0,"Property Damage","Not At Intersection","No","No","Same Direction - Side Swipe",3,"I-295","North",295,"","00000295",66.1,"Interstate","Straight and Level","Blacktop","Dry","Dark (No Street Lights)","Clear","Grass Median","None",NA,"NULL","NULL","","NULL","","NULL",65,NA,40.26273,-74.69279,"No","NJ DOT TRAFFIC SIGN/SUPPORT NJ-DOT PO BOX 600 TRENTON NJ 08625","696",438323.844248,520677.925574,NA,"DVRPC",0,"PDO",10293684
3443942,"20101103C060-2010-01638A","C060-2010-01638A",2010,"MERCER","Hamilton Twp (Mercer Co)","2010-12-17","Friday","December","17:08:00",2,"NEW JERSEY STATE POLICE","HAMILTON",0,0,0,0,0,"Property Damage","Not At Intersection","No","No","Same Direction - Side Swipe",2,"I-295","North",295,"","00000295",64,"Interstate","Straight and Level","Blacktop","Dry","Dark (No Street Lights)","Clear","Barrier Median","None",NA,"NULL","NULL","","NULL","","NULL",65,NA,40.23356,-74.70049,"No","","717",436151.18,510054.445,NA,"DVRPC",0,"PDO",10301879
3443944,"20101103C060-2010-01661A","C060-2010-01661A",2010,"MERCER","Hamilton Twp (Mercer Co)","2010-12-22","Wednesday","December","17:27:00",2,"NEW JERSEY STATE POLICE","HAMILTON-SUB",0,0,0,0,0,"Property Damage","Not At Intersection","No","No","Same Direction - Rear End",2,"I-295","North",295,"","00000295",62.3,"Interstate","Straight and Level","Blacktop","Dry","Dark (No Street Lights)","Clear","Grass Median","None",NA,"NULL","NULL","","NULL","","NULL",65,NA,40.21091,-74.70533,"No","NONE","699",434781.53406,501808.129352,NA,"DVRPC",0,"PDO",10293730
3443947,"20101103C060-2010-01679A","C060-2010-01679A",2010,"MERCER","Hamilton Twp (Mercer Co)","2010-12-26","Sunday","December","15:33:00",2,"NEW JERSEY STATE POLICE","HAMILTON-SUB",0,0,0,0,0,"Property Damage","Not At Intersection","No","No","Fixed Object",1,"I-295","South",295,"","00000295",65.1,"Interstate","Straight and Level","Blacktop","Snowy","Daylight","Snow","Grass Median","None",NA,"NULL","NULL","","NULL","","NULL",65,NA,40.249,-74.69796,"No","","700",436869.964277,515678.245813,NA,"DVRPC",0,"PDO",10301888
3443948,"20101103C060-2010-01682A","C060-2010-01682A",2010,"MERCER","Hamilton Twp (Mercer Co)","2010-12-26","Sunday","December","16:33:00",2,"NEW JERSEY STATE POLICE","HAMILTON-SUB",0,0,0,0,0,"Property Damage","Not At Intersection","No","No","Fixed Object",3,"NJ 29","North",29,"","00000029",0.8,"State Highway","Straight and Level","Blacktop","Snowy","Dark (Street LIghts On/ spot)","Snow","Barrier Median","None",NA,"NULL","NULL","","NULL","","NULL",55,NA,40.18516,-74.7374,"No","","700",425798.719787,492452.393184,NA,"DVRPC",0,"PDO",10301889
3443951,"20101103C060-2010-01689A","C060-2010-01689A",2010,"MERCER","Hamilton Twp (Mercer Co)","2010-12-26","Sunday","December","06:11:00",2,"NEW JERSEY STATE POLICE","NJSP HAMILTON",0,0,1,0,0,"Injury","Not At Intersection","No","No","Same Direction - Side Swipe",2,"I-195","West",195,"","00000195",0.1,"Interstate","Straight and Level","Blacktop","Snowy","Dark (Street Lights On/ continuous)","Snow","Barrier Median","None",NA,"NULL","NULL","","NULL","","NULL",65,NA,40.18361,-74.72046,"No","","709",430532.019021,491873.132895,NA,"DVRPC",0,"Pain",10302707
3443956,"20101103C060-2010-10?1A","C060-2010-10?1A",2010,"MERCER","Hamilton Twp (Mercer Co)","2010-08-24","Tuesday","August","11:35:00",2,"NEW JERSEY STATE POLICE","HAMILTON",0,0,0,0,0,"Property Damage","Not At Intersection","No","No","Non-fixed Object",2,"I-195","West",195,"","00000195",0.7,"Interstate","Straight and Level","Blacktop","Dry","Daylight","Clear","Barrier Median","None",NA,"NULL","NULL","","NULL","","NULL",65,NA,40.18492,-74.70893,"No","NONE","642",433753.132104,492345.521192,NA,"DVRPC",0,"PDO",10197678
3443958,"20101103C060-201001060A","C060-201001060A",2010,"MERCER","Hamilton Twp (Mercer Co)","2010-08-24","Tuesday","August","15:44:00",2,"NEW JERSEY STATE POLICE","HAMILTON",0,0,0,0,0,"Property Damage","Not At Intersection","No","No","Struck Parked Vehicle",2,"I-295","South",295,"","00000295",63.2,"Interstate","Curve and Level","Blacktop","Wet","Daylight","Rain","Grass Median","Construction Zone",NA,"NULL","NULL","","NULL","","NULL",65,NA,40.22237,-74.69744,"No","","620",436993.99,505976.73,NA,"DVRPC",0,"PDO",10191509
3443960,"20101103C0602010000041A","C0602010000041A",2010,"MERCER","Hamilton Twp (Mercer Co)","2010-01-14","Thursday","January","11:21:00",2,"NEW JERSEY STATE POLICE","HAMILTON",0,0,2,0,0,"Injury","Not At Intersection","No","No","Same Direction - Rear End",2,"I-295","South",295,"","00000295",60.6,"Interstate","Straight and Grade","Blacktop","Dry","Daylight","Clear","Grass Median","None",NA,"NULL","NULL","","To","NJ 29","North Bound",65,NA,40.18917,-74.72,"No","","681",430663.339345,493898.479385,NA,"DVRPC",0,"Pain",10012316
3443962,"20101103C060201000040A","C060201000040A",2010,"MERCER","Hamilton Twp (Mercer Co)","2010-01-14","Thursday","January","06:49:00",2,"NEW JERSEY STATE POLICE","HAMILTON",0,0,1,0,0,"Injury","Not At Intersection","No","No","Same Direction - Side Swipe",2,"NJ 29","North",29,"","00000029",1.77,"State Highway","Curve and Grade","Blacktop","Dry","Dawn","Clear","Barrier Median","None",NA,"NULL","NULL","","NULL","","NULL",45,NA,40.1921,-74.75202,"No","","681",421721.93267,494991.515768,NA,"DVRPC",0,"Pain",10012315
3443963,"20101103C060201000062A","C060201000062A",2010,"MERCER","Hamilton Twp (Mercer Co)","2010-01-20","Wednesday","January","15:32:00",2,"NEW JERSEY STATE POLICE","HAMILTON-SUB",0,0,0,0,0,"Property Damage","Not At Intersection","No","No","Non-fixed Object",2,"NJ 29","North",29,"","00000029",0.5,"State Highway","Straight and Level","Blacktop","Dry","Daylight","Clear","Grass Median","None",NA,"NULL","NULL","","NULL","","NULL",55,NA,40.18466,-74.73177,"No","","702",427372.524655,492266.191615,NA,"DVRPC",0,"PDO",10023304
3443964,"20101103C060201000063A","C060201000063A",2010,"MERCER","Hamilton Twp (Mercer Co)","2010-01-16","Saturday","January","23:06:00",2,"NEW JERSEY STATE POLICE","HAMILTON",0,0,0,0,0,"Property Damage","Not At Intersection","No","No","Fixed Object",1,"I-195","West",195,"","00000195",4.9,"Interstate","Curve and Grade","Blacktop","Dry","Dark (No Street Lights)","Clear","Grass Median","None",NA,"NULL","NULL","","From","US 130","NULL",65,NA,40.20218,-74.63542,"No","GUARDRAIL FACE","654",454301.11,498591.89,NA,"DVRPC",0,"PDO",10023246
3443965,"20101103C060201000087A","C060201000087A",2010,"MERCER","Hamilton Twp (Mercer Co)","2010-01-25","Monday","January","10:16:00",2,"NEW JERSEY STATE POLICE","HAMILTON",0,0,0,0,0,"Property Damage","Not At Intersection","No","No","Fixed Object",1,"I-295","North",295,"","00000295",63.4,"Interstate","Straight and Grade","Blacktop","Wet","Daylight","Rain","Grass Median","None",NA,"NULL","NULL","","NULL","","NULL",65,NA,40.2252,-74.6978,"No","","654",436896.128841,507010.757225,NA,"DVRPC",0,"PDO",10023298
3443966,"20101103C060201000094A","C060201000094A",2010,"MERCER","Hamilton Twp (Mercer Co)","2010-01-29","Friday","January","15:51:00",2,"NEW JERSEY STATE POLICE","HAMILTON-SUB",0,0,0,0,0,"Property Damage","Not At Intersection","No","No","Fixed Object",1,"NJ 29","South",29,"","00000029",0.2,"State Highway","Straight and Grade","Concrete","Dry","Daylight","Clear","Barrier Median","None",NA,"NULL","NULL","","NULL","","NULL",55,NA,40.18417,-74.72615,"No","","657",428942.399095,492081.374507,NA,"DVRPC",0,"PDO",10023192
3443967,"20101103C060201000110A","C060201000110A",2010,"MERCER","Hamilton Twp (Mercer Co)","2010-02-01","Monday","February","20:31:00",2,"NEW JERSEY STATE POLICE","HAMILTON",0,0,1,0,0,"Injury","Not At Intersection","Yes","No","Overturned",1,"I-295","South",295,"","00000295",63.5,"Interstate","Straight and Level","Blacktop","Dry","Dark (Street LIghts On/ spot)","Clear","Grass Median","None",NA,"NULL","NULL","","NULL","","NULL",65,NA,40.22661,-74.69826,"No","","709",436769.156486,507523.533784,NA,"DVRPC",0,"Moderate Injury",10037107
3443968,"20101103C060201000124A","C060201000124A",2010,"MERCER","Hamilton Twp (Mercer Co)","2010-02-03","Wednesday","February","05:45:00",2,"NEW JERSEY STATE POLICE","HAMILTON-SUB",0,0,1,0,0,"Injury","Not At Intersection","No","No","Fixed Object",1,"I-295","North",295,"","00000295",63.9,"Interstate","Curve and Grade","Blacktop","Wet","Dark (Street Lights On/ continuous)","Snow","Grass Median","None",NA,"NULL","NULL","","NULL","","NULL",65,NA,40.23223,-74.70006,"No","","724",436269.389217,509572.364074,NA,"DVRPC",0,"Pain",10037139
3443969,"20101103C060201000126A","C060201000126A",2010,"MERCER","Hamilton Twp (Mercer Co)","2010-02-06","Saturday","February","04:33:00",2,"NEW JERSEY STATE POLICE","HAMILTON SUB",0,0,1,0,0,"Injury","Not At Intersection","No","No","Right Angle",2,"I-195","West",195,"","00000195",3,"Interstate","Straight and Level","Blacktop","Snowy","Dark (No Street Lights)","Snow","Barrier Median","None",NA,"NULL","NULL","","NULL","","NULL",65,NA,40.19712,-74.66974,"No","","724",444709.34033,496764.945771,NA,"DVRPC",0,"Pain",10037106
3443970,"20101103C060201000211A","C060201000211A",2010,"MERCER","Hamilton Twp (Mercer Co)","2010-02-22","Monday","February","07:52:00",2,"NEW JERSEY STATE POLICE","HAMILTON-SUB",0,0,0,0,0,"Property Damage","Not At Intersection","No","No","Fixed Object",1,"NJ 129","South",129,"","00000129",1.08,"State Highway","Curve and Grade","Blacktop","Wet","Daylight","Clear","Barrier Median","None",NA,"NULL","NULL","","To","NJ 29","South Bound",40,NA,40.19862,-74.75292,"No","NJDOT GUARDRAIL","657",421478.30628,497365.674937,NA,"DVRPC",0,"PDO",10048947
3443971,"20101103C060201000223A","C060201000223A",2010,"MERCER","Hamilton Twp (Mercer Co)","2010-02-24","Wednesday","February","08:49:00",2,"NEW JERSEY STATE POLICE","HAMILTON",0,0,1,0,0,"Injury","Not At Intersection","No","No","Same Direction - Rear End",3,"I-195","West",195,"","00000195",5.58,"Interstate","Straight and Level","Blacktop","Wet","Daylight","Clear","Barrier Median","None",NA,"NULL","NULL","","NULL","","NULL",65,NA,40.19967,-74.62303,"No","","709",457759.886687,497672.404573,NA,"DVRPC",0,"Moderate Injury",10047221
3443972,"20101103C060201000228A","C060201000228A",2010,"MERCER","Hamilton Twp (Mercer Co)","2010-02-25","Thursday","February","10:06:00",2,"NEW JERSEY STATE POLICE","HAMILTON",0,0,1,0,0,"Injury","Not At Intersection","No","No","Fixed Object",1,"I-295","South",295,"","00000295",66.2,"Interstate","Straight and Level","Blacktop","Snowy","Daylight","Snow","Grass Median","None",NA,"NULL","NULL","","NULL","","NULL",65,NA,40.26416,-74.69252,"No","GUARDRAIL-NJ DOT WEST TRENTON NJ","712",438401.348418,521197.056918,NA,"DVRPC",0,"Pain",10048944
3443973,"20101103C060201000229A","C060201000229A",2010,"MERCER","Hamilton Twp (Mercer Co)","2010-02-25","Thursday","February","08:40:00",2,"NEW JERSEY STATE POLICE","HAMILTON SUB",0,0,0,0,0,"Property Damage","Not At Intersection","No","No","Fixed Object",1,"I-295","South",295,"","00000295",63,"Interstate","Straight and Level","Blacktop","Slush","Daylight","Snow","Grass Median","None",NA,"NULL","NULL","","NULL","","NULL",65,NA,40.21953,-74.69838,"No","","724",436727.622,504945.82,NA,"DVRPC",0,"PDO",10047224
3443974,"20101103C060201000235A","C060201000235A",2010,"MERCER","Hamilton Twp (Mercer Co)","2010-02-25","Thursday","February","17:51:00",2,"NEW JERSEY STATE POLICE","HAMILTON-SUB",0,0,1,0,0,"Injury","Not At Intersection","No","No","Fixed Object",1,"I-195","West",195,"","00000195",4.9,"Interstate","Curve and Grade","Blacktop","Slush","Dusk","Snow","Grass Median","None",NA,"NULL","NULL","","To","US 130","South Bound",65,NA,40.20218,-74.63542,"Yes","D.O.T. LAMP POLE ON RAMP/SCENE REFEREED DOWN LIGHT POLE","708",454301.11,498591.89,NA,"DVRPC",0,"Pain",10046749
3443975,"20101103C060201000245A","C060201000245A",2010,"MERCER","Hamilton Twp (Mercer Co)","2010-02-26","Friday","February","08:48:00",2,"NEW JERSEY STATE POLICE","HAMILTON-SUB",0,0,0,0,0,"Property Damage","Not At Intersection","No","No","Same Direction - Rear End",2,"I-295","North",295,"","00000295",65.27,"Interstate","Curve and Grade","Blacktop","Snowy","Daylight","Snow","Grass Median","None",NA,"NULL","NULL","","To","SLOAN AVE.","East Bound",65,NA,40.25125,-74.69675,"No","","724",437208.36,516497.64,NA,"DVRPC",0,"PDO",10047176
3443976,"20101103C060201000262A","C060201000262A",2010,"MERCER","Hamilton Twp (Mercer Co)","2010-03-03","Wednesday","March","08:24:00",2,"NEW JERSEY STATE POLICE","HAMILTON",0,0,2,0,0,"Injury","Not At Intersection","No","No","Same Direction - Rear End",2,"I-295","South",295,"","00000295",65.6,"Interstate","Straight and Level","Blacktop","Wet","Daylight","Overcast","Grass Median","None",NA,"NULL","NULL","","NULL","","NULL",65,NA,40.25567,-74.6945,"No","","679",437841.246946,518105.167557,NA,"DVRPC",0,"Moderate Injury",10046673