"ID","DOT_WEB_ID","CASE_NUMBER","CRASH_YEAR","COUNTY","MUNICIPALITY","CRASH_DATE","CRASH_DAY_OF_WEEK","CRASH_MONTH","CRASH_TIME","POLICE_DEPT_CODE","POLICE_DEPARTMENT","POLICE_STATION","TOTAL_KILLED","TOTAL_INCAPACITATED","TOTAL_INJURED","PEDESTRIANS_KILLED","PEDESTRIANS_INJURED","SEVERITY","INTERSECTION","ALCOHOL_INVOLVED","HAZMAT_INVOLVED","CRASH_TYPE","TOTAL_VEHICLES_INVOLVED","CRASH_LOCATION","LOCATION_DIRECTION","ROUTE","ROUTE_SUFFIX","SRI","MILEPOST","ROAD_SYSTEM","ROAD_CHARACTER","ROAD_SURFACE_TYPE","SURFACE_CONDITION","LIGHT_CONDITION","ENVIRONMENTAL_CONDITION","ROAD_DIVIDED_BY","TEMP_TRAFFIC_CONTROL_ZONE","DISTANCE_TO_CROSS_STREET","UNIT_OF_MEASUREMENT","DIRECTION_FROM_CROSS_STREET","CROSS_STREET_NAME","IS_RAMP","RAMP_TO_FROM_ROUTE_NAME","RAMP_TO_FROM_ROUTE_DIRECTION","POSTED_SPEED","POSTED_SPEED_CROSS_STREET","LATITUDE","LONGITUDE","CELL_PHONE_IN_USE","OTHER_PROPERTY_DAMAGE","REPORTING_BADGE_NO","X","Y","CRASH_NARRATIVE","MPO","TOTAL_PEDESTRIANS_INVOLVED","EPDO","DLN"
3443977,"20101103C060201000303A","C060201000303A",2010,"MERCER","Hamilton Twp (Mercer Co)","2010-03-14","Sunday","March","19:40:00",2,"NEW JERSEY STATE POLICE","HAMILTON",0,0,0,0,0,"Property Damage","Not At Intersection","No","No","Same Direction - Side Swipe",2,"I-295","South",295,"","00000295",62,"Interstate","Straight and Level","Blacktop","Wet","Dark (Street Lights On/ continuous)","Overcast","Grass Median","None",NA,"NULL","NULL","","NULL","","NULL",65,NA,40.20691,-74.7075,"No","","679",434171.732941,500354.286471,NA,"DVRPC",0,"PDO",10054462
3443978,"20101103C060201000309A","C060201000309A",2010,"MERCER","Hamilton Twp (Mercer Co)","2010-03-15","Monday","March","09:26:00",2,"NEW JERSEY STATE POLICE","HAMILTON",0,0,0,0,0,"Property Damage","Not At Intersection","No","No","Same Direction - Rear End",2,"I-295","North",295,"","00000295",66.3,"Interstate","Straight and Level","Blacktop","Wet","Daylight","Rain","Grass Median","None",NA,"NULL","NULL","","NULL","","NULL",65,NA,40.26558,-74.69225,"No","","665",438475.820619,521716.609062,NA,"DVRPC",0,"PDO",10061161
3443980,"20101103C060201000341A","C060201000341A",2010,"MERCER","Hamilton Twp (Mercer Co)","2010-03-23","Tuesday","March","09:25:00",2,"NEW JERSEY STATE POLICE","HAMILTON",0,0,0,0,0,"Property Damage","Not At Intersection","No","No","Fixed Object",1,"I-195","East",195,"","00000195",3,"Interstate","Straight and Level","Blacktop","Wet","Daylight","Clear","Grass Median","None",NA,"NULL","NULL","","NULL","","NULL",65,NA,40.19712,-74.66974,"No","NJDOT GUARD RAIL FACE","679",444709.34033,496764.945771,NA,"DVRPC",0,"PDO",10062453
3443981,"20101103C060201000343A","C060201000343A",2010,"MERCER","Hamilton Twp (Mercer Co)","2010-03-23","Tuesday","March","14:34:00",2,"NEW JERSEY STATE POLICE","HAMILTON",0,0,0,0,0,"Property Damage","Not At Intersection","No","No","Same Direction - Rear End",2,"I-195","West",195,"","00000195",1.9,"Interstate","Straight and Level","Blacktop","Dry","Daylight","Clear","Grass Median","None",NA,"NULL","NULL","","NULL","","NULL",65,NA,40.18995,-74.68795,"No","","679",439617.236095,494161.832626,NA,"DVRPC",0,"PDO",10061062
3443982,"20101103C060201000347A","C060201000347A",2010,"MERCER","Hamilton Twp (Mercer Co)","2010-03-24","Wednesday","March","10:04:00",2,"NEW JERSEY STATE POLICE","HAMILTON SUB",0,0,0,0,0,"Property Damage","Not At Intersection","No","No","Struck Parked Vehicle",2,"I-195","East",195,"","00000195",1.5,"Interstate","Curve and Hillcrest","Blacktop","Dry","Daylight","Clear","Barrier Median","None",NA,"NULL","NULL","","NULL","","NULL",55,NA,40.18622,-74.69383,"No","NONE","665",437972.171523,492809.561549,NA,"DVRPC",0,"PDO",10061189
3444007,"20101103C060201000738A","C060201000738A",2010,"MERCER","Hamilton Twp (Mercer Co)","2010-06-07","Monday","June","17:25:00",2,"NEW JERSEY STATE POLICE","HAMILTON",0,0,0,0,0,"Property Damage","Not At Intersection","No","No","Same Direction - Side Swipe",2,"I-195","East",195,"","00000195",4.1,"Interstate","Straight and Level","Blacktop","Dry","Daylight","Clear","Barrier Median","None",NA,"NULL","NULL","","NULL","","NULL",65,NA,40.20235,-74.65021,"No","5 FEET OF GUARDRAIL","712",450170.306615,498660.520942,NA,"DVRPC",0,"PDO",10142987
3444008,"20101103C060201000760A","C060201000760A",2010,"MERCER","Hamilton Twp (Mercer Co)","2010-06-25","Friday","June","17:01:00",2,"NEW JERSEY STATE POLICE","HAMILTON SUB",0,0,0,0,0,"Property Damage","Not At Intersection","No","No","Same Direction - Rear End",2,"I-195","East",195,"","00000195",1.5,"Interstate","Straight and Grade","Blacktop","Dry","Daylight","Clear","Barrier Median","None",NA,"NULL","NULL","","NULL","","NULL",65,NA,40.18622,-74.69383,"No","","675",437972.171523,492809.561549,NA,"DVRPC",0,"PDO",10144110
3444009,"20101103C060201000823A","C060201000823A",2010,"MERCER","Hamilton Twp (Mercer Co)","2010-07-08","Thursday","July","16:55:00",2,"NEW JERSEY STATE POLICE","HAMILTON-SUB",0,0,0,0,0,"Property Damage","Not At Intersection","No","No","Right Angle",2,"I-195","East",195,"","00000195",4.5,"Interstate","Straight and Level","Blacktop","Dry","Daylight","Clear","Grass Median","None",NA,"NULL","NULL","","NULL","","NULL",65,NA,40.20322,-74.64279,"No","","657",452240.802291,498971.572274,NA,"DVRPC",0,"PDO",10148589
3444010,"20101103C060201000829A","C060201000829A",2010,"MERCER","Hamilton Twp (Mercer Co)","2010-07-09","Friday","July","19:30:00",2,"NEW JERSEY STATE POLICE","HAMILTON SUB",0,0,0,0,0,"Property Damage","Not At Intersection","No","No","Non-fixed Object",3,"I-295","North",295,"","00000295",62,"Interstate","Straight and Level","Blacktop","Dry","Dusk","Clear","Grass Median","None",NA,"NULL","NULL","","NULL","","NULL",65,NA,40.20691,-74.7075,"No","NONE","701",434171.732941,500354.286471,NA,"DVRPC",0,"PDO",10159499
3444011,"20101103C060201000895A","C060201000895A",2010,"MERCER","Hamilton Twp (Mercer Co)","2010-07-20","Tuesday","July","09:00:00",2,"NEW JERSEY STATE POLICE","HAMILTON-SUB",0,0,0,0,0,"Property Damage","Not At Intersection","No","No","Same Direction - Rear End",3,"I-195","West",195,"","00000195",4.8,"Interstate","Straight and Level","Blacktop","Dry","Daylight","Clear","Grass Median","None",NA,"NULL","NULL","","NULL","","NULL",65,NA,40.20255,-74.63724,"No","","708",453792.132837,498726.822289,NA,"DVRPC",0,"PDO",10174188
3444012,"20101103C060201000923A","C060201000923A",2010,"MERCER","Hamilton Twp (Mercer Co)","2010-07-26","Monday","July","18:02:00",2,"NEW JERSEY STATE POLICE","HAMILTON",0,0,0,0,0,"Property Damage","Not At Intersection","Yes","No","Same Direction - Rear End",2,"US 206","South",206,"","00000206",38.9,"State Highway","Straight and Level","Blacktop","Dry","Daylight","Clear","None","None",NA,"NULL","NULL","","NULL","","NULL",35,NA,40.18829,-74.70497,"No","","670",434862.230466,493567.477802,NA,"DVRPC",0,"PDO",10174200
3444013,"20101103C060201000940A","C060201000940A",2010,"MERCER","Hamilton Twp (Mercer Co)","2010-07-31","Saturday","July","14:09:00",2,"NEW JERSEY STATE POLICE","HAMILTON-SUB",0,0,0,0,0,"Property Damage","At Intersection","No","No","Right Angle",2,"NJ 129","South",129,"","00000129",1.08,"State Highway","Straight and Level","Blacktop","Dry","Daylight","Clear","None","None",NA,"At","NULL","CR 650 / LALOR ST","NULL","","NULL",40,25,40.19862,-74.75292,"No","","700",421478.30628,497365.674937,NA,"DVRPC",0,"PDO",10182726
3444014,"20101103C060201000945A","C060201000945A",2010,"MERCER","Hamilton Twp (Mercer Co)","2010-08-01","Sunday","August","09:32:00",2,"NEW JERSEY STATE POLICE","HAMILTON",0,0,0,0,0,"Property Damage","Not At Intersection","No","No","Fixed Object",1,"I-295","North",295,"","00000295",63.1,"Interstate","Straight and Level","Concrete","Wet","Daylight","Rain","Barrier Median","None",NA,"NULL","NULL","","NULL","","NULL",65,NA,40.22091,-74.69776,"No","GUARDRAIL IN CENTER MEDIAN @ MP 63.1","719",436902.554459,505445.241943,NA,"DVRPC",0,"PDO",10184990
3444015,"20101103C060201000946A","C060201000946A",2010,"MERCER","Hamilton Twp (Mercer Co)","2010-08-01","Sunday","August","10:50:00",2,"NEW JERSEY STATE POLICE","HAMILTON",0,0,0,0,0,"Property Damage","Not At Intersection","No","No","Fixed Object",1,"I-295","North",295,"","00000295",64.6,"Interstate","Straight and Level","Concrete","Wet","Daylight","Rain","Barrier Median","None",NA,"NULL","NULL","","NULL","","NULL",65,NA,40.24227,-74.70116,"No","GUARDRAIL IN CENTER MEDIAN@MP 64.6 TO LEFT FRONT AND RIGHT CENTER OF VEHICLE","719",435971.18161,513230.652142,NA,"DVRPC",0,"PDO",10185644
3444016,"20101103C060201000993A","C060201000993A",2010,"MERCER","Hamilton Twp (Mercer Co)","2010-08-13","Friday","August","17:13:00",2,"NEW JERSEY STATE POLICE","HAMILTON",0,0,0,0,0,"Property Damage","Not At Intersection","No","No","Same Direction - Rear End",2,"I-195","East",195,"","00000195",3.2,"Interstate","Straight and Level","Blacktop","Dry","Daylight","Clear","Grass Median","None",NA,"NULL","NULL","","NULL","","NULL",65,NA,40.19807,-74.6662,"No","","719",445701.277491,497107.802715,NA,"DVRPC",0,"PDO",10185638
3444017,"20101103C060201000995A","C060201000995A",2010,"MERCER","Hamilton Twp (Mercer Co)","2010-08-14","Saturday","August","17:46:00",2,"NEW JERSEY STATE POLICE","HAMILTON",0,0,0,0,0,"Property Damage","Not At Intersection","No","No","Same Direction - Rear End",2,"I-195","West",195,"","00000195",5,"Interstate","Straight and Level","Blacktop","Dry","Daylight","Clear","Barrier Median","None",NA,"NULL","NULL","","NULL","","NULL",65,NA,40.20181,-74.6336,"No","NONE","719",454808.918718,498455.23813,NA,"DVRPC",0,"PDO",10191667
3444031,"20101103C06020100128A","C06020100128A",2010,"MERCER","Hamilton Twp (Mercer Co)","2010-02-05","Friday","February","08:19:00",2,"NEW JERSEY STATE POLICE","HAMILTON",0,0,0,0,0,"Property Damage","Not At Intersection","No","No","Non-fixed Object",2,"I-195","East",195,"","00000195",3.2,"Interstate","Straight and Level","Blacktop","Dry","Daylight","Clear","Barrier Median","None",NA,"NULL","NULL","","NULL","","NULL",65,NA,40.19807,-74.6662,"No","NONE","681",445701.277491,497107.802715,NA,"DVRPC",0,"PDO",10034229
3444058,"20101103C060201001669A","C060201001669A",2010,"MERCER","Hamilton Twp (Mercer Co)","2010-12-23","Thursday","December","11:25:00",2,"NEW JERSEY STATE POLICE","HAMILTON-SUB",0,0,0,0,0,"Property Damage","Not At Intersection","No","No","Non-fixed Object",1,"I-95  N.J. TURNPIKE","South",95,"","00000095",14.25,"State/Interstate Authority","Straight and Level","Blacktop","Dry","Daylight","Clear","Grass Median","None",NA,"NULL","NULL","","NULL","","NULL",65,NA,40.18466,-74.61621,"No","","560",459656.109107,492201.223302,NA,"DVRPC",0,"PDO",10293727
3444059,"20101103C06020100239A","C06020100239A",2010,"MERCER","Hamilton Twp (Mercer Co)","2010-02-26","Friday","February","07:48:00",2,"NEW JERSEY STATE POLICE","HAMILTON",0,0,0,0,0,"Property Damage","Not At Intersection","No","No","Same Direction - Rear End",2,"I-295","North",295,"","00000295",62,"Interstate","Straight and Level","Blacktop","Snowy","Daylight","Snow","Grass Median","None",NA,"NULL","NULL","","NULL","","NULL",65,NA,40.20691,-74.7075,"No","","587",434171.732941,500354.286471,NA,"DVRPC",0,"PDO",10047229
3444070,"20101103D010-2010-01410A","D010-2010-01410A",2010,"MERCER","Hamilton Twp (Mercer Co)","2010-09-13","Monday","September","12:18:00",2,"NEW JERSEY STATE POLICE","CRANBURY",0,0,1,0,0,"Injury","Not At Intersection","No","No","Same Direction - Side Swipe",2,"I-95  N.J. TURNPIKE","South",95,"","00000095",13.65,"State/Interstate Authority","Straight and Level","Blacktop","Dry","Daylight","Clear","Barrier Median","None",NA,"NULL","NULL","","NULL","","NULL",65,NA,40.17957,-74.62526,"No","NONE","666",457127.209854,490352.231112,NA,"DVRPC",0,"Pain",10202851
3444080,"20101103D020-2010-00038A","D020-2010-00038A",2010,"MERCER","Hamilton Twp (Mercer Co)","2010-01-13","Wednesday","January","18:47:00",2,"NEW JERSEY STATE POLICE","MOORESTOWN",0,0,0,0,0,"Property Damage","Not At Intersection","No","No","Same Direction - Rear End",2,"I-95  N.J. TURNPIKE","South",95,"","00000095",14.05,"State/Interstate Authority","Straight and Level","Blacktop","Dry","Dark (No Street Lights)","Clear","Barrier Median","None",NA,"NULL","NULL","","NULL","","NULL",65,NA,40.18296,-74.61923,"No","NONE","712",458813.147734,491584.292521,NA,"DVRPC",0,"PDO",10005829
3444088,"20101103D020-2010-00160A","D020-2010-00160A",2010,"MERCER","Hamilton Twp (Mercer Co)","2010-02-12","Friday","February","12:12:00",2,"NEW JERSEY STATE POLICE","MOORESTOWN/D020",0,0,0,0,0,"Property Damage","Not At Intersection","No","No","Non-fixed Object",2,"I-95  N.J. TURNPIKE","South",95,"","00000095",12.95,"State/Interstate Authority","Straight and Level","Blacktop","Dry","Daylight","Clear","Barrier Median","None",NA,"NULL","NULL","","NULL","","NULL",65,NA,40.17364,-74.63581,"No","NONE","700",454175.040683,488195.681846,NA,"DVRPC",0,"PDO",10038592
3444093,"20101103D020-2010-00260A","D020-2010-00260A",2010,"MERCER","Hamilton Twp (Mercer Co)","2010-03-23","Tuesday","March","09:05:00",2,"NEW JERSEY STATE POLICE","MOORESTOWN",0,0,0,0,0,"Property Damage","Not At Intersection","No","No","Non-fixed Object",1,"I-95  N.J. TURNPIKE","North",95,"","00000095",12.45,"State/Interstate Authority","Straight and Level","Blacktop","Dry","Daylight","Clear","Barrier Median","None",NA,"NULL","NULL","","NULL","","NULL",65,NA,40.1691,-74.64322,"No","NONE","693",452102.19502,486545.488873,NA,"DVRPC",0,"PDO",10064518
3444101,"20101103D020-2010-00661-A","D020-2010-00661-A",2010,"MERCER","Hamilton Twp (Mercer Co)","2010-07-09","Friday","July","12:41:00",2,"NEW JERSEY STATE POLICE","STATE POLICE",0,0,0,0,0,"Property Damage","Not At Intersection","No","No","Same Direction - Rear End",2,"I-95  N.J. TURNPIKE","North",95,"","00000095",11.75,"State/Interstate Authority","Straight and Level","Blacktop","Dry","Daylight","Clear","Barrier Median","None",NA,"NULL","NULL","","NULL","","NULL",65,NA,40.16188,-74.65284,"No","NONE","687",449408.76,483920.39,NA,"DVRPC",0,"PDO",10154588
3444103,"20101103D020-2010-00679A","D020-2010-00679A",2010,"MERCER","Hamilton Twp (Mercer Co)","2010-07-14","Wednesday","July","02:16:00",2,"NEW JERSEY STATE POLICE","MOORESTOWN",0,0,0,0,0,"Property Damage","Not At Intersection","No","No","Backing",2,"I-95  N.J. TURNPIKE","North",95,"","00000095",11.55,"State/Interstate Authority","Straight and Level","Blacktop","Wet","Dark (Street LIghts On/ spot)","Rain","Barrier Median","None",NA,"NULL","NULL","","NULL","","NULL",65,NA,40.15979,-74.65547,"No","NONE","689",448671.708635,483158.117161,NA,"DVRPC",0,"PDO",10155333
3444108,"20101103D020-2010-00751A","D020-2010-00751A",2010,"MERCER","Hamilton Twp (Mercer Co)","2010-07-29","Thursday","July","13:32:00",2,"NEW JERSEY STATE POLICE","MOORESTOWN",0,0,0,0,0,"Property Damage","Not At Intersection","No","No","Struck Parked Vehicle",2,"I-95  N.J. TURNPIKE","South",95,"","00000095",13.35,"State/Interstate Authority","Straight and Level","Blacktop","Dry","Daylight","Clear","None","None",NA,"NULL","NULL","","NULL","","NULL",65,NA,40.17703,-74.62978,"No","NONE/VEHICLE # WAS PARKED BY 2. PEOUL X PL # P6424295 3310 WHO WAS IS THE VEHIC?","206",455861.876714,489427.062138,NA,"DVRPC",0,"PDO",10173042
3444110,"20101103D020-2010-00768A","D020-2010-00768A",2010,"MERCER","Hamilton Twp (Mercer Co)","2010-08-03","Tuesday","August","06:33:00",2,"NEW JERSEY STATE POLICE","MOORESTOWN",0,0,0,0,0,"Property Damage","Not At Intersection","No","No","Same Direction - Rear End",2,"I-95  N.J. TURNPIKE","North",95,"","00000095",13.75,"State/Interstate Authority","Straight and Level","Blacktop","Dry","Daylight","Clear","Barrier Median","None",NA,"NULL","NULL","","NULL","","NULL",65,NA,40.18042,-74.62375,"No","?","716",457549.058423,490659.234253,NA,"DVRPC",0,"PDO",10178159
3444111,"20101103D020-2010-00771A","D020-2010-00771A",2010,"MERCER","Hamilton Twp (Mercer Co)","2010-08-03","Tuesday","August","15:33:00",2,"NEW JERSEY STATE POLICE","MOORESTOWN",0,0,1,0,0,"Injury","Not At Intersection","No","No","Fixed Object",1,"I-95  N.J. TURNPIKE","South",95,"","00000095",11.65,"State/Interstate Authority","Straight and Grade","Blacktop","Dry","Daylight","Clear","Barrier Median","None",NA,"NULL","NULL","","NULL","","NULL",65,NA,40.16084,-74.65417,"No","NJTP PO BOX 5042 WOOD BRIDGE NJ 07095 - GUARDRAIL LANDSCAPE AREA","716",449037.418657,483541.028992,NA,"DVRPC",0,"Pain",10178160
3444113,"20101103D020-2010-00774A","D020-2010-00774A",2010,"MERCER","Hamilton Twp (Mercer Co)","2010-08-04","Wednesday","August","08:20:00",2,"NEW JERSEY STATE POLICE","MOORESTOWN",0,0,0,0,0,"Property Damage","Not At Intersection","No","No","Non-fixed Object",2,"I-95  N.J. TURNPIKE","South",95,"","00000095",12.85,"State/Interstate Authority","Straight and Level","Blacktop","Dry","Daylight","Clear","Barrier Median","None",NA,"NULL","NULL","","NULL","","NULL",65,NA,40.17279,-74.63731,"No","NONE","666",453756.760461,487886.659586,NA,"DVRPC",0,"PDO",10173069
3444114,"20101103D020-2010-00777A","D020-2010-00777A",2010,"MERCER","Hamilton Twp (Mercer Co)","2010-08-04","Wednesday","August","14:18:00",2,"NEW JERSEY STATE POLICE","MOORESTOWN/D020",0,0,0,0,0,"Property Damage","Not At Intersection","No","No","Struck Parked Vehicle",2,"I-95  N.J. TURNPIKE","North",95,"","00000095",13.35,"State/Interstate Authority","Straight and Level","Blacktop","Dry","Daylight","Clear","None","None",NA,"NULL","NULL","","NULL","","NULL",NA,NA,40.17703,-74.62978,"No","NONE","713",455861.876714,489427.062138,NA,"DVRPC",0,"PDO",10173062
3444118,"20101103D020-2010-00830A","D020-2010-00830A",2010,"MERCER","Hamilton Twp (Mercer Co)","2010-08-19","Thursday","August","03:03:00",2,"NEW JERSEY STATE POLICE","MOORESTOWN/D020",0,0,0,0,0,"Property Damage","Not At Intersection","Yes","No","Same Direction - Side Swipe",2,"I-95  N.J. TURNPIKE","South",95,"","00000095",12.65,"State/Interstate Authority","Straight and Level","Blacktop","Dry","Dark (No Street Lights)","Clear","Barrier Median","None",NA,"NULL","NULL","","NULL","","NULL",65,NA,40.18466,-74.61621,"No","","700",452922.10087,487234.746645,NA,"DVRPC",0,"PDO",10197717
3444119,"20101103D020-2010-00841A","D020-2010-00841A",2010,"MERCER","Hamilton Twp (Mercer Co)","2010-08-21","Saturday","August","10:38:00",2,"NEW JERSEY STATE POLICE","MOORESTOWN",0,0,0,0,0,"Property Damage","Not At Intersection","No","No","Backing",2,"I-95  N.J. TURNPIKE","South",95,"","00000095",13.35,"State/Interstate Authority","Straight and Level","Blacktop","Dry","Daylight","Clear","None","None",NA,"NULL","NULL","","NULL","","NULL",65,NA,40.18466,-74.61621,"No","","706",455861.876714,489427.062138,NA,"DVRPC",0,"PDO",10193095
3444120,"20101103D020-2010-00888A","D020-2010-00888A",2010,"MERCER","Hamilton Twp (Mercer Co)","2010-09-04","Saturday","September","11:58:00",2,"NEW JERSEY STATE POLICE","MOORESTOWN",0,0,2,0,0,"Injury","Not At Intersection","No","No","Right Angle",2,"I-95  N.J. TURNPIKE","North",95,"","00000095",11.95,"State/Interstate Authority","Straight and Level","Blacktop","Dry","Daylight","Clear","Barrier Median","None",NA,"NULL","NULL","","NULL","","NULL",65,NA,40.18466,-74.61621,"No","CONCRETE TRAFFIC BARRIER-PROPERTY OF NJTA P.O. BOX 5042 WOODBRIDGE NJ 07095","712",450156.393416,484693.190982,NA,"DVRPC",0,"Pain",10201239
3444140,"20101103D020-2010-01313A","D020-2010-01313A",2010,"MERCER","Hamilton Twp (Mercer Co)","2010-12-20","Monday","December","07:26:00",2,"NEW JERSEY STATE POLICE","MOORESTOWN",0,0,1,0,0,"Injury","Not At Intersection","No","No","Same Direction - Side Swipe",2,"I-95  N.J. TURNPIKE","South",95,"","00000095",11.85,"State/Interstate Authority","Straight and Level","Blacktop","Dry","Daylight","Clear","Barrier Median","None",NA,"NULL","NULL","","NULL","","NULL",65,NA,40.16296,-74.65149,"No","SIGN POST - NJTP AUTHORITY WOODBRIDGE NJ","716",449787.94,484311.32,NA,"DVRPC",0,"Pain",10302540
3444145,"20101103D020-2010-192A","D020-2010-192A",2010,"MERCER","Hamilton Twp (Mercer Co)","2010-02-26","Friday","February","09:32:00",2,"NEW JERSEY STATE POLICE","MOORESTOWN",0,0,0,0,0,"Property Damage","At Intersection","No","No","Struck Parked Vehicle",2,"I-95  N.J. TURNPIKE","North",95,"","00000095",13.35,"State/Interstate Authority","Straight and Level","Blacktop","Snowy","Daylight","Snow","Barrier Median","None",NA,"At","NULL","","NULL","","NULL",35,NA,40.17703,-74.62978,"No","NONE","636",455861.876714,489427.062138,NA,"DVRPC",0,"PDO",10044442
3444147,"20101103D020-2010-904A","D020-2010-904A",2010,"MERCER","Hamilton Twp (Mercer Co)","2010-09-10","Friday","September","07:02:00",2,"NEW JERSEY STATE POLICE","MOORESTOWN",0,0,0,0,0,"Property Damage","Not At Intersection","No","No","Non-fixed Object",2,"I-95  N.J. TURNPIKE","South",95,"","00000095",13.45,"State/Interstate Authority","Straight and Level","Blacktop","Dry","Daylight","Clear","Barrier Median","None",NA,"NULL","NULL","","NULL","","NULL",65,NA,40.17788,-74.62827,"No","NONE","636",456284.304214,489735.538085,NA,"DVRPC",0,"PDO",10201218
3444151,"20101103D0202010-727A","D0202010-727A",2010,"MERCER","Hamilton Twp (Mercer Co)","2010-07-22","Thursday","July","17:38:00",2,"NEW JERSEY STATE POLICE","MOORESTOWN",0,0,0,0,0,"Property Damage","Not At Intersection","No","No","Struck Parked Vehicle",2,"I-95  N.J. TURNPIKE","North",95,"","00000095",13.35,"State/Interstate Authority","Straight and Level","Blacktop","Dry","Daylight","Clear","Barrier Median","None",NA,"NULL","NULL","","NULL","","NULL",65,NA,40.17703,-74.62978,"No","NONE","590",455861.876714,489427.062138,NA,"DVRPC",0,"PDO",10160966
3444155,"20101103D020201000114A","D020201000114A",2010,"MERCER","Hamilton Twp (Mercer Co)","2010-02-06","Saturday","February","15:35:00",2,"NEW JERSEY STATE POLICE","MOORESTOWN",0,0,0,0,0,"Property Damage","Not At Intersection","No","No","Struck Parked Vehicle",2,"I-95  N.J. TURNPIKE","North",95,"","00000095",11.65,"State/Interstate Authority","Straight and Level","Blacktop","Snowy","Daylight","Snow","None","None",NA,"NULL","NULL","","NULL","","NULL",NA,NA,40.16084,-74.65417,"No","","658",449037.418657,483541.028992,NA,"DVRPC",0,"PDO",10023597
3444163,"20101103D020201000672A","D020201000672A",2010,"MERCER","Hamilton Twp (Mercer Co)","2010-07-12","Monday","July","01:33:00",2,"NEW JERSEY STATE POLICE","MOORESTOWN/D020",0,0,4,0,0,"Injury","Not At Intersection","No","No","Other",2,"I-95  N.J. TURNPIKE","South",95,"","00000095",12.85,"State/Interstate Authority","Straight and Level","Blacktop","Dry","Dark (No Street Lights)","Clear","Barrier Median","None",NA,"NULL","NULL","","NULL","","NULL",65,NA,40.18466,-74.61621,"No","","701",453756.760461,487886.659586,NA,"DVRPC",0,"Moderate Injury",10185175
3444164,"20101103D020201000714A","D020201000714A",2010,"MERCER","Hamilton Twp (Mercer Co)","2010-07-20","Tuesday","July","14:58:00",2,"NEW JERSEY STATE POLICE","MOORESTOWN/D020",0,0,0,0,0,"Property Damage","Not At Intersection","No","No","Fixed Object",1,"I-95  N.J. TURNPIKE","North",95,"","00000095",13.15,"State/Interstate Authority","Straight and Level","Blacktop","Dry","Daylight","Clear","Barrier Median","None",NA,"NULL","NULL","","NULL","","NULL",65,NA,40.17534,-74.63279,"No","NJTP SIGN-P.O. BOX 5042 WOODBRIDGE NJ 07095 * REF 25 PROGRESSIVE","701",455018.971229,488811.711564,NA,"DVRPC",0,"PDO",10173048
3444168,"20101103D020201000854A","D020201000854A",2010,"MERCER","Hamilton Twp (Mercer Co)","2010-08-23","Monday","August","15:09:00",2,"NEW JERSEY STATE POLICE","MOORESTOWN D020",0,0,0,0,0,"Property Damage","Not At Intersection","No","No","Backing",2,"I-95  N.J. TURNPIKE","North",95,"","00000095",13.35,"State/Interstate Authority","Straight and Level","Blacktop","Wet","Daylight","Rain","None","None",NA,"NULL","NULL","","NULL","","NULL",65,NA,40.18466,-74.61621,"No","NONE","702",455861.876714,489427.062138,NA,"DVRPC",0,"PDO",10198181
3444169,"20101103D020201000856A","D020201000856A",2010,"MERCER","Hamilton Twp (Mercer Co)","2010-08-23","Monday","August","17:02:00",2,"NEW JERSEY STATE POLICE","MOORESTOWN D020",0,0,0,0,0,"Property Damage","Not At Intersection","No","No","Fixed Object",2,"I-95  N.J. TURNPIKE","North",95,"","00000095",13.65,"State/Interstate Authority","Straight and Level","Blacktop","Wet","Daylight","Rain","Barrier Median","None",NA,"NULL","NULL","","NULL","","NULL",65,NA,40.18466,-74.61621,"No","","702",457127.209854,490352.231112,NA,"DVRPC",0,"PDO",10193044
3444178,"20101103D020201001303A","D020201001303A",2010,"MERCER","Hamilton Twp (Mercer Co)","2010-12-17","Friday","December","14:13:00",1,"MORRISTOWN PD","STATE POLICE",0,0,0,0,0,"Property Damage","Not At Intersection","No","No","Same Direction - Rear End",2,"I-95  N.J. TURNPIKE","North",95,"","00000095",13.75,"State/Interstate Authority","Straight and Level","Blacktop","Dry","Daylight","Clear","Barrier Median","None",NA,"NULL","NULL","","NULL","","NULL",65,NA,40.18042,-74.62375,"No","NONE","702",457549.058423,490659.234253,NA,"DVRPC",0,"PDO",10294692
3444180,"20101103D02020?-55A","D02020?-55A",2010,"MERCER","Hamilton Twp (Mercer Co)","2010-01-20","Wednesday","January","18:16:00",2,"NEW JERSEY STATE POLICE","MOORESTOWN",0,0,1,0,0,"Injury","Not At Intersection","No","No","Fixed Object",1,"I-95  N.J. TURNPIKE","NULL",95,"","00000095",14.25,"State/Interstate Authority","Straight and Level","Blacktop","Dry","Dark (Street LIghts On/ spot)","Clear","Barrier Median","None",NA,"NULL","NULL","","NULL","","NULL",65,NA,40.18466,-74.61621,"No","","630",459656.109107,492201.223302,NA,"DVRPC",0,"Pain",10006941
3444184,"20101103I-2010-015709","I-2010-015709",2010,"MERCER","Hamilton Twp (Mercer Co)","2010-07-28","Wednesday","July","15:32:00",1,"ROBBINSVILLE TWP PD","",0,0,0,0,0,"Property Damage","Not At Intersection","No","No","Same Direction - Side Swipe",2,"US 130","North",130,"","00000130",61.96,"State Highway","Straight and Level","Blacktop","Dry","Daylight","Clear","Grass Median","None",NA,"NULL","NULL","","NULL","","NULL",55,NA,40.20796,-74.62941,"No","NONE","537",455980.899887,500693.8478,NA,"DVRPC",0,"PDO",10179807