"ID","DOT_WEB_ID","CASE_NUMBER","CRASH_YEAR","COUNTY","MUNICIPALITY","CRASH_DATE","CRASH_DAY_OF_WEEK","CRASH_MONTH","CRASH_TIME","POLICE_DEPT_CODE","POLICE_DEPARTMENT","POLICE_STATION","TOTAL_KILLED","TOTAL_INCAPACITATED","TOTAL_INJURED","PEDESTRIANS_KILLED","PEDESTRIANS_INJURED","SEVERITY","INTERSECTION","ALCOHOL_INVOLVED","HAZMAT_INVOLVED","CRASH_TYPE","TOTAL_VEHICLES_INVOLVED","CRASH_LOCATION","LOCATION_DIRECTION","ROUTE","ROUTE_SUFFIX","SRI","MILEPOST","ROAD_SYSTEM","ROAD_CHARACTER","ROAD_SURFACE_TYPE","SURFACE_CONDITION","LIGHT_CONDITION","ENVIRONMENTAL_CONDITION","ROAD_DIVIDED_BY","TEMP_TRAFFIC_CONTROL_ZONE","DISTANCE_TO_CROSS_STREET","UNIT_OF_MEASUREMENT","DIRECTION_FROM_CROSS_STREET","CROSS_STREET_NAME","IS_RAMP","RAMP_TO_FROM_ROUTE_NAME","RAMP_TO_FROM_ROUTE_DIRECTION","POSTED_SPEED","POSTED_SPEED_CROSS_STREET","LATITUDE","LONGITUDE","CELL_PHONE_IN_USE","OTHER_PROPERTY_DAMAGE","REPORTING_BADGE_NO","X","Y","CRASH_NARRATIVE","MPO","TOTAL_PEDESTRIANS_INVOLVED","EPDO","DLN"
3444380,"20101106HT2010-001470","HT2010-001470",2010,"MERCER","Hopewell Twp (Mercer Co)","2010-01-19","Tuesday","January","17:45:00",1,"HOPEWELL TWP PD","51 NORTH",0,0,1,0,0,"Injury","Not At Intersection","No","No","Same Direction - Rear End",2,"NJ 31","South",31,"","00000031",6.11,"State Highway","Straight and Level","Blacktop","Dry","Dark (Street Lights On/ continuous)","Clear","Curbed Median","None",100,"Foot","North","ROUTE 546/BLACKWELL RD/CR 640/S MAI","NULL","","NULL",45,40,40.30823,-74.78614,"No","","032",412326.939234,537321.152921,NA,"DVRPC",0,"Pain",10015018
3444381,"20101106HT2010-001536","HT2010-001536",2010,"MERCER","Hopewell Twp (Mercer Co)","2010-01-20","Wednesday","January","12:29:00",1,"HOPEWELL TWP PD","53 ZONE",0,0,0,0,0,"Property Damage","Not At Intersection","No","No","Fixed Object",1,"ROUTE 579","South",579,"","00000579",6.52,"County","Straight and Level","Blacktop","Dry","Daylight","Clear","None","None",50,"Foot","North","CHURCH RD","NULL","","NULL",50,40,40.31903,-74.85272,"No","","046",393774.38,541323.32,NA,"DVRPC",0,"PDO",10006396
3444382,"20101106HT2010-001552","HT2010-001552",2010,"MERCER","Hopewell Twp (Mercer Co)","2010-01-20","Wednesday","January","17:21:00",1,"HOPEWELL TWP PD","53 ZONE",0,0,1,0,0,"Injury","Not At Intersection","No","No","Same Direction - Rear End",2,"ROUTE 546","West",546,"","00000546",1.32,"County","Straight and Level","Blacktop","Dry","Dark (No Street Lights)","Clear","None","None",75,"Foot","West","CR 579","NULL","","NULL",45,50,40.30922,-74.84872,"No","","043",394877.082172,537744.927825,NA,"DVRPC",0,"Pain",10015015
3444384,"20101106HT2010-001590","HT2010-001590",2010,"MERCER","Hopewell Twp (Mercer Co)","2010-01-21","Thursday","January","08:21:00",1,"HOPEWELL TWP PD","51 NORTH",0,0,0,0,0,"Property Damage","At Intersection","No","No","Same Direction - Rear End",2,"ROUTE 569","North",569,"","00000569",4.81,"County","Straight and Grade","Blacktop","Dry","Daylight","Clear","None","None",NA,"At","NULL","CR 625 / ELM RIDGE RD","NULL","","NULL",45,50,40.34592,-74.72943,"No","","016",428178.54,551005.74,NA,"DVRPC",0,"PDO",10015016
3444385,"20101106HT2010-001632","HT2010-001632",2010,"MERCER","Hopewell Twp (Mercer Co)","2010-01-21","Thursday","January","18:02:00",1,"HOPEWELL TWP PD","51 NORTH",0,0,1,0,0,"Injury","At Intersection","No","No","Right Angle",2,"PENNINGTON-TITUSVILLE RD","West",NA,"","11061023",0.85,"Municipal","Straight and Level","Blacktop","Dry","Dark (No Street Lights)","Clear","None","None",NA,"At","NULL","SCOTCH RD","NULL","","NULL",40,35,40.32459,-74.81615,"No","","029",403978.89,543309.04,NA,"DVRPC",0,"Pain",10015017
3444386,"20101106HT2010-001680","HT2010-001680",2010,"MERCER","Hopewell Twp (Mercer Co)","2010-01-22","Friday","January","08:54:00",1,"HOPEWELL TWP PD","52",0,0,0,0,0,"Property Damage","Not At Intersection","No","No","Fixed Object",1,"MERCER COUNTY 654","East",654,"","11000654",1.09,"County","Curve and Level","Blacktop","Dry","Daylight","Clear","None","None",850,"Foot","West","MOORES MILL MT ROSE RD","NULL","","NULL",45,35,40.36566,-74.78582,"No","","034",412484.45,558242.28,NA,"DVRPC",0,"PDO",10015020
3444388,"20101106HT2010-001889","HT2010-001889",2010,"MERCER","Hopewell Twp (Mercer Co)","2010-01-25","Monday","January","09:43:00",1,"HAMILTON TWP PD (MERCER)","52 ZONE",0,0,1,0,0,"Injury","Not At Intersection","No","No","Fixed Object",1,"MERCER COUNTY 654","West",654,"","11000654",1.15,"County","Curve and Grade","Blacktop","Wet","Daylight","Rain","None","None",528,"Foot","West","MOORES MILL MT. ROSE","NULL","","NULL",45,35,40.36632,-74.78508,"No","","039",412689.765956,558482.817885,NA,"DVRPC",0,"Pain",10015012
3444389,"20101106HT2010-001937","HT2010-001937",2010,"MERCER","Hopewell Twp (Mercer Co)","2010-01-25","Monday","January","16:55:00",1,"HOPEWELL TWP PD","51 NORTH",0,0,1,0,0,"Injury","At Intersection","No","No","Right Angle",2,"PENNINGTON-TITUSVILLE RD","West",NA,"","11061023",0.85,"Municipal","Straight and Level","Blacktop","Wet","Dusk","Clear","None","None",NA,"At","NULL","SCOTCH RD","NULL","","NULL",40,40,40.32459,-74.81615,"No","","040",403978.89,543309.04,NA,"DVRPC",0,"Pain",10015011
3444390,"20101106HT2010-001994","HT2010-001994",2010,"MERCER","Hopewell Twp (Mercer Co)","2010-01-26","Tuesday","January","09:11:00",1,"HAMILTON TWP PD (MERCER)","52 ZONE",0,0,0,0,0,"Property Damage","Not At Intersection","No","No","Fixed Object",1,"ROUTE 518","East",518,"","00000518",7.46,"County","Straight and Level","Blacktop","Dry","Daylight","Clear","None","None",1320,"Foot","East","NJ 31","NULL","","NULL",40,45,40.38377,-74.81431,"No","GUARDRAIL ON E/B SHOULDER OF ROADWAY","039",404570.02,564866.03,NA,"DVRPC",0,"PDO",10015010
3444391,"20101106HT2010-002040","HT2010-002040",2010,"MERCER","Hopewell Twp (Mercer Co)","2010-01-26","Tuesday","January","16:19:00",1,"HOPEWELL TWP PD","51 NORTH",0,0,1,0,0,"Injury","At Intersection","No","No","Right Angle",2,"NJ 31","South",31,"","00000031",6.67,"State Highway","Straight and Level","Blacktop","Dry","Daylight","Clear","None","None",NA,"At","NULL","CR 631 / INGLESIDE AVE","NULL","","NULL",45,25,40.31446,-74.7926,"No","","043",410533.96,539596.43,NA,"DVRPC",0,"Pain",10015004
3444392,"20101106HT2010-002050","HT2010-002050",2010,"MERCER","Hopewell Twp (Mercer Co)","2010-01-26","Tuesday","January","17:39:00",1,"HOPEWELL TWP PD","53",0,0,0,0,0,"Property Damage","Not At Intersection","No","No","Animal",1,"NJ 29","North",29,"","00000029",10.93,"State Highway","Straight and Level","Blacktop","Dry","Dark (No Street Lights)","Clear","None","None",200,"Foot","North","MADDOCK RD","NULL","","NULL",45,25,40.28416,-74.85738,"No","","033",392426.305129,528624.348982,NA,"DVRPC",0,"PDO",10015003
3444393,"20101106HT2010-002117","HT2010-002117",2010,"MERCER","Hopewell Twp (Mercer Co)","2010-01-27","Wednesday","January","09:33:00",1,"HOPEWELL TWP PD","51 SOUTH",0,0,0,0,0,"Property Damage","At Intersection","No","No","Right Angle",2,"NJ 31","North",31,"","00000031",5.64,"State Highway","Straight and Level","Blacktop","Dry","Daylight","Clear","None","None",NA,"At","NULL","DIVERTY RD","NULL","","NULL",45,25,40.30163,-74.7841,"No","","016",412887.614197,534917.400562,NA,"DVRPC",0,"PDO",10015009
3444394,"20101106HT2010-002179","HT2010-002179",2010,"MERCER","Hopewell Twp (Mercer Co)","2010-01-28","Thursday","January","07:34:00",1,"HOPEWELL TWP PD","5353",0,0,0,0,0,"Property Damage","Not At Intersection","No","No","Fixed Object",1,"ROUTE 546","East",546,"","00000546",2.26,"County","Curve and Grade","Blacktop","Icy","Dawn","Snow","None","None",75,"Foot","West","INDEPENDENCE WAY","NULL","","NULL",45,25,40.30708,-74.83149,"No","UTILITY POLE #65052HW","030",399677.711487,536946.047685,NA,"DVRPC",0,"PDO",10014998
3444396,"20101106HT2010-002181","HT2010-002181",2010,"MERCER","Hopewell Twp (Mercer Co)","2010-01-28","Thursday","January","07:42:00",1,"HAMILTON TWP PD (MERCER)","53 ZONE",0,0,0,0,0,"Property Damage","Not At Intersection","No","No","Fixed Object",1,"NJ 29","South",29,"","00000029",14.43,"State Highway","Curve and Level","Blacktop","Icy","Daylight","Snow","None","None",2640,"Foot","North","FIDDLERS CREEK RD","NULL","","NULL",45,NA,40.31708,-74.90339,"No","","042",379643.973297,540672.34163,NA,"DVRPC",0,"PDO",10015007
3444397,"20101106HT2010-002185","HT2010-002185",2010,"MERCER","Hopewell Twp (Mercer Co)","2010-01-28","Thursday","January","07:51:00",1,"HOPEWELL TWP PD","51N",0,0,0,0,0,"Property Damage","Not At Intersection","No","No","Fixed Object",1,"NJ 31","North",31,"","00000031",8.61,"State Highway","Curve and Level","Blacktop","Snowy","Daylight","Snow","None","None",100,"Foot","North","YARD RD","NULL","","NULL",40,35,40.34026,-74.79612,"No","","017",409582.202035,548999.797045,NA,"DVRPC",0,"PDO",10014999
3444399,"20101106HT2010-002189","HT2010-002189",2010,"MERCER","Hopewell Twp (Mercer Co)","2010-01-28","Thursday","January","08:04:00",1,"HOPEWELL TWP PD","5252",0,0,0,0,0,"Property Damage","Not At Intersection","No","No","Fixed Object",1,"ROUTE 569","North",569,"","00000569",5.52,"County","Curve and Level","Blacktop","Snowy","Daylight","Snow","None","None",50,"Foot","North","CLEVELAND RD","NULL","","NULL",45,25,40.3549,-74.73051,"No","","030",427885.21,554276.72,NA,"DVRPC",0,"PDO",10015000
3444400,"20101106HT2010-002248","HT2010-002248",2010,"MERCER","Hopewell Twp (Mercer Co)","2010-01-29","Friday","January","00:04:00",1,"HOPEWELL TWP PD","52",0,0,0,0,0,"Property Damage","At Intersection","No","No","Fixed Object",1,"NJ 31","North",31,"","00000031",12.27,"State Highway","Straight and Grade","Blacktop","Dry","Dark (Street Lights On/ continuous)","Clear","Curbed Median","None",NA,"At","NULL","CR 518","NULL","","NULL",45,40,40.38326,-74.81903,"No","N.J. STATE D.O.T. (METAL POST AND SIGN)","019",403253.86,564684.83,NA,"DVRPC",0,"PDO",10015008
3444401,"20101106HT2010-002274","HT2010-002274",2010,"MERCER","Hopewell Twp (Mercer Co)","2010-01-29","Friday","January","08:39:00",1,"HOPEWELL TWP PD","51",0,0,1,0,0,"Injury","At Intersection","No","No","Right Angle",2,"PENNINGTON-TITUSVILLE RD","East",NA,"","11061023",0.85,"Municipal","Straight and Level","Blacktop","Dry","Daylight","Clear","None","None",NA,"At","NULL","SCOTCH RD","NULL","","NULL",40,40,40.32459,-74.81615,"No","","017",403978.89,543309.04,NA,"DVRPC",0,"Pain",10015001
3444402,"20101106HT2010-002284","HT2010-002284",2010,"MERCER","Hopewell Twp (Mercer Co)","2010-01-29","Friday","January","09:59:00",1,"HOPEWELL TWP PD","51S051",0,0,1,0,0,"Injury","Not At Intersection","No","No","Same Direction - Rear End",2,"NJ 31","South",31,"","00000031",4.94,"State Highway","Straight and Level","Blacktop","Dry","Daylight","Clear","None","None",528,"Foot","North","I- 95","NULL","","NULL",45,65,40.2918,-74.78383,"No","","030",412953.593378,531332.870313,NA,"DVRPC",0,"Pain",10026059
3444408,"20101106HT2010-002613","HT2010-002613",2010,"MERCER","Hopewell Twp (Mercer Co)","2010-02-03","Wednesday","February","09:48:00",1,"HOPEWELL TWP PD","51 SOUTH",0,0,1,0,0,"Injury","Not At Intersection","No","No","Same Direction - Rear End",2,"NJ 31","North",31,"","00000031",5.62,"State Highway","Straight and Level","Blacktop","Wet","Daylight","Clear","None","None",100,"Foot","South","DIVERTY RD","NULL","","NULL",45,NA,40.30135,-74.78406,"No","","044",412898.972988,534811.758987,NA,"DVRPC",0,"Pain",10026053
3444410,"20101106HT2010-002729","HT2010-002729",2010,"MERCER","Hopewell Twp (Mercer Co)","2010-02-04","Thursday","February","18:23:00",1,"HOPEWELL TWP PD","51 SOUTH",0,0,0,0,0,"Property Damage","At Intersection","No","No","Same Direction - Rear End",3,"NJ 31","South",31,"","00000031",5.48,"State Highway","Straight and Level","Blacktop","Dry","Dark (Street Lights On/ continuous)","Clear","None","None",NA,"At","NULL","DENOW RD","NULL","","NULL",45,40,40.29937,-74.78372,"No","","044",412992.371566,534092.045544,NA,"DVRPC",0,"PDO",10026042
3444414,"20101106HT2010-002896","HT2010-002896",2010,"MERCER","Hopewell Twp (Mercer Co)","2010-02-08","Monday","February","09:12:00",1,"HOPEWELL TWP PD","53 ZONE",0,0,0,0,0,"Property Damage","Not At Intersection","No","No","Opposite Direction - Side Swipe",2,"ROUTE 579","South",579,"","00000579",10.42,"Municipal","Straight and Level","Blacktop","Dry","Daylight","Clear","None","None",528,"Foot","North","ROUTE 518 / HOPEWELL RD","NULL","","NULL",50,45,40.37347,-74.84833,"No","","042",395077.014657,561148.255111,NA,"DVRPC",0,"PDO",10026043
3444416,"20101106HT2010-002942","HT2010-002942",2010,"MERCER","Hopewell Twp (Mercer Co)","2010-02-09","Tuesday","February","05:58:00",1,"HOPEWELL TWP PD","51 SOUTH",0,0,0,0,0,"Property Damage","Not At Intersection","No","No","Right Angle",2,"NJ 31","North",31,"","00000031",6.08,"State Highway","Straight and Level","Blacktop","Dry","Dark (Street Lights On/ continuous)","Clear","None","None",75,"Foot","South","ROUTE 546/BLACKWELL RD/CR 640/S MAI","NULL","","NULL",45,40,40.30786,-74.78586,"No","","016",412404.77,537186.19,NA,"DVRPC",0,"PDO",10026045
3444418,"20101106HT2010-003002","HT2010-003002",2010,"MERCER","Hopewell Twp (Mercer Co)","2010-02-10","Wednesday","February","10:26:00",1,"HOPEWELL TWP PD","51",0,0,2,0,0,"Injury","Not At Intersection","No","No","Fixed Object",1,"ROUTE 546","West",546,"","00000546",3.51,"County","Straight and Level","Blacktop","Slush","Daylight","Snow","None","None",1320,"Foot","East","CR 611 / SCOTCH RD","NULL","","NULL",45,50,40.30903,-74.80814,"No","","017",406194.1,537633.29,NA,"DVRPC",0,"Moderate Injury",10026047
3444419,"20101106HT2010-003013","HT2010-003013",2010,"MERCER","Hopewell Twp (Mercer Co)","2010-02-10","Wednesday","February","16:21:00",1,"HOPEWELL TWP PD","53 ZONE",0,0,0,0,0,"Property Damage","Not At Intersection","No","No","Same Direction - Rear End",2,"NJ 29","North",29,"","00000029",12.29,"State Highway","Straight and Level","Blacktop","Snowy","Daylight","Snow","None","None",1056,"Foot","South","GRANT ST","NULL","","NULL",45,NA,40.30113,-74.87029,"No","","042",388848.562032,534821.75228,NA,"DVRPC",0,"PDO",10048186
3444421,"20101106HT2010-003267","HT2010-003267",2010,"MERCER","Hopewell Twp (Mercer Co)","2010-02-14","Sunday","February","04:50:00",1,"HOPEWELL TWP PD","53",0,0,0,0,0,"Property Damage","At Intersection","No","No","Fixed Object",1,"NJ 29","North",29,"","00000029",11.58,"State Highway","Straight and Level","Concrete","Snowy","Dark (No Street Lights)","Clear","None","None",NA,"At","NULL","PATERSON AVE","NULL","","NULL",45,NA,40.29245,-74.86315,"No","","040",390828.384724,531651.147968,NA,"DVRPC",0,"PDO",10026038
3444423,"20101106HT2010-003444","HT2010-003444",2010,"MERCER","Hopewell Twp (Mercer Co)","2010-02-17","Wednesday","February","10:20:00",1,"HOPEWELL TWP PD","51 NORTH",0,0,2,0,0,"Injury","Not At Intersection","No","No","Right Angle",2,"NJ 31","North",31,"","00000031",6.13,"State Highway","Straight and Level","Blacktop","Dry","Daylight","Clear","None","None",200,"Foot","North","ROUTE 546/BLACKWELL RD/CR 640/S MAI","NULL","","NULL",45,NA,40.30849,-74.78631,"No","","040",412279.847243,537417.716826,NA,"DVRPC",0,"Pain",10048182
3444425,"20101106HT2010-003462","HT2010-003462",2010,"MERCER","Hopewell Twp (Mercer Co)","2010-02-17","Wednesday","February","15:44:00",1,"HOPEWELL TWP PD","51 SOUTH",0,0,0,0,0,"Property Damage","Not At Intersection","No","No","Same Direction - Rear End",2,"NJ 31","South",31,"","00000031",4.74,"State Highway","Straight and Level","Blacktop","Dry","Daylight","Clear","Curbed Median","None",100,"Foot","North","BULLRUN RD","NULL","","NULL",45,40,40.28911,-74.78513,"No","","033",412587.895004,530354.771556,NA,"DVRPC",0,"PDO",10048183
3444426,"20101106HT2010-003546","HT2010-003546",2010,"MERCER","Hopewell Twp (Mercer Co)","2010-02-18","Thursday","February","18:55:00",1,"HOPEWELL TWP PD","52",0,0,1,0,0,"Injury","Not At Intersection","No","No","Fixed Object",1,"ROUTE 569","South",569,"","00000569",7.1,"County","Curve and Grade","Blacktop","Dry","Dark (No Street Lights)","Clear","None","None",660,"Foot","North","CRUSHER RD","NULL","","NULL",45,35,40.37194,-74.74693,"No","PSE&G POLE #B6153HW","017",423326.180265,560498.072886,NA,"DVRPC",0,"Moderate Injury",10048185
3444429,"20101106HT2010-003619","HT2010-003619",2010,"MERCER","Hopewell Twp (Mercer Co)","2010-02-19","Friday","February","17:56:00",1,"HOPEWELL TWP PD","51 SOUTH",0,0,0,0,0,"Property Damage","At Intersection","No","No","Same Direction - Rear End",2,"NJ 31","NULL",31,"","00000031",4.84,"State Highway","Straight and Level","Blacktop","Dry","Dark (Street LIghts On/ spot)","Clear","None","None",NA,"At","NULL","I- 95","NULL","","NULL",45,65,40.29044,-74.78453,"No","","033",412755.08,530841.55,NA,"DVRPC",0,"PDO",10048190
3444431,"20101106HT2010-003674","HT2010-003674",2010,"MERCER","Hopewell Twp (Mercer Co)","2010-02-20","Saturday","February","17:16:00",1,"HOPEWELL TWP PD","51 NORTH",0,0,2,0,0,"Injury","Not At Intersection","No","No","Same Direction - Rear End",2,"NJ 31","North",31,"","00000031",9.68,"State Highway","Curve and Level","Blacktop","Dry","Daylight","Clear","Painted Median","None",100,"Foot","North","CR 654 / PENNINGTON-HOPEWELL RD","NULL","","NULL",45,45,40.35564,-74.79802,"No","","023",409072.2,554603.49,NA,"DVRPC",0,"Pain",10037911
3444432,"20101106HT2010-003734","HT2010-003734",2010,"MERCER","Hopewell Twp (Mercer Co)","2010-02-21","Sunday","February","18:08:00",1,"HOPEWELL TWP PD","53",0,0,0,0,0,"Property Damage","Not At Intersection","No","No","Non-fixed Object",1,"NJ 29","South",29,"","00000029",12.5,"State Highway","Curve and Level","Blacktop","Dry","Dark (Street Lights On/ continuous)","Clear","None","None",200,"Foot","South","PARK LAKE AVE","NULL","","NULL",45,25,40.3037,-74.87242,"No","","016",388258.821722,535762.581699,NA,"DVRPC",0,"PDO",10048181
3444433,"20101106HT2010-003780","HT2010-003780",2010,"MERCER","Hopewell Twp (Mercer Co)","2010-02-22","Monday","February","12:08:00",1,"HOPEWELL TWP PD","51 SOUTH",0,0,1,0,0,"Injury","At Intersection","No","No","Same Direction - Rear End",2,"NJ 31","South",31,"","00000031",6.1,"State Highway","Curve and Level","Blacktop","Dry","Daylight","Clear","Curbed Median","None",NA,"At","NULL","ROUTE 546/BLACKWELL RD/CR 640/S MAI","NULL","","NULL",45,40,40.3081,-74.78605,"No","","015",412352.587118,537273.932798,NA,"DVRPC",0,"Pain",10048188
3444434,"20101106HT2010-003948","HT2010-003948",2010,"MERCER","Hopewell Twp (Mercer Co)","2010-02-24","Wednesday","February","18:06:00",1,"HOPEWELL TWP PD","51 SOUTH",0,0,1,0,0,"Injury","Not At Intersection","No","No","Same Direction - Rear End",3,"MERCER COUNTY 611","South",611,"","11000611",3.05,"County","Straight and Level","Blacktop","Dry","Dark (Street Lights On/ continuous)","Clear","Grass Median","None",2640,"Foot","South","CR 546","NULL","","NULL",50,45,40.30175,-74.81156,"No","","039",405231.17,534986.66,NA,"DVRPC",0,"Pain",10048307
3444435,"20101106HT2010-003953","HT2010-003953",2010,"MERCER","Hopewell Twp (Mercer Co)","2010-02-24","Wednesday","February","18:58:00",1,"HOPEWELL TWP PD","53 ZONE",0,0,0,0,0,"Property Damage","Not At Intersection","No","No","Animal",1,"ROUTE 546","East",546,"","00000546",1.08,"County","Straight and Level","Blacktop","Dry","Dark (Street Lights On/ continuous)","Clear","None","None",1320,"Foot","West","ROUTE 579 / BEAR TAVERN RD","NULL","","NULL",45,50,40.30841,-74.85306,"No","","039",393665.44,537453.6,NA,"DVRPC",0,"PDO",10048306
3444437,"20101106HT2010-004010","HT2010-004010",2010,"MERCER","Hopewell Twp (Mercer Co)","2010-02-25","Thursday","February","15:54:00",1,"HOPEWELL TWP PD","51 NORTH",0,0,0,0,0,"Property Damage","Not At Intersection","Yes","No","Non-fixed Object",1,"MERCER COUNTY 624","North",624,"","11000624",1.13,"County","Straight and Level","Blacktop","Snowy","Daylight","Snow","None","None",100,"Foot","North","OLD MILL ROAD","NULL","","NULL",45,35,40.33661,-74.77148,"No","","046",416447.002842,547645.748552,NA,"DVRPC",0,"PDO",10037912
3444439,"20101106HT2010-004019","HT2010-004019",2010,"MERCER","Hopewell Twp (Mercer Co)","2010-02-25","Thursday","February","18:53:00",1,"HOPEWELL TWP PD","52 ZONE",0,0,0,0,0,"Property Damage","Not At Intersection","Yes","No","Fixed Object",1,"PENNINGTON-ROCKY HILL RD","East",NA,"","11061002",1.69,"Municipal","Curve and Level","Blacktop","Snowy","Dark (No Street Lights)","Snow","None","None",528,"Foot","East","BAILEY DRIVE","NULL","","NULL",40,25,40.36748,-74.7471,"No","UTILITY POLE #1161HW","043",423275.49,558870.52,NA,"DVRPC",0,"PDO",10037906
3444442,"20101106HT2010-004217","HT2010-004217",2010,"MERCER","Hopewell Twp (Mercer Co)","2010-03-01","Monday","March","10:00:00",1,"HAMILTON TWP PD (MERCER)","53",0,0,0,0,0,"Property Damage","Not At Intersection","No","No","Same Direction - Rear End",2,"NJ 29","North",29,"","00000029",16.73,"State Highway","Straight and Level","Blacktop","Dry","Daylight","Clear","None","Maintenance Zone",1848,"Foot","North","VALLEY RD","NULL","","NULL",45,25,40.33923,-74.93424,"No","","033",371082.797304,548781.295353,NA,"DVRPC",0,"PDO",10037913
3444443,"20101106HT2010-004382","HT2010-004382",2010,"MERCER","Hopewell Twp (Mercer Co)","2010-03-03","Wednesday","March","13:25:00",1,"HOPEWELL TWP PD","51 SOUTH",0,0,2,0,0,"Injury","Not At Intersection","No","No","Right Angle",2,"ROUTE 546","East",546,"","00000546",3.72,"County","Straight and Level","Blacktop","Wet","Daylight","Clear","None","None",528,"Foot","West","DUBLIN RD","NULL","","NULL",45,30,40.30856,-74.80421,"No","NONE OBSERVED","024",407289.031813,537460.115802,NA,"DVRPC",0,"Pain",10037914
3444444,"20101106HT2010-004419","HT2010-004419",2010,"MERCER","Hopewell Twp (Mercer Co)","2010-03-03","Wednesday","March","19:24:00",1,"HOPEWELL TWP PD","53",0,0,0,0,0,"Property Damage","At Intersection","No","No","Same Direction - Rear End",3,"NJ 29","South",29,"","00000029",11.86,"State Highway","Straight and Level","Blacktop","Wet","Dark (Street Lights On/ continuous)","Rain","None","None",NA,"At","NULL","COLEMAN LA","NULL","","NULL",40,25,40.29584,-74.86601,"No","","032",390035.2,532891.84,NA,"DVRPC",0,"PDO",10049794
3444445,"20101106HT2010-004460","HT2010-004460",2010,"MERCER","Hopewell Twp (Mercer Co)","2010-03-04","Thursday","March","15:02:00",1,"HOPEWELL TWP PD","51N",0,0,0,0,0,"Property Damage","At Intersection","No","No","Right Angle",2,"NJ 31","North",31,"","00000031",6.67,"State Highway","Straight and Level","Blacktop","Dry","Daylight","Clear","None","None",NA,"At","NULL","CR 631 / INGLESIDE AVE","NULL","","NULL",45,25,40.31446,-74.7926,"No","","017",410533.96,539596.43,NA,"DVRPC",0,"PDO",10049795
3444446,"20101106HT2010-004546","HT2010-004546",2010,"MERCER","Hopewell Twp (Mercer Co)","2010-03-05","Friday","March","19:16:00",1,"HOPEWELL TWP PD","52",0,0,0,0,0,"Property Damage","Not At Intersection","No","No","Animal",1,"ROUTE 518","West",518,"","00000518",7.71,"County","Straight and Level","Blacktop","Dry","Dark (No Street Lights)","Clear","None","None",2640,"Foot","East","NJ 31","NULL","","NULL",40,45,40.38425,-74.80963,"No","","034",405874.450201,565037.255935,NA,"DVRPC",0,"PDO",10049796
3444447,"20101106HT2010-004592","HT2010-004592",2010,"MERCER","Hopewell Twp (Mercer Co)","2010-03-06","Saturday","March","13:12:00",1,"HOPEWELL TWP PD","51SOSE",0,0,0,0,0,"Property Damage","At Intersection","No","No","Same Direction - Rear End",2,"ROUTE 546","West",546,"","00000546",5.27,"County","Curve and Level","Blacktop","Dry","Daylight","Clear","Curbed Median","None",NA,"At","South","CR 632 / PENNINGTON - LAWRENCEVILLE","NULL","","NULL",40,NA,40.30946,-74.77632,"No","","031",415066.866578,537761.073374,NA,"DVRPC",0,"PDO",10050780
3444448,"20101106HT2010-004622","HT2010-004622",2010,"MERCER","Hopewell Twp (Mercer Co)","2010-03-07","Sunday","March","02:39:00",1,"HOPEWELL TWP PD","51 NORTH",0,1,1,0,0,"Injury","Not At Intersection","Yes","No","Fixed Object",1,"ROUTE 546","NULL",546,"","00000546",2.53,"County","Straight and Level","Blacktop","Dry","Dark (Street Lights On/ continuous)","Clear","None","None",300,"Foot","East","JACOBS CREEK RD","NULL","","NULL",45,35,40.30758,-74.82645,"No","","044",401085.550135,537123.139125,NA,"DVRPC",0,"Incapacitating Injury",10050783
3444450,"20101106HT2010-004692","HT2010-004692",2010,"MERCER","Hopewell Twp (Mercer Co)","2010-03-08","Monday","March","08:46:00",1,"HOPEWELL TWP PD","51 NORTH",0,0,1,0,0,"Injury","Not At Intersection","No","No","Same Direction - Rear End",2,"NJ 31","South",31,"","00000031",6.65,"State Highway","Straight and Level","Blacktop","Dry","Daylight","Clear","None","None",100,"Foot","South","CR 631 / INGLESIDE AVE","NULL","","NULL",45,25,40.31422,-74.79238,"No","NONE","032",410593.448308,539509.99502,NA,"DVRPC",0,"Moderate Injury",10050779
3444451,"20101106HT2010-004809","HT2010-004809",2010,"MERCER","Hopewell Twp (Mercer Co)","2010-03-10","Wednesday","March","06:53:00",1,"HOPEWELL TWP PD","51 NORTH",0,0,0,0,0,"Property Damage","Not At Intersection","No","No","Right Angle",2,"NJ 31","North",31,"","00000031",8.79,"State Highway","Straight and Grade","Blacktop","Dry","Daylight","Clear","None","None",1056,"Foot","North","YARD RD","NULL","","NULL",40,25,40.34286,-74.79602,"No","","016",409613.58669,549944.007953,NA,"DVRPC",0,"PDO",10050778
3444452,"20101106HT2010-004873","HT2010-004873",2010,"MERCER","Hopewell Twp (Mercer Co)","2010-03-10","Wednesday","March","18:14:00",1,"HOPEWELL TWP PD","52",0,0,0,0,0,"Property Damage","Not At Intersection","No","No","Animal",1,"ROUTE 579","North",579,"","00000579",10.22,"Municipal","Straight and Grade","Blacktop","Dry","Dusk","Clear","None","None",528,"Foot","South","CR 518","NULL","","NULL",45,NA,40.37059,-74.84787,"No","","031",395202.67069,560099.716844,NA,"DVRPC",0,"PDO",10050777
3444453,"20101106HT2010-004897","HT2010-004897",2010,"MERCER","Hopewell Twp (Mercer Co)","2010-03-11","Thursday","March","07:52:00",1,"HOPEWELL TWP PD","51 NORTH",0,0,0,0,0,"Property Damage","Not At Intersection","No","No","Same Direction - Rear End",2,"NJ 31","North",31,"","00000031",6.77,"State Highway","Straight and Grade","Blacktop","Dry","Daylight","Clear","None","None",528,"Foot","North","CR 631 / INGLESIDE AVE","NULL","","NULL",45,25,40.31563,-74.79372,"No","","016",410222.478471,540023.98022,NA,"DVRPC",0,"PDO",10050782