"ID","DOT_WEB_ID","CASE_NUMBER","CRASH_YEAR","COUNTY","MUNICIPALITY","CRASH_DATE","CRASH_DAY_OF_WEEK","CRASH_MONTH","CRASH_TIME","POLICE_DEPT_CODE","POLICE_DEPARTMENT","POLICE_STATION","TOTAL_KILLED","TOTAL_INCAPACITATED","TOTAL_INJURED","PEDESTRIANS_KILLED","PEDESTRIANS_INJURED","SEVERITY","INTERSECTION","ALCOHOL_INVOLVED","HAZMAT_INVOLVED","CRASH_TYPE","TOTAL_VEHICLES_INVOLVED","CRASH_LOCATION","LOCATION_DIRECTION","ROUTE","ROUTE_SUFFIX","SRI","MILEPOST","ROAD_SYSTEM","ROAD_CHARACTER","ROAD_SURFACE_TYPE","SURFACE_CONDITION","LIGHT_CONDITION","ENVIRONMENTAL_CONDITION","ROAD_DIVIDED_BY","TEMP_TRAFFIC_CONTROL_ZONE","DISTANCE_TO_CROSS_STREET","UNIT_OF_MEASUREMENT","DIRECTION_FROM_CROSS_STREET","CROSS_STREET_NAME","IS_RAMP","RAMP_TO_FROM_ROUTE_NAME","RAMP_TO_FROM_ROUTE_DIRECTION","POSTED_SPEED","POSTED_SPEED_CROSS_STREET","LATITUDE","LONGITUDE","CELL_PHONE_IN_USE","OTHER_PROPERTY_DAMAGE","REPORTING_BADGE_NO","X","Y","CRASH_NARRATIVE","MPO","TOTAL_PEDESTRIANS_INVOLVED","EPDO","DLN"
3444454,"20101106HT2010-004940","HT2010-004940",2010,"MERCER","Hopewell Twp (Mercer Co)","2010-03-11","Thursday","March","16:50:00",1,"HOPEWELL TWP PD","51 SOUTH",0,0,0,0,0,"Property Damage","At Intersection","No","No","Same Direction - Rear End",2,"NJ 31","South",31,"","00000031",6.09,"State Highway","Curve and Grade","Blacktop","Dry","Daylight","Clear","Grass Median","None",NA,"At","South","ROUTE 546/BLACKWELL RD/CR 640/S MAI","NULL","","NULL",45,40,40.30797,-74.78595,"No","","016",412379.49302,537227.42096,NA,"DVRPC",0,"PDO",10050772
3444455,"20101106HT2010-004949","HT2010-004949",2010,"MERCER","Hopewell Twp (Mercer Co)","2010-03-11","Thursday","March","18:51:00",1,"HOPEWELL TWP PD","51 SOUTH",0,0,0,0,0,"Property Damage","At Intersection","No","No","Same Direction - Rear End",2,"NJ 31","South",31,"","00000031",6.09,"State Highway","Curve and Level","Blacktop","Dry","Dark (Street Lights On/ continuous)","Clear","Curbed Median","None",NA,"At","West","ROUTE 546/BLACKWELL RD/CR 640/S MAI","NULL","","NULL",45,45,40.30797,-74.78595,"No","","029",412379.49302,537227.42096,NA,"DVRPC",0,"PDO",10050776
3444456,"20101106HT2010-004999","HT2010-004999",2010,"MERCER","Hopewell Twp (Mercer Co)","2010-03-12","Friday","March","10:56:00",1,"HOPEWELL TWP PD","51 NORTH",0,0,0,0,0,"Property Damage","Not At Intersection","No","No","Right Angle",2,"NJ 31","West",31,"","00000031",7.6,"State Highway","Straight and Level","Blacktop","Wet","Daylight","Rain","Painted Median","None",528,"Foot","South","WEST DELAWARE AVE","NULL","","NULL",35,25,40.32589,-74.79916,"No","","016",408716.995949,543766.387165,NA,"DVRPC",0,"PDO",10050771
3444457,"20101106HT2010-005016","HT2010-005016",2010,"MERCER","Hopewell Twp (Mercer Co)","2010-03-12","Friday","March","15:18:00",1,"HOPEWELL TWP PD","51 NORTH",0,0,0,0,0,"Property Damage","Not At Intersection","No","No","Backing",2,"NJ 31","South",31,"","00000031",7.5,"State Highway","Straight and Level","Blacktop","Wet","Daylight","Rain","None","None",1584,"Foot","South","W DELAWARE AV","NULL","","NULL",35,25,40.32444,-74.79935,"No","","016",408663.088542,543236.812214,NA,"DVRPC",0,"PDO",10050770
3444458,"20101106HT2010-005025","HT2010-005025",2010,"MERCER","Hopewell Twp (Mercer Co)","2010-03-12","Friday","March","17:26:00",1,"HOPEWELL TWP PD","51 NORTH",0,0,0,0,0,"Property Damage","Not At Intersection","No","No","Same Direction - Rear End",3,"NJ 31","South",31,"","00000031",7.5,"State Highway","Curve and Level","Blacktop","Wet","Dusk","Rain","None","None",1584,"Foot","South","W DELAWARE AV","NULL","","NULL",45,25,40.32444,-74.79935,"No","","016",408663.088542,543236.812214,NA,"DVRPC",0,"PDO",10050769
3444459,"20101106HT2010-005042","HT2010-005042",2010,"MERCER","Hopewell Twp (Mercer Co)","2010-03-12","Friday","March","21:36:00",1,"HOPEWELL TWP PD","51S",0,0,0,0,0,"Property Damage","Not At Intersection","No","No","Animal",1,"BULL RUN RD","West",NA,"","11021392",0.14,"Municipal","Straight and Grade","Blacktop","Dry","Dark (Street Lights On/ continuous)","Clear","None","None",100,"Foot","East","LOPATCONG DR","NULL","","NULL",40,25,40.28493,-74.76562,"No","","017",418023.92728,528815.467392,NA,"DVRPC",0,"PDO",10050768
3444460,"20101106HT2010-005120","HT2010-005120",2010,"MERCER","Hopewell Twp (Mercer Co)","2010-03-13","Saturday","March","15:14:00",1,"HOPEWELL TWP PD","53",0,0,0,0,0,"Property Damage","Not At Intersection","No","No","Fixed Object",1,"ROUTE 579","North",579,"","00000579",8.32,"County","Straight and Grade","Blacktop","Wet","Daylight","Rain","None","None",1214,"Foot","South","HARBOURTON WOODSVILLE RD / PLEASANT","NULL","","NULL",45,25,40.34445,-74.85195,"No","TWO TREES DESTROYED AND ONE TREE DAMAGED AT 1443 TRENTON HARBOURTON RD","033",394027.940431,550580.428457,NA,"DVRPC",0,"PDO",10059184
3444461,"20101106HT2010-005144","HT2010-005144",2010,"MERCER","Hopewell Twp (Mercer Co)","2010-03-13","Saturday","March","16:12:00",1,"HOPEWELL TWP PD","52 ZONE",0,0,1,0,0,"Injury","Not At Intersection","No","No","Same Direction - Rear End",2,"NJ 31","North",31,"","00000031",11.59,"State Highway","Curve and Grade","Blacktop","Wet","Dark (Street Lights On/ continuous)","Rain","None","None",3960,"Foot","North","MINE RD","NULL","","NULL",45,25,40.38047,-74.80687,"No","","039",406636.848787,563656.590925,NA,"DVRPC",0,"Pain",10050775
3444462,"20101106HT2010-005181","HT2010-005181",2010,"MERCER","Hopewell Twp (Mercer Co)","2010-03-13","Saturday","March","17:33:00",1,"HOPEWELL TWP PD","52 ZONE",0,0,1,0,0,"Injury","Not At Intersection","No","No","Non-fixed Object",1,"NJ 31","South",31,"","00000031",11.59,"State Highway","Straight and Grade","Blacktop","Wet","Dark (Street Lights On/ continuous)","Rain","None","None",3960,"Foot","North","MINE RD","NULL","","NULL",45,25,40.38047,-74.80687,"No","","039",406636.848787,563656.590925,NA,"DVRPC",0,"Pain",10050774
3444463,"20101106HT2010-005207","HT2010-005207",2010,"MERCER","Hopewell Twp (Mercer Co)","2010-03-13","Saturday","March","18:49:00",1,"HOPEWELL TWP PD","51 NORTH",0,0,0,0,0,"Property Damage","Not At Intersection","No","No","Fixed Object",1,"MERCER COUNTY 625","East",625,"","11000625",1.52,"County","Straight and Level","Concrete","Wet","Dark (No Street Lights)","Rain","None","None",2640,"Foot","East","BLUE SPRUCE DR","NULL","","NULL",50,25,40.34151,-74.74108,"No","","041",424926.116573,549406.9208,NA,"DVRPC",0,"PDO",10050773
3444464,"20101106HT2010-005298","HT2010-005298",2010,"MERCER","Hopewell Twp (Mercer Co)","2010-03-14","Sunday","March","14:18:00",1,"HOPEWELL TWP PD","53",0,0,2,0,0,"Injury","Not At Intersection","No","No","Same Direction - Rear End",2,"NJ 29","South",29,"","00000029",17.01,"State Highway","Straight and Level","Blacktop","Wet","Daylight","Clear","None","None",3326,"Foot","North","VALLEY RD","NULL","","NULL",45,25,40.341,-74.93891,"No","","033",369782.218841,549434.9889,NA,"DVRPC",0,"Pain",10059183
3444465,"20101106HT2010-005478","HT2010-005478",2010,"MERCER","Hopewell Twp (Mercer Co)","2010-03-16","Tuesday","March","09:22:00",1,"HOPEWELL TWP PD","51 NORTH",0,0,2,0,0,"Injury","Not At Intersection","No","No","Same Direction - Rear End",3,"NJ 31","South",31,"","00000031",5.84,"State Highway","Straight and Level","Blacktop","Dry","Daylight","Clear","None","None",1320,"Foot","South","CR 546","NULL","","NULL",40,40,40.30454,-74.78452,"No","","029",412776.01649,535975.877567,NA,"DVRPC",0,"Pain",10059175
3444466,"20101106HT2010-005566","HT2010-005566",2010,"MERCER","Hopewell Twp (Mercer Co)","2010-03-17","Wednesday","March","10:49:00",1,"HOWELL TWP PD","51S",0,0,0,0,0,"Property Damage","Not At Intersection","No","No","Same Direction - Side Swipe",2,"NJ 31","South",31,"","00000031",5.77,"State Highway","Straight and Level","Blacktop","Dry","Daylight","Clear","None","None",660,"Foot","North","DIVERTY RD","NULL","","NULL",45,25,40.30352,-74.78435,"No","","017",412821.72294,535605.363923,NA,"DVRPC",0,"PDO",10059182
3444467,"20101106HT2010-005657","HT2010-005657",2010,"MERCER","Hopewell Twp (Mercer Co)","2010-03-18","Thursday","March","08:48:00",1,"HOPEWELL TWP PD","51 NORTH",0,0,0,0,0,"Property Damage","At Intersection","No","No","Same Direction - Rear End",2,"NJ 31","North",31,"","00000031",6.09,"State Highway","Straight and Level","Blacktop","Dry","Daylight","Clear","None","None",NA,"At","NULL","ROUTE 546/BLACKWELL RD/CR 640/S MAI","NULL","","NULL",35,40,40.30797,-74.78595,"No","","042",412379.49302,537227.42096,NA,"DVRPC",0,"PDO",10059394
3444468,"20101106HT2010-005778","HT2010-005778",2010,"MERCER","Hopewell Twp (Mercer Co)","2010-03-19","Friday","March","16:34:00",1,"HOPEWELL TWP PD","51 NORTH",0,0,1,0,0,"Injury","Not At Intersection","No","No","Same Direction - Rear End",2,"NJ 31","North",31,"","00000031",8.5,"State Highway","Straight and Level","Blacktop","Dry","Daylight","Clear","None","None",500,"Foot","South","N MAIN ST","NULL","","NULL",40,25,40.33873,-74.79664,"No","","041",409437.613543,548440.05419,NA,"DVRPC",0,"Pain",10059180
3444470,"20101106HT2010-005908","HT2010-005908",2010,"MERCER","Hopewell Twp (Mercer Co)","2010-03-21","Sunday","March","18:51:00",1,"HOPEWELL TWP PD","51 SOUTH",0,0,0,0,0,"Property Damage","At Intersection","No","No","Right Angle",2,"ROUTE 546","West",546,"","00000546",2.57,"County","Straight and Level","Blacktop","Dry","Daylight","Clear","None","None",NA,"At","NULL","CR 637 / JACOBS CREEK RD","NULL","","NULL",45,40,40.30765,-74.8257,"No","","024",401295.69474,537148.324343,NA,"DVRPC",0,"PDO",10059179
3444471,"20101106HT2010-005940","HT2010-005940",2010,"MERCER","Hopewell Twp (Mercer Co)","2010-03-22","Monday","March","09:07:00",1,"HOPEWELL TWP PD","51 NORTH",0,0,0,0,0,"Property Damage","Not At Intersection","No","No","Same Direction - Rear End",2,"ROUTE 546","West",546,"","00000546",5.2,"County","Straight and Grade","Blacktop","Wet","Daylight","Rain","None","None",350,"Foot","West","CR 632 / PENNINGTON - LAWRENCEVILLE","NULL","","NULL",35,45,40.3091,-74.77754,"No","","016",414725.335257,537630.849659,NA,"DVRPC",0,"PDO",10059178
3444472,"20101106HT2010-006128","HT2010-006128",2010,"MERCER","Hopewell Twp (Mercer Co)","2010-03-24","Wednesday","March","17:05:00",1,"HOPEWELL TWP PD","51 SOUTH",0,0,0,0,0,"Property Damage","At Intersection","No","No","Same Direction - Side Swipe",2,"NJ 31","North",31,"","00000031",6.09,"State Highway","Curve and Level","Blacktop","Dry","Daylight","Clear","None","None",NA,"At","NULL","ROUTE 546/BLACKWELL RD/CR 640/S MAI","NULL","","NULL",45,40,40.30797,-74.78595,"No","","016",412379.49302,537227.42096,NA,"DVRPC",0,"PDO",10059176
3444608,"20101106HT2010-012519","HT2010-012519",2010,"MERCER","Hopewell Twp (Mercer Co)","2010-06-22","Tuesday","June","07:36:00",1,"HOPEWELL TWP PD","51 SOUTH",0,0,0,0,0,"Property Damage","At Intersection","No","No","Same Direction - Side Swipe",2,"NJ 31","North",31,"","00000031",5.37,"State Highway","Straight and Grade","Blacktop","Dry","Daylight","Clear","None","None",NA,"At","NULL","ORCHARD AVE","NULL","","NULL",45,25,40.29779,-74.78308,"No","","042",413168.103892,533515.072452,NA,"DVRPC",0,"PDO",10140227
3444610,"20101106HT2010-012534","HT2010-012534",2010,"MERCER","Hopewell Twp (Mercer Co)","2010-06-22","Tuesday","June","11:43:00",1,"HOPEWELL TWP PD","51 NORTH",0,0,0,0,0,"Property Damage","At Intersection","No","No","Right Angle",2,"ROUTE 546","West",546,"","00000546",2.57,"County","Straight and Level","Blacktop","Dry","Daylight","Clear","None","None",NA,"At","NULL","CR 637 / JACOBS CREEK RD","NULL","","NULL",45,40,40.30765,-74.8257,"No","","042",401295.69474,537148.324343,NA,"DVRPC",0,"PDO",10140225
3444614,"20101106HT2010-012908","HT2010-012908",2010,"MERCER","Hopewell Twp (Mercer Co)","2010-06-27","Sunday","June","20:27:00",1,"HOPEWELL TWP PD","51N",0,0,0,0,0,"Property Damage","Not At Intersection","No","No","Struck Parked Vehicle",2,"MERCER COUNTY 631","East",631,"","11000631",0.13,"County","Straight and Level","Blacktop","Dry","Dusk","Clear","None","None",660,"Foot","East","CR 546","NULL","","NULL",25,40,40.30952,-74.7957,"No","","017",409662.671527,537798.799978,NA,"DVRPC",0,"PDO",10152392
3444616,"20101106HT2010-012958","HT2010-012958",2010,"MERCER","Hopewell Twp (Mercer Co)","2010-06-28","Monday","June","12:20:00",1,"HOPEWELL TWP PD","51 NORTH",0,0,0,0,0,"Property Damage","Not At Intersection","No","No","Same Direction - Rear End",2,"NJ 31","North",31,"","00000031",6.66,"State Highway","Straight and Level","Blacktop","Dry","Daylight","Clear","None","None",60,"Foot","South","CR 631 / INGLESIDE AVE","NULL","","NULL",45,25,40.31434,-74.79249,"No","","033",410562.850067,539554.004928,NA,"DVRPC",0,"PDO",10140945
3444619,"20101106HT2010-013192","HT2010-013192",2010,"MERCER","Hopewell Twp (Mercer Co)","2010-07-02","Friday","July","00:37:00",1,"HAMILTON TWP PD (MERCER)","53 ZONE",0,0,0,0,0,"Property Damage","At Intersection","No","No","Animal",1,"NJ 29","South",29,"","00000029",12.49,"State Highway","Straight and Level","Blacktop","Dry","Dark (Street Lights On/ continuous)","Clear","None","None",NA,"At","NULL","GRANT ST","NULL","","NULL",45,25,40.30358,-74.87231,"No","","046",388289.564614,535718.672671,NA,"DVRPC",0,"PDO",10152390
3444621,"20101106HT2010-013316","HT2010-013316",2010,"MERCER","Hopewell Twp (Mercer Co)","2010-07-03","Saturday","July","23:53:00",1,"HOPEWELL TWP PD","53",0,0,0,0,0,"Property Damage","Not At Intersection","No","No","Animal",1,"NJ 29","North",29,"","00000029",14.7,"State Highway","Curve and Level","Blacktop","Dry","Dark (No Street Lights)","Clear","None","None",3168,"Foot","South","PLEASANT VALLEY RD","NULL","","NULL",45,35,40.31856,-74.90811,"No","","028",378329.410649,541216.653198,NA,"DVRPC",0,"PDO",10152385
3444623,"20101106HT2010-013437","HT2010-013437",2010,"MERCER","Hopewell Twp (Mercer Co)","2010-07-06","Tuesday","July","06:53:00",1,"HOPEWELL TWP PD","51 NORTH",0,0,2,0,0,"Injury","Not At Intersection","No","No","Opposite Direction - Head On/Angular",2,"NJ 31","North",31,"","00000031",8.58,"State Highway","Curve and Level","Blacktop","Dry","Daylight","Clear","None","None",50,"Foot","South","YARD RD","NULL","","NULL",40,35,40.33983,-74.7962,"No","","046",409559.762076,548840.282384,NA,"DVRPC",0,"Moderate Injury",10152384
3444624,"20101106HT2010-013601","HT2010-013601",2010,"MERCER","Hopewell Twp (Mercer Co)","2010-07-08","Thursday","July","09:10:00",1,"HOPEWELL TWP PD","51 NORTH",0,0,0,0,0,"Property Damage","Not At Intersection","No","No","Same Direction - Rear End",2,"NJ 31","North",31,"","00000031",8.26,"State Highway","Straight and Grade","Blacktop","Dry","Daylight","Clear","None","None",528,"Foot","South","CR 640 / N MAIN ST / TREE FARM RD","NULL","","NULL",40,25,40.33539,-74.79785,"No","","016",409094.77028,547225.57423,NA,"DVRPC",0,"PDO",10152383
3444625,"20101106HT2010-013620","HT2010-013620",2010,"MERCER","Hopewell Twp (Mercer Co)","2010-07-08","Thursday","July","14:40:00",1,"HOPEWELL TWP PD","53 ZONE",0,0,0,0,0,"Property Damage","Not At Intersection","No","No","Animal",1,"NJ 29","North",29,"","00000029",15.4,"State Highway","Straight and Level","Blacktop","Dry","Daylight","Clear","None","None",528,"Foot","North","PLEASANT VALLEY RD","NULL","","NULL",45,NA,40.32502,-74.91818,"No","","044",375533.259888,543583.921869,NA,"DVRPC",0,"PDO",10148958
3444626,"20101106HT2010-013653","HT2010-013653",2010,"MERCER","Hopewell Twp (Mercer Co)","2010-07-08","Thursday","July","21:18:00",1,"HOPEWELL TWP PD","51 NORTH",0,0,0,0,0,"Property Damage","Not At Intersection","No","No","Animal",1,"ROUTE 546","West",546,"","00000546",3.76,"County","Straight and Level","Blacktop","Dry","Dark (No Street Lights)","Clear","None","None",300,"Foot","West","DUBLIN RD","NULL","","NULL",45,30,40.30845,-74.80347,"No","","029",407493.75384,537416.710288,NA,"DVRPC",0,"PDO",10148957
3444628,"20101106HT2010-013749","HT2010-013749",2010,"MERCER","Hopewell Twp (Mercer Co)","2010-07-10","Saturday","July","13:12:00",1,"HOPEWELL TWP PD","52 ZONE",0,0,2,0,0,"Injury","Not At Intersection","No","No","Opposite Direction - Head On/Angular",2,"MERCER COUNTY 654","NULL",654,"","11000654",0.5,"County","Curve and Level","Blacktop","Wet","Daylight","Clear","None","None",50,"Foot","East","CR 612","NULL","","NULL",40,NA,40.3619,-74.79539,"No","","044",409814.225385,556881.662308,NA,"DVRPC",0,"Pain",10154382
3444629,"20101106HT2010-013804","HT2010-013804",2010,"MERCER","Hopewell Twp (Mercer Co)","2010-07-11","Sunday","July","11:44:00",1,"HOPEWELL TWP PD","51",0,0,0,0,0,"Property Damage","Not At Intersection","No","No","Same Direction - Side Swipe",2,"ROUTE 546","East",546,"","00000546",2.82,"County","Straight and Level","Blacktop","Dry","Daylight","Clear","None","None",1320,"Foot","East","CR 637 / JACOBS CREEK RD","NULL","","NULL",45,40,40.30812,-74.82103,"No","","017",402597.389654,537314.613433,NA,"DVRPC",0,"PDO",10154381
3444632,"20101106HT2010-013817","HT2010-013817",2010,"MERCER","Hopewell Twp (Mercer Co)","2010-07-11","Sunday","July","17:37:00",1,"HOPEWELL TWP PD","51S",0,0,0,0,0,"Property Damage","Not At Intersection","No","No","Same Direction - Side Swipe",2,"NJ 31","South",31,"","00000031",6.05,"State Highway","Straight and Level","Blacktop","Dry","Daylight","Clear","Curbed Median","None",200,"Foot","South","ROUTE 546/BLACKWELL RD/CR 640/S MAI","NULL","","NULL",45,40,40.30747,-74.78558,"No","","017",412481.271866,537045.861981,NA,"DVRPC",0,"PDO",10154379
3444633,"20101106HT2010-013899","HT2010-013899",2010,"MERCER","Hopewell Twp (Mercer Co)","2010-07-13","Tuesday","July","00:51:00",1,"HOPEWELL TWP PD","ZONE 53",0,0,0,0,0,"Property Damage","Not At Intersection","No","No","Animal",1,"ROUTE 546","West",546,"","00000546",0.83,"County","Straight and Level","Blacktop","Wet","Dark (Street Lights On/ continuous)","Clear","None","None",1056,"Foot","West","FABROW DR","NULL","","NULL",45,25,40.30558,-74.85603,"No","","022",392833.010562,536428.501622,NA,"DVRPC",0,"PDO",10148952
3444635,"20101106HT2010-013918","HT2010-013918",2010,"MERCER","Hopewell Twp (Mercer Co)","2010-07-13","Tuesday","July","08:49:00",1,"HOPEWELL TWP PD","51 SOUTH",0,0,1,0,0,"Injury","Not At Intersection","No","No","Same Direction - Rear End",2,"I-95 MERCER COUNTY","South",95,"M","00000095M",4,"Interstate","Curve and Level","Blacktop","Wet","Daylight","Rain","Curbed Median","None",NA,"NULL","NULL","","To","PENNINGTON ROAD","North Bound",65,NA,40.28967,-74.79039,"No","","043",411120.980769,530564.921538,NA,"DVRPC",0,"Pain",10154375
3444637,"20101106HT2010-013925","HT2010-013925",2010,"MERCER","Hopewell Twp (Mercer Co)","2010-07-13","Tuesday","July","13:26:00",1,"HOPEWELL TWP PD","51 SOUTH",0,0,0,0,0,"Property Damage","At Intersection","No","No","Same Direction - Side Swipe",2,"NJ 31","South",31,"","00000031",6.09,"State Highway","Curve and Level","Blacktop","Dry","Daylight","Clear","Grass Median","None",NA,"At","NULL","ROUTE 546/BLACKWELL RD/CR 640/S MAI","NULL","","NULL",45,40,40.30797,-74.78595,"No","NONE OBSERVED","024",412379.49302,537227.42096,NA,"DVRPC",0,"PDO",10148953
3444639,"20101106HT2010-013941","HT2010-013941",2010,"MERCER","Hopewell Twp (Mercer Co)","2010-07-13","Tuesday","July","17:22:00",1,"HOPEWELL TWP PD","52",0,0,0,0,0,"Property Damage","At Intersection","No","No","Right Angle",2,"MERCER COUNTY 654","East",654,"","11000654",1.25,"County","Straight and Level","Blacktop","Wet","Daylight","Clear","None","None",NA,"At","North","MOORES MILL MT ROSE RD","NULL","","NULL",40,25,40.36771,-74.78463,"No","","039",412816.902,558987.616,NA,"DVRPC",0,"PDO",10154373
3444640,"20101106HT2010-013987","HT2010-013987",2010,"MERCER","Hopewell Twp (Mercer Co)","2010-07-14","Wednesday","July","16:18:00",1,"HOPEWELL TWP PD","5353",0,0,0,0,0,"Property Damage","At Intersection","No","No","Same Direction - Rear End",2,"NJ 29","South",29,"","00000029",11.95,"State Highway","Straight and Grade","Blacktop","Dry","Daylight","Clear","None","None",NA,"At","NULL","ROUTE 546 / WASHINGTON CROSSING RD","NULL","","NULL",40,45,40.29704,-74.86671,"No","","030",389842.909685,533328.230883,NA,"DVRPC",0,"PDO",10154376
3444641,"20101106HT2010-013988","HT2010-013988",2010,"MERCER","Hopewell Twp (Mercer Co)","2010-07-14","Wednesday","July","16:53:00",1,"HOPEWELL TWP PD","52",0,0,0,0,0,"Property Damage","Not At Intersection","No","No","Right Angle",2,"ROUTE 569","South",569,"","00000569",6.63,"County","Curve and Level","Blacktop","Wet","Daylight","Overcast","None","None",60,"Foot","South","PENNINGTON ROCKY HILL RD","NULL","","NULL",45,45,40.36932,-74.73896,"No","","017",425544.58,559537.28,NA,"DVRPC",0,"PDO",10154378
3444642,"20101106HT2010-013992","HT2010-013992",2010,"MERCER","Hopewell Twp (Mercer Co)","2010-07-14","Wednesday","July","18:05:00",1,"HOPEWELL TWP PD","51 NORTH",0,0,0,0,0,"Property Damage","At Intersection","No","No","Same Direction - Rear End",2,"NJ 31","NULL",31,"","00000031",6.09,"State Highway","Curve and Level","Blacktop","Dry","Daylight","Clear","Curbed Median","None",NA,"At","NULL","ROUTE 546/BLACKWELL RD/CR 640/S MAI","NULL","","NULL",45,40,40.30797,-74.78595,"No","","044",412379.49302,537227.42096,NA,"DVRPC",0,"PDO",10154374
3444643,"20101106HT2010-013999","HT2010-013999",2010,"MERCER","Hopewell Twp (Mercer Co)","2010-07-14","Wednesday","July","19:47:00",1,"HOPEWELL TWP PD","51 NORTH",0,0,0,0,0,"Property Damage","Not At Intersection","No","No","Struck Parked Vehicle",2,"ROUTE 546","East",546,"","00000546",6.59,"County","Straight and Level","Blacktop","Dry","Daylight","Clear","None","None",NA,"NULL","NULL","","NULL","","NULL",NA,NA,40.30587,-74.7533,"No","","016",421483.890712,536432.431302,NA,"DVRPC",0,"PDO",10154369
3444644,"20101106HT2010-014035","HT2010-014035",2010,"MERCER","Hopewell Twp (Mercer Co)","2010-07-15","Thursday","July","12:23:00",1,"HOPEWELL TWP PD","51 NORTH",0,0,1,0,0,"Injury","At Intersection","No","No","Right Angle",2,"ROUTE 569","North",569,"","00000569",4.81,"County","Straight and Level","Blacktop","Dry","Daylight","Clear","None","None",NA,"At","NULL","CR 625 / ELM RIDGE RD","NULL","","NULL",45,50,40.34592,-74.72943,"No","","015",428178.54,551005.74,NA,"DVRPC",0,"Pain",10154377
3444646,"20101106HT2010-014092","HT2010-014092",2010,"MERCER","Hopewell Twp (Mercer Co)","2010-07-16","Friday","July","13:55:00",1,"HOPEWELL TWP PD","51 NORTH",0,0,2,0,0,"Injury","At Intersection","No","No","Right Angle",2,"MERCER COUNTY 623","East",623,"","11000623",1.95,"County","Straight and Level","Blacktop","Dry","Daylight","Clear","None","None",NA,"At","NULL","BURD RD","NULL","","NULL",45,25,40.32992,-74.81552,"No","","029",404163.383814,545250.929318,NA,"DVRPC",0,"Pain",10154364
3444647,"20101106HT2010-014099","HT2010-014099",2010,"MERCER","Hopewell Twp (Mercer Co)","2010-07-16","Friday","July","16:24:00",1,"HOPEWELL TWP PD","5252",0,0,0,0,0,"Property Damage","At Intersection","No","No","Fixed Object",1,"NJ 31","North",31,"","00000031",12.27,"State Highway","Straight and Level","Blacktop","Dry","Daylight","Clear","Curbed Median","None",NA,"At","NULL","ROUTE 518 / LAMBERTVILLE-HOPEWELL R","NULL","","NULL",45,40,40.38326,-74.81903,"No","YIELD SIGN/POST","030",403253.86,564684.83,NA,"DVRPC",0,"PDO",10154368
3444648,"20101106HT2010-014216","HT2010-014216",2010,"MERCER","Hopewell Twp (Mercer Co)","2010-07-18","Sunday","July","13:47:00",1,"HOPEWELL TWP PD","51 SOUTH",0,0,1,0,0,"Injury","Not At Intersection","No","No","Fixed Object",1,"NJ 31","South",31,"","00000031",5.64,"State Highway","Straight and Level","Blacktop","Dry","Daylight","Clear","None","None",NA,"Foot","North","DIVERTY RD","NULL","","NULL",45,25,40.30163,-74.7841,"No","","045",412887.614197,534917.400562,NA,"DVRPC",0,"Moderate Injury",10154370
3444650,"20101106HT2010-014417","HT2010-014417",2010,"MERCER","Hopewell Twp (Mercer Co)","2010-07-21","Wednesday","July","15:20:00",1,"HOPEWELL TWP PD","52 ZONE",0,0,0,0,0,"Property Damage","At Intersection","No","No","Opposite Direction - Side Swipe",2,"NJ 31","South",31,"","00000031",10.84,"State Highway","Straight and Level","Blacktop","Dry","Daylight","Clear","None","None",NA,"At","NULL","MINE RD","NULL","","NULL",45,25,40.37233,-74.79827,"No","","044",409022.285877,560682.340014,NA,"DVRPC",0,"PDO",10170106
3444651,"20101106HT2010-014552","HT2010-014552",2010,"MERCER","Hopewell Twp (Mercer Co)","2010-07-23","Friday","July","10:55:00",1,"HOPEWELL TWP PD","52",0,0,2,0,0,"Injury","Not At Intersection","No","No","Opposite Direction - Head On/Angular",2,"MERCER COUNTY 654","West",654,"","11000654",1.25,"County","Curve and Level","Blacktop","Dry","Daylight","Clear","None","None",1056,"Foot","West","MOORES MILL MT ROSE RD","NULL","","NULL",45,25,40.36771,-74.78463,"No","","040",412816.902,558987.616,NA,"DVRPC",0,"Pain",10170110
3444653,"20101106HT2010-014635","HT2010-014635",2010,"MERCER","Hopewell Twp (Mercer Co)","2010-07-24","Saturday","July","11:30:00",1,"HOPEWELL TWP PD","51 NORTH",0,0,0,0,0,"Property Damage","At Intersection","No","No","Same Direction - Rear End",2,"NJ 31","North",31,"","00000031",6.44,"State Highway","Straight and Level","Blacktop","Dry","Daylight","Clear","None","None",NA,"At","NULL","SEARCH AVE","NULL","","NULL",45,25,40.31171,-74.79008,"No","","033",411232.450779,538593.177453,NA,"DVRPC",0,"PDO",10170198
3444654,"20101106HT2010-014850","HT2010-014850",2010,"MERCER","Hopewell Twp (Mercer Co)","2010-07-27","Tuesday","July","11:04:00",1,"HOPEWELL TWP PD","51SOSE",0,0,2,0,0,"Injury","At Intersection","No","No","Right Angle",2,"NJ 31","South",31,"","00000031",5.48,"State Highway","Straight and Level","Blacktop","Dry","Daylight","Clear","None","None",NA,"At","East","DENOW RD","NULL","","NULL",45,35,40.29937,-74.78372,"No","","029",412992.371566,534092.045544,NA,"DVRPC",0,"Pain",10170107
3444655,"20101106HT2010-014867","HT2010-014867",2010,"MERCER","Hopewell Twp (Mercer Co)","2010-07-27","Tuesday","July","16:23:00",1,"HOPEWELL TWP PD","51 NORTH",0,0,0,0,0,"Property Damage","At Intersection","No","No","Same Direction - Rear End",2,"NJ 31","North",31,"","00000031",6.09,"State Highway","Curve and Level","Blacktop","Dry","Daylight","Clear","Curbed Median","None",NA,"At","NULL","ROUTE 546/BLACKWELL RD/CR 640/S MAI","NULL","","NULL",45,45,40.30797,-74.78595,"No","","029",412379.49302,537227.42096,NA,"DVRPC",0,"PDO",10170108