"ID","DOT_WEB_ID","CASE_NUMBER","CRASH_YEAR","COUNTY","MUNICIPALITY","CRASH_DATE","CRASH_DAY_OF_WEEK","CRASH_MONTH","CRASH_TIME","POLICE_DEPT_CODE","POLICE_DEPARTMENT","POLICE_STATION","TOTAL_KILLED","TOTAL_INCAPACITATED","TOTAL_INJURED","PEDESTRIANS_KILLED","PEDESTRIANS_INJURED","SEVERITY","INTERSECTION","ALCOHOL_INVOLVED","HAZMAT_INVOLVED","CRASH_TYPE","TOTAL_VEHICLES_INVOLVED","CRASH_LOCATION","LOCATION_DIRECTION","ROUTE","ROUTE_SUFFIX","SRI","MILEPOST","ROAD_SYSTEM","ROAD_CHARACTER","ROAD_SURFACE_TYPE","SURFACE_CONDITION","LIGHT_CONDITION","ENVIRONMENTAL_CONDITION","ROAD_DIVIDED_BY","TEMP_TRAFFIC_CONTROL_ZONE","DISTANCE_TO_CROSS_STREET","UNIT_OF_MEASUREMENT","DIRECTION_FROM_CROSS_STREET","CROSS_STREET_NAME","IS_RAMP","RAMP_TO_FROM_ROUTE_NAME","RAMP_TO_FROM_ROUTE_DIRECTION","POSTED_SPEED","POSTED_SPEED_CROSS_STREET","LATITUDE","LONGITUDE","CELL_PHONE_IN_USE","OTHER_PROPERTY_DAMAGE","REPORTING_BADGE_NO","X","Y","CRASH_NARRATIVE","MPO","TOTAL_PEDESTRIANS_INVOLVED","EPDO","DLN"
3444656,"20101106HT2010-014934","HT2010-014934",2010,"MERCER","Hopewell Twp (Mercer Co)","2010-07-28","Wednesday","July","17:12:00",1,"HOPEWELL TWP PD","51 NORTH",0,0,0,0,0,"Property Damage","Not At Intersection","No","No","Same Direction - Rear End",2,"NJ 31","North",31,"","00000031",6.34,"State Highway","Straight and Level","Blacktop","Dry","Daylight","Clear","None","None",528,"Foot","South","SEARCH AVE","NULL","","NULL",45,25,40.31052,-74.78899,"No","","015",411536.553717,538156.584499,NA,"DVRPC",0,"PDO",10170102
3444659,"20101106HT2010-015061","HT2010-015061",2010,"MERCER","Hopewell Twp (Mercer Co)","2010-07-30","Friday","July","04:29:00",1,"HOPEWELL TWP PD","53",0,0,0,0,0,"Property Damage","Not At Intersection","No","No","Animal",1,"NJ 29","North",29,"","00000029",13.83,"State Highway","Straight and Level","Blacktop","Dry","Dark (Street Lights On/ continuous)","Clear","None","None",528,"Foot","South","FIDDLERS CREEK RD","NULL","","NULL",45,35,40.31521,-74.89254,"No","NONE","039",382667.877484,539976.073698,NA,"DVRPC",0,"PDO",10170103
3444661,"20101106HT2010-015158","HT2010-015158",2010,"MERCER","Hopewell Twp (Mercer Co)","2010-07-31","Saturday","July","12:54:00",1,"HOPEWELL TWP PD","51 NORTH",0,0,0,0,0,"Property Damage","Not At Intersection","No","No","Same Direction - Rear End",2,"NJ 31","North",31,"","00000031",6.13,"State Highway","Curve and Level","Blacktop","Dry","Daylight","Clear","None","None",200,"Foot","North","ROUTE 546/BLACKWELL RD/CR 640/S MAI","NULL","","NULL",45,40,40.30849,-74.78631,"No","","041",412279.847243,537417.716826,NA,"DVRPC",0,"PDO",10169501
3444663,"20101106HT2010-015299","HT2010-015299",2010,"MERCER","Hopewell Twp (Mercer Co)","2010-08-02","Monday","August","11:00:00",1,"HOPEWELL TWP PD","53",0,0,0,0,0,"Property Damage","Not At Intersection","No","No","Fixed Object",1,"ROUTE 579","North",579,"","00000579",5.81,"County","Straight and Level","Blacktop","Dry","Daylight","Clear","None","None",30,"Foot","North","ROUTE 546 / WASHINGTON CROSSING PEN","NULL","","NULL",50,45,40.30935,-74.84858,"Yes","PSE&G UTILITY POLE #60548HW","028",394916.432937,537792.518285,NA,"DVRPC",0,"PDO",10170099
3444664,"20101106HT2010-015328","HT2010-015328",2010,"MERCER","Hopewell Twp (Mercer Co)","2010-08-02","Monday","August","17:45:00",1,"HOPEWELL TWP PD","51 SOUTH",0,0,1,0,0,"Injury","At Intersection","No","No","Same Direction - Rear End",2,"NJ 31","South",31,"","00000031",6.09,"State Highway","Curve and Level","Blacktop","Dry","Daylight","Clear","Curbed Median","None",NA,"At","NULL","ROUTE 546/BLACKWELL RD/CR 640/S MAI","NULL","","NULL",45,NA,40.30797,-74.78595,"No","","044",412379.49302,537227.42096,NA,"DVRPC",0,"Pain",10170098
3444665,"20101106HT2010-015425","HT2010-015425",2010,"MERCER","Hopewell Twp (Mercer Co)","2010-08-03","Tuesday","August","18:08:00",1,"HOPEWELL TWP PD","51 SOUTH",0,0,0,0,0,"Property Damage","Not At Intersection","No","No","Same Direction - Side Swipe",2,"NJ 31","South",31,"","00000031",5.06,"State Highway","Straight and Level","Blacktop","Dry","Daylight","Clear","None","None",100,"Foot","South","BRANDON RD","NULL","","NULL",45,NA,40.29343,-74.78302,"No","","044",413179.451194,531927.760679,NA,"DVRPC",0,"PDO",10172265
3444666,"20101106HT2010-015614","HT2010-015614",2010,"MERCER","Hopewell Twp (Mercer Co)","2010-08-06","Friday","August","07:16:00",1,"HOPEWELL TWP PD","51 ZONE",0,0,0,0,0,"Property Damage","At Intersection","No","No","Same Direction - Side Swipe",2,"NJ 31","South",31,"","00000031",6.09,"State Highway","Curve and Level","Blacktop","Dry","Daylight","Clear","Grass Median","None",NA,"At","NULL","ROUTE 546/BLACKWELL RD/CR 640/S MAI","NULL","","NULL",45,40,40.30797,-74.78595,"No","","024",412379.49302,537227.42096,NA,"DVRPC",0,"PDO",10169498
3444667,"20101106HT2010-015614A","HT2010-015614A",2010,"MERCER","Hopewell Twp (Mercer Co)","2010-08-06","Friday","August","07:16:00",1,"HOPEWELL TWP PD","51 ZONE",0,0,0,0,0,"Property Damage","At Intersection","No","No","Same Direction - Side Swipe",2,"NJ 31","South",31,"","00000031",6.09,"State Highway","Curve and Level","Blacktop","Dry","Daylight","Clear","Grass Median","None",NA,"At","NULL","ROUTE 546/BLACKWELL RD/CR 640/S MAI","NULL","","NULL",45,40,40.30797,-74.78595,"No","","024",412379.49302,537227.42096,NA,"DVRPC",0,"PDO",10172266
3444668,"20101106HT2010-015634","HT2010-015634",2010,"MERCER","Hopewell Twp (Mercer Co)","2010-08-06","Friday","August","11:15:00",1,"HOPEWELL TWP PD","51 SOUTH",0,0,0,0,0,"Property Damage","At Intersection","No","No","Right Angle",2,"NJ 31","South",31,"","00000031",6.09,"State Highway","Straight and Level","Blacktop","Dry","Daylight","Clear","Curbed Median","None",NA,"At","NULL","ROUTE 546/BLACKWELL RD/CR 640/S MAI","NULL","","NULL",45,NA,40.30797,-74.78595,"No","","043",412379.49302,537227.42096,NA,"DVRPC",0,"PDO",10172268
3444669,"20101106HT2010-015663","HT2010-015663",2010,"MERCER","Hopewell Twp (Mercer Co)","2010-08-06","Friday","August","19:03:00",1,"HOPEWELL TWP PD","ZONE 51 NORTH",0,0,0,0,0,"Property Damage","At Intersection","No","No","Same Direction - Rear End",2,"NJ 31","South",31,"","00000031",9.07,"State Highway","Straight and Level","Blacktop","Dry","Daylight","Clear","None","None",NA,"At","NULL","WOOSAMONSA RD","NULL","","NULL",40,25,40.34689,-74.79668,"No","","022",409434.08,551412.52,NA,"DVRPC",0,"PDO",10169500
3444670,"20101106HT2010-015755","HT2010-015755",2010,"MERCER","Hopewell Twp (Mercer Co)","2010-08-08","Sunday","August","13:51:00",1,"HOPEWELL TWP PD","51 SOUTH",0,0,0,0,0,"Property Damage","At Intersection","No","No","Same Direction - Rear End",3,"NJ 31","North",31,"","00000031",4.84,"State Highway","Straight and Grade","Blacktop","Dry","Daylight","Clear","None","None",NA,"At","NULL","I- 95","NULL","","NULL",45,NA,40.29044,-74.78453,"No","","042",412755.08,530841.55,NA,"DVRPC",0,"PDO",10172267
3444672,"20101106HT2010-015980","HT2010-015980",2010,"MERCER","Hopewell Twp (Mercer Co)","2010-08-11","Wednesday","August","23:53:00",1,"HOPEWELL TWP PD","53 ZONE",0,0,0,0,0,"Property Damage","Not At Intersection","Yes","No","Same Direction - Rear End",2,"NJ 29","South",29,"","00000029",12.29,"State Highway","Straight and Level","Blacktop","Dry","Dark (No Street Lights)","Clear","None","Utility Zone",1056,"Foot","South","GRANT ST","NULL","","NULL",45,25,40.30113,-74.87029,"No","","043",388848.562032,534821.75228,NA,"DVRPC",0,"PDO",10179890
3444673,"20101106HT2010-015996","HT2010-015996",2010,"MERCER","Hopewell Twp (Mercer Co)","2010-08-12","Thursday","August","08:37:00",1,"HOPEWELL TWP PD","ZONE 51 NORTH",0,0,0,0,0,"Property Damage","Not At Intersection","No","No","Opposite Direction - Side Swipe",2,"NJ 31","South",31,"","00000031",6.4,"State Highway","Straight and Level","Blacktop","Dry","Daylight","Clear","None","None",200,"Foot","South","SEARCH AVE","NULL","","NULL",45,25,40.31123,-74.78964,"No","NONE","022",411353.99,538419.26,NA,"DVRPC",0,"PDO",10179891
3444675,"20101106HT2010-016039","HT2010-016039",2010,"MERCER","Hopewell Twp (Mercer Co)","2010-08-13","Friday","August","05:49:00",1,"HOPEWELL TWP PD","52 ZONE",0,0,0,0,0,"Property Damage","Not At Intersection","No","No","Animal",1,"MERCER COUNTY 654","West",654,"","11000654",1.78,"County","Straight and Level","Blacktop","Dry","Dawn","Clear","None","None",528,"Foot","West","CEDAR DR","NULL","","NULL",40,25,40.37478,-74.78243,"No","","039",413440.49252,561561.897709,NA,"DVRPC",0,"PDO",10179799
3444676,"20101106HT2010-016056","HT2010-016056",2010,"MERCER","Hopewell Twp (Mercer Co)","2010-08-13","Friday","August","10:18:00",1,"HOPEWELL TWP PD","51 SOUTH",0,0,0,0,0,"Property Damage","At Intersection","No","No","Right Angle",2,"NJ 31","South",31,"","00000031",4.84,"State Highway","Straight and Level","Blacktop","Dry","Daylight","Clear","None","None",NA,"At","NULL","I- 95","NULL","","NULL",45,65,40.29044,-74.78453,"No","","028",412755.08,530841.55,NA,"DVRPC",0,"PDO",10179889
3444678,"20101106HT2010-016235","HT2010-016235",2010,"MERCER","Hopewell Twp (Mercer Co)","2010-08-15","Sunday","August","16:58:00",1,"HOPEWELL TWP PD","51 NORTH",0,0,0,0,0,"Property Damage","Not At Intersection","No","No","Fixed Object",1,"NJ 31","North",31,"","00000031",6.1,"State Highway","Curve and Level","Blacktop","Wet","Daylight","Rain","None","None",50,"Foot","North","ROUTE 546/BLACKWELL RD/CR 640/S MAI","NULL","","NULL",45,40,40.3081,-74.78605,"No","END POINT OF GUARD RAIL BROKEN OF","044",412352.587118,537273.932798,NA,"DVRPC",0,"PDO",10179792
3444679,"20101106HT2010-016264","HT2010-016264",2010,"MERCER","Hopewell Twp (Mercer Co)","2010-08-16","Monday","August","06:03:00",1,"HOPEWELL TWP PD","53",0,0,0,0,0,"Property Damage","Not At Intersection","No","No","Animal",1,"ROUTE 579","South",579,"","00000579",6.66,"County","Curve and Level","Blacktop","Dry","Dawn","Clear","None","None",5280,"Foot","South","CR 623 / PLEASANT VALLEY RD","NULL","","NULL",50,35,40.32107,-74.85292,"No","","031",393722.171596,542066.914554,NA,"DVRPC",0,"PDO",10179791
3444681,"20101106HT2010-016347","HT2010-016347",2010,"MERCER","Hopewell Twp (Mercer Co)","2010-08-17","Tuesday","August","11:01:00",1,"HOPEWELL TWP PD","53 ZONE",0,0,0,0,0,"Property Damage","At Intersection","No","No","Backing",2,"ROUTE 579","South",579,"","00000579",5.8,"County","Straight and Level","Blacktop","Dry","Daylight","Clear","None","None",NA,"At","NULL","ROUTE 546 / WASHINGTON CROSSING PEN","NULL","","NULL",50,45,40.30921,-74.84853,"No","","039",394930.39,537742.39,NA,"DVRPC",0,"PDO",10179794
3444684,"20101106HT2010-016564","HT2010-016564",2010,"MERCER","Hopewell Twp (Mercer Co)","2010-08-20","Friday","August","07:28:00",1,"HOPEWELL TWP PD","5353",0,0,0,0,0,"Property Damage","Not At Intersection","No","No","Same Direction - Rear End",2,"NJ 29","South",29,"","00000029",15.3,"State Highway","Straight at Hillcrest","Blacktop","Dry","Daylight","Clear","None","None",25,"Foot","North","PLEASANT VALLEY RD","NULL","","NULL",45,35,40.32401,-74.91683,"No","","030",375907.521146,543214.673455,NA,"DVRPC",0,"PDO",10192028
3444687,"20101106HT2010-016601","HT2010-016601",2010,"MERCER","Hopewell Twp (Mercer Co)","2010-08-20","Friday","August","16:27:00",1,"HOPEWELL TWP PD","53 ZONE",0,0,0,0,0,"Property Damage","At Intersection","No","No","Animal",1,"ROUTE 579","North",579,"","00000579",5.93,"County","Straight and Level","Blacktop","Dry","Daylight","Clear","None","None",NA,"At","East","CONTINENTAL LA","NULL","","NULL",45,25,40.31101,-74.84933,"No","","029",394708.72,538397.33,NA,"DVRPC",0,"PDO",10192446
3444690,"20101106HT2010-016790","HT2010-016790",2010,"MERCER","Hopewell Twp (Mercer Co)","2010-08-23","Monday","August","09:45:00",1,"HOPEWELL TWP PD","51 NORTH",0,0,1,0,0,"Injury","Not At Intersection","No","No","Same Direction - Rear End",4,"NJ 31","North",31,"","00000031",6.11,"State Highway","Curve and Level","Blacktop","Dry","Daylight","Clear","None","None",100,"Foot","North","ROUTE 546/BLACKWELL RD/CR 640/S MAI","NULL","","NULL",45,40,40.30823,-74.78614,"No","","046",412326.939234,537321.152921,NA,"DVRPC",0,"Pain",10192024
3444691,"20101106HT2010-016802","HT2010-016802",2010,"MERCER","Hopewell Twp (Mercer Co)","2010-08-23","Monday","August","13:23:00",1,"HOPEWELL TWP PD","51 SOUTH",0,0,0,0,0,"Property Damage","Not At Intersection","No","No","Same Direction - Rear End",2,"NJ 31","South",31,"","00000031",5.03,"State Highway","Straight and Level","Blacktop","Wet","Daylight","Rain","None","None",250,"Foot","South","BRANDON RD","NULL","","NULL",45,25,40.29303,-74.78322,"No","","041",413124.774716,531780.313167,NA,"DVRPC",0,"PDO",10192021
3444692,"20101106HT2010-016814","HT2010-016814",2010,"MERCER","Hopewell Twp (Mercer Co)","2010-08-23","Monday","August","17:27:00",1,"HOPEWELL TWP PD","51 NORTH",0,0,0,0,0,"Property Damage","Not At Intersection","No","No","Same Direction - Rear End",2,"NJ 31","North",31,"","00000031",9.14,"State Highway","Straight and Level","Blacktop","Wet","Daylight","Rain","None","None",300,"Foot","South","TITUS MILL RD","NULL","","NULL",40,40,40.34787,-74.79687,"No","","032",409384.328812,551772.129665,NA,"DVRPC",0,"PDO",10197927
3444693,"20101106HT2010-016815","HT2010-016815",2010,"MERCER","Hopewell Twp (Mercer Co)","2010-08-23","Monday","August","17:30:00",1,"HOPEWELL TWP PD","51 NORTH",0,0,0,0,0,"Property Damage","Not At Intersection","No","No","Same Direction - Rear End",2,"NJ 31","North",31,"","00000031",9.18,"State Highway","Straight and Level","Blacktop","Wet","Daylight","Rain","None","None",100,"Foot","South","TITUS MILL RD","NULL","","NULL",45,40,40.34845,-74.79698,"No","NONE","045",409354.308801,551980.811755,NA,"DVRPC",0,"PDO",10197923
3444694,"20101106HT2010-016879","HT2010-016879",2010,"MERCER","Hopewell Twp (Mercer Co)","2010-08-24","Tuesday","August","19:21:00",1,"HOPEWELL TWP PD","51 NORTH",0,0,1,0,0,"Injury","At Intersection","No","No","Same Direction - Rear End",2,"NJ 31","East",31,"","00000031",9.66,"State Highway","Straight and Level","Blacktop","Dry","Daylight","Clear","None","None",NA,"At","NULL","CR 654 / PENNINGTON-HOPEWELL RD","NULL","","NULL",40,45,40.35533,-74.79798,"No","","040",409083.07,554489.9,NA,"DVRPC",0,"Pain",10192442
3444696,"20101106HT2010-017078","HT2010-017078",2010,"MERCER","Hopewell Twp (Mercer Co)","2010-08-27","Friday","August","13:36:00",1,"HOPEWELL TWP PD","51 NORTH",0,0,1,0,0,"Injury","At Intersection","No","No","Same Direction - Rear End",2,"NJ 31","South",31,"","00000031",9.2,"State Highway","Straight and Level","Blacktop","Dry","Daylight","Clear","None","None",NA,"At","NULL","TITUS MILL RD","NULL","","NULL",40,40,40.34873,-74.79703,"No","","16",409339.432898,552085.19056,NA,"DVRPC",0,"Pain",10192432
3444697,"20101106HT2010-017092","HT2010-017092",2010,"MERCER","Hopewell Twp (Mercer Co)","2010-08-27","Friday","August","16:33:00",1,"HOPEWELL TWP PD","51 NORTH",0,0,2,0,0,"Injury","At Intersection","No","No","Right Angle",2,"PENNINGTON-TITUSVILLE RD","West",NA,"","11061023",0.85,"Municipal","Straight and Level","Blacktop","Dry","Daylight","Clear","None","None",NA,"At","NULL","SCOTCH ROAD","NULL","","NULL",40,40,40.32459,-74.81615,"No","","16",403978.89,543309.04,NA,"DVRPC",0,"Moderate Injury",10192434
3444702,"20101106HT2010-017228","HT2010-017228",2010,"MERCER","Hopewell Twp (Mercer Co)","2010-08-29","Sunday","August","22:20:00",1,"HOPEWELL TWP PD","51 SOUTH",0,0,0,0,0,"Property Damage","Not At Intersection","No","No","Animal",1,"ROUTE 546","East",546,"","00000546",3.76,"County","Straight and Level","Blacktop","Dry","Dark (Street Lights On/ continuous)","Clear","None","None",2640,"Foot","East","CR 611 / SCOTCH RD","NULL","","NULL",45,40,40.30845,-74.80347,"No","","045",407493.75384,537416.710288,NA,"DVRPC",0,"PDO",10192438
3444703,"20101106HT2010-017359","HT2010-017359",2010,"MERCER","Hopewell Twp (Mercer Co)","2010-08-31","Tuesday","August","18:46:00",1,"HOPEWELL TWP PD","53",0,0,0,0,0,"Property Damage","Not At Intersection","No","No","Animal",1,"NJ 29","North",29,"","00000029",16.36,"State Highway","Straight and Level","Blacktop","Dry","Daylight","Clear","None","None",100,"Foot","South","VALLEY RD","NULL","","NULL",45,25,40.33564,-74.9291,"No","","028",372508.88,547468.01,NA,"DVRPC",0,"PDO",10192436
3444705,"20101106HT2010-017441","HT2010-017441",2010,"MERCER","Hopewell Twp (Mercer Co)","2010-09-01","Wednesday","September","23:21:00",1,"HOPEWELL TWP PD","53",0,0,0,0,0,"Property Damage","Not At Intersection","No","No","Animal",1,"ROUTE 579","South",579,"","00000579",7.36,"County","Straight and Level","Blacktop","Dry","Dark (No Street Lights)","Clear","None","None",1584,"Foot","South","CR 623 / PLEASANT VALLEY RD","NULL","","NULL",50,35,40.33079,-74.84969,"No","","028",394637.777725,545603.809018,NA,"DVRPC",0,"PDO",10192435
3444706,"20101106HT2010-017451","HT2010-017451",2010,"MERCER","Hopewell Twp (Mercer Co)","2010-09-02","Thursday","September","07:20:00",1,"HOPEWELL TWP PD","51",0,0,0,0,0,"Property Damage","At Intersection","No","No","Same Direction - Rear End",2,"ROUTE 546","East",546,"","00000546",2.57,"County","Straight and Level","Blacktop","Dry","Daylight","Clear","None","None",NA,"At","NULL","CR 637 / JACOBS CREEK RD","NULL","","NULL",45,40,40.30765,-74.8257,"No","","15",401295.69474,537148.324343,NA,"DVRPC",0,"PDO",10192433
3444709,"20101106HT2010-017523","HT2010-017523",2010,"MERCER","Hopewell Twp (Mercer Co)","2010-09-03","Friday","September","08:07:00",1,"HOPEWELL TWP PD","ZONE 51 NORTH",0,0,0,0,0,"Property Damage","At Intersection","No","No","Same Direction - Rear End",2,"NJ 31","North",31,"","00000031",9.07,"State Highway","Straight and Level","Blacktop","Dry","Daylight","Clear","None","None",NA,"At","NULL","WOOSAMONSA RD","NULL","","NULL",40,25,40.34689,-74.79668,"No","","022",409434.08,551412.52,NA,"DVRPC",0,"PDO",10197922
3444713,"20101106HT2010-017739","HT2010-017739",2010,"MERCER","Hopewell Twp (Mercer Co)","2010-09-06","Monday","September","11:26:00",1,"HOPEWELL TWP PD","53",0,0,1,0,0,"Injury","At Intersection","No","No","Right Angle",2,"NJ 29","North",29,"","00000029",10.89,"State Highway","Straight and Level","Blacktop","Dry","Daylight","Clear","None","None",NA,"At","NULL","MADDOCK RD","NULL","","NULL",45,25,40.28362,-74.85709,"No","","028",392506.174732,528428.747631,NA,"DVRPC",0,"Pain",10197919
3444921,"20101106HT2010-025846","HT2010-025846",2010,"MERCER","Hopewell Twp (Mercer Co)","2010-12-24","Friday","December","16:07:00",1,"HOPEWELL TWP PD","51NO",0,0,0,0,0,"Property Damage","Not At Intersection","No","Yes","Backing",2,"MERCER COUNTY 625","West",625,"","11000625",2.17,"County","Straight and Level","Blacktop","Dry","Daylight","Clear","None","None",200,"Foot","West","CARTER RD/RT 569","NULL","","NULL",50,40,40.34561,-74.73007,"No","NONE","028",427999.502246,550892.321169,NA,"DVRPC",0,"PDO",10294169
3444927,"20101106HT2010-025993","HT2010-025993",2010,"MERCER","Hopewell Twp (Mercer Co)","2010-12-27","Monday","December","06:04:00",1,"HOPEWELL TWP PD","51 NORTH",0,0,0,0,0,"Property Damage","Not At Intersection","No","No","Struck Parked Vehicle",2,"PENNINGTON-ROCKY HILL RD","South",NA,"","11061002",0.56,"Municipal","Straight and Level","Blacktop","Snowy","Dawn","Snow","None","None",1056,"Foot","South","BAYBERRY RD","NULL","","NULL",45,NA,40.35374,-74.75792,"No","","048",420244.73,553874.73,NA,"DVRPC",0,"PDO",10294163
3444931,"20101106HT2J10-016940","HT2J10-016940",2010,"MERCER","Hopewell Twp (Mercer Co)","2010-08-25","Wednesday","August","15:45:00",1,"HOPEWELL TWP PD","51 SOUTH",0,0,1,0,0,"Injury","At Intersection","No","No","Same Direction - Rear End",2,"NJ 31","South",31,"","00000031",6.09,"State Highway","Curve and Level","Blacktop","Dry","Daylight","Clear","Curbed Median","None",NA,"At","NULL","ROUTE 546/BLACKWELL RD/CR 640/S MAI","NULL","","NULL",45,40,40.30797,-74.78595,"No","","044",412379.49302,537227.42096,NA,"DVRPC",0,"Moderate Injury",10192443
3444933,"20101106MT2010-013977","MT2010-013977",2010,"MERCER","Hopewell Twp (Mercer Co)","2010-07-14","Wednesday","July","08:22:00",1,"HOPEWELL TWP PD","51",0,0,0,0,0,"Property Damage","At Intersection","No","No","Right Angle",2,"NJ 31","North",31,"","00000031",6.09,"State Highway","Straight and Level","Blacktop","Dry","Daylight","Clear","Curbed Median","None",NA,"At","NULL","ROUTE 546/BLACKWELL RD/CR 640/S MAI","NULL","","NULL",45,40,40.30797,-74.78595,"No","","017",412379.49302,537227.42096,NA,"DVRPC",0,"PDO",10154380
3444935,"2010110710-10094-AC","10-10094-AC",2010,"MERCER","Lawrence Twp (Mercer Co)","2010-03-10","Wednesday","March","16:49:00",1,"LAWRENCE TWP PD","",0,0,0,0,0,"Property Damage","Not At Intersection","No","No","Fixed Object",1,"US 1","NULL",1,"","00000001",3.75,"State Highway","Curve and Grade","Blacktop","Dry","Daylight","Clear","Barrier Median","None",NA,"NULL","NULL","","NULL","","NULL",55,NA,40.24889,-74.72691,"No","NJ DOT - BRUNSWICK PK TRENTON NJ","117",428789.72,515656.32,NA,"DVRPC",0,"PDO",10044841
3444936,"2010110710-10098-AC","10-10098-AC",2010,"MERCER","Lawrence Twp (Mercer Co)","2010-03-10","Wednesday","March","17:59:00",1,"LAWRENCE TWP PD","",0,0,0,0,0,"Property Damage","Not At Intersection","No","No","Same Direction - Side Swipe",2,"US 1 BUSINESS","North",1,"B","00000001B",1.85,"State Highway","Straight and Level","Blacktop","Dry","Dark (Street Lights On/ continuous)","Overcast","Barrier Median","None",50,"Foot","North","HOPATCONG DR","NULL","","NULL",45,25,40.26081,-74.72334,"No","","192",429795.853969,519996.543817,NA,"DVRPC",0,"PDO",10053411
3444937,"2010110710-10179-AC","10-10179-AC",2010,"MERCER","Lawrence Twp (Mercer Co)","2010-03-11","Thursday","March","10:17:00",1,"LAWRENCE TWP PD","",0,0,0,0,0,"Property Damage","Not At Intersection","No","No","Opposite Direction - Head On/Angular",2,"DARRAH LN","South",NA,"","11071390",0.53,"Municipal","Straight and Level","Blacktop","Dry","Daylight","Overcast","None","None",50,"Foot","West","BRUNSWICK PIKE","NULL","","NULL",25,55,40.26892,-74.72609,"No","","193",429036.104872,522952.115082,NA,"DVRPC",0,"PDO",10053414
3444939,"2010110710-10227-AC","10-10227-AC",2010,"MERCER","Lawrence Twp (Mercer Co)","2010-03-11","Thursday","March","17:27:00",1,"LAWRENCE TWP PD","",0,0,0,0,0,"Property Damage","Not At Intersection","No","No","Same Direction - Rear End",2,"US 1 BUSINESS","North",1,"B","00000001B",0.42,"State Highway","Curve and Level","Blacktop","Dry","Daylight","Overcast","Curbed Median","None",20,"Foot","South","US 206 / CR 645 / BRUNSWICK AVE","NULL","","NULL",25,45,40.24438,-74.7418,"No","","192",424629.357172,514025.211396,NA,"DVRPC",0,"PDO",10053403
3444941,"2010110710-10398-AC","10-10398-AC",2010,"MERCER","Lawrence Twp (Mercer Co)","2010-03-12","Friday","March","20:28:00",1,"LAWRENCE TWP PD","",0,0,0,0,0,"Property Damage","Not At Intersection","No","No","Same Direction - Rear End",2,"US 1 BUSINESS","NULL",1,"B","00000001B",1.09,"State Highway","Straight and Level","Blacktop","Wet","Dark (Street Lights On/ continuous)","Rain","Curbed Median","None",25,"Foot","South","CR 616 / WHITEHEAD RD","NULL","","NULL",40,40,40.25196,-74.73401,"No","","117",426809.594958,516782.972733,NA,"DVRPC",0,"PDO",10055168
3444942,"2010110710-10416-AC","10-10416-AC",2010,"MERCER","Lawrence Twp (Mercer Co)","2010-03-12","Friday","March","23:25:00",1,"LAWRENCE TWP PD","",0,0,1,0,0,"Injury","Not At Intersection","Yes","No","Fixed Object",1,"ROUTE 546","NULL",546,"","00000546",8,"County","Curve and Level","Blacktop","Wet","Dark (Street Lights Off)","Rain","None","None",100,"Foot","West","DENOW RD","NULL","","NULL",35,40,40.29021,-74.73621,"No","UTILITY POLE A-64361-LA CRACKED AT BASE-PSEG-LAWRENCEVILLE-PENNINGTON RD LAWREN","214",426225.34,530724.44,NA,"DVRPC",0,"Moderate Injury",10053412
3444943,"2010110710-10452-AC","10-10452-AC",2010,"MERCER","Lawrence Twp (Mercer Co)","2010-03-13","Saturday","March","08:50:00",1,"LAWRENCE TWP PD","",0,0,0,0,0,"Property Damage","Not At Intersection","No","No","Same Direction - Rear End",2,"US 206","South",206,"","00000206",51.36,"State Highway","Straight and Level","Blacktop","Wet","Daylight","Rain","None","None",300,"Foot","North","PROVINCE LINE RD","NULL","","NULL",40,40,40.32224,-74.69798,"No","","151",436925.066641,542358.393365,NA,"DVRPC",0,"PDO",10055152
3444946,"2010110710-10489-AC","10-10489-AC",2010,"MERCER","Lawrence Twp (Mercer Co)","2010-03-13","Saturday","March","14:59:00",1,"LAWRENCE TWP PD","",0,0,1,0,0,"Injury","Not At Intersection","No","No","Fixed Object",1,"US 1","South",1,"","00000001",4.4,"State Highway","Curve and Level","Blacktop","Wet","Daylight","Rain","Barrier Median","None",5280,"Foot","South","BRUNSWICK PIKE","NULL","","NULL",55,55,40.25582,-74.71898,"No","","185",431007.82,518177.15,NA,"DVRPC",0,"Pain",10055167
3444949,"2010110710-10779-AC","10-10779-AC",2010,"MERCER","Lawrence Twp (Mercer Co)","2010-03-15","Monday","March","07:40:00",1,"LAWRENCE TWP PD","",0,0,0,0,0,"Property Damage","Not At Intersection","No","No","Same Direction - Side Swipe",3,"US 206","North",206,"","00000206",44.66,"State Highway","Straight and Level","Blacktop","Wet","Daylight","Rain","Painted Median","None",10,"Foot","South","VERMONT ST","NULL","","NULL",25,25,40.24112,-74.74709,"No","","159",423147.881686,512844.287704,NA,"DVRPC",0,"PDO",10053409
3444954,"2010110710-10941-AC","10-10941-AC",2010,"MERCER","Lawrence Twp (Mercer Co)","2010-03-16","Tuesday","March","07:55:00",1,"LAWRENCE TWP PD","",0,0,1,0,0,"Injury","Not At Intersection","No","No","Same Direction - Rear End",2,"US 1 BUSINESS","South",1,"B","00000001B",1.09,"State Highway","Straight and Level","Blacktop","Dry","Daylight","Overcast","Barrier Median","None",20,"Foot","North","CR 616 / WHITEHEAD RD","NULL","","NULL",45,40,40.25196,-74.73401,"No","","192",426809.594958,516782.972733,NA,"DVRPC",0,"Pain",10053401
3444956,"2010110710-10957-AC","10-10957-AC",2010,"MERCER","Lawrence Twp (Mercer Co)","2010-03-16","Tuesday","March","09:39:00",1,"LAWRENCE TWP PD","",0,0,0,0,0,"Property Damage","Not At Intersection","No","No","Right Angle",2,"US 206","South",206,"","00000206",51.39,"State Highway","Straight and Level","Blacktop","Dry","Daylight","Clear","None","None",500,"Foot","North","PROVINCE LINE RD","NULL","","NULL",45,40,40.32257,-74.69762,"No","","192",437024.38,542478.43,NA,"DVRPC",0,"PDO",10055862