"ID","DOT_WEB_ID","CASE_NUMBER","CRASH_YEAR","COUNTY","MUNICIPALITY","CRASH_DATE","CRASH_DAY_OF_WEEK","CRASH_MONTH","CRASH_TIME","POLICE_DEPT_CODE","POLICE_DEPARTMENT","POLICE_STATION","TOTAL_KILLED","TOTAL_INCAPACITATED","TOTAL_INJURED","PEDESTRIANS_KILLED","PEDESTRIANS_INJURED","SEVERITY","INTERSECTION","ALCOHOL_INVOLVED","HAZMAT_INVOLVED","CRASH_TYPE","TOTAL_VEHICLES_INVOLVED","CRASH_LOCATION","LOCATION_DIRECTION","ROUTE","ROUTE_SUFFIX","SRI","MILEPOST","ROAD_SYSTEM","ROAD_CHARACTER","ROAD_SURFACE_TYPE","SURFACE_CONDITION","LIGHT_CONDITION","ENVIRONMENTAL_CONDITION","ROAD_DIVIDED_BY","TEMP_TRAFFIC_CONTROL_ZONE","DISTANCE_TO_CROSS_STREET","UNIT_OF_MEASUREMENT","DIRECTION_FROM_CROSS_STREET","CROSS_STREET_NAME","IS_RAMP","RAMP_TO_FROM_ROUTE_NAME","RAMP_TO_FROM_ROUTE_DIRECTION","POSTED_SPEED","POSTED_SPEED_CROSS_STREET","LATITUDE","LONGITUDE","CELL_PHONE_IN_USE","OTHER_PROPERTY_DAMAGE","REPORTING_BADGE_NO","X","Y","CRASH_NARRATIVE","MPO","TOTAL_PEDESTRIANS_INVOLVED","EPDO","DLN"
3444957,"2010110710-10962-AC","10-10962-AC",2010,"MERCER","Lawrence Twp (Mercer Co)","2010-03-16","Tuesday","March","10:20:00",1,"LAWRENCE TWP PD","",0,0,0,0,0,"Property Damage","Not At Intersection","No","No","Same Direction - Side Swipe",2,"US 1 BUSINESS","NULL",1,"B","00000001B",2.73,"State Highway","Straight and Level","Blacktop","Dry","Daylight","Clear","Barrier Median","NULL",2500,"Foot","North","ALLEN LN","NULL","","NULL",55,25,40.27091,-74.71111,"No","","159",433219.21,523668.18,NA,"DVRPC",0,"PDO",10055861
3444959,"2010110710-11002-AC","10-11002-AC",2010,"MERCER","Lawrence Twp (Mercer Co)","2010-03-16","Tuesday","March","14:30:00",1,"LAWRENCE TWP PD","",0,0,0,0,0,"Property Damage","Not At Intersection","No","No","Fixed Object",1,"ROUTE 546","East",546,"","00000546",6.82,"County","Straight and Level","Blacktop","Dry","Daylight","Clear","Painted Median","None",50,"Foot","East","FEDERAL CITY RD / KEEFE RD","NULL","","NULL",40,45,40.30316,-74.75078,"No","","194",422182.887473,535443.543532,NA,"DVRPC",0,"PDO",10053410
3444961,"2010110710-11015-AC","10-11015-AC",2010,"MERCER","Lawrence Twp (Mercer Co)","2010-03-16","Tuesday","March","16:01:00",1,"LAWRENCE TWP PD","",0,0,1,0,0,"Injury","Not At Intersection","No","No","Same Direction - Rear End",4,"US 206","North",206,"","00000206",45.24,"State Highway","Straight and Grade","Blacktop","Dry","Daylight","Clear","Painted Median","None",150,"Foot","North","WITTENBORN DR","NULL","","NULL",35,20,40.24779,-74.74255,"No","","156",424421.686782,515270.052389,NA,"DVRPC",0,"Moderate Injury",10055166
3444964,"2010110710-11112-AC","10-11112-AC",2010,"MERCER","Lawrence Twp (Mercer Co)","2010-03-17","Wednesday","March","08:26:00",1,"LAWRENCE TWP PD","",0,0,0,0,0,"Property Damage","At Intersection","No","No","Same Direction - Rear End",2,"US 1","NULL",1,"","00000001",3.75,"State Highway","Straight and Grade","Blacktop","Dry","Daylight","Clear","Curbed Median","NULL",NA,"At","NULL","CR 616 / WHITEHEAD RD","NULL","","NULL",55,40,40.24889,-74.72691,"No","","159",428789.72,515656.32,NA,"DVRPC",0,"PDO",10055859
3444965,"2010110710-11126-AC","10-11126-AC",2010,"MERCER","Lawrence Twp (Mercer Co)","2010-03-17","Wednesday","March","09:52:00",1,"LAWRENCE TWP PD","",0,0,0,0,0,"Property Damage","Not At Intersection","No","No","Same Direction - Side Swipe",2,"US 1","North",1,"","00000001",5.95,"State Highway","Curve and Level","Blacktop","Dry","Daylight","Clear","None","None",NA,"NULL","NULL","","To","BAKER BASIN RD","East Bound",55,NA,40.27519,-74.70597,"No","","117",434656.400294,525225.57423,NA,"DVRPC",0,"PDO",10053404
3444966,"2010110710-11170-AC","10-11170-AC",2010,"MERCER","Lawrence Twp (Mercer Co)","2010-03-17","Wednesday","March","15:30:00",1,"LAWRENCE TWP PD","",0,0,4,0,0,"Injury","Not At Intersection","No","No","Same Direction - Rear End",2,"US 206 Z","South",206,"Z","00000206Z",44.74,"County","Straight and Level","Blacktop","Dry","Daylight","Clear","None","None",100,"Foot","South","PINE ST","NULL","","NULL",35,25,40.24267,-74.74988,"No","","213",422371.471407,513408.951152,NA,"DVRPC",0,"Pain",10055165
3444967,"2010110710-11264-AC","10-11264-AC",2010,"MERCER","Lawrence Twp (Mercer Co)","2010-03-18","Thursday","March","08:18:00",1,"LAWRENCE TWP PD","",0,0,1,0,0,"Injury","At Intersection","No","No","Same Direction - Rear End",2,"US 206","South",206,"","00000206",45.01,"State Highway","Curve and Level","Blacktop","Dry","Daylight","Clear","Curbed Median","None",NA,"At","North","BRUNSWICK CIR","NULL","","NULL",40,25,40.24479,-74.74281,"No","","192",424346.553529,514177.252108,NA,"DVRPC",0,"Pain",10055858
3444973,"2010110710-11355-AC","10-11355-AC",2010,"MERCER","Lawrence Twp (Mercer Co)","2010-03-18","Thursday","March","20:49:00",1,"LAWRENCE TWP PD","",0,0,2,0,0,"Injury","Not At Intersection","No","No","Same Direction - Rear End",2,"US 1 BUSINESS","South",1,"B","00000001B",0.93,"State Highway","Straight and Level","Blacktop","Dry","Dark (No Street Lights)","Clear","Curbed Median","None",5,"Foot","South","SLACK AVE","NULL","","NULL",55,25,40.25013,-74.73627,"No","","198",426177.766708,516115.296947,NA,"DVRPC",0,"Pain",10055164
3444977,"2010110710-11578-AC","10-11578-AC",2010,"MERCER","Lawrence Twp (Mercer Co)","2010-03-20","Saturday","March","10:17:00",1,"LAWRENCE TWP PD","",0,0,0,0,0,"Property Damage","Not At Intersection","No","No","Right Angle",2,"ROUTE 546","East",546,"","00000546",8.18,"County","Straight and Level","Blacktop","Dry","Daylight","Clear","Painted Median","None",200,"Foot","East","LAWRENCE RD","NULL","","NULL",40,45,40.28973,-74.73295,"No","","185",427143.336938,530538.21096,NA,"DVRPC",0,"PDO",10055156
3444984,"2010110710-11886-AC","10-11886-AC",2010,"MERCER","Lawrence Twp (Mercer Co)","2010-03-22","Monday","March","14:12:00",1,"LAWRENCE TWP PD","",0,0,0,0,0,"Property Damage","Not At Intersection","No","No","Same Direction - Rear End",2,"EGGERTS CROSSING RD","NULL",NA,"","11071394",0.68,"Municipal","Straight and Level","Blacktop","Wet","Daylight","Rain","Curbed Median","None",NA,"Foot","West","JOHNSON AVE","NULL","","NULL",40,25,40.27445,-74.75004,"No","","159",422358.533299,524985.070013,NA,"DVRPC",0,"PDO",10055867
3444988,"2010110710-11935-AC","10-11935-AC",2010,"MERCER","Lawrence Twp (Mercer Co)","2010-03-22","Monday","March","23:58:00",1,"LAWRENCE TWP PD","",0,0,0,0,0,"Property Damage","Not At Intersection","No","No","Fixed Object",1,"US 206","NULL",206,"","00000206",47.01,"State Highway","Straight at Hillcrest","Blacktop","Wet","Dark (Street LIghts On/ spot)","Rain","None","None",20,"Foot","North","REEDER LA","NULL","","NULL",40,25,40.27188,-74.73595,"No","- PSE&G - LAWRENCE RD LAWRENCE TWP NJ 08648","214",426289.997713,524040.923443,NA,"DVRPC",0,"PDO",10055154
3444989,"2010110710-11995-AC","10-11995-AC",2010,"MERCER","Lawrence Twp (Mercer Co)","2010-03-23","Tuesday","March","10:24:00",1,"LAWRENCE TWP PD","",0,0,2,0,0,"Injury","At Intersection","No","No","Right Angle",2,"US 1 BUSINESS","NULL",1,"B","00000001B",1.09,"State Highway","Straight and Level","Blacktop","Dry","Daylight","Clear","Curbed Median","None",NA,"At","NULL","CR 616 / WHITEHEAD RD","NULL","","NULL",55,40,40.25196,-74.73401,"No","","198",426809.594958,516782.972733,NA,"DVRPC",0,"Pain",10056008
3444991,"2010110710-12016-AC","10-12016-AC",2010,"MERCER","Lawrence Twp (Mercer Co)","2010-03-23","Tuesday","March","13:15:00",1,"LAWRENCE TWP PD","",0,0,1,0,0,"Injury","Not At Intersection","No","No","Same Direction - Rear End",3,"US 206","South",206,"","00000206",48.4,"State Highway","Straight and Level","Blacktop","Dry","Daylight","Clear","None","None",500,"Foot","North","ROUTE 546 / FRANKLIN CORNER RD","NULL","","NULL",40,40,40.29097,-74.73399,"No","","163",426855.11,530990.15,NA,"DVRPC",0,"Pain",10056010
3444992,"2010110710-12045-AC","10-12045-AC",2010,"MERCER","Lawrence Twp (Mercer Co)","2010-03-23","Tuesday","March","17:41:00",1,"LAWRENCE TWP PD","",0,0,1,0,0,"Injury","Not At Intersection","No","No","Same Direction - Rear End",3,"US 1","South",1,"","00000001",7.56,"State Highway","Straight and Level","Blacktop","Wet","Daylight","Rain","Barrier Median","None",20,"Foot","North","KELLY VIA DUCT","NULL","","NULL",55,20,40.29231,-74.68527,"No","","192",440444.957763,531448.066318,NA,"DVRPC",0,"Pain",10056011
3444993,"2010110710-12063-AC","10-12063-AC",2010,"MERCER","Lawrence Twp (Mercer Co)","2010-03-23","Tuesday","March","20:23:00",1,"LAWRENCE TWP PD","",0,0,1,0,0,"Injury","Not At Intersection","No","No","Opposite Direction - Head On/Angular",2,"US 206","South",206,"","00000206",45.02,"State Highway","Curve and Level","Blacktop","Wet","Dark (Street Lights On/ continuous)","Rain","None","None",60,"Foot","North","US 1B / CR 645 / STRAWBERRY ST","NULL","","NULL",30,25,40.24481,-74.74262,"No","","192",424399.34189,514183.752425,NA,"DVRPC",0,"Pain",10057013
3444994,"2010110710-12119-AC","10-12119-AC",2010,"MERCER","Lawrence Twp (Mercer Co)","2010-03-24","Wednesday","March","08:10:00",1,"LAWRENCE TWP PD","",0,0,0,0,0,"Property Damage","Not At Intersection","No","No","Same Direction - Rear End",2,"US 1 BUSINESS","South",1,"B","00000001B",0.56,"State Highway","Straight and Level","Blacktop","Dry","Daylight","Clear","Curbed Median","None",200,"Foot","North","MAPLEWOOD AVE","NULL","","NULL",40,25,40.24583,-74.74146,"No","","209",424724.47142,514554.2113,NA,"DVRPC",0,"PDO",10055865
3444996,"2010110710-12148-AC","10-12148-AC",2010,"MERCER","Lawrence Twp (Mercer Co)","2010-03-24","Wednesday","March","10:47:00",1,"LAWRENCE TWP PD","",0,0,0,0,0,"Property Damage","Not At Intersection","No","No","Same Direction - Rear End",2,"US 1","NULL",1,"","00000001",5.96,"State Highway","Straight and Level","Blacktop","Dry","Daylight","Clear","None","None",100,"Foot","South","ROUTE 546 / BAKERS BASIN RD","NULL","","NULL",55,40,40.2753,-74.70585,"No","","151",434691.139939,525263.860856,NA,"DVRPC",0,"PDO",10057014
3444997,"2010110710-12168-AC","10-12168-AC",2010,"MERCER","Lawrence Twp (Mercer Co)","2010-03-24","Wednesday","March","13:15:00",1,"LAWRENCE TWP PD","",0,0,1,0,0,"Injury","At Intersection","No","No","Right Angle",2,"US 206","NULL",206,"","00000206",51.3,"State Highway","Straight and Level","Blacktop","Dry","Daylight","Clear","None","None",NA,"At","NULL","PROVINCE LINE RD","NULL","","NULL",40,40,40.3216,-74.6987,"No","","198",436723.88,542125.51,NA,"DVRPC",0,"Pain",10057015
3444998,"2010110710-12186-AC","10-12186-AC",2010,"MERCER","Lawrence Twp (Mercer Co)","2010-03-24","Wednesday","March","15:21:00",1,"LAWRENCE TWP PD","",0,0,0,0,0,"Property Damage","Not At Intersection","No","No","Non-fixed Object",1,"US 206","NULL",206,"","00000206",46.68,"State Highway","Curve and Level","Blacktop","Dry","Daylight","Clear","Painted Median","None",150,"Foot","South","BERWYN PL / JASPER AVE","NULL","","NULL",40,25,40.2685,-74.74012,"No","","159",425123.078477,522809.683629,NA,"DVRPC",0,"PDO",10056000
3445000,"2010110710-12190-AC","10-12190-AC",2010,"MERCER","Lawrence Twp (Mercer Co)","2010-03-24","Wednesday","March","16:10:00",1,"LAWRENCE TWP PD","",0,0,0,0,0,"Property Damage","At Intersection","No","No","Same Direction - Rear End",2,"US 206","North",206,"","00000206",46.86,"State Highway","Straight and Level","Blacktop","Dry","Daylight","Clear","Painted Median","None",NA,"At","NULL","EGGERT CROSSING RD","NULL","","NULL",40,40,40.27061,-74.73827,"No","","221",425640.27,523577.39,NA,"DVRPC",0,"PDO",10064688
3445001,"2010110710-12206-AC","10-12206-AC",2010,"MERCER","Lawrence Twp (Mercer Co)","2010-03-24","Wednesday","March","18:18:00",1,"LAWRENCE TWP PD","",0,0,0,0,0,"Property Damage","Not At Intersection","No","No","Same Direction - Rear End",2,"ROUTE 533","West",533,"","00000533",6.57,"County","Straight and Grade","Blacktop","Dry","Daylight","Clear","Barrier Median","None",50,"Foot","West","LAWRENCE SQ. BLVD / VILLAGE RD W","NULL","","NULL",50,25,40.27753,-74.66976,"No","","192",444759.866018,526053.698106,NA,"DVRPC",0,"PDO",10064689
3445003,"2010110710-12484-AC","10-12484-AC",2010,"MERCER","Lawrence Twp (Mercer Co)","2010-03-26","Friday","March","11:47:00",1,"LAWRENCE TWP PD","",0,0,1,0,0,"Injury","Not At Intersection","No","No","Same Direction - Rear End",2,"US 1 BUSINESS","North",1,"B","00000001B",1.08,"State Highway","Straight and Grade","Blacktop","Dry","Daylight","Overcast","Barrier Median","None",NA,"NULL","East","LAKE DR","NULL","","NULL",45,25,40.25185,-74.73416,"No","","217",426770.022037,516740.773808,NA,"DVRPC",0,"Pain",10064690
3445015,"2010110710-13054-AC","10-13054-AC",2010,"MERCER","Lawrence Twp (Mercer Co)","2010-03-30","Tuesday","March","10:08:00",1,"LAWRENCE TWP PD","",0,0,0,0,0,"Property Damage","Not At Intersection","No","No","Fixed Object",1,"US 1","North",1,"","00000001",3.56,"State Highway","Straight and Level","Blacktop","Water (Standing/Moving)","Daylight","Rain","Barrier Median","None",1000,"Foot","South","CR 616 / WHITEHEAD RD","NULL","","NULL",55,45,40.24716,-74.7297,"No","","192",428008.427989,515030.105705,NA,"DVRPC",0,"PDO",10064699
3445016,"2010110710-13100-AC","10-13100-AC",2010,"MERCER","Lawrence Twp (Mercer Co)","2010-03-30","Tuesday","March","17:24:00",1,"LAWRENCE TWP PD","",0,0,0,0,0,"Property Damage","Not At Intersection","No","No","Same Direction - Rear End",2,"US 206","NULL",206,"","00000206",49.26,"State Highway","Straight and Level","Blacktop","Wet","Daylight","Rain","None","None",20,"Foot","North","COLD SOIL RD","NULL","","NULL",40,50,40.30157,-74.72603,"No","","151",429082.821657,534846.886235,NA,"DVRPC",0,"PDO",10064695
3445019,"2010110710-13216-AC","10-13216-AC",2010,"MERCER","Lawrence Twp (Mercer Co)","2010-03-31","Wednesday","March","14:19:00",1,"LAWRENCE TWP PD","",0,0,0,0,0,"Property Damage","Not At Intersection","No","No","Same Direction - Side Swipe",2,"US 206","NULL",206,"","00000206",45.36,"State Highway","Straight and Grade","Blacktop","Dry","Daylight","Clear","None","None",1000,"Foot","South","PRINCETON AVE","NULL","","NULL",40,25,40.24953,-74.74249,"No","","151",424442.37751,515901.279484,NA,"DVRPC",0,"PDO",10064702
3445065,"2010110710-1465-AC","10-1465-AC",2010,"MERCER","Lawrence Twp (Mercer Co)","2010-01-11","Monday","January","17:22:00",1,"LAWRENCE TWP PD","",0,0,0,0,0,"Property Damage","Not At Intersection","No","No","Same Direction - Rear End",2,"US 1","South",1,"","00000001",7.85,"State Highway","Straight and Grade","Blacktop","Dry","Dark (Street Lights On/ continuous)","Overcast","Barrier Median","None",500,"Foot","South","KELLY VIA DUCT","NULL","","NULL",55,20,40.29537,-74.68156,"No","","192",441483.09,532559.97,NA,"DVRPC",0,"PDO",10006617
3445069,"2010110710-1498-AC","10-1498-AC",2010,"MERCER","Lawrence Twp (Mercer Co)","2010-01-11","Monday","January","22:15:00",1,"LAWRENCE TWP PD","",0,0,0,0,0,"Property Damage","At Intersection","No","No","Right Angle",2,"ROUTE 546","NULL",546,"","00000546",9.28,"County","Straight and Level","Blacktop","Dry","Dark (Street Lights On/ continuous)","Clear","NULL","NULL",NA,"At","NULL","ROUTE 583 / PRINCETON PIKE","NULL","","NULL",35,35,40.28049,-74.7168,"No","","213",431639.41,527161.93,NA,"DVRPC",0,"PDO",10002038
3445109,"2010110710-1645-AC","10-1645-AC",2010,"MERCER","Lawrence Twp (Mercer Co)","2010-01-12","Tuesday","January","19:55:00",1,"LAWRENCE TWP PD","",0,0,0,0,0,"Property Damage","At Intersection","No","No","Opposite Direction - Head On/Angular",2,"PROVINCE LINE RD","NULL",NA,"","11071391",0,"Municipal","Straight and Level","Blacktop","Dry","Dark (Street Lights On/ continuous)","Clear","NULL","NULL",NA,"At","NULL","PRINCETON PIKE","NULL","","NULL",40,40,40.30914,-74.69439,"No","","184",437914.57,537583.24,NA,"DVRPC",0,"PDO",10006630
3445120,"2010110710-1705-AC","10-1705-AC",2010,"MERCER","Lawrence Twp (Mercer Co)","2010-01-13","Wednesday","January","08:49:00",1,"LAWRENCE TWP PD","",0,0,0,0,0,"Property Damage","Not At Intersection","No","No","Same Direction - Rear End",2,"US 1","North",1,"","00000001",3.75,"State Highway","Straight and Grade","Blacktop","Dry","Daylight","Clear","None","None",10,"Foot","South","CR 616 / WHITEHEAD RD","NULL","","NULL",55,40,40.24889,-74.72691,"No","","193",428789.72,515656.32,NA,"DVRPC",0,"PDO",10002041
3445136,"2010110710-1794-AC","10-1794-AC",2010,"MERCER","Lawrence Twp (Mercer Co)","2010-01-13","Wednesday","January","17:14:00",1,"LAWRENCE TWP PD","",0,0,0,0,0,"Property Damage","At Intersection","No","No","Same Direction - Rear End",2,"FEDERAL CITY RD","North",NA,"","11021398",1.09,"Municipal","Straight and Level","Blacktop","Dry","Dusk","Clear","None","None",NA,"At","NULL","I95","NULL","","NULL",40,65,40.28763,-74.75958,"No","","185",419711.83011,529795.934133,NA,"DVRPC",0,"PDO",10006628
3445164,"2010110710-1943-AC","10-1943-AC",2010,"MERCER","Lawrence Twp (Mercer Co)","2010-01-14","Thursday","January","18:12:00",1,"LAWRENCE TWP PD","",0,0,1,0,0,"Injury","At Intersection","No","No","Same Direction - Side Swipe",2,"US 1","North",1,"","00000001",7.28,"State Highway","Straight and Level","Blacktop","Dry","Dark (No Street Lights)","Clear","Barrier Median","None",NA,"At","NULL","GROVERS MILL RD","NULL","","NULL",55,40,40.28933,-74.68887,"No","","156",439437.885756,530365.785751,NA,"DVRPC",0,"Pain",10006615
3445185,"2010110710-2022-AC","10-2022-AC",2010,"MERCER","Lawrence Twp (Mercer Co)","2010-01-15","Friday","January","07:41:00",1,"LAWRENCE TWP PD","",0,0,0,0,0,"Property Damage","Not At Intersection","No","No","Right Angle",2,"US 206","NULL",206,"","00000206",47.06,"State Highway","Straight and Grade","Blacktop","Dry","Daylight","Clear","None","None",100,"Foot","South","DARRAH LA","NULL","","NULL",40,25,40.27241,-74.73529,"No","","117",426473.958655,524232.293647,NA,"DVRPC",0,"PDO",10006622
3445198,"2010110710-2069-AC","10-2069-AC",2010,"MERCER","Lawrence Twp (Mercer Co)","2010-01-15","Friday","January","15:56:00",1,"LAWRENCE TWP PD","",0,0,1,0,0,"Injury","Not At Intersection","No","No","Same Direction - Rear End",2,"US 206","South",206,"","00000206",48.29,"State Highway","Straight and Level","Blacktop","Dry","Daylight","Clear","Painted Median","None",100,"Foot","South","ROUTE 546 / FRANKLIN CORNER RD","NULL","","NULL",40,40,40.2894,-74.73353,"No","","185",426981.41,530419.84,NA,"DVRPC",0,"Pain",10006624
3445199,"2010110710-2090-AC","10-2090-AC",2010,"MERCER","Lawrence Twp (Mercer Co)","2010-01-15","Friday","January","18:33:00",1,"LAWRENCE TWP PD","",0,0,0,0,0,"Property Damage","Not At Intersection","No","No","Same Direction - Rear End",2,"ROUTE 546","South",546,"","00000546",6.81,"County","Curve and Level","Blacktop","Dry","Dark (Street Lights On/ continuous)","Clear","Curbed Median","None",NA,"Foot","North","FEDERAL CITY RD / KEEFE RD","NULL","","NULL",40,45,40.30328,-74.75093,"No","","192",422142.43,535487,NA,"DVRPC",0,"PDO",10006626
3445201,"2010110710-2117-AC","10-2117-AC",2010,"MERCER","Lawrence Twp (Mercer Co)","2010-01-15","Friday","January","20:36:00",1,"LAWRENCE TWP PD","",0,0,0,0,0,"Property Damage","Not At Intersection","No","No","Same Direction - Side Swipe",2,"US 1","South",1,"","00000001",7.95,"State Highway","Straight and Level","Blacktop","Dry","Dark (Street Lights On/ continuous)","Clear","Barrier Median","None",800,"Foot","South","PROVINCE LINE RD","NULL","","NULL",55,50,40.29645,-74.68025,"No","","185",441847.444115,532952.869168,NA,"DVRPC",0,"PDO",10006609
3445236,"2010110710-2299-AC","10-2299-AC",2010,"MERCER","Lawrence Twp (Mercer Co)","2010-01-17","Sunday","January","02:32:00",1,"LAWRENCE TWP PD","",0,0,0,0,0,"Property Damage","At Intersection","No","No","Fixed Object",1,"US 1","NULL",1,"","00000001",6.07,"State Highway","Straight and Level","Blacktop","Dry","Dark (Street Lights On/ continuous)","Clear","Barrier Median","None",NA,"At","NULL","I95","NULL","","NULL",55,65,40.27647,-74.70445,"No","","190",435082.832777,525688.511339,NA,"DVRPC",0,"PDO",10016502
3445275,"2010110710-2464-AC","10-2464-AC",2010,"MERCER","Lawrence Twp (Mercer Co)","2010-01-18","Monday","January","12:15:00",1,"LAWRENCE TWP PD","",0,0,0,0,0,"Property Damage","Not At Intersection","No","No","Fixed Object",1,"US 1","North",1,"","00000001",7.3,"State Highway","Straight and Level","Blacktop","Dry","Daylight","Clear","Barrier Median","None",100,"Foot","North","GROVERS MILL RD","NULL","","NULL",55,45,40.28955,-74.68862,"No","","185",439509.724248,530442.809319,NA,"DVRPC",0,"PDO",10012678
3445326,"2010110710-26259-AC","10-26259-AC",2010,"MERCER","Lawrence Twp (Mercer Co)","2010-07-01","Thursday","July","17:03:00",1,"LAWRENCE TWP PD","",0,0,0,0,0,"Property Damage","Not At Intersection","No","No","Same Direction - Rear End",3,"US 206","NULL",206,"","00000206",44.66,"State Highway","Straight and Level","Blacktop","Dry","Daylight","Clear","None","None",NA,"NULL","NULL","VERMONT ST","NULL","","NULL",25,25,40.24112,-74.74709,"No","","208",423147.881686,512844.287704,NA,"DVRPC",0,"PDO",10143499
3445338,"2010110710-26626-AC","10-26626-AC",2010,"MERCER","Lawrence Twp (Mercer Co)","2010-07-04","Sunday","July","14:02:00",1,"LAWRENCE TWP PD","",0,0,0,0,0,"Property Damage","At Intersection","No","No","Same Direction - Side Swipe",2,"MERCER COUNTY 616","East",616,"","11000616",1.35,"County","Straight and Level","Blacktop","Dry","Daylight","Clear","NULL","NULL",NA,"At","NULL","BRUNSWICK PIKE","NULL","","NULL",45,50,40.25233,-74.73374,"No","","213",426886.01,516916.56,NA,"DVRPC",0,"PDO",10143497
3445340,"2010110710-26810-AC","10-26810-AC",2010,"MERCER","Lawrence Twp (Mercer Co)","2010-07-06","Tuesday","July","07:57:00",1,"LAWRENCE TWP PD","",0,0,1,0,0,"Injury","Not At Intersection","No","No","Opposite Direction - Head On/Angular",2,"US 206","NULL",206,"","00000206",45.01,"State Highway","Straight and Level","Blacktop","Dry","Daylight","Clear","None","None",NA,"NULL","NULL","","NULL","","NULL",NA,NA,40.24479,-74.74281,"No","","185",424346.553529,514177.252108,NA,"DVRPC",0,"Pain",10145839
3445341,"2010110710-26829-A-AC","10-26829-A-AC",2010,"MERCER","Lawrence Twp (Mercer Co)","2010-07-06","Tuesday","July","12:49:00",1,"LAWRENCE TWP PD","",0,0,1,0,0,"Injury","At Intersection","No","No","Same Direction - Rear End",2,"US 1 BUSINESS","NULL",1,"B","00000001B",2.29,"State Highway","Straight and Level","Blacktop","Dry","Daylight","Clear","Barrier Median","None",NA,"At","NULL","DARRAH LN","NULL","","NULL",55,35,40.26588,-74.71713,"No","","208",431535.497684,521838.905501,NA,"DVRPC",0,"Pain",10143525
3445342,"2010110710-26829-AC","10-26829-AC",2010,"MERCER","Lawrence Twp (Mercer Co)","2010-07-06","Tuesday","July","12:49:00",1,"LAWRENCE TWP PD","",0,0,1,0,0,"Injury","At Intersection","No","No","Right Angle",2,"US 1 BUSINESS","NULL",1,"B","00000001B",2.29,"State Highway","Straight and Level","Blacktop","Dry","Daylight","Clear","Barrier Median","None",NA,"At","NULL","DARRAH LN","NULL","","NULL",55,35,40.26588,-74.71713,"No","STATE OF NEW JERSEY-BRUNSWICK PIKE AND DARRAH LN OTHER NJ","208",431535.497684,521838.905501,NA,"DVRPC",0,"Pain",10143760
3445347,"2010110710-27071-AC","10-27071-AC",2010,"MERCER","Lawrence Twp (Mercer Co)","2010-07-08","Thursday","July","16:31:00",1,"LAWRENCE TWP PD","",0,0,0,0,0,"Property Damage","Not At Intersection","No","No","Right Angle",2,"MERCER COUNTY 613","NULL",613,"","11000613",0,"County","Straight and Level","Blacktop","Dry","Daylight","Clear","None","None",500,"Foot","West","PRINCETON AVE","NULL","","NULL",40,25,40.24188,-74.75072,"No","","214",422137.69,513121.96,NA,"DVRPC",0,"PDO",10143758
3445353,"2010110710-27200-AC","10-27200-AC",2010,"MERCER","Lawrence Twp (Mercer Co)","2010-07-09","Friday","July","14:12:00",1,"LAWRENCE TWP PD","",0,0,1,0,0,"Injury","Not At Intersection","No","No","Same Direction - Rear End",2,"ROUTE 533","West",533,"","00000533",6.83,"County","Straight at Hillcrest","Blacktop","Wet","Daylight","Overcast","Barrier Median","None",150,"Foot","East","CR 608 / LAWRENCE STA. RD","NULL","","NULL",50,40,40.28097,-74.67169,"No","","192",444223.574495,527310.084347,NA,"DVRPC",0,"Pain",10143753
3445354,"2010110710-27205-AC","10-27205-AC",2010,"MERCER","Lawrence Twp (Mercer Co)","2010-07-09","Friday","July","15:03:00",1,"LAWRENCE TWP PD","",0,0,0,0,0,"Property Damage","Not At Intersection","No","No","Right Angle",2,"BAKERS BASIN RD","West",NA,"","11072002",0,"Municipal","Straight and Level","Blacktop","Dry","Daylight","Overcast","None","None",30,"Foot","East","US 1","NULL","","NULL",40,55,40.27511,-74.70607,"No","","192",434628.65,525194.91,NA,"DVRPC",0,"PDO",10145831
3445355,"2010110710-27212-AC","10-27212-AC",2010,"MERCER","Lawrence Twp (Mercer Co)","2010-07-09","Friday","July","15:44:00",1,"LAWRENCE TWP PD","",0,0,2,0,0,"Injury","Not At Intersection","No","No","Same Direction - Rear End",2,"MERCER COUNTY 616","West",616,"","11000616",1.32,"County","Straight and Grade","Blacktop","Dry","Daylight","Clear","None","None",150,"Foot","West","BRUNSWICK PIKE","NULL","","NULL",40,45,40.25198,-74.73327,"No","","192",427017.139802,516790.07664,NA,"DVRPC",0,"Moderate Injury",10143752
3445357,"2010110710-27224-AC","10-27224-AC",2010,"MERCER","Lawrence Twp (Mercer Co)","2010-07-09","Friday","July","17:03:00",1,"LAWRENCE TWP PD","",0,0,1,0,0,"Injury","Not At Intersection","No","No","Right Angle",2,"US 1 BUSINESS","North",1,"B","00000001B",0.6,"State Highway","Straight and Level","Blacktop","Dry","Daylight","Clear","Curbed Median","None",50,"Foot","North","PILGRAM AVE","NULL","","NULL",45,25,40.24629,-74.7409,"No","","192",424881.021627,514721.015732,NA,"DVRPC",0,"Moderate Injury",10145830
3445359,"2010110710-27252-AC","10-27252-AC",2010,"MERCER","Lawrence Twp (Mercer Co)","2010-07-09","Friday","July","21:21:00",1,"LAWRENCE TWP PD","",0,0,1,0,0,"Injury","Not At Intersection","No","No","Fixed Object",1,"US 1 BUSINESS","South",1,"B","00000001B",2.56,"State Highway","Straight and Level","Blacktop","Dry","Dark (Street Lights On/ continuous)","Clear","Grass Median","None",10,"Foot","North","ALLEN LN","NULL","","NULL",55,25,40.26875,-74.7132,"No","","192",432633.14,522881.12,NA,"DVRPC",0,"Pain",10145829