"ID","DOT_WEB_ID","CASE_NUMBER","CRASH_YEAR","COUNTY","MUNICIPALITY","CRASH_DATE","CRASH_DAY_OF_WEEK","CRASH_MONTH","CRASH_TIME","POLICE_DEPT_CODE","POLICE_DEPARTMENT","POLICE_STATION","TOTAL_KILLED","TOTAL_INCAPACITATED","TOTAL_INJURED","PEDESTRIANS_KILLED","PEDESTRIANS_INJURED","SEVERITY","INTERSECTION","ALCOHOL_INVOLVED","HAZMAT_INVOLVED","CRASH_TYPE","TOTAL_VEHICLES_INVOLVED","CRASH_LOCATION","LOCATION_DIRECTION","ROUTE","ROUTE_SUFFIX","SRI","MILEPOST","ROAD_SYSTEM","ROAD_CHARACTER","ROAD_SURFACE_TYPE","SURFACE_CONDITION","LIGHT_CONDITION","ENVIRONMENTAL_CONDITION","ROAD_DIVIDED_BY","TEMP_TRAFFIC_CONTROL_ZONE","DISTANCE_TO_CROSS_STREET","UNIT_OF_MEASUREMENT","DIRECTION_FROM_CROSS_STREET","CROSS_STREET_NAME","IS_RAMP","RAMP_TO_FROM_ROUTE_NAME","RAMP_TO_FROM_ROUTE_DIRECTION","POSTED_SPEED","POSTED_SPEED_CROSS_STREET","LATITUDE","LONGITUDE","CELL_PHONE_IN_USE","OTHER_PROPERTY_DAMAGE","REPORTING_BADGE_NO","X","Y","CRASH_NARRATIVE","MPO","TOTAL_PEDESTRIANS_INVOLVED","EPDO","DLN"
3445360,"2010110710-27298-AC","10-27298-AC",2010,"MERCER","Lawrence Twp (Mercer Co)","2010-07-10","Saturday","July","10:41:00",1,"LAWRENCE TWP PD","",0,0,0,0,0,"Property Damage","Not At Intersection","No","No","Same Direction - Rear End",2,"ROUTE 533","NULL",533,"","00000533",6.56,"County","Straight and Grade","Blacktop","Wet","Daylight","Rain","Curbed Median","None",100,"Foot","West","LAWRENCE SQ. BLVD / VILLAGE RD W","NULL","","NULL",50,25,40.27737,-74.66969,"No","","151",444779.52,525997.12,NA,"DVRPC",0,"PDO",10145836
3445363,"2010110710-27344-AC","10-27344-AC",2010,"MERCER","Lawrence Twp (Mercer Co)","2010-07-10","Saturday","July","19:17:00",1,"LAWRENCE TWP PD","",0,0,0,0,0,"Property Damage","Not At Intersection","No","No","Struck Parked Vehicle",2,"ROUTE 583","North",583,"","00000583",6.39,"Municipal","Straight and Level","Concrete","Dry","Dusk","Clear","NULL","NULL",NA,"NULL","NULL","","NULL","","NULL",25,NA,40.31507,-74.68971,"No","","213",439225.263287,539739.486547,NA,"DVRPC",0,"PDO",10145835
3445366,"2010110710-27446-AC","10-27446-AC",2010,"MERCER","Lawrence Twp (Mercer Co)","2010-07-11","Sunday","July","19:12:00",1,"LAWRENCE TWP PD","",0,0,0,0,0,"Property Damage","At Intersection","No","No","Same Direction - Rear End",2,"ROUTE 533","NULL",533,"","00000533",7.52,"County","Straight and Level","Blacktop","Dry","Daylight","Clear","Barrier Median","None",NA,"At","NULL","CR 638 / CLARKSVILLE RD / GROVERS M","NULL","","NULL",45,45,40.29015,-74.67657,"No","","175",442869.07,530654.63,NA,"DVRPC",0,"PDO",10169338
3445368,"2010110710-27552-AC","10-27552-AC",2010,"MERCER","Lawrence Twp (Mercer Co)","2010-07-12","Monday","July","18:23:00",1,"LAWRENCE TWP PD","",0,0,0,0,0,"Property Damage","Not At Intersection","No","No","Same Direction - Rear End",2,"ROUTE 546","East",546,"","00000546",9.97,"County","Straight and Level","Blacktop","Dry","Daylight","Overcast","None","None",40,"Foot","West","US 1","NULL","","NULL",40,55,40.27516,-74.70626,"No","","192",434576.086347,525214.017152,NA,"DVRPC",0,"PDO",10145826
3445370,"2010110710-27633-AC","10-27633-AC",2010,"MERCER","Lawrence Twp (Mercer Co)","2010-07-13","Tuesday","July","13:00:00",1,"LAWRENCE TWP PD","",0,0,1,0,0,"Injury","At Intersection","No","No","Same Direction - Rear End",3,"US 206","South",206,"","00000206",46.5,"State Highway","Straight and Level","Blacktop","Dry","Daylight","Overcast","None","None",NA,"At","East","LAWRENCE AVE","NULL","","NULL",40,25,40.2659,-74.74051,"No","","192",425010.06,521854.73,NA,"DVRPC",0,"Pain",10145824
3445374,"2010110710-27748-AC","10-27748-AC",2010,"MERCER","Lawrence Twp (Mercer Co)","2010-07-14","Wednesday","July","11:30:00",1,"LAWRENCE TWP PD","",0,0,0,0,0,"Property Damage","Not At Intersection","No","No","Fixed Object",1,"US 206","South",206,"","00000206",51.59,"State Highway","Straight and Level","Blacktop","Dry","Daylight","Clear","NULL","NULL",NA,"NULL","NULL","","NULL","","NULL",40,NA,40.32488,-74.69532,"No","","213",437668.3767,543319.307196,NA,"DVRPC",0,"PDO",10153387
3445376,"2010110710-27766-AC","10-27766-AC",2010,"MERCER","Lawrence Twp (Mercer Co)","2010-07-14","Wednesday","July","14:05:00",1,"LAWRENCE TWP PD","",0,0,0,0,0,"Property Damage","Not At Intersection","No","No","Right Angle",2,"ROUTE 546","West",546,"","00000546",9.98,"County","Straight and Level","Blacktop","Wet","Daylight","Rain","NULL","NULL",NA,"NULL","NULL","","NULL","","NULL",40,NA,40.27511,-74.70607,"No","","213",434628.65,525194.91,NA,"DVRPC",0,"PDO",10153389
3445377,"2010110710-27773-AC","10-27773-AC",2010,"MERCER","Lawrence Twp (Mercer Co)","2010-07-14","Wednesday","July","15:30:00",1,"LAWRENCE TWP PD","",0,0,0,0,0,"Property Damage","Not At Intersection","No","No","Same Direction - Rear End",2,"ROUTE 546","West",546,"","00000546",7.86,"County","Straight and Level","Blacktop","Wet","Daylight","Rain","Painted Median","None",300,"Foot","East","LAWRENCIA DR / MERION PL","NULL","","NULL",40,45,40.29172,-74.73799,"No","","185",425738.15323,531268.066009,NA,"DVRPC",0,"PDO",10145821
3445378,"2010110710-27775-AC","10-27775-AC",2010,"MERCER","Lawrence Twp (Mercer Co)","2010-07-14","Wednesday","July","15:49:00",1,"LAWRENCE TWP PD","",0,0,1,0,0,"Injury","Not At Intersection","No","No","Same Direction - Side Swipe",2,"ROUTE 546","NULL",546,"","00000546",8.03,"County","Curve and Level","Blacktop","Wet","Daylight","Rain","None","None",50,"Foot","East","DENOW RD","NULL","","NULL",35,45,40.29007,-74.7357,"No","","208",426375.074323,530665.472658,NA,"DVRPC",0,"Pain",10145820
3445379,"2010110710-27814-AC","10-27814-AC",2010,"MERCER","Lawrence Twp (Mercer Co)","2010-07-14","Wednesday","July","21:57:00",1,"LAWRENCE TWP PD","",0,0,0,0,0,"Property Damage","Not At Intersection","No","No","Fixed Object",1,"US 1","North",1,"","00000001",7.84,"State Highway","Curve and Level","Blacktop","Dry","Dark (No Street Lights)","Clear","Barrier Median","Utility Zone",1000,"Foot","South","BRUNSWICK PIKE","NULL","","NULL",55,55,40.29528,-74.68166,"No","","185",441453.958353,532529.058183,NA,"DVRPC",0,"PDO",10153385
3445380,"2010110710-27913-AC","10-27913-AC",2010,"MERCER","Lawrence Twp (Mercer Co)","2010-07-15","Thursday","July","16:00:00",1,"LAWRENCE TWP PD","",0,0,0,0,0,"Property Damage","Not At Intersection","No","No","Right Angle",2,"ROUTE 546","East",546,"","00000546",9.97,"County","Straight and Level","Blacktop","Dry","Daylight","Clear","None","None",40,"Foot","West","LAWRENCE RD","NULL","","NULL",40,40,40.27516,-74.70626,"No","","193",434576.086347,525214.017152,NA,"DVRPC",0,"PDO",10153384
3445383,"2010110710-2794-AC","10-2794-AC",2010,"MERCER","Lawrence Twp (Mercer Co)","2010-01-20","Wednesday","January","12:52:00",1,"LAWRENCE TWP PD","",0,0,0,0,0,"Property Damage","Not At Intersection","No","No","Same Direction - Side Swipe",2,"US 1","South",1,"","00000001",3.71,"State Highway","Straight and Level","Blacktop","Dry","Daylight","Clear","Curbed Median","None",200,"Foot","South","CR 616 / WHITEHEAD RD","NULL","","NULL",45,40,40.24847,-74.72745,"No","","185",428639.20834,515506.581967,NA,"DVRPC",0,"PDO",10012673
3445384,"2010110710-27953-AC","10-27953-AC",2010,"MERCER","Lawrence Twp (Mercer Co)","2010-07-15","Thursday","July","21:41:00",1,"LAWRENCE TWP PD","",0,0,1,0,0,"Injury","Not At Intersection","No","No","Same Direction - Side Swipe",2,"TEXAS AVE","West",NA,"","11071395",0.01,"Municipal","Straight and Level","Blacktop","Dry","Dark (Street Lights On/ continuous)","Clear","None","None",75,"Foot","West","BRUNSWICK PIKE","NULL","","NULL",25,55,40.25983,-74.72478,"No","","193",429395.334001,519643.427333,NA,"DVRPC",0,"Pain",10153386
3445385,"2010110710-2801-AC","10-2801-AC",2010,"MERCER","Lawrence Twp (Mercer Co)","2010-01-20","Wednesday","January","13:40:00",1,"LAWRENCE TWP PD","",0,0,1,0,0,"Injury","At Intersection","No","No","Same Direction - Rear End",2,"US 1","North",1,"","00000001",3.75,"State Highway","Curve and Level","Blacktop","Dry","Daylight","Clear","Curbed Median","None",NA,"At","NULL","CR 616 / WHITEHEAD RD","NULL","","NULL",40,40,40.24889,-74.72691,"No","","156",428789.72,515656.32,NA,"DVRPC",0,"Pain",10012677
3445386,"2010110710-28015-AC","10-28015-AC",2010,"MERCER","Lawrence Twp (Mercer Co)","2010-07-16","Friday","July","10:31:00",1,"LAWRENCE TWP PD","",0,0,0,0,0,"Property Damage","Not At Intersection","No","No","Same Direction - Rear End",2,"US 1","North",1,"","00000001",3.75,"State Highway","Curve and Level","Blacktop","Dry","Daylight","Clear","Curbed Median","None",10,"Foot","South","CR 616 / WHITEHEAD RD","NULL","","NULL",55,55,40.24889,-74.72691,"No","","192",428789.72,515656.32,NA,"DVRPC",0,"PDO",10153390
3445391,"2010110710-2830-AC","10-2830-AC",2010,"MERCER","Lawrence Twp (Mercer Co)","2010-01-20","Wednesday","January","18:46:00",1,"LAWRENCE TWP PD","",0,0,0,0,0,"Property Damage","Not At Intersection","No","No","Same Direction - Rear End",2,"US 206","South",206,"","00000206",49.29,"State Highway","Straight and Level","Blacktop","Dry","Dark (Street Lights On/ continuous)","Clear","None","None",150,"Foot","North","COLD SOIL RD","NULL","","NULL",40,40,40.30192,-74.72576,"No","","192",429158.49,534974.53,NA,"DVRPC",0,"PDO",10012672
3445393,"2010110710-28358-AC","10-28358-AC",2010,"MERCER","Lawrence Twp (Mercer Co)","2010-07-19","Monday","July","09:07:00",1,"LAWRENCE TWP PD","",0,0,0,0,0,"Property Damage","Not At Intersection","No","No","Same Direction - Rear End",2,"US 206","South",206,"","00000206",47.99,"State Highway","Straight and Level","Blacktop","Wet","Daylight","Rain","Curbed Median","None",100,"Foot","South","I- 95","NULL","","NULL",40,65,40.28515,-74.73216,"No","","185",427359.03,528871.66,NA,"DVRPC",0,"PDO",10169334
3445394,"2010110710-28394-AC","10-28394-AC",2010,"MERCER","Lawrence Twp (Mercer Co)","2010-07-19","Monday","July","15:31:00",1,"LAWRENCE TWP PD","",0,0,0,0,0,"Property Damage","Not At Intersection","No","No","Same Direction - Rear End",3,"US 206","South",206,"","00000206",48.31,"State Highway","Straight and Level","Blacktop","Dry","Daylight","Clear","NULL","NULL",NA,"Foot","North","CR 546","NULL","","NULL",25,40,40.28967,-74.7336,"No","","213",426960.363479,530518.047098,NA,"DVRPC",0,"PDO",10153392
3445397,"2010110710-28408-AC","10-28408-AC",2010,"MERCER","Lawrence Twp (Mercer Co)","2010-07-19","Monday","July","18:43:00",1,"LAWRENCE TWP PD","",0,0,0,0,0,"Property Damage","Not At Intersection","No","No","Same Direction - Rear End",2,"ROUTE 533","East",533,"","00000533",8.64,"County","Straight and Level","Blacktop","Dry","Daylight","Clear","None","None",NA,"NULL","NULL","","NULL","","NULL",40,NA,40.30487,-74.68465,"No","","213",440627.17,536021.52,NA,"DVRPC",0,"PDO",10172874
3445400,"2010110710-28415-AC","10-28415-AC",2010,"MERCER","Lawrence Twp (Mercer Co)","2010-07-19","Monday","July","20:00:00",1,"LAWRENCE TWP PD","",0,0,1,0,0,"Injury","Not At Intersection","No","No","Fixed Object",1,"US 1","NULL",1,"","00000001",3.69,"State Highway","Straight and Level","Blacktop","Wet","Daylight","Rain","Barrier Median","NULL",300,"Foot","South","CR 616 / WHITEHEAD RD","NULL","","NULL",55,40,40.24828,-74.72773,"No","DOT NJ ANY TRENTON NJ","117",428561.2,515437.57,NA,"DVRPC",0,"Pain",10169332
3445404,"2010110710-28602-AC","10-28602-AC",2010,"MERCER","Lawrence Twp (Mercer Co)","2010-07-21","Wednesday","July","10:05:00",1,"LAWRENCE TWP PD","",0,0,0,0,0,"Property Damage","Not At Intersection","No","No","Fixed Object",1,"US 1 BUSINESS","South",1,"B","00000001B",1.33,"State Highway","Straight and Level","Blacktop","Dry","Daylight","Clear","Barrier Median","None",100,"Foot","North","PRESIDENT AVE","NULL","","NULL",40,25,40.25475,-74.73062,"No","","170",427758.58416,517795.849536,NA,"DVRPC",0,"PDO",10169328
3445406,"2010110710-28646-AC","10-28646-AC",2010,"MERCER","Lawrence Twp (Mercer Co)","2010-07-21","Wednesday","July","17:35:00",1,"LAWRENCE TWP PD","",0,0,0,0,0,"Property Damage","Not At Intersection","No","No","Same Direction - Rear End",2,"ROUTE 533","East",533,"","00000533",7.5,"County","Straight and Level","Blacktop","Dry","Daylight","Clear","Curbed Median","NULL",100,"Foot","West","CR 638 / CLARKSVILLE RD / GROVERS M","NULL","","NULL",45,25,40.28988,-74.67644,"No","","194",442906.183333,530556.583333,NA,"DVRPC",0,"PDO",10169323
3445408,"2010110710-28736-AC","10-28736-AC",2010,"MERCER","Lawrence Twp (Mercer Co)","2010-07-22","Thursday","July","11:35:00",1,"LAWRENCE TWP PD","",0,0,0,0,0,"Property Damage","Not At Intersection","No","No","Same Direction - Rear End",2,"US 206","South",206,"","00000206",48.48,"State Highway","Straight and Level","Blacktop","Dry","Daylight","Clear","None","None",100,"Foot","North","HENDRICKSON DR / MONROE DR","NULL","","NULL",40,25,40.29211,-74.73405,"No","","193",426836.88,531406.82,NA,"DVRPC",0,"PDO",10169326
3445409,"2010110710-28742-AC","10-28742-AC",2010,"MERCER","Lawrence Twp (Mercer Co)","2010-07-22","Thursday","July","12:11:00",1,"LAWRENCE TWP PD","",0,0,0,0,0,"Property Damage","At Intersection","No","No","Same Direction - Rear End",2,"US 206","North",206,"","00000206",48.6,"State Highway","Straight and Level","Blacktop","Dry","Daylight","Clear","None","None",NA,"At","NULL","GREEN AVE","NULL","","NULL",40,25,40.29365,-74.73304,"No","","193",427122.6,531968.45,NA,"DVRPC",0,"PDO",10169327
3445410,"2010110710-28773-AC","10-28773-AC",2010,"MERCER","Lawrence Twp (Mercer Co)","2010-07-22","Thursday","July","17:32:00",1,"LAWRENCE TWP PD","",0,0,1,0,0,"Injury","Not At Intersection","No","No","Same Direction - Rear End",2,"EGGERTS CROSSING RD","NULL",NA,"","11071394",0,"Municipal","Straight at Hillcrest","Blacktop","Dry","Daylight","Clear","None","None",30,"Foot","West","US 206","NULL","","NULL",40,40,40.27071,-74.7381,"No","","176",425688.29,523616.09,NA,"DVRPC",0,"Pain",10169340
3445412,"2010110710-28858-AC","10-28858-AC",2010,"MERCER","Lawrence Twp (Mercer Co)","2010-07-23","Friday","July","11:13:00",1,"LAWRENCE TWP PD","",0,0,1,0,0,"Injury","At Intersection","No","No","Right Angle",2,"US 206","South",206,"","00000206",45.36,"State Highway","Straight and Level","Blacktop","Dry","Daylight","Clear","Painted Median","None",NA,"At","NULL","ROUTE 583 / PRINCETON PIKE","NULL","","NULL",40,25,40.24953,-74.74249,"No","","185",424442.37751,515901.279484,NA,"DVRPC",0,"Pain",10169325
3445415,"2010110710-28884-AC","10-28884-AC",2010,"MERCER","Lawrence Twp (Mercer Co)","2010-07-23","Friday","July","14:56:00",1,"LAWRENCE TWP PD","",0,0,1,0,0,"Injury","At Intersection","No","No","Same Direction - Rear End",2,"US 1","NULL",1,"","00000001",5.95,"State Highway","Curve and Level","Blacktop","Dry","Daylight","Clear","None","None",NA,"At","NULL","FRANKLIN CORNER RD","NULL","","NULL",55,40,40.27519,-74.70597,"No","","164",434656.400294,525225.57423,NA,"DVRPC",0,"Pain",10182115
3445416,"2010110710-28901-AC","10-28901-AC",2010,"MERCER","Lawrence Twp (Mercer Co)","2010-07-23","Friday","July","18:30:00",1,"LAWRENCE TWP PD","",0,0,0,0,0,"Property Damage","At Intersection","No","No","Right Angle",2,"ROUTE 533","NULL",533,"","00000533",6.8,"County","Straight and Grade","Blacktop","Dry","Daylight","Clear","Barrier Median","None",NA,"At","NULL","CR 608 / LAWRENCE STA. RD","NULL","","NULL",40,NA,40.28057,-74.67147,"No","","164",444284.78,527164.63,NA,"DVRPC",0,"PDO",10169341
3445425,"2010110710-2949-AC","10-2949-AC",2010,"MERCER","Lawrence Twp (Mercer Co)","2010-01-21","Thursday","January","13:45:00",1,"LAWRENCE TWP PD","",0,0,0,0,0,"Property Damage","At Intersection","No","No","Same Direction - Rear End",2,"US 206","South",206,"","00000206",45,"State Highway","Curve and Level","Blacktop","Dry","Daylight","Clear","Grass Median","None",NA,"At","NULL","BRUNSWICK CIR","NULL","","NULL",40,25,40.2448,-74.743,"No","","185",424294.773,514179.59,NA,"DVRPC",0,"PDO",10012671
3445429,"2010110710-29744-AC","10-29744-AC",2010,"MERCER","Lawrence Twp (Mercer Co)","2010-07-30","Friday","July","14:19:00",1,"LAWRENCE TWP PD","",0,0,1,0,0,"Injury","At Intersection","No","No","Same Direction - Rear End",2,"US 206","NULL",206,"","00000206",49.26,"State Highway","Straight and Level","Blacktop","Dry","Daylight","Clear","None","None",NA,"At","NULL","COLD SOIL RD","NULL","","NULL",45,45,40.30157,-74.72603,"No","LAWRENCE PREP SCHOOL - 2810 LAWRENCE RD LAWRENCEVILLE NJ 08648","208",429082.821657,534846.886235,NA,"DVRPC",0,"Pain",10172864
3445431,"2010110710-29757-AC","10-29757-AC",2010,"MERCER","Lawrence Twp (Mercer Co)","2010-07-30","Friday","July","16:55:00",1,"LAWRENCE TWP PD","",0,0,0,0,0,"Property Damage","Not At Intersection","No","No","Right Angle",2,"MERCER COUNTY 613","West",613,"","11000613",0.29,"County","Straight and Level","Blacktop","Dry","Daylight","Clear","None","None",150,"Foot","East","TIFFANY WOODS RD","NULL","","NULL",40,25,40.24544,-74.75367,"No","","207",421317.7205,514422.890439,NA,"DVRPC",0,"PDO",10185800
3445435,"2010110710-2987-AC","10-2987-AC",2010,"MERCER","Lawrence Twp (Mercer Co)","2010-01-21","Thursday","January","18:01:00",1,"LAWRENCE TWP PD","",0,0,0,0,0,"Property Damage","At Intersection","No","No","Right Angle",2,"US 206","North",206,"","00000206",47.08,"State Highway","Straight and Grade","Blacktop","Dry","Dark (Street Lights On/ continuous)","Overcast","Painted Median","None",NA,"At","West","DARRAH LA","NULL","","NULL",40,25,40.27263,-74.73504,"No","","192",426543.169995,524310.266163,NA,"DVRPC",0,"PDO",10012670
3445438,"2010110710-29942-AC","10-29942-AC",2010,"MERCER","Lawrence Twp (Mercer Co)","2010-08-01","Sunday","August","10:42:00",1,"LAWRENCE TWP PD","",0,0,0,0,0,"Property Damage","Not At Intersection","No","No","Same Direction - Rear End",2,"US 1","North",1,"","00000001",5.94,"State Highway","Straight and Level","Blacktop","Wet","Dark (Street Lights Off)","Rain","Barrier Median","None",200,"Foot","South","ROUTE 546 / BAKERS BASIN RD","NULL","","NULL",55,40,40.27509,-74.70609,"No","","192",434622.3,525187.85,NA,"DVRPC",0,"PDO",10170363
3445441,"2010110710-30066-AC","10-30066-AC",2010,"MERCER","Lawrence Twp (Mercer Co)","2010-08-02","Monday","August","11:36:00",1,"LAWRENCE TWP PD","",0,0,0,0,0,"Property Damage","Not At Intersection","No","No","Fixed Object",1,"TEXAS AVE","NULL",NA,"","11071395",0.06,"Municipal","Straight and Level","Blacktop","Dry","Daylight","Clear","None","None",2000,"Foot","West","BRUNSWICK PIKE","NULL","","NULL",25,50,40.26001,-74.72577,"No","TREE - LAWRENCE SHOPPING CENTER -2495 BRUNSWICK PIKE LAWRENCE TWP NJ 08648","151",429116.664452,519708.527776,NA,"DVRPC",0,"PDO",10176852
3445445,"2010110710-30103-AC","10-30103-AC",2010,"MERCER","Lawrence Twp (Mercer Co)","2010-08-02","Monday","August","16:25:00",1,"LAWRENCE TWP PD","",0,0,0,0,0,"Property Damage","Not At Intersection","No","No","Same Direction - Rear End",2,"PROVINCE LINE RD","West",NA,"","11071391",0.89,"Municipal","Straight and Grade","Blacktop","Dry","Daylight","Clear","None","None",50,"Foot","East","US 206","NULL","","NULL",40,45,40.3216,-74.6987,"No","","192",436723.88,542125.51,NA,"DVRPC",0,"PDO",10170359
3445450,"2010110710-30381-AC","10-30381-AC",2010,"MERCER","Lawrence Twp (Mercer Co)","2010-08-04","Wednesday","August","17:43:00",1,"LAWRENCE TWP PD","",0,0,0,0,0,"Property Damage","Not At Intersection","No","No","Right Angle",2,"ROUTE 546","NULL",546,"","00000546",8.15,"County","Straight and Level","Blacktop","Dry","Daylight","Clear","None","None",50,"Foot","East","US 206","NULL","","NULL",45,40,40.28989,-74.7335,"No","","215",426990.434717,530596.057437,NA,"DVRPC",0,"PDO",10170356
3445452,"2010110710-3044-AC","10-3044-AC",2010,"MERCER","Lawrence Twp (Mercer Co)","2010-01-22","Friday","January","06:55:00",1,"LAWRENCE TWP PD","",0,0,0,0,0,"Property Damage","Not At Intersection","No","No","Left Turn / U Turn",2,"ROUTE 569","South",569,"","00000569",1.13,"Municipal","Straight and Level","Blacktop","Dry","Daylight","Clear","None","None",15,"Foot","North","FOXCROFT DR","NULL","","NULL",45,25,40.30637,-74.69664,"No","","193",437285.133394,536575.329317,NA,"DVRPC",0,"PDO",10012669
3445455,"2010110710-30478-AC","10-30478-AC",2010,"MERCER","Lawrence Twp (Mercer Co)","2010-08-05","Thursday","August","13:58:00",1,"LAWRENCE TWP PD","",0,0,0,0,0,"Property Damage","Not At Intersection","No","No","Fixed Object",1,"ROUTE 533","NULL",533,"","00000533",6.77,"County","Curve and Level","Blacktop","Dry","Daylight","Clear","None","None",1000,"Foot","East","LAWRENCE SQ. BLVD / VILLAGE RD W","NULL","","NULL",45,25,40.28017,-74.67126,"No","MINOR DAMAGE TO BASE OF TELEPHONE POLE-PSE&G-4140 QUAKERBRIDGE RD LAWRENCE TWP","218",444345.518134,527019.144193,NA,"DVRPC",0,"PDO",10183677
3445456,"2010110710-30486-AC","10-30486-AC",2010,"MERCER","Lawrence Twp (Mercer Co)","2010-08-05","Thursday","August","15:10:00",1,"LAWRENCE TWP PD","",0,0,1,0,0,"Injury","At Intersection","No","No","Fixed Object",1,"US 1","South",1,"","00000001",3.75,"State Highway","Straight and Level","Blacktop","Dry","Daylight","Clear","Barrier Median","None",NA,"At","NULL","CR 616 / WHITEHEAD RD","NULL","","NULL",55,45,40.24889,-74.72691,"No","","185",428789.72,515656.32,NA,"DVRPC",0,"Pain",10182114
3445460,"2010110710-30617-AC","10-30617-AC",2010,"MERCER","Lawrence Twp (Mercer Co)","2010-08-06","Friday","August","15:13:00",1,"LAWRENCE TWP PD","",0,0,0,0,0,"Property Damage","At Intersection","No","No","Same Direction - Rear End",3,"US 206","NULL",206,"","00000206",48.79,"State Highway","Straight and Level","Blacktop","Dry","Daylight","Clear","None","None",NA,"At","NULL","CRAVEN LA","NULL","","NULL",30,25,40.29597,-74.73114,"No","","164",427654.728192,532812.657921,NA,"DVRPC",0,"PDO",10182113
3445468,"2010110710-30962-AC","10-30962-AC",2010,"MERCER","Lawrence Twp (Mercer Co)","2010-08-09","Monday","August","09:39:00",1,"LAWRENCE TWP PD","",0,0,0,0,0,"Property Damage","Not At Intersection","No","No","Fixed Object",1,"MERCER COUNTY 645","North",645,"","11000645",0.21,"County","Curve and Level","Blacktop","Dry","Daylight","Clear","Curbed Median","None",10,"Foot","North","PRINCETON AVE","NULL","","NULL",40,25,40.24496,-74.74756,"No","","192",423020.58,514241.18,NA,"DVRPC",0,"PDO",10172233
3445476,"2010110710-31363-AC","10-31363-AC",2010,"MERCER","Lawrence Twp (Mercer Co)","2010-08-12","Thursday","August","08:06:00",1,"LAWRENCE TWP PD","",0,0,0,0,0,"Property Damage","At Intersection","No","No","Same Direction - Rear End",2,"ROUTE 569","North",569,"","00000569",2.06,"Municipal","Straight at Hillcrest","Blacktop","Dry","Daylight","Overcast","None","None",NA,"At","NULL","US 206 / LAWRENCE RD","NULL","","NULL",25,40,40.31023,-74.71131,"No","","146",433198.29,537991.66,NA,"DVRPC",0,"PDO",10176845
3445479,"2010110710-31409-AC","10-31409-AC",2010,"MERCER","Lawrence Twp (Mercer Co)","2010-08-12","Thursday","August","14:33:00",1,"LAWRENCE TWP PD","",0,0,0,0,0,"Property Damage","Not At Intersection","No","No","Same Direction - Rear End",2,"ROUTE 546","NULL",546,"","00000546",9.32,"County","Curve and Level","Blacktop","Wet","Daylight","Rain","None","None",220,"Foot","East","ROUTE 583 / PRINCETON PIKE","NULL","","NULL",40,25,40.28017,-74.71614,"No","","178",431823.737039,527043.819328,NA,"DVRPC",0,"PDO",10183672
3445480,"2010110710-31502-AC","10-31502-AC",2010,"MERCER","Lawrence Twp (Mercer Co)","2010-08-13","Friday","August","10:12:00",1,"LAWRENCE TWP PD","",0,0,1,0,0,"Injury","Not At Intersection","No","No","Opposite Direction - Head On/Angular",2,"MERCER COUNTY 613","West",613,"","11000613",0,"County","Straight and Level","Blacktop","Dry","Daylight","Clear","Painted Median","None",800,"Foot","West","PRINCETON AVE","NULL","","NULL",40,25,40.24188,-74.75072,"No","","185",422137.69,513121.96,NA,"DVRPC",0,"Pain",10183678
3445481,"2010110710-31530-AC","10-31530-AC",2010,"MERCER","Lawrence Twp (Mercer Co)","2010-08-13","Friday","August","13:56:00",1,"LAWRENCE TWP PD","",0,0,0,0,0,"Property Damage","Not At Intersection","No","No","Same Direction - Side Swipe",2,"US 1","North",1,"","00000001",6.8,"State Highway","Straight and Level","Blacktop","Dry","Daylight","Clear","Barrier Median","None",200,"Foot","North","I- 295","NULL","","NULL",55,65,40.28424,-74.69506,"No","","192",437708.704471,528512.34213,NA,"DVRPC",0,"PDO",10182102
3445482,"2010110710-31537-AC","10-31537-AC",2010,"MERCER","Lawrence Twp (Mercer Co)","2010-08-13","Friday","August","14:59:00",1,"LAWRENCE TWP PD","",0,0,1,0,0,"Injury","Not At Intersection","No","No","Right Angle",2,"PROVINCE LINE RD","East",NA,"","11071391",0,"Municipal","Curve and Level","Blacktop","Dry","Daylight","Clear","None","None",10,"Foot","East","PRINCETON PIKE","NULL","","NULL",40,45,40.30914,-74.69439,"No","","192",437914.57,537583.24,NA,"DVRPC",0,"Pain",10176850
3445484,"2010110710-31570-AC","10-31570-AC",2010,"MERCER","Lawrence Twp (Mercer Co)","2010-08-13","Friday","August","21:04:00",1,"LAWRENCE TWP PD","",0,0,2,0,0,"Injury","Not At Intersection","No","No","Opposite Direction - Head On/Angular",2,"ROUTE 546","North",546,"","00000546",8.04,"County","Curve and Level","Blacktop","Dry","Dark (Street Lights On/ continuous)","Clear","None","None",80,"Foot","North","DENOW RD","NULL","","NULL",35,35,40.29009,-74.73551,"Yes","","192",426428.137295,530673.332469,NA,"DVRPC",0,"Moderate Injury",10176858
3445487,"2010110710-31897-AC","10-31897-AC",2010,"MERCER","Lawrence Twp (Mercer Co)","2010-08-16","Monday","August","16:17:00",1,"LAWRENCE TWP PD","",0,0,1,0,0,"Injury","Not At Intersection","No","No","Pedalcyclist",1,"US 206","South",206,"","00000206",48.05,"State Highway","Straight and Level","Blacktop","Dry","Daylight","Clear","Curbed Median","None",200,"Foot","North","I- 95","NULL","","NULL",40,65,40.28601,-74.73246,"No","","217",427276.455707,529184.578991,NA,"DVRPC",0,"Moderate Injury",10182117
3445490,"2010110710-32012-AC","10-32012-AC",2010,"MERCER","Lawrence Twp (Mercer Co)","2010-08-17","Tuesday","August","13:41:00",1,"LAWRENCE TWP PD","",0,0,1,0,0,"Injury","At Intersection","No","No","Right Angle",2,"US 206","NULL",206,"","00000206",50.37,"State Highway","Straight and Level","Blacktop","Dry","Daylight","Clear","Painted Median","None",NA,"At","North","ROUTE 569 / FACKLER RD","NULL","","NULL",45,40,40.31119,-74.7099,"No","","221",433591.0864,538338.647429,NA,"DVRPC",0,"Pain",10185749