"ID","DOT_WEB_ID","CASE_NUMBER","CRASH_YEAR","COUNTY","MUNICIPALITY","CRASH_DATE","CRASH_DAY_OF_WEEK","CRASH_MONTH","CRASH_TIME","POLICE_DEPT_CODE","POLICE_DEPARTMENT","POLICE_STATION","TOTAL_KILLED","TOTAL_INCAPACITATED","TOTAL_INJURED","PEDESTRIANS_KILLED","PEDESTRIANS_INJURED","SEVERITY","INTERSECTION","ALCOHOL_INVOLVED","HAZMAT_INVOLVED","CRASH_TYPE","TOTAL_VEHICLES_INVOLVED","CRASH_LOCATION","LOCATION_DIRECTION","ROUTE","ROUTE_SUFFIX","SRI","MILEPOST","ROAD_SYSTEM","ROAD_CHARACTER","ROAD_SURFACE_TYPE","SURFACE_CONDITION","LIGHT_CONDITION","ENVIRONMENTAL_CONDITION","ROAD_DIVIDED_BY","TEMP_TRAFFIC_CONTROL_ZONE","DISTANCE_TO_CROSS_STREET","UNIT_OF_MEASUREMENT","DIRECTION_FROM_CROSS_STREET","CROSS_STREET_NAME","IS_RAMP","RAMP_TO_FROM_ROUTE_NAME","RAMP_TO_FROM_ROUTE_DIRECTION","POSTED_SPEED","POSTED_SPEED_CROSS_STREET","LATITUDE","LONGITUDE","CELL_PHONE_IN_USE","OTHER_PROPERTY_DAMAGE","REPORTING_BADGE_NO","X","Y","CRASH_NARRATIVE","MPO","TOTAL_PEDESTRIANS_INVOLVED","EPDO","DLN"
3445491,"2010110710-32022-AC","10-32022-AC",2010,"MERCER","Lawrence Twp (Mercer Co)","2010-08-17","Tuesday","August","15:17:00",1,"LAWRENCE TWP PD","",0,0,1,0,0,"Injury","At Intersection","No","No","Opposite Direction - Head On/Angular",2,"US 206","North",206,"","00000206",48.31,"State Highway","Straight and Level","Blacktop","Dry","Daylight","Clear","None","None",NA,"At","NULL","ROUTE 546 / FRANKLIN CORNER RD","NULL","","NULL",40,45,40.28967,-74.7336,"No","","156",426960.363479,530518.047098,NA,"DVRPC",0,"Moderate Injury",10182105
3445495,"2010110710-32082-AC","10-32082-AC",2010,"MERCER","Lawrence Twp (Mercer Co)","2010-08-18","Wednesday","August","06:49:00",1,"LAWRENCE TWP PD","",0,0,0,0,0,"Property Damage","Not At Intersection","No","No","Same Direction - Rear End",2,"US 1","North",1,"","00000001",7.3,"State Highway","Straight and Level","Blacktop","Dry","Daylight","Overcast","Barrier Median","None",NA,"NULL","NULL","I- 295","NULL","","NULL",55,NA,40.28955,-74.68862,"No","","192",439509.724248,530442.809319,NA,"DVRPC",0,"PDO",10182104
3445498,"2010110710-32168-AC","10-32168-AC",2010,"MERCER","Lawrence Twp (Mercer Co)","2010-08-18","Wednesday","August","19:27:00",1,"LAWRENCE TWP PD","",0,0,2,0,0,"Injury","Not At Intersection","No","No","Right Angle",3,"ROUTE 533","NULL",533,"","00000533",7.78,"County","Straight and Grade","Blacktop","Wet","Dusk","Overcast","Curbed Median","None",1320,"Foot","South","BRUNSWICK PIKE","NULL","","NULL",50,55,40.29377,-74.67817,"No","","215",442425.353197,531973.67446,NA,"DVRPC",0,"Pain",10185748
3445503,"2010110710-32403-AC","10-32403-AC",2010,"MERCER","Lawrence Twp (Mercer Co)","2010-08-20","Friday","August","12:42:00",1,"LAWRENCE TWP PD","",0,0,0,0,0,"Property Damage","Not At Intersection","No","No","Same Direction - Side Swipe",2,"US 1","North",1,"","00000001",7.85,"State Highway","Straight and Level","Blacktop","Dry","Daylight","Clear","Barrier Median","None",500,"Foot","North","KELLY VIA DUCT","NULL","","NULL",55,20,40.29537,-74.68156,"No","","192",441483.09,532559.97,NA,"DVRPC",0,"PDO",10183683
3445506,"2010110710-32682-AC","10-32682-AC",2010,"MERCER","Lawrence Twp (Mercer Co)","2010-08-22","Sunday","August","17:11:00",1,"LAWRENCE TWP PD","",0,0,0,0,0,"Property Damage","Not At Intersection","No","No","Same Direction - Rear End",2,"US 206","North",206,"","00000206",48.35,"State Highway","Straight and Level","Blacktop","Wet","Daylight","Overcast","None","None",225,"Foot","North","ROUTE 546 / FRANKLIN CORNER RD","NULL","","NULL",40,45,40.29024,-74.73377,"No","","193",426913.512888,530725.464952,NA,"DVRPC",0,"PDO",10183684
3445507,"2010110710-3277-AC","10-3277-AC",2010,"MERCER","Lawrence Twp (Mercer Co)","2010-01-23","Saturday","January","13:57:00",1,"LAWRENCE TWP PD","",0,0,0,0,0,"Property Damage","Not At Intersection","No","No","Right Angle",2,"MERCER COUNTY 613","West",613,"","11000613",0.29,"County","Straight and Grade","Blacktop","Dry","Daylight","Clear","None","None",25,"Foot","West","TIFFANY WOODS RD","NULL","","NULL",40,25,40.24544,-74.75367,"No","","193",421317.7205,514422.890439,NA,"DVRPC",0,"PDO",10012667
3445508,"2010110710-32874-AC","10-32874-AC",2010,"MERCER","Lawrence Twp (Mercer Co)","2010-08-24","Tuesday","August","09:15:00",1,"LAWRENCE TWP PD","",0,0,1,0,0,"Injury","At Intersection","No","No","Right Angle",2,"PROVINCE LINE RD","East",NA,"","11071391",0.57,"Municipal","Straight and Level","Blacktop","Dry","Daylight","Clear","None","None",NA,"At","NULL","BUCKINGHAM DR","NULL","","NULL",40,25,40.31703,-74.69781,"No","","156",436966.91,540459.66,NA,"DVRPC",0,"Moderate Injury",10183675
3445512,"2010110710-33008-AC","10-33008-AC",2010,"MERCER","Lawrence Twp (Mercer Co)","2010-08-25","Wednesday","August","09:47:00",1,"LAWRENCE TWP PD","",0,0,0,0,0,"Property Damage","At Intersection","No","No","Same Direction - Side Swipe",2,"DARRAH LN","West",NA,"","11071390",0,"Municipal","Straight and Level","Blacktop","Dry","Daylight","Clear","Painted Median","None",NA,"At","NULL","LAWRENCE RD","NULL","","NULL",25,45,40.27277,-74.73488,"No","","185",426588.15,524360.94,NA,"DVRPC",0,"PDO",10185805
3445519,"2010110710-33229-AC","10-33229-AC",2010,"MERCER","Lawrence Twp (Mercer Co)","2010-08-26","Thursday","August","22:37:00",1,"LAWRENCE TWP PD","",0,0,0,0,0,"Property Damage","At Intersection","No","No","Fixed Object",1,"MERCER COUNTY 613","NULL",613,"","11000613",0.29,"County","Straight and Grade","Blacktop","Dry","Dark (Street Lights On/ continuous)","Clear","None","None",NA,"At","NULL","TIFFANY WOODS RD","NULL","","NULL",40,25,40.24544,-74.75367,"No","","177",421317.7205,514422.890439,NA,"DVRPC",0,"PDO",10185809
3445521,"2010110710-33309-AC","10-33309-AC",2010,"MERCER","Lawrence Twp (Mercer Co)","2010-08-27","Friday","August","09:59:00",1,"LAWRENCE TWP PD","",0,0,1,0,0,"Injury","At Intersection","No","No","Left Turn / U Turn",2,"ROUTE 546","West",546,"","00000546",9.28,"County","Straight and Level","Blacktop","Dry","Daylight","Clear","None","None",NA,"At","NULL","ROUTE 583 / PRINCETON PIKE","NULL","","NULL",45,25,40.28049,-74.7168,"No","","193",431639.41,527161.93,NA,"DVRPC",0,"Pain",10185810
3445529,"2010110710-3365-AC","10-3365-AC",2010,"MERCER","Lawrence Twp (Mercer Co)","2010-01-24","Sunday","January","10:11:00",1,"LAWRENCE TWP PD","",0,0,1,0,0,"Injury","Not At Intersection","No","No","Fixed Object",1,"US 206","North",206,"","00000206",47.7,"State Highway","Straight and Level","Blacktop","Dry","Daylight","Clear","None","None",45,"Foot","South","W LONG DR","NULL","","NULL",40,25,40.281,-74.73171,"No","SEE NARRATIVE - TOWNSHIP OF LAWRENCE & NJ DOT - 2211 LAWRENCE RD LAWRENCE NJ","193",427480.270465,527356.555365,NA,"DVRPC",0,"Pain",10013016
3445533,"2010110710-33700-AC","10-33700-AC",2010,"MERCER","Lawrence Twp (Mercer Co)","2010-08-30","Monday","August","14:46:00",1,"LAWRENCE TWP PD","",0,0,0,0,0,"Property Damage","Not At Intersection","No","No","Fixed Object",1,"FEDERAL CITY RD","South",NA,"","11021398",1.72,"Municipal","Straight and Level","Blacktop","Dry","Daylight","Clear","Painted Median","None",20,"Foot","South","BRANDON RD","NULL","","NULL",40,25,40.29544,-74.7538,"No","NJ PSEG - 80 PARK PLZ NEWARK NJ 07101","185",421333.405843,532635.461145,NA,"DVRPC",0,"PDO",10192099
3445537,"2010110710-33764-AC","10-33764-AC",2010,"MERCER","Lawrence Twp (Mercer Co)","2010-08-30","Monday","August","23:09:00",1,"LAWRENCE TWP PD","",0,0,0,0,0,"Property Damage","Not At Intersection","No","No","Overturned",1,"ROUTE 546","NULL",546,"","00000546",6.76,"County","Straight and Grade","Blacktop","Dry","Dark (Street Lights On/ continuous)","Clear","Painted Median","None",240,"Foot","South","FEDERAL CITY RD / KEEFE RD","NULL","","NULL",40,35,40.3038,-74.75154,"No","","219",421971.42,535678.86,NA,"DVRPC",0,"PDO",10194883
3445541,"2010110710-33856-AC","10-33856-AC",2010,"MERCER","Lawrence Twp (Mercer Co)","2010-08-31","Tuesday","August","17:26:00",1,"LAWRENCE TWP PD","",0,0,0,0,0,"Property Damage","Not At Intersection","No","No","Same Direction - Rear End",3,"US 1","NULL",1,"","00000001",5.65,"State Highway","Straight and Level","Blacktop","Dry","Daylight","Clear","Barrier Median","None",NA,"NULL","NULL","","NULL","","NULL",55,NA,40.27199,-74.70981,"No","","208",433582.635322,524059.922999,NA,"DVRPC",0,"PDO",10242166
3445542,"2010110710-33952-AC","10-33952-AC",2010,"MERCER","Lawrence Twp (Mercer Co)","2010-09-01","Wednesday","September","10:58:00",1,"LAWRENCE TWP PD","",0,0,0,0,0,"Property Damage","At Intersection","No","No","Same Direction - Rear End",2,"US 1","NULL",1,"","00000001",3.75,"State Highway","Straight and Grade","Blacktop","Dry","Daylight","Clear","NULL","NULL",NA,"At","NULL","CR 616 / WHITEHEAD RD","NULL","","NULL",55,40,40.24889,-74.72691,"No","","159",428789.72,515656.32,NA,"DVRPC",0,"PDO",10194874
3445546,"2010110710-34079-AC","10-34079-AC",2010,"MERCER","Lawrence Twp (Mercer Co)","2010-09-02","Thursday","September","09:56:00",1,"LAWRENCE TWP PD","",0,0,0,0,0,"Property Damage","At Intersection","No","No","Fixed Object",1,"US 206","North",206,"","00000206",48.01,"State Highway","Straight and Grade","Concrete","Dry","Daylight","Clear","Curbed Median","None",NA,"At","North","I- 95","NULL","","NULL",40,65,40.28542,-74.73225,"No","","192",427334.28,528968.01,NA,"DVRPC",0,"PDO",10194884
3445547,"2010110710-34083-AC","10-34083-AC",2010,"MERCER","Lawrence Twp (Mercer Co)","2010-09-02","Thursday","September","10:31:00",1,"LAWRENCE TWP PD","",0,0,0,0,0,"Property Damage","At Intersection","No","No","Right Angle",4,"US 1 BUSINESS","South",1,"B","00000001B",2.29,"State Highway","Straight and Level","Blacktop","Dry","Daylight","Clear","Barrier Median","None",NA,"At","East","DARRAH LN","NULL","","NULL",45,25,40.26588,-74.71713,"No","","192",431535.497684,521838.905501,NA,"DVRPC",0,"PDO",10194885
3445549,"2010110710-34257-AC","10-34257-AC",2010,"MERCER","Lawrence Twp (Mercer Co)","2010-09-03","Friday","September","12:45:00",1,"LAWRENCE TWP PD","",0,0,0,0,0,"Property Damage","At Intersection","No","No","Same Direction - Rear End",2,"US 1 BUSINESS","NULL",1,"B","00000001B",1.38,"State Highway","Straight and Level","Blacktop","Dry","Daylight","Clear","Barrier Median","None",NA,"At","NULL","LAKE DR","NULL","","NULL",45,25,40.25533,-74.72992,"No","","208",427955.023315,518004.657617,NA,"DVRPC",0,"PDO",10192089
3445550,"2010110710-34264-AC","10-34264-AC",2010,"MERCER","Lawrence Twp (Mercer Co)","2010-09-03","Friday","September","14:08:00",1,"LAWRENCE TWP PD","",0,0,0,0,0,"Property Damage","Not At Intersection","No","No","Same Direction - Rear End",2,"US 206","NULL",206,"","00000206",45.87,"State Highway","Straight and Grade","Blacktop","Dry","Daylight","Overcast","None","None",100,"Foot","North","FAIRFIELD AVE","NULL","","NULL",40,25,40.25692,-74.74185,"No","","210",424627.46,518592.66,NA,"DVRPC",0,"PDO",10192088
3445553,"2010110710-34315-AC","10-34315-AC",2010,"MERCER","Lawrence Twp (Mercer Co)","2010-09-03","Friday","September","19:55:00",1,"LAWRENCE TWP PD","",0,0,0,0,0,"Property Damage","Not At Intersection","No","No","Same Direction - Rear End",2,"US 1 BUSINESS","South",1,"B","00000001B",2.18,"State Highway","Straight and Grade","Blacktop","Dry","Dark (Street Lights On/ continuous)","Clear","Painted Median","None",600,"Foot","South","DARRAH LN","NULL","","NULL",55,25,40.26464,-74.71872,"No","","219",431090.639783,521389.650278,NA,"DVRPC",0,"PDO",10194887
3445556,"2010110710-34418-AC","10-34418-AC",2010,"MERCER","Lawrence Twp (Mercer Co)","2010-09-04","Saturday","September","12:45:00",1,"LAWRENCE TWP PD","",0,0,0,0,0,"Property Damage","At Intersection","No","No","Same Direction - Rear End",3,"US 206","South",206,"","00000206",46.86,"State Highway","Straight and Level","Blacktop","Dry","Daylight","Clear","None","None",NA,"At","NULL","EGGERT CROSSING RD","NULL","","NULL",40,40,40.27061,-74.73827,"No","","146",425640.27,523577.39,NA,"DVRPC",0,"PDO",10192087
3445559,"2010110710-34457-AC","10-34457-AC",2010,"MERCER","Lawrence Twp (Mercer Co)","2010-09-04","Saturday","September","20:52:00",1,"LAWRENCE TWP PD","",0,0,0,0,0,"Property Damage","Not At Intersection","No","No","Same Direction - Rear End",2,"US 206","South",206,"","00000206",45.86,"State Highway","Straight and Grade","Blacktop","Dry","Dark (Street Lights On/ continuous)","Clear","None","None",30,"Foot","North","FAIRFIELD AVE","NULL","","NULL",40,25,40.25676,-74.74185,"No","","209",424627.421702,518535.461157,NA,"DVRPC",0,"PDO",10194801
3445576,"2010110710-35092-AC","10-35092-AC",2010,"MERCER","Lawrence Twp (Mercer Co)","2010-09-09","Thursday","September","16:55:00",1,"LAWRENCE TWP PD","",0,0,0,0,0,"Property Damage","At Intersection","No","No","Same Direction - Side Swipe",2,"ROUTE 546","West",546,"","00000546",9.28,"County","Straight and Level","Blacktop","Dry","Daylight","Clear","Painted Median","None",NA,"At","NULL","ROUTE 583 / PRINCETON PIKE","NULL","","NULL",40,25,40.28049,-74.7168,"No","","185",431639.41,527161.93,NA,"DVRPC",0,"PDO",10196721
3445579,"2010110710-3520-AC","10-3520-AC",2010,"MERCER","Lawrence Twp (Mercer Co)","2010-01-25","Monday","January","11:26:00",1,"LAWRENCE TWP PD","",0,0,0,0,0,"Property Damage","Not At Intersection","No","No","Same Direction - Rear End",2,"US 1","North",1,"","00000001",5.94,"State Highway","Straight and Level","Blacktop","Wet","Daylight","Rain","None","None",200,"Foot","South","ROUTE 546 / BAKERS BASIN RD","NULL","","NULL",55,40,40.27509,-74.70609,"No","","193",434622.3,525187.85,NA,"DVRPC",0,"PDO",10013015
3445601,"2010110710-364-AC","10-364-AC",2010,"MERCER","Lawrence Twp (Mercer Co)","2010-01-04","Monday","January","08:00:00",1,"LAWRENCE TWP PD","",0,0,0,0,0,"Property Damage","Not At Intersection","No","No","Fixed Object",1,"GAINSBORO RD","East",NA,"","11071396",0,"Municipal","Straight and Level","Blacktop","Dry","Daylight","Clear","None","None",25,"Foot","West","LAWRENCE RD","NULL","","NULL",25,40,40.26398,-74.74048,"No","","209",425017.69,521164.86,NA,"DVRPC",0,"PDO",10007801
3445606,"2010110710-3648-AC","10-3648-AC",2010,"MERCER","Lawrence Twp (Mercer Co)","2010-01-26","Tuesday","January","10:19:00",1,"LAWRENCE TWP PD","",0,0,0,0,0,"Property Damage","Not At Intersection","No","No","Fixed Object",1,"US 206","South",206,"","00000206",46.49,"State Highway","Straight and Level","Blacktop","Dry","Daylight","Overcast","None","None",40,"Foot","South","LAWRENCE AVE","NULL","","NULL",40,25,40.26576,-74.74051,"No","NJ TRANSIT - CALHOUN ST TRENTON NJ 08609","192",425010.081814,521811.742657,NA,"DVRPC",0,"PDO",10016501
3445624,"2010110710-3706-AC","10-3706-AC",2010,"MERCER","Lawrence Twp (Mercer Co)","2010-01-26","Tuesday","January","15:53:00",1,"LAWRENCE TWP PD","",0,0,1,0,0,"Injury","Not At Intersection","No","No","Same Direction - Rear End",2,"US 206","South",206,"","00000206",44.61,"State Highway","Straight and Level","Blacktop","Dry","Daylight","Clear","None","None",20,"Foot","South","PINE ST","NULL","","NULL",25,25,40.24061,-74.74776,"No","","185",422962.477683,512656.584782,NA,"DVRPC",0,"Pain",10013018
3445652,"2010110710-3804-AC","10-3804-AC",2010,"MERCER","Lawrence Twp (Mercer Co)","2010-01-27","Wednesday","January","07:45:00",1,"LAWRENCE TWP PD","",0,0,0,0,0,"Property Damage","At Intersection","No","No","Same Direction - Side Swipe",2,"US 206","South",206,"","00000206",45.01,"State Highway","Curve and Level","Blacktop","Dry","Daylight","Clear","Curbed Median","None",NA,"At","North","BRUNSWICK CIR","NULL","","NULL",35,25,40.24479,-74.74281,"No","","192",424346.553529,514177.252108,NA,"DVRPC",0,"PDO",10016489
3445664,"2010110710-3862-AC","10-3862-AC",2010,"MERCER","Lawrence Twp (Mercer Co)","2010-01-27","Wednesday","January","14:54:00",1,"LAWRENCE TWP PD","",0,0,0,0,0,"Property Damage","Not At Intersection","No","No","Same Direction - Rear End",2,"US 206","NULL",206,"","00000206",48.22,"State Highway","Straight and Level","Blacktop","Dry","Daylight","Clear","Curbed Median","None",500,"Foot","South","ROUTE 546 / FRANKLIN CORNER RD","NULL","","NULL",45,35,40.2884,-74.73325,"No","","208",427057.114023,530054.21686,NA,"DVRPC",0,"PDO",10016491
3445781,"2010110710-4237-AC","10-4237-AC",2010,"MERCER","Lawrence Twp (Mercer Co)","2010-01-29","Friday","January","17:29:00",1,"LAWRENCE TWP PD","",0,0,0,0,0,"Property Damage","Not At Intersection","No","No","Same Direction - Rear End",2,"US 206","North",206,"","00000206",45.36,"State Highway","Straight and Level","Blacktop","Dry","Dark (Street Lights On/ continuous)","Clear","None","None",25,"Foot","South","ROUTE 583 / PRINCETON PIKE","NULL","","NULL",40,25,40.24953,-74.74249,"No","","193",424442.37751,515901.279484,NA,"DVRPC",0,"PDO",10016497
3445835,"2010110710-4382-AC","10-4382-AC",2010,"MERCER","Lawrence Twp (Mercer Co)","2010-01-30","Saturday","January","16:01:00",1,"LAWRENCE TWP PD","",0,0,0,0,0,"Property Damage","At Intersection","No","No","Right Angle",2,"US 206","South",206,"","00000206",48.31,"State Highway","Straight and Level","Blacktop","Dry","Daylight","Clear","None","None",NA,"At","NULL","LAWRENCEVILLE-PENNINGTON RD","NULL","","NULL",40,45,40.28967,-74.7336,"No","","193",426960.363479,530518.047098,NA,"DVRPC",0,"PDO",10016486
3445905,"2010110710-4617-AC","10-4617-AC",2010,"MERCER","Lawrence Twp (Mercer Co)","2010-02-01","Monday","February","10:43:00",1,"LAWRENCE TWP PD","",0,0,0,0,0,"Property Damage","Not At Intersection","No","No","Struck Parked Vehicle",2,"US 1 BUSINESS","NULL",1,"B","00000001B",2.73,"State Highway","Straight and Level","Blacktop","Dry","Daylight","Clear","None","None",NA,"NULL","NULL","","NULL","","NULL",15,NA,40.27091,-74.71111,"No","","215",433219.21,523668.18,NA,"DVRPC",0,"PDO",10020038
3445911,"2010110710-46531-AC","10-46531-AC",2010,"MERCER","Lawrence Twp (Mercer Co)","2010-11-29","Monday","November","18:10:00",1,"LAWRENCE TWP PD","",0,0,0,0,0,"Property Damage","Not At Intersection","No","No","Same Direction - Side Swipe",2,"ROUTE 546","East",546,"","00000546",9.9,"County","Straight and Level","Blacktop","Dry","Dark (Street Lights On/ continuous)","Overcast","Painted Median","None",100,"Foot","West","BRUNSWICK PIKE","NULL","","NULL",40,55,40.27535,-74.70761,"No","","207",434197.971365,525283.11081,NA,"DVRPC",0,"PDO",10299465
3445934,"2010110710-47158-AC","10-47158-AC",2010,"MERCER","Lawrence Twp (Mercer Co)","2010-12-03","Friday","December","20:04:00",1,"LAWRENCE TWP PD","",0,1,1,0,1,"Injury","At Intersection","Yes","No","Pedestrian",1,"MERCER COUNTY 613","West",613,"","11000613",0.29,"County","Straight and Grade","Blacktop","Dry","Dark (Street Lights On/ continuous)","Clear","None","None",NA,"At","NULL","TIFFANY WOODS RD","NULL","","NULL",40,25,40.24544,-74.75367,"No","","156",421317.7205,514422.890439,NA,"DVRPC",1,"Incapacitating Injury",10302909
3445939,"2010110710-4747-AC","10-4747-AC",2010,"MERCER","Lawrence Twp (Mercer Co)","2010-02-02","Tuesday","February","07:30:00",1,"LAWRENCE TWP PD","",0,0,0,0,0,"Property Damage","At Intersection","No","No","Same Direction - Rear End",2,"FEDERAL CITY RD","North",NA,"","11021398",1.08,"Municipal","Curve and Grade","Blacktop","Dry","Daylight","Clear","None","None",NA,"At","NULL","I95","NULL","","NULL",45,15,40.28752,-74.7597,"No","","146",419678.880141,529755.964172,NA,"DVRPC",0,"PDO",10016482
3445958,"2010110710-47963-AC","10-47963-AC",2010,"MERCER","Lawrence Twp (Mercer Co)","2010-12-09","Thursday","December","12:44:00",1,"LAWRENCE TWP PD","",0,1,2,0,0,"Injury","Not At Intersection","No","No","Same Direction - Rear End",3,"ROUTE 533","South",533,"","00000533",6.58,"County","Straight and Level","Blacktop","Dry","Daylight","Clear","Painted Median","None",20,"Foot","South","LAWRENCE SQ. BLVD / VILLAGE RD W","NULL","","NULL",45,25,40.27765,-74.66983,"No","","223",444741.76,526097.38,NA,"DVRPC",0,"Incapacitating Injury",10295321
3445960,"2010110710-48078-AC","10-48078-AC",2010,"MERCER","Lawrence Twp (Mercer Co)","2010-12-10","Friday","December","04:12:00",1,"LAWRENCE TWP PD","",0,0,0,0,0,"Property Damage","At Intersection","No","No","Other",2,"US 1","North",1,"","00000001",3.75,"State Highway","Straight and Level","Blacktop","Dry","Dark (Street Lights On/ continuous)","Clear","Barrier Median","None",NA,"At","North","CR 616 / WHITEHEAD RD","NULL","","NULL",55,40,40.24889,-74.72691,"No","","157",428789.72,515656.32,NA,"DVRPC",0,"PDO",10302908
3445967,"2010110710-4828-AC","10-4828-AC",2010,"MERCER","Lawrence Twp (Mercer Co)","2010-02-02","Tuesday","February","17:31:00",1,"LAWRENCE TWP PD","",0,0,0,0,0,"Property Damage","Not At Intersection","No","No","Same Direction - Side Swipe",2,"SPRUCE ST","South",NA,"","11111563",0.38,"Municipal","Straight and Level","Blacktop","Dry","Dark (Street Lights On/ continuous)","Overcast","None","None",50,"Foot","North","PRINCETON AVE/US 206","NULL","","NULL",25,25,40.24176,-74.7506,"No","","192",422168.664752,513077.872083,NA,"DVRPC",0,"PDO",10020624
3445972,"2010110710-48455-AC","10-48455-AC",2010,"MERCER","Lawrence Twp (Mercer Co)","2010-12-13","Monday","December","10:18:00",1,"LAWRENCE TWP PD","",0,0,0,0,0,"Property Damage","Not At Intersection","No","No","Fixed Object",1,"EGGERTS CROSSING RD","NULL",NA,"","11071394",0.68,"Municipal","Straight and Level","Blacktop","Dry","Daylight","Clear","Curbed Median","None",15,"Foot","East","JOHNSON AVE","NULL","","NULL",45,25,40.27445,-74.75004,"No","","212",422358.533299,524985.070013,NA,"DVRPC",0,"PDO",10302906
3445976,"2010110710-48503-AC","10-48503-AC",2010,"MERCER","Lawrence Twp (Mercer Co)","2010-12-13","Monday","December","16:50:00",1,"LAWRENCE TWP PD","",0,0,0,0,0,"Property Damage","Not At Intersection","No","No","Same Direction - Rear End",2,"US 1 BUSINESS","NULL",1,"B","00000001B",0.94,"State Highway","Straight and Level","Blacktop","Dry","Dark (Street Lights On/ continuous)","Clear","Curbed Median","None",100,"Foot","North","CHERRY TREE LN","NULL","","NULL",25,25,40.25024,-74.73613,"No","","159",426217.072347,516156.443288,NA,"DVRPC",0,"PDO",10302905
3445981,"2010110710-48744-AC","10-48744-AC",2010,"MERCER","Lawrence Twp (Mercer Co)","2010-12-15","Wednesday","December","09:33:00",1,"LAWRENCE TWP PD","",0,0,1,0,0,"Injury","Not At Intersection","No","No","Same Direction - Rear End",2,"US 1","North",1,"","00000001",4.22,"State Highway","Straight and Level","Blacktop","Snowy","Daylight","Clear","Barrier Median","None",2500,"Foot","North","CR 616 / WHITEHEAD RD","NULL","","NULL",55,45,40.25349,-74.72044,"No","","209",430599.451851,517330.719686,NA,"DVRPC",0,"Pain",10302910
3445988,"2010110710-48922-AC","10-48922-AC",2010,"MERCER","Lawrence Twp (Mercer Co)","2010-12-16","Thursday","December","14:28:00",1,"LAWRENCE TWP PD","",0,0,0,0,0,"Property Damage","Not At Intersection","No","No","Same Direction - Side Swipe",2,"US 206","South",206,"","00000206",45.23,"State Highway","Straight and Level","Blacktop","Dry","Daylight","Clear","Painted Median","NULL",100,"Foot","North","WITTENBORN DR","NULL","","NULL",45,25,40.24765,-74.74254,"No","","185",424426.125774,515217.913041,NA,"DVRPC",0,"PDO",10302901
3445992,"2010110710-48952-AC","10-48952-AC",2010,"MERCER","Lawrence Twp (Mercer Co)","2010-12-16","Thursday","December","19:36:00",1,"LAWRENCE TWP PD","",0,0,0,0,0,"Property Damage","Not At Intersection","No","No","Same Direction - Rear End",2,"EGGERTS CROSSING RD","East",NA,"","11071394",0.76,"Municipal","Curve and Level","Blacktop","Dry","Dark (No Street Lights)","Clear","Painted Median","None",50,"Foot","West","CHEVERLY RD","NULL","","NULL",35,25,40.27459,-74.75148,"No","","185",421956.92,525037.72,NA,"DVRPC",0,"PDO",10302898
3445997,"2010110710-49044-AC","10-49044-AC",2010,"MERCER","Lawrence Twp (Mercer Co)","2010-12-17","Friday","December","14:36:00",1,"LAWRENCE TWP PD","",0,0,0,0,0,"Property Damage","Not At Intersection","No","No","Fixed Object",1,"US 206","South",206,"","00000206",50.5,"State Highway","Straight and Level","Blacktop","Dry","Daylight","Clear","Painted Median","None",900,"Foot","North","ROUTE 569 / FACKLER RD","NULL","","NULL",45,35,40.31262,-74.70829,"No","-CHARLES OBRIEN - 3341 LAWRENCE RD LAWRENCE TWP NJ 08648","185",434040.202,538860.531,NA,"DVRPC",0,"PDO",10302895
3446003,"2010110710-49202-AC","10-49202-AC",2010,"MERCER","Lawrence Twp (Mercer Co)","2010-12-19","Sunday","December","04:13:00",1,"LAWRENCE TWP PD","",0,0,0,0,0,"Property Damage","At Intersection","No","No","Fixed Object",1,"US 1 BUSINESS","NULL",1,"B","00000001B",0.42,"State Highway","Curve and Level","Blacktop","Dry","Dark (Street Lights On/ continuous)","Clear","Grass Median","None",NA,"At","NULL","US 206 / CR 645 / BRUNSWICK AVE","NULL","","NULL",40,25,40.24438,-74.7418,"No","","212",424629.357172,514025.211396,NA,"DVRPC",0,"PDO",10302889
3446004,"2010110710-49223-AC","10-49223-AC",2010,"MERCER","Lawrence Twp (Mercer Co)","2010-12-19","Sunday","December","11:10:00",1,"LAWRENCE TWP PD","",0,0,1,0,0,"Injury","Not At Intersection","No","No","Pedalcyclist",1,"US 206","NULL",206,"","00000206",48.99,"State Highway","Straight and Level","Blacktop","Dry","Daylight","Clear","None","None",200,"Foot","North","GORDON AVE","NULL","","NULL",25,25,40.29837,-74.72899,"No","","151",428254.621665,533681.943679,NA,"DVRPC",0,"Pain",10299463
3446012,"2010110710-49407-AC","10-49407-AC",2010,"MERCER","Lawrence Twp (Mercer Co)","2010-12-20","Monday","December","22:05:00",1,"LAWRENCE TWP PD","",0,0,1,0,0,"Injury","At Intersection","No","No","Right Angle",2,"ROUTE 533","NULL",533,"","00000533",7.52,"County","Straight and Level","Blacktop","Dry","Dark (Street Lights On/ continuous)","Clear","Curbed Median","None",NA,"At","NULL","CR 638 / CLARKSVILLE RD / GROVERS M","NULL","","NULL",50,40,40.29015,-74.67657,"No","","218",442869.07,530654.63,NA,"DVRPC",0,"Pain",10302882
3446014,"2010110710-49478-AC","10-49478-AC",2010,"MERCER","Lawrence Twp (Mercer Co)","2010-12-21","Tuesday","December","10:51:00",1,"LAWRENCE TWP PD","",0,0,0,0,0,"Property Damage","Not At Intersection","No","No","Fixed Object",1,"US 1 BUSINESS","NULL",1,"B","00000001B",2.73,"State Highway","Straight and Level","Blacktop","Dry","Daylight","Clear","Barrier Median","None",NA,"NULL","NULL","","NULL","","NULL",55,NA,40.27091,-74.71111,"No","","208",433219.21,523668.18,NA,"DVRPC",0,"PDO",10302881