"ID","DOT_WEB_ID","CASE_NUMBER","CRASH_YEAR","COUNTY","MUNICIPALITY","CRASH_DATE","CRASH_DAY_OF_WEEK","CRASH_MONTH","CRASH_TIME","POLICE_DEPT_CODE","POLICE_DEPARTMENT","POLICE_STATION","TOTAL_KILLED","TOTAL_INCAPACITATED","TOTAL_INJURED","PEDESTRIANS_KILLED","PEDESTRIANS_INJURED","SEVERITY","INTERSECTION","ALCOHOL_INVOLVED","HAZMAT_INVOLVED","CRASH_TYPE","TOTAL_VEHICLES_INVOLVED","CRASH_LOCATION","LOCATION_DIRECTION","ROUTE","ROUTE_SUFFIX","SRI","MILEPOST","ROAD_SYSTEM","ROAD_CHARACTER","ROAD_SURFACE_TYPE","SURFACE_CONDITION","LIGHT_CONDITION","ENVIRONMENTAL_CONDITION","ROAD_DIVIDED_BY","TEMP_TRAFFIC_CONTROL_ZONE","DISTANCE_TO_CROSS_STREET","UNIT_OF_MEASUREMENT","DIRECTION_FROM_CROSS_STREET","CROSS_STREET_NAME","IS_RAMP","RAMP_TO_FROM_ROUTE_NAME","RAMP_TO_FROM_ROUTE_DIRECTION","POSTED_SPEED","POSTED_SPEED_CROSS_STREET","LATITUDE","LONGITUDE","CELL_PHONE_IN_USE","OTHER_PROPERTY_DAMAGE","REPORTING_BADGE_NO","X","Y","CRASH_NARRATIVE","MPO","TOTAL_PEDESTRIANS_INVOLVED","EPDO","DLN"
3446017,"2010110710-49508-AC","10-49508-AC",2010,"MERCER","Lawrence Twp (Mercer Co)","2010-12-21","Tuesday","December","15:30:00",1,"LAWRENCE TWP PD","",0,0,0,0,0,"Property Damage","Not At Intersection","No","No","Same Direction - Rear End",2,"US 206","South",206,"","00000206",45,"State Highway","Curve and Level","Blacktop","Dry","Daylight","Clear","None","None",5,"Foot","North","BRUNSWICK CIR","NULL","","NULL",40,40,40.2448,-74.743,"No","","193",424294.773,514179.59,NA,"DVRPC",0,"PDO",10302879
3446018,"2010110710-49524-AC","10-49524-AC",2010,"MERCER","Lawrence Twp (Mercer Co)","2010-12-21","Tuesday","December","18:26:00",1,"LAWRENCE TWP PD","",0,0,0,0,0,"Property Damage","Not At Intersection","No","No","Same Direction - Side Swipe",2,"US 1","South",1,"","00000001",8.03,"State Highway","Straight and Level","Blacktop","Dry","Dark (Street Lights On/ continuous)","Clear","Painted Median","None",300,"Foot","South","CR 533","NULL","","NULL",55,45,40.2973,-74.67923,"No","","223",442134.743175,533261.825976,NA,"DVRPC",0,"PDO",10300350
3446019,"2010110710-49612-AC","10-49612-AC",2010,"MERCER","Lawrence Twp (Mercer Co)","2010-12-22","Wednesday","December","09:24:00",1,"LAWRENCE TWP PD","",0,0,0,0,0,"Property Damage","At Intersection","No","No","Same Direction - Rear End",2,"US 206","South",206,"","00000206",45,"State Highway","Straight and Level","Blacktop","Dry","Daylight","Clear","Grass Median","None",NA,"At","NULL","BRUNSWICK CIR","NULL","","NULL",45,25,40.2448,-74.743,"No","","185",424294.773,514179.59,NA,"DVRPC",0,"PDO",10302878
3446028,"2010110710-49811-AC","10-49811-AC",2010,"MERCER","Lawrence Twp (Mercer Co)","2010-12-23","Thursday","December","17:05:00",1,"LAWRENCE TWP PD","",0,0,0,0,0,"Property Damage","Not At Intersection","No","No","Same Direction - Rear End",2,"US 1","NULL",1,"","00000001",3.73,"State Highway","Straight and Grade","Blacktop","Dry","Dark (Street Lights On/ continuous)","Clear","Painted Median","NULL",100,"Foot","South","CR 616 / WHITEHEAD RD","NULL","","NULL",55,40,40.24867,-74.72719,"No","","219",428712.24,515576.89,NA,"DVRPC",0,"PDO",10295323
3446036,"2010110710-49921-AC","10-49921-AC",2010,"MERCER","Lawrence Twp (Mercer Co)","2010-12-24","Friday","December","14:58:00",1,"LAWRENCE TWP PD","",0,0,0,0,0,"Property Damage","Not At Intersection","No","No","Same Direction - Rear End",2,"SPRUCE ST","NULL",NA,"","11111563",0.39,"Municipal","Straight and Level","Blacktop","Dry","Daylight","Clear","None","None",1000,"Foot","West","PRINCETON AVE","NULL","","NULL",40,25,40.24186,-74.7507,"No","","151",422142.61,513114.95,NA,"DVRPC",0,"PDO",10302872
3446045,"2010110710-50083-AC","10-50083-AC",2010,"MERCER","Lawrence Twp (Mercer Co)","2010-12-26","Sunday","December","12:57:00",1,"LAWRENCE TWP PD","",0,0,1,0,0,"Injury","Not At Intersection","No","No","Right Angle",2,"EGGERTS CROSSING RD","West",NA,"","11071394",0.77,"Municipal","Curve and Level","Blacktop","Snowy","Daylight","Snow","None","None",20,"Foot","East","CHEVERLY RD","NULL","","NULL",35,25,40.27453,-74.7517,"No","","217",421895.947598,525016.278785,NA,"DVRPC",0,"Pain",10302870
3446050,"2010110710-50227-AC","10-50227-AC",2010,"MERCER","Lawrence Twp (Mercer Co)","2010-12-27","Monday","December","15:49:00",1,"LAWRENCE TWP PD","",0,0,0,0,0,"Property Damage","Not At Intersection","No","No","Same Direction - Rear End",2,"US 206","South",206,"","00000206",51.24,"State Highway","Straight and Level","Blacktop","Snowy","Daylight","Blowing Snow","Painted Median","None",300,"Foot","South","PROVINCE LINE RD","NULL","","NULL",45,40,40.3209,-74.69941,"No","","223",436524.676697,541868.919264,NA,"DVRPC",0,"PDO",10301789
3446052,"2010110710-50308-AC","10-50308-AC",2010,"MERCER","Lawrence Twp (Mercer Co)","2010-12-28","Tuesday","December","10:49:00",1,"LAWRENCE TWP PD","",0,0,0,0,0,"Property Damage","Not At Intersection","No","No","Opposite Direction - Head On/Angular",2,"US 1","South",1,"","00000001",6.8,"State Highway","Straight and Level","Blacktop","Wet","Daylight","Clear","Barrier Median","None",200,"Foot","North","I- 295","NULL","","NULL",55,65,40.28424,-74.69506,"No","","117",437708.704471,528512.34213,NA,"DVRPC",0,"PDO",10300348
3446057,"2010110710-50477-AC","10-50477-AC",2010,"MERCER","Lawrence Twp (Mercer Co)","2010-12-29","Wednesday","December","12:17:00",1,"LAWRENCE TWP PD","",0,0,0,0,0,"Property Damage","Not At Intersection","No","No","Right Angle",2,"MERCER COUNTY 616","NULL",616,"","11000616",1.12,"County","Straight and Grade","Blacktop","Dry","Daylight","Clear","None","None",20,"Foot","East","LAKEDALE DR","NULL","","NULL",40,25,40.24997,-74.73047,"No","CINTAS - 649 WHITEHEAD RD LAWRENCE TWP NJ 08648","159",427797.069981,516053.545732,NA,"DVRPC",0,"PDO",10295322
3446058,"2010110710-5057-AC","10-5057-AC",2010,"MERCER","Lawrence Twp (Mercer Co)","2010-02-04","Thursday","February","07:47:00",1,"LAWRENCE TWP PD","",0,0,2,0,0,"Injury","Not At Intersection","No","No","Fixed Object",2,"US 1 BUSINESS","North",1,"B","00000001B",2.35,"State Highway","Straight and Level","Blacktop","Dry","Daylight","Clear","Grass Median","None",336,"Foot","North","DARRAH LN","NULL","","NULL",55,25,40.26638,-74.7161,"No","","193",431823.24,522021.74,NA,"DVRPC",0,"Pain",10030607
3446062,"2010110710-5072-AC","10-5072-AC",2010,"MERCER","Lawrence Twp (Mercer Co)","2010-02-04","Thursday","February","09:34:00",1,"LAWRENCE TWP PD","",0,0,0,0,0,"Property Damage","At Intersection","No","No","Same Direction - Rear End",2,"US 206","NULL",206,"","00000206",45.01,"State Highway","Straight and Level","Blacktop","Dry","Daylight","Clear","Grass Median","None",NA,"At","North","BRUNSWICK CIR","NULL","","NULL",45,25,40.24479,-74.74281,"No","","198",424346.553529,514177.252108,NA,"DVRPC",0,"PDO",10020042
3446063,"2010110710-5136-AC","10-5136-AC",2010,"MERCER","Lawrence Twp (Mercer Co)","2010-02-04","Thursday","February","17:43:00",1,"LAWRENCE TWP PD","",0,0,0,0,0,"Property Damage","At Intersection","No","No","Same Direction - Rear End",2,"US 206","North",206,"","00000206",45.01,"State Highway","Curve and Level","Blacktop","Dry","Dark (Street Lights On/ continuous)","Overcast","Grass Median","None",NA,"At","NULL","US 1B / CR 645 / STRAWBERRY ST","NULL","","NULL",25,25,40.24479,-74.74281,"No","","192",424346.553529,514177.252108,NA,"DVRPC",0,"PDO",10020034
3446064,"2010110710-5138-AC","10-5138-AC",2010,"MERCER","Lawrence Twp (Mercer Co)","2010-02-04","Thursday","February","18:14:00",1,"LAWRENCE TWP PD","",0,0,0,0,0,"Property Damage","Not At Intersection","No","No","Struck Parked Vehicle",2,"ROUTE 583","South",583,"","00000583",1.45,"Municipal","Straight and Level","Blacktop","Dry","Dark (Street Lights On/ continuous)","Overcast","None","None",40,"Foot","South","GRAF AVE","NULL","","NULL",25,25,40.25451,-74.73836,"No","","192",425599,517713.18,NA,"DVRPC",0,"PDO",10020033
3446067,"2010110710-5201-AC","10-5201-AC",2010,"MERCER","Lawrence Twp (Mercer Co)","2010-02-05","Friday","February","07:11:00",1,"LAWRENCE TWP PD","",0,0,0,0,0,"Property Damage","Not At Intersection","No","No","Left Turn / U Turn",2,"US 206","North",206,"","00000206",46.5,"State Highway","Straight and Level","Blacktop","Dry","Daylight","Overcast","None","None",20,"Foot","South","LAWRENCE AVE","NULL","","NULL",40,25,40.2659,-74.74051,"No","","193",425010.06,521854.73,NA,"DVRPC",0,"PDO",10020031
3446070,"2010110710-5316-AC","10-5316-AC",2010,"MERCER","Lawrence Twp (Mercer Co)","2010-02-05","Friday","February","18:55:00",1,"LAWRENCE TWP PD","",0,0,0,0,0,"Property Damage","Not At Intersection","No","No","Same Direction - Rear End",2,"ROUTE 533","East",533,"","00000533",7.5,"County","Straight and Level","Blacktop","Dry","Dark (No Street Lights)","Clear","Curbed Median","None",100,"Foot","West","CR 638 / CLARKSVILLE RD / GROVERS M","NULL","","NULL",50,45,40.28988,-74.67644,"No","","185",442906.183333,530556.583333,NA,"DVRPC",0,"PDO",10030609
3446071,"2010110710-5382-AC","10-5382-AC",2010,"MERCER","Lawrence Twp (Mercer Co)","2010-02-06","Saturday","February","12:23:00",1,"LAWRENCE TWP PD","",0,0,0,0,0,"Property Damage","Not At Intersection","No","No","Fixed Object",1,"US 1","South",1,"","00000001",5.1,"State Highway","Curve and Grade","Blacktop","Snowy","Daylight","Snow","Barrier Median","None",1000,"Foot","South","BRUNSWICK PIKE","NULL","","NULL",55,55,40.26549,-74.71523,"No","","193",432063.293062,521697.533406,NA,"DVRPC",0,"PDO",10019730
3446073,"2010110710-5403-AC","10-5403-AC",2010,"MERCER","Lawrence Twp (Mercer Co)","2010-02-06","Saturday","February","15:39:00",1,"LAWRENCE TWP PD","",0,0,0,0,0,"Property Damage","Not At Intersection","No","No","Fixed Object",1,"DARRAH LN","West",NA,"","11071390",0.34,"Municipal","Straight and Level","Blacktop","Snowy","Daylight","Clear","None","None",100,"Foot","West","BARNETT RD","NULL","","NULL",25,25,40.27039,-74.72918,"No","","185",428175.806683,523490.086656,NA,"DVRPC",0,"PDO",10019729
3446074,"2010110710-5430-AC","10-5430-AC",2010,"MERCER","Lawrence Twp (Mercer Co)","2010-02-06","Saturday","February","20:58:00",1,"LAWRENCE TWP PD","",0,0,0,0,0,"Property Damage","At Intersection","No","No","Same Direction - Side Swipe",2,"ROUTE 533","East",533,"","00000533",7.52,"County","Straight and Level","Blacktop","Dry","Dark (Street Lights On/ continuous)","Clear","Curbed Median","None",NA,"At","NULL","CR 638 / CLARKSVILLE RD / GROVERS M","NULL","","NULL",50,40,40.29015,-74.67657,"No","","185",442869.07,530654.63,NA,"DVRPC",0,"PDO",10030611
3446079,"2010110710-5526-AC","10-5526-AC",2010,"MERCER","Lawrence Twp (Mercer Co)","2010-02-07","Sunday","February","23:16:00",1,"LAWRENCE TWP PD","",0,0,0,0,0,"Property Damage","Not At Intersection","No","No","Same Direction - Side Swipe",2,"ROUTE 546","West",546,"","00000546",9.89,"County","Straight and Grade","Blacktop","Dry","Dark (Street LIghts On/ spot)","Clear","None","None",500,"Foot","West","US 1","NULL","","NULL",40,55,40.27537,-74.70781,"No","","214",434143.653427,525292.061724,NA,"DVRPC",0,"PDO",10020627
3446080,"2010110710-5570-AC","10-5570-AC",2010,"MERCER","Lawrence Twp (Mercer Co)","2010-02-08","Monday","February","07:50:00",1,"LAWRENCE TWP PD","",0,0,0,0,0,"Property Damage","Not At Intersection","No","No","Backing",2,"DARRAH LN","East",NA,"","11071390",0.22,"Municipal","Straight and Level","Blacktop","Wet","Daylight","Clear","None","None",50,"Foot","East","BIRCHWOOD KN","NULL","","NULL",25,25,40.27129,-74.73116,"No","","192",427624.179994,523818.918826,NA,"DVRPC",0,"PDO",10020777
3446082,"2010110710-5662-AC","10-5662-AC",2010,"MERCER","Lawrence Twp (Mercer Co)","2010-02-08","Monday","February","17:11:00",1,"LAWRENCE TWP PD","",0,0,0,0,0,"Property Damage","Not At Intersection","No","No","Struck Parked Vehicle",2,"MERCER COUNTY 613","NULL",613,"","11000613",0.09,"County","Straight and Level","Blacktop","Icy","Daylight","Clear","None","None",500,"Foot","East","PRINCETON AVE","NULL","","NULL",25,25,40.24298,-74.75163,"No","","208",421882.866273,513523.565503,NA,"DVRPC",0,"PDO",10030615
3446086,"2010110710-5824-AC","10-5824-AC",2010,"MERCER","Lawrence Twp (Mercer Co)","2010-02-09","Tuesday","February","17:17:00",1,"LAWRENCE TWP PD","",0,0,0,0,0,"Property Damage","Not At Intersection","No","No","Same Direction - Rear End",2,"US 206","North",206,"","00000206",47.38,"State Highway","Straight and Grade","Blacktop","Dry","Dark (Street Lights On/ continuous)","Clear","Painted Median","None",300,"Foot","North","SKILLMAN AVE","NULL","","NULL",45,25,40.27645,-74.73275,"No","","185",427184.954771,525699.814612,NA,"DVRPC",0,"PDO",10030616
3446088,"2010110710-5850-AC","10-5850-AC",2010,"MERCER","Lawrence Twp (Mercer Co)","2010-02-09","Tuesday","February","19:53:00",1,"LAWRENCE TWP PD","",0,0,2,0,0,"Injury","Not At Intersection","No","No","Same Direction - Rear End",2,"US 1","South",1,"","00000001",6.12,"State Highway","Straight and Level","Blacktop","Wet","Dark (Street Lights On/ continuous)","Snow","Barrier Median","None",750,"Foot","North","FRANKLIN CORNER RD","NULL","","NULL",55,40,40.277,-74.7038,"No","","193",435264.690322,525880.558766,NA,"DVRPC",0,"Pain",10020772
3446091,"2010110710-5929-AC","10-5929-AC",2010,"MERCER","Lawrence Twp (Mercer Co)","2010-02-10","Wednesday","February","13:35:00",1,"LAWRENCE TWP PD","",0,0,0,0,0,"Property Damage","Not At Intersection","No","No","Fixed Object",1,"US 1","South",1,"","00000001",6.57,"State Highway","Straight and Level","Blacktop","Snowy","Daylight","Snow","Barrier Median","NULL",1000,"Foot","South","I- 295","NULL","","NULL",55,35,40.28179,-74.698,"No","","213",436885.08601,527621.916421,NA,"DVRPC",0,"PDO",10030604
3446092,"2010110710-6052-AC","10-6052-AC",2010,"MERCER","Lawrence Twp (Mercer Co)","2010-02-10","Wednesday","February","21:56:00",1,"LAWRENCE TWP PD","",0,0,0,0,0,"Property Damage","Not At Intersection","No","No","Fixed Object",1,"US 206","NULL",206,"","00000206",47.55,"State Highway","Straight and Level","Concrete","Snowy","Dark (Street Lights On/ continuous)","Snow","None","None",100,"Foot","North","VANDERVEER AVE","NULL","","NULL",40,25,40.27887,-74.73218,"No","SMALL SHRUB UNDER $100.00-CATHY BRODY-2122 LAWRENCE RD LAWRENCE TWP NJ 08648","188",427346.240715,526582.752552,NA,"DVRPC",0,"PDO",10030603
3446095,"2010110710-6135-AC","10-6135-AC",2010,"MERCER","Lawrence Twp (Mercer Co)","2010-02-11","Thursday","February","13:30:00",1,"LAWRENCE TWP PD","",0,0,3,0,0,"Injury","At Intersection","No","No","Same Direction - Rear End",2,"US 1","North",1,"","00000001",3.75,"State Highway","Straight and Level","Blacktop","Wet","Daylight","Clear","Barrier Median","None",NA,"At","NULL","CR 616 / WHITEHEAD RD","NULL","","NULL",40,40,40.24889,-74.72691,"No","","156",428789.72,515656.32,NA,"DVRPC",0,"Pain",10030601
3446096,"2010110710-6139-AC","10-6139-AC",2010,"MERCER","Lawrence Twp (Mercer Co)","2010-02-11","Thursday","February","13:56:00",1,"LAWRENCE TWP PD","",0,0,0,0,0,"Property Damage","At Intersection","No","No","Right Angle",2,"US 206","NULL",206,"","00000206",49.26,"State Highway","Straight and Level","Blacktop","Slush","NULL","Clear","None","None",NA,"At","NULL","COLD SOIL RD","NULL","","NULL",35,35,40.30157,-74.72603,"No","","201",429082.821657,534846.886235,NA,"DVRPC",0,"PDO",10030478
3446100,"2010110710-621-AC","10-621-AC",2010,"MERCER","Lawrence Twp (Mercer Co)","2010-01-05","Tuesday","January","16:46:00",1,"LAWRENCE TWP PD","",0,0,0,0,0,"Property Damage","At Intersection","No","No","Same Direction - Rear End",2,"US 1","South",1,"","00000001",6.76,"State Highway","Straight and Level","Blacktop","Dry","Daylight","Clear","Barrier Median","None",NA,"At","South","I- 295","NULL","","NULL",55,65,40.28381,-74.69556,"No","","192",437567.819505,528355.825981,NA,"DVRPC",0,"PDO",10007802
3446101,"2010110710-6242-AC","10-6242-AC",2010,"MERCER","Lawrence Twp (Mercer Co)","2010-02-12","Friday","February","08:03:00",1,"LAWRENCE TWP PD","",0,0,0,0,0,"Property Damage","Not At Intersection","No","No","Fixed Object",2,"EGGERTS CROSSING RD","East",NA,"","11071394",0.67,"Municipal","Curve and Level","Blacktop","Icy","Daylight","Clear","None","None",55,"Foot","West","JOHNSON AVE","NULL","","NULL",40,25,40.2744,-74.74987,"No","","193",422406.674036,524966.159444,NA,"DVRPC",0,"PDO",10030477
3446102,"2010110710-6262-AC","10-6262-AC",2010,"MERCER","Lawrence Twp (Mercer Co)","2010-02-12","Friday","February","11:27:00",1,"LAWRENCE TWP PD","",0,0,1,0,0,"Injury","At Intersection","No","No","Same Direction - Rear End",2,"US 206","North",206,"","00000206",47.08,"State Highway","Straight and Grade","Blacktop","Dry","Daylight","Clear","None","None",NA,"At","NULL","DARRAH LA","NULL","","NULL",40,25,40.27263,-74.73504,"No","","156",426543.169995,524310.266163,NA,"DVRPC",0,"Pain",10030475
3446103,"2010110710-6269-AC","10-6269-AC",2010,"MERCER","Lawrence Twp (Mercer Co)","2010-02-12","Friday","February","12:53:00",1,"LAWRENCE TWP PD","",0,0,0,0,0,"Property Damage","Not At Intersection","No","No","Same Direction - Rear End",2,"US 1","North",1,"","00000001",6.79,"State Highway","Straight and Level","Blacktop","Dry","Daylight","Clear","Barrier Median","None",175,"Foot","North","I- 295","NULL","","NULL",55,55,40.28413,-74.69518,"No","","193",437673.384792,528473.293202,NA,"DVRPC",0,"PDO",10030619
3446105,"2010110710-6285-AC","10-6285-AC",2010,"MERCER","Lawrence Twp (Mercer Co)","2010-02-12","Friday","February","15:12:00",1,"LAWRENCE TWP PD","",0,0,1,0,0,"Injury","Not At Intersection","No","No","Same Direction - Rear End",3,"ROUTE 533","East",533,"","00000533",7.56,"County","Straight and Level","Blacktop","Dry","Daylight","Clear","Curbed Median","None",200,"Foot","East","CR 638 / CLARKSVILLE RD / GROVERS M","NULL","","NULL",50,35,40.2907,-74.67685,"No","","185",442791.607257,530855.011139,NA,"DVRPC",0,"Pain",10030474
3446108,"2010110710-6311-AC","10-6311-AC",2010,"MERCER","Lawrence Twp (Mercer Co)","2010-02-12","Friday","February","18:52:00",1,"LAWRENCE TWP PD","",0,0,0,0,0,"Property Damage","Not At Intersection","No","No","Same Direction - Rear End",2,"US 1","South",1,"","00000001",6.9,"State Highway","Straight and Level","Blacktop","Dry","Dark (Street Lights On/ continuous)","Clear","Barrier Median","None",1000,"Foot","North","I- 295","NULL","","NULL",55,65,40.2853,-74.69377,"No","","209",438067.527643,528899.048062,NA,"DVRPC",0,"PDO",10030496
3446113,"2010110710-6434-AC","10-6434-AC",2010,"MERCER","Lawrence Twp (Mercer Co)","2010-02-13","Saturday","February","16:47:00",1,"LAWRENCE TWP PD","",0,0,0,0,0,"Property Damage","At Intersection","No","No","Non-fixed Object",1,"US 1","North",1,"","00000001",3.75,"State Highway","Curve and Level","Blacktop","Dry","Dusk","Clear","Grass Median","None",NA,"At","NULL","CR 616 / WHITEHEAD RD","NULL","","NULL",55,45,40.24889,-74.72691,"No","","194",428789.72,515656.32,NA,"DVRPC",0,"PDO",10030493
3446114,"2010110710-6449-AC","10-6449-AC",2010,"MERCER","Lawrence Twp (Mercer Co)","2010-02-13","Saturday","February","18:50:00",1,"LAWRENCE TWP PD","",0,0,0,0,0,"Property Damage","Not At Intersection","No","No","Same Direction - Rear End",2,"ROUTE 546","East",546,"","00000546",9.96,"County","Straight and Level","Blacktop","Dry","Dark (Street Lights On/ continuous)","Clear","None","None",100,"Foot","West","BRUNSWICK PIKE","NULL","","NULL",40,55,40.2752,-74.70645,"No","","207",434522.865214,525226.389955,NA,"DVRPC",0,"PDO",10030492
3446116,"2010110710-6460-AC","10-6460-AC",2010,"MERCER","Lawrence Twp (Mercer Co)","2010-02-13","Saturday","February","21:11:00",1,"LAWRENCE TWP PD","",0,0,0,0,0,"Property Damage","Not At Intersection","No","No","Same Direction - Rear End",4,"US 1","NULL",1,"","00000001",6.85,"State Highway","Straight and Level","Blacktop","Dry","Dark (Street Lights On/ continuous)","Clear","Barrier Median","None",500,"Foot","North","I- 295","NULL","","NULL",55,55,40.28477,-74.69442,"No","","220",437887.683085,528705.682314,NA,"DVRPC",0,"PDO",10030482
3446121,"2010110710-6548-AC","10-6548-AC",2010,"MERCER","Lawrence Twp (Mercer Co)","2010-02-14","Sunday","February","15:27:00",1,"LAWRENCE TWP PD","",0,0,0,0,0,"Property Damage","Not At Intersection","No","No","Same Direction - Side Swipe",2,"ROUTE 533","NULL",533,"","00000533",6.57,"County","Straight and Level","Blacktop","Dry","Daylight","Clear","None","None",70,"Foot","West","LAWRENCE SQ. BLVD / VILLAGE RD W","NULL","","NULL",40,25,40.27753,-74.66976,"No","","176",444759.866018,526053.698106,NA,"DVRPC",0,"PDO",10030487
3446123,"2010110710-6704-AC","10-6704-AC",2010,"MERCER","Lawrence Twp (Mercer Co)","2010-02-15","Monday","February","18:46:00",1,"LAWRENCE TWP PD","",0,0,0,0,0,"Property Damage","Not At Intersection","No","No","Same Direction - Rear End",3,"US 206","NULL",206,"","00000206",48.94,"State Highway","Straight and Level","Blacktop","Wet","Dark (Street Lights On/ continuous)","Snow","None","None",40,"Foot","South","GORDON AVE","NULL","","NULL",25,25,40.29778,-74.72954,"No","","176",428101.330138,533468.159036,NA,"DVRPC",0,"PDO",10030483
3446124,"2010110710-6770-AC","10-6770-AC",2010,"MERCER","Lawrence Twp (Mercer Co)","2010-02-16","Tuesday","February","09:44:00",1,"LAWRENCE TWP PD","",0,0,0,0,0,"Property Damage","Not At Intersection","No","No","Same Direction - Rear End",2,"US 1","North",1,"","00000001",3.75,"State Highway","Straight and Grade","Blacktop","Wet","Daylight","Snow","Curbed Median","None",5,"Foot","South","CR 616 / WHITEHEAD RD","NULL","","NULL",55,45,40.24889,-74.72691,"No","","193",428789.72,515656.32,NA,"DVRPC",0,"PDO",10032500
3446127,"2010110710-6833-AC","10-6833-AC",2010,"MERCER","Lawrence Twp (Mercer Co)","2010-02-16","Tuesday","February","18:16:00",1,"LAWRENCE TWP PD","",0,0,0,0,0,"Property Damage","Not At Intersection","No","No","Same Direction - Rear End",2,"US 206","South",206,"","00000206",47.54,"State Highway","Straight and Level","Blacktop","Wet","Dark (Street Lights On/ continuous)","Clear","Painted Median","None",50,"Foot","North","VANDERVEER AVE","NULL","","NULL",40,25,40.27873,-74.73222,"No","","194",427337.037255,526531.393162,NA,"DVRPC",0,"PDO",10030486
3446128,"2010110710-6913-AC","10-6913-AC",2010,"MERCER","Lawrence Twp (Mercer Co)","2010-02-17","Wednesday","February","07:43:00",1,"LAWRENCE TWP PD","",0,0,0,0,0,"Property Damage","At Intersection","No","No","Same Direction - Rear End",3,"MERCER COUNTY 613","NULL",613,"","11000613",0.5,"County","Straight and Level","Blacktop","Dry","Daylight","Clear","None","None",NA,"At","NULL","ARCTIC PKWY","NULL","","NULL",45,35,40.24804,-74.7558,"No","","212",420729.486667,515362.938889,NA,"DVRPC",0,"PDO",10032534
3446131,"2010110710-7134-AC","10-7134-AC",2010,"MERCER","Lawrence Twp (Mercer Co)","2010-02-18","Thursday","February","18:36:00",1,"LAWRENCE TWP PD","",0,0,0,0,0,"Property Damage","At Intersection","No","No","Same Direction - Side Swipe",2,"ROUTE 546","NULL",546,"","00000546",7.64,"County","Straight and Level","Blacktop","Dry","Dark (Street LIghts On/ spot)","Clear","None","None",NA,"At","NULL","MERION PL","NULL","","NULL",40,25,40.29418,-74.74063,"No","","215",425004.237553,532166.675633,NA,"DVRPC",0,"PDO",10032531
3446132,"2010110710-7137-AC","10-7137-AC",2010,"MERCER","Lawrence Twp (Mercer Co)","2010-02-18","Thursday","February","18:53:00",1,"LAWRENCE TWP PD","",0,0,0,0,0,"Property Damage","Not At Intersection","No","No","Same Direction - Rear End",2,"US 1","South",1,"","00000001",7.63,"State Highway","Straight and Level","Blacktop","Dry","Dark (No Street Lights)","Clear","Barrier Median","None",300,"Foot","North","KELLY VIA DUCT","NULL","","NULL",55,25,40.29306,-74.68436,"No","","185",440699.22,531720.12,NA,"DVRPC",0,"PDO",10032530
3446134,"2010110710-7249-AC","10-7249-AC",2010,"MERCER","Lawrence Twp (Mercer Co)","2010-02-19","Friday","February","16:21:00",1,"LAWRENCE TWP PD","",0,0,0,0,0,"Property Damage","Not At Intersection","No","No","Same Direction - Rear End",2,"US 206","North",206,"","00000206",51.21,"State Highway","Straight and Level","Blacktop","Dry","Daylight","Clear","Curbed Median","None",500,"Foot","South","PROVINCE LINE RD","NULL","","NULL",45,40,40.32055,-74.69976,"No","","185",436425.690735,541742.888247,NA,"DVRPC",0,"PDO",10032528
3446140,"2010110710-7346-AC","10-7346-AC",2010,"MERCER","Lawrence Twp (Mercer Co)","2010-02-20","Saturday","February","10:49:00",1,"LAWRENCE TWP PD","",0,0,0,0,0,"Property Damage","Not At Intersection","No","No","Same Direction - Rear End",2,"US 1 BUSINESS","NULL",1,"B","00000001B",1.72,"State Highway","Straight and Level","Blacktop","Dry","Dark (No Street Lights)","Clear","None","None",400,"Foot","South","TEXAS AVE","NULL","","NULL",55,25,40.2593,-74.72517,"No","","176",429284.48007,519447.102771,NA,"DVRPC",0,"PDO",10032525
3446143,"2010110710-7388-AC","10-7388-AC",2010,"MERCER","Lawrence Twp (Mercer Co)","2010-02-20","Saturday","February","18:08:00",1,"LAWRENCE TWP PD","",0,0,0,0,0,"Property Damage","Not At Intersection","No","No","Same Direction - Side Swipe",2,"US 1","NULL",1,"","00000001",7.5,"State Highway","Straight and Level","Blacktop","Dry","Dark (Street LIghts On/ spot)","Clear","Barrier Median","None",300,"Foot","South","KELLY VIA DUCT","NULL","","NULL",55,25,40.29167,-74.68605,"No","","215",440228.245503,531215.770557,NA,"DVRPC",0,"PDO",10032518
3446147,"2010110710-7594-AC","10-7594-AC",2010,"MERCER","Lawrence Twp (Mercer Co)","2010-02-22","Monday","February","08:26:00",1,"LAWRENCE TWP PD","",0,0,0,0,0,"Property Damage","Not At Intersection","No","No","Same Direction - Rear End",3,"ROUTE 569","West",569,"","00000569",3.81,"County","Straight and Level","Blacktop","Dry","Daylight","Overcast","None","None",200,"Foot","East","COLD SOIL RD","NULL","","NULL",45,40,40.3342,-74.71879,"No","","192",431131.670143,546729.789335,NA,"DVRPC",0,"PDO",10032509
3446151,"2010110710-7643-AC","10-7643-AC",2010,"MERCER","Lawrence Twp (Mercer Co)","2010-02-22","Monday","February","14:42:00",1,"LAWRENCE TWP PD","",0,0,0,0,0,"Property Damage","At Intersection","No","No","Right Angle",2,"FEDERAL CITY RD","South",NA,"","11021398",1.3,"Municipal","Straight and Level","Blacktop","Dry","Daylight","Clear","None","None",NA,"At","NULL","DENOW RD","NULL","","NULL",45,35,40.28999,-74.75704,"Yes","","193",420423.529842,530651.09481,NA,"DVRPC",0,"PDO",10032519