"ID","DOT_WEB_ID","CASE_NUMBER","CRASH_YEAR","COUNTY","MUNICIPALITY","CRASH_DATE","CRASH_DAY_OF_WEEK","CRASH_MONTH","CRASH_TIME","POLICE_DEPT_CODE","POLICE_DEPARTMENT","POLICE_STATION","TOTAL_KILLED","TOTAL_INCAPACITATED","TOTAL_INJURED","PEDESTRIANS_KILLED","PEDESTRIANS_INJURED","SEVERITY","INTERSECTION","ALCOHOL_INVOLVED","HAZMAT_INVOLVED","CRASH_TYPE","TOTAL_VEHICLES_INVOLVED","CRASH_LOCATION","LOCATION_DIRECTION","ROUTE","ROUTE_SUFFIX","SRI","MILEPOST","ROAD_SYSTEM","ROAD_CHARACTER","ROAD_SURFACE_TYPE","SURFACE_CONDITION","LIGHT_CONDITION","ENVIRONMENTAL_CONDITION","ROAD_DIVIDED_BY","TEMP_TRAFFIC_CONTROL_ZONE","DISTANCE_TO_CROSS_STREET","UNIT_OF_MEASUREMENT","DIRECTION_FROM_CROSS_STREET","CROSS_STREET_NAME","IS_RAMP","RAMP_TO_FROM_ROUTE_NAME","RAMP_TO_FROM_ROUTE_DIRECTION","POSTED_SPEED","POSTED_SPEED_CROSS_STREET","LATITUDE","LONGITUDE","CELL_PHONE_IN_USE","OTHER_PROPERTY_DAMAGE","REPORTING_BADGE_NO","X","Y","CRASH_NARRATIVE","MPO","TOTAL_PEDESTRIANS_INVOLVED","EPDO","DLN"
3446154,"2010110710-7722-AC","10-7722-AC",2010,"MERCER","Lawrence Twp (Mercer Co)","2010-02-23","Tuesday","February","07:30:00",1,"LAWRENCE TWP PD","",0,0,0,0,0,"Property Damage","Not At Intersection","No","No","Same Direction - Rear End",2,"ROUTE 583","NULL",583,"","00000583",6.39,"Municipal","Straight and Level","Blacktop","Wet","Daylight","Rain","None","None",NA,"NULL","NULL","","NULL","","NULL",25,NA,40.31507,-74.68971,"No","","208",439225.263287,539739.486547,NA,"DVRPC",0,"PDO",10044833
3446156,"2010110710-7766-AC","10-7766-AC",2010,"MERCER","Lawrence Twp (Mercer Co)","2010-02-23","Tuesday","February","15:41:00",1,"LAWRENCE TWP PD","",0,0,0,0,0,"Property Damage","At Intersection","No","No","Right Angle",2,"US 206","North",206,"","00000206",50.25,"State Highway","Straight and Grade","Blacktop","Wet","Daylight","Rain","None","None",NA,"At","NULL","ROUTE 569 / FACKLER RD","NULL","","NULL",45,45,40.31013,-74.71165,"No","","209",433100.971818,537955.578182,NA,"DVRPC",0,"PDO",10032513
3446157,"2010110710-7779-AC","10-7779-AC",2010,"MERCER","Lawrence Twp (Mercer Co)","2010-02-23","Tuesday","February","18:05:00",1,"LAWRENCE TWP PD","",0,0,1,0,0,"Injury","At Intersection","No","No","Same Direction - Side Swipe",2,"ROUTE 583","South",583,"","00000583",3.84,"Municipal","Straight and Grade","Blacktop","Wet","Dark (Street Lights On/ continuous)","Rain","None","None",NA,"At","NULL","PRINCESS RD","NULL","","NULL",25,40,40.28387,-74.71464,"No","","193",432245.263118,528390.951775,NA,"DVRPC",0,"Pain",10032514
3446158,"2010110710-7890-AC","10-7890-AC",2010,"MERCER","Lawrence Twp (Mercer Co)","2010-02-24","Wednesday","February","11:43:00",1,"LAWRENCE TWP PD","",0,0,0,0,0,"Property Damage","Not At Intersection","No","No","Same Direction - Rear End",2,"US 206","NULL",206,"","00000206",51.32,"State Highway","Straight and Level","Blacktop","Wet","Daylight","Clear","Painted Median","None",100,"Foot","North","PROVINCE LINE RD","NULL","","NULL",45,40,40.32181,-74.69847,"No","","215",436786.335559,542200.535045,NA,"DVRPC",0,"PDO",10032521
3446159,"2010110710-7936-AC","10-7936-AC",2010,"MERCER","Lawrence Twp (Mercer Co)","2010-02-24","Wednesday","February","17:36:00",1,"LAWRENCE TWP PD","",0,0,0,0,0,"Property Damage","At Intersection","No","No","Right Angle",2,"ROUTE 583","South",583,"","00000583",5.91,"Municipal","Straight and Level","Blacktop","Dry","Dusk","Clear","None","None",NA,"At","NULL","ROUTE 569 / FACKLER RD","NULL","","NULL",40,45,40.30914,-74.69439,"No","","193",437914.57,537583.24,NA,"DVRPC",0,"PDO",10032502
3446162,"2010110710-8035-AC","10-8035-AC",2010,"MERCER","Lawrence Twp (Mercer Co)","2010-02-25","Thursday","February","08:41:00",1,"LAWRENCE TWP PD","",0,0,0,0,0,"Property Damage","Not At Intersection","No","No","Opposite Direction - Head On/Angular",2,"US 206","North",206,"","00000206",49.43,"State Highway","Curve and Level","Blacktop","Snowy","Daylight","Snow","Painted Median","None",50,"Foot","South","SHADOWSTONE RD","NULL","","NULL",45,25,40.3037,-74.72441,"No","","185",429537.4,535622.96,NA,"DVRPC",0,"PDO",10044835
3446163,"2010110710-8074-AC","10-8074-AC",2010,"MERCER","Lawrence Twp (Mercer Co)","2010-02-25","Thursday","February","13:58:00",1,"LAWRENCE TWP PD","",0,0,0,0,0,"Property Damage","Not At Intersection","No","No","Same Direction - Side Swipe",2,"EGGERTS CROSSING RD","East",NA,"","11071394",0.08,"Municipal","Straight and Level","Blacktop","Dry","Daylight","Clear","Painted Median","None",400,"Foot","West","LAWRENCE RD/US 206","NULL","","NULL",35,45,40.27116,-74.7395,"No","","185",425298.671185,523780.420585,NA,"DVRPC",0,"PDO",10044623
3446172,"2010110710-865-AC","10-865-AC",2010,"MERCER","Lawrence Twp (Mercer Co)","2010-01-07","Thursday","January","12:15:00",1,"LAWRENCE TWP PD","",0,0,0,0,0,"Property Damage","At Intersection","No","No","Same Direction - Rear End",2,"US 1","North",1,"","00000001",3.75,"State Highway","Curve and Level","Blacktop","Dry","Daylight","Clear","Curbed Median","None",NA,"At","NULL","CR 616 / WHITEHEAD RD","NULL","","NULL",55,40,40.24889,-74.72691,"No","","156",428789.72,515656.32,NA,"DVRPC",0,"PDO",10007807
3446173,"2010110710-8658-AC","10-8658-AC",2010,"MERCER","Lawrence Twp (Mercer Co)","2010-03-01","Monday","March","12:50:00",1,"LAWRENCE TWP PD","",0,0,0,0,0,"Property Damage","Not At Intersection","No","No","Same Direction - Rear End",2,"US 1","South",1,"","00000001",6.01,"State Highway","Straight and Level","Blacktop","Dry","Daylight","Clear","Barrier Median","None",250,"Foot","North","FRANKLIN CORNER RD","NULL","","NULL",55,45,40.27583,-74.70521,"No","","193",434868.494159,525455.367545,NA,"DVRPC",0,"PDO",10044838
3446175,"2010110710-8686-AC","10-8686-AC",2010,"MERCER","Lawrence Twp (Mercer Co)","2010-03-01","Monday","March","14:45:00",1,"LAWRENCE TWP PD","",0,0,0,0,0,"Property Damage","Not At Intersection","No","No","Same Direction - Rear End",2,"ROUTE 546","West",546,"","00000546",7.4,"County","Straight and Level","Blacktop","Dry","Daylight","Clear","Painted Median","None",200,"Foot","West","BRUNSWICK PIKE","NULL","","NULL",40,55,40.29686,-74.74352,"No","","185",424200.595716,533145.306538,NA,"DVRPC",0,"PDO",10044832
3446176,"2010110710-8695-AC","10-8695-AC",2010,"MERCER","Lawrence Twp (Mercer Co)","2010-03-01","Monday","March","15:39:00",1,"LAWRENCE TWP PD","",0,0,1,0,1,"Injury","Not At Intersection","No","No","Pedestrian",1,"US 206","North",206,"","00000206",45.47,"State Highway","Straight and Level","Blacktop","Dry","Daylight","Clear","Painted Median","None",600,"Foot","North","ROUTE 583 / PRINCETON PIKE","NULL","","NULL",45,25,40.25112,-74.74234,"No","","185",424485.942679,516482.135121,NA,"DVRPC",1,"Pain",10044831
3446177,"2010110710-8710-AC","10-8710-AC",2010,"MERCER","Lawrence Twp (Mercer Co)","2010-03-01","Monday","March","18:06:00",1,"LAWRENCE TWP PD","",0,0,0,0,0,"Property Damage","Not At Intersection","No","No","Same Direction - Side Swipe",2,"ROUTE 533","NULL",533,"","00000533",6.08,"County","Straight and Grade","Blacktop","Dry","Dark (Street Lights On/ continuous)","Clear","Barrier Median","NULL",150,"Foot","West","LAWRENCE SQ. BLVD","NULL","","NULL",45,25,40.27071,-74.6711,"No","","184",444382.069149,523571.247908,NA,"DVRPC",0,"PDO",10044839
3446178,"2010110710-8712-AC","10-8712-AC",2010,"MERCER","Lawrence Twp (Mercer Co)","2010-03-01","Monday","March","18:24:00",1,"LAWRENCE TWP PD","",0,0,0,0,0,"Property Damage","Not At Intersection","No","No","Struck Parked Vehicle",2,"US 206","North",206,"","00000206",51.3,"State Highway","Straight and Level","Blacktop","Dry","Dark (Street Lights On/ continuous)","Clear","None","None",NA,"Foot","South","PROVINCE LINE RD","NULL","","NULL",40,40,40.3216,-74.6987,"No","","146",436723.88,542125.51,NA,"DVRPC",0,"PDO",10044842
3446181,"2010110710-8859-AC","10-8859-AC",2010,"MERCER","Lawrence Twp (Mercer Co)","2010-03-02","Tuesday","March","15:34:00",1,"LAWRENCE TWP PD","",0,0,1,0,0,"Injury","Not At Intersection","No","No","Same Direction - Rear End",2,"US 206","NULL",206,"","00000206",44.71,"State Highway","Straight and Level","Blacktop","Dry","Daylight","Clear","None","None",25,"Foot","South","MULBERRY ST","NULL","","NULL",25,25,40.24167,-74.74647,"No","","208",423323.756354,513042.588146,NA,"DVRPC",0,"Pain",10044630
3446182,"2010110710-8887-AC","10-8887-AC",2010,"MERCER","Lawrence Twp (Mercer Co)","2010-03-02","Tuesday","March","19:32:00",1,"LAWRENCE TWP PD","",0,0,0,0,0,"Property Damage","Not At Intersection","No","No","Same Direction - Rear End",2,"US 1","South",1,"","00000001",6.5,"State Highway","Straight and Level","Blacktop","Wet","Dark (No Street Lights)","Rain","Barrier Median","None",800,"Foot","South","I95","NULL","","NULL",55,65,40.28104,-74.69891,"No","","185",436631.411753,527350.066438,NA,"DVRPC",0,"PDO",10044624
3446183,"2010110710-8890-AC","10-8890-AC",2010,"MERCER","Lawrence Twp (Mercer Co)","2010-03-02","Tuesday","March","20:31:00",1,"LAWRENCE TWP PD","",0,0,2,0,0,"Injury","Not At Intersection","No","No","Same Direction - Side Swipe",2,"US 1","South",1,"","00000001",6.4,"State Highway","Straight and Level","Blacktop","Wet","Dark (No Street Lights)","Rain","Barrier Median","None",600,"Foot","South","I95","NULL","","NULL",55,65,40.27997,-74.70019,"No","","185",436272.198697,526963.022326,NA,"DVRPC",0,"Pain",10044825
3446185,"2010110710-8973-AC","10-8973-AC",2010,"MERCER","Lawrence Twp (Mercer Co)","2010-03-03","Wednesday","March","11:28:00",1,"LAWRENCE TWP PD","",0,0,0,0,0,"Property Damage","Not At Intersection","No","No","Fixed Object",1,"US 1","North",1,"","00000001",3.71,"State Highway","Curve and Grade","Blacktop","Wet","Daylight","Rain","Curbed Median","None",200,"Foot","South","CR 616 / WHITEHEAD RD","NULL","","NULL",25,40,40.24847,-74.72745,"No","","192",428639.20834,515506.581967,NA,"DVRPC",0,"PDO",10044826
3446186,"2010110710-9007-AC","10-9007-AC",2010,"MERCER","Lawrence Twp (Mercer Co)","2010-03-03","Wednesday","March","15:39:00",1,"LAWRENCE TWP PD","",0,0,0,0,0,"Property Damage","Not At Intersection","No","No","Struck Parked Vehicle",2,"US 1 BUSINESS","NULL",1,"B","00000001B",2.73,"State Highway","Straight and Level","Blacktop","Wet","Daylight","Rain","None","None",NA,"NULL","NULL","","NULL","","NULL",NA,NA,40.27091,-74.71111,"No","","185",433219.21,523668.18,NA,"DVRPC",0,"PDO",10044620
3446187,"2010110710-9020-AC","10-9020-AC",2010,"MERCER","Lawrence Twp (Mercer Co)","2010-03-03","Wednesday","March","17:17:00",1,"LAWRENCE TWP PD","",0,0,0,0,0,"Property Damage","At Intersection","No","No","Same Direction - Rear End",3,"US 206","South",206,"","00000206",45.01,"State Highway","Curve and Level","Blacktop","Wet","Daylight","Rain","Painted Median","None",NA,"At","NULL","BRUNSWICK CIR","NULL","","NULL",45,25,40.24479,-74.74281,"No","","185",424346.553529,514177.252108,NA,"DVRPC",0,"PDO",10044633
3446188,"2010110710-9029-AC","10-9029-AC",2010,"MERCER","Lawrence Twp (Mercer Co)","2010-03-03","Wednesday","March","19:06:00",1,"LAWRENCE TWP PD","",0,0,0,0,0,"Property Damage","Not At Intersection","No","No","Encroachment",2,"US 1","North",1,"","00000001",3.74,"State Highway","Straight and Level","Blacktop","Wet","Dark (Street Lights On/ continuous)","Rain","Curbed Median","None",40,"Foot","South","CR 616 / WHITEHEAD RD","NULL","","NULL",40,40,40.24879,-74.72703,"No","","185",428756.51,515621.16,NA,"DVRPC",0,"PDO",10044629
3446192,"2010110710-9157-AC","10-9157-AC",2010,"MERCER","Lawrence Twp (Mercer Co)","2010-03-04","Thursday","March","13:44:00",1,"LAWRENCE TWP PD","",0,0,0,0,0,"Property Damage","Not At Intersection","No","No","Same Direction - Rear End",2,"ROUTE 546","South",546,"","00000546",6.81,"County","Curve and Level","Blacktop","Dry","Daylight","Overcast","Curbed Median","None",10,"Foot","North","FEDERAL CITY RD / KEEFE RD","NULL","","NULL",40,45,40.30328,-74.75093,"No","","192",422142.43,535487,NA,"DVRPC",0,"PDO",10044828
3446193,"2010110710-9169-AC","10-9169-AC",2010,"MERCER","Lawrence Twp (Mercer Co)","2010-03-04","Thursday","March","15:29:00",1,"LAWRENCE TWP PD","",0,0,0,0,0,"Property Damage","At Intersection","No","No","Same Direction - Rear End",2,"ROUTE 546","North",546,"","00000546",6.81,"County","Straight and Level","Blacktop","Dry","Daylight","Clear","Painted Median","None",NA,"At","NULL","FEDERAL CITY RD / KEEFE RD","NULL","","NULL",40,40,40.30328,-74.75093,"No","","185",422142.43,535487,NA,"DVRPC",0,"PDO",10044628
3446194,"2010110710-918-AC","10-918-AC",2010,"MERCER","Lawrence Twp (Mercer Co)","2010-01-07","Thursday","January","18:17:00",1,"LAWRENCE TWP PD","",0,0,1,0,0,"Injury","Not At Intersection","No","No","Same Direction - Rear End",2,"US 1 BUSINESS","South",1,"B","00000001B",2.19,"State Highway","Straight and Level","Blacktop","Dry","Dark (Street Lights On/ continuous)","Clear","Barrier Median","NULL",528,"Foot","South","DARRAH LN","NULL","","NULL",55,35,40.26476,-74.71858,"No","","212",431129.494508,521431.350239,NA,"DVRPC",0,"Pain",10002045
3446195,"2010110710-9271-AC","10-9271-AC",2010,"MERCER","Lawrence Twp (Mercer Co)","2010-03-05","Friday","March","07:37:00",1,"LAWRENCE TWP PD","",0,0,2,0,0,"Injury","Not At Intersection","No","No","Same Direction - Rear End",3,"TEXAS AVE","East",NA,"","11071395",0,"Municipal","Straight and Grade","Blacktop","Dry","Daylight","Clear","None","None",50,"Foot","West","BRUNSWICK PIKE","NULL","","NULL",25,55,40.2598,-74.72457,"No","","193",429453.57,519629.89,NA,"DVRPC",0,"Pain",10044621
3446196,"2010110710-9329-AC","10-9329-AC",2010,"MERCER","Lawrence Twp (Mercer Co)","2010-03-05","Friday","March","14:58:00",1,"LAWRENCE TWP PD","",0,0,0,0,0,"Property Damage","Not At Intersection","No","No","Same Direction - Side Swipe",2,"ROUTE 583","North",583,"","00000583",2.5,"Municipal","Straight and Level","Blacktop","Dry","Daylight","Clear","None","None",20,"Foot","South","RYDAL CT","NULL","","NULL",25,25,40.26719,-74.72748,"No","","192",428648.164545,522325.202727,NA,"DVRPC",0,"PDO",10053413
3446198,"2010110710-9624-AC","10-9624-AC",2010,"MERCER","Lawrence Twp (Mercer Co)","2010-03-07","Sunday","March","11:22:00",1,"LAWRENCE TWP PD","",0,0,0,0,0,"Property Damage","At Intersection","No","No","Same Direction - Side Swipe",2,"US 206","NULL",206,"","00000206",44.5,"State Highway","Straight and Level","Blacktop","Dry","Daylight","Clear","NULL","None",NA,"At","North","SPRUCE ST","NULL","","NULL",25,35,40.23954,-74.7493,"No","","208",422529.874911,512268.316177,NA,"DVRPC",0,"PDO",10044618
3446201,"2010110710-970-AC","10-970-AC",2010,"MERCER","Lawrence Twp (Mercer Co)","2010-01-08","Friday","January","04:05:00",1,"LAWRENCE TWP PD","",0,0,0,0,0,"Property Damage","At Intersection","No","No","Fixed Object",1,"EGGERTS CROSSING RD","NULL",NA,"","11071394",0.68,"Municipal","Curve and Level","Blacktop","Snowy","Dark (Street Lights On/ continuous)","Snow","None","None",NA,"At","NULL","JOHNSON AVE","NULL","","NULL",40,25,40.27445,-74.75004,"No","PSE&G-WHITEHEAD RD LAWRENCE TWP NJ 08648","189",422358.533299,524985.070013,NA,"DVRPC",0,"PDO",10002046
3446202,"2010110710-9708-AC","10-9708-AC",2010,"MERCER","Lawrence Twp (Mercer Co)","2010-03-08","Monday","March","01:25:00",1,"LAWRENCE TWP PD","",0,0,1,0,0,"Injury","Not At Intersection","No","No","Fixed Object",1,"US 1","NULL",1,"","00000001",5,"State Highway","Straight and Level","Blacktop","Dry","Dark (Street Lights On/ continuous)","Clear","Barrier Median","None",400,"Foot","South","BRUNSWICK PIKE","NULL","","NULL",55,55,40.26407,-74.71524,"No","","218",432059.753333,521168.911111,NA,"DVRPC",0,"Pain",10055855
3446203,"2010110710-98-AC","10-98-AC",2010,"MERCER","Lawrence Twp (Mercer Co)","2010-01-01","Friday","January","22:35:00",1,"LAWRENCE TWP PD","",0,0,0,0,0,"Property Damage","At Intersection","No","No","Same Direction - Rear End",2,"US 206","NULL",206,"","00000206",48.01,"State Highway","Straight at Hillcrest","Blacktop","Dry","Dark (Street Lights On/ continuous)","Overcast","Barrier Median","NULL",NA,"At","NULL","I- 95","NULL","","NULL",40,55,40.28542,-74.73225,"No","","184",427334.28,528968.01,NA,"DVRPC",0,"PDO",10007803
3446204,"2010110710-9816-AC","10-9816-AC",2010,"MERCER","Lawrence Twp (Mercer Co)","2010-03-08","Monday","March","15:08:00",1,"LAWRENCE TWP PD","",0,0,0,0,0,"Property Damage","Not At Intersection","No","No","Same Direction - Rear End",2,"MERCER COUNTY 645","West",645,"","11000645",0,"County","Curve and Level","Blacktop","Dry","Daylight","Clear","Grass Median","None",5,"Foot","South","BRUNSWICK PIKE","NULL","","NULL",25,40,40.24561,-74.7432,"No","","193",424239.85,514475.42,NA,"DVRPC",0,"PDO",10053422
3446206,"2010110710-986-AC","10-986-AC",2010,"MERCER","Lawrence Twp (Mercer Co)","2010-01-08","Friday","January","08:47:00",1,"LAWRENCE TWP PD","",0,0,0,0,0,"Property Damage","At Intersection","No","No","Same Direction - Rear End",2,"US 206","NULL",206,"","00000206",44.83,"State Highway","Straight and Level","Blacktop","Wet","Daylight","Clear","NULL","None",NA,"At","NULL","LANNING AVE","NULL","","NULL",25,25,40.24294,-74.74491,"No","","182",423759.518533,513502.905859,NA,"DVRPC",0,"PDO",10007808
3446207,"2010110710-9941-AC","10-9941-AC",2010,"MERCER","Lawrence Twp (Mercer Co)","2010-03-09","Tuesday","March","16:29:00",1,"LAWRENCE TWP PD","",0,0,0,0,0,"Property Damage","Not At Intersection","No","No","Same Direction - Side Swipe",2,"US 1","South",1,"","00000001",7.01,"State Highway","Straight and Level","Blacktop","Dry","Daylight","Clear","Barrier Median","NULL",1320,"Foot","North","I- 295","NULL","","NULL",55,55,40.28648,-74.69235,"No","","177",438466.15,529329.5,NA,"DVRPC",0,"PDO",10053417
3446208,"2010110710-9977-AC","10-9977-AC",2010,"MERCER","Lawrence Twp (Mercer Co)","2010-03-09","Tuesday","March","23:56:00",1,"LAWRENCE TWP PD","",0,0,0,0,0,"Property Damage","At Intersection","Yes","No","Struck Parked Vehicle",2,"US 206","NULL",206,"","00000206",44.66,"State Highway","Straight and Level","Blacktop","Dry","Dark (No Street Lights)","Clear","NULL","NULL",NA,"At","NULL","VERMONT ST","NULL","","NULL",25,25,40.24112,-74.74709,"No","LAWRENCE TWP-2207 LAWRENCE RD LAWRENCE TWP NJ 08648","199",423147.881686,512844.287704,NA,"DVRPC",0,"PDO",10053423
3446213,"20101107C05020100899A","C05020100899A",2010,"MERCER","Lawrence Twp (Mercer Co)","2010-07-20","Tuesday","July","16:14:00",2,"NEW JERSEY STATE POLICE","HAMILTON SUB",0,0,0,0,0,"Property Damage","Not At Intersection","No","No","Non-fixed Object",2,"I-95 MERCER COUNTY","South",95,"M","00000095M",8,"Interstate","Straight and Level","Blacktop","Dry","Daylight","Clear","Grass Median","None",NA,"NULL","NULL","","NULL","","NULL",65,NA,40.28563,-74.71754,"No","NONE","675",431437.408,529033.13,NA,"DVRPC",0,"PDO",10171049
3446215,"20101107C060-20010-00054A","C060-20010-00054A",2010,"MERCER","Lawrence Twp (Mercer Co)","2010-01-19","Tuesday","January","08:12:00",2,"NEW JERSEY STATE POLICE","HAMILTON-SUB",0,0,0,0,0,"Property Damage","Not At Intersection","No","No","Same Direction - Rear End",2,"I-95 MERCER COUNTY","West",95,"M","00000095M",8.7,"Interstate","Straight and Level","Blacktop","Dry","Daylight","Clear","Grass Median","None",NA,"NULL","NULL","","NULL","","NULL",65,NA,40.28619,-74.7045,"No","","697",435076.020082,529228.588328,NA,"DVRPC",0,"PDO",10012323
3446216,"20101107C060-2010-00019-A","C060-2010-00019-A",2010,"MERCER","Lawrence Twp (Mercer Co)","2010-01-06","Wednesday","January","18:22:00",2,"NEW JERSEY STATE POLICE","HAMILTON-SUB",0,0,1,0,0,"Injury","Not At Intersection","No","No","Same Direction - Rear End",2,"I-95 MERCER COUNTY","North",95,"M","00000095M",8.6,"Interstate","Straight and Level","Blacktop","Dry","Dark (Street Lights On/ continuous)","Clear","Grass Median","None",NA,"NULL","NULL","","NULL","","NULL",65,NA,40.28627,-74.70634,"No","","703",434562.74,529260.16,NA,"DVRPC",0,"Pain",10037145
3446217,"20101107C060-2010-00020-A","C060-2010-00020-A",2010,"MERCER","Lawrence Twp (Mercer Co)","2010-01-06","Wednesday","January","18:57:00",2,"NEW JERSEY STATE POLICE","HAMILTON-SUB",0,0,0,0,0,"Property Damage","Not At Intersection","No","No","Same Direction - Rear End",2,"I-95 MERCER COUNTY","South",95,"M","00000095M",8.5,"Interstate","Straight and Level","Blacktop","Dry","Dark (Street Lights On/ continuous)","Clear","Grass Median","None",NA,"NULL","NULL","","NULL","","NULL",65,NA,40.2862,-74.70822,"No","","703",434037.409149,529235.375745,NA,"DVRPC",0,"PDO",10009006
3446218,"20101107C060-2010-00021-A","C060-2010-00021-A",2010,"MERCER","Lawrence Twp (Mercer Co)","2010-01-06","Wednesday","January","18:46:00",2,"NEW JERSEY STATE POLICE","HAMILTON-SUB",0,0,0,0,0,"Property Damage","Not At Intersection","No","No","Same Direction - Rear End",3,"I-95 MERCER COUNTY","North",95,"M","00000095M",8.4,"Interstate","Straight and Level","Blacktop","Dry","Dark (No Street Lights)","Clear","Grass Median","Maintenance Zone",NA,"NULL","NULL","","NULL","","NULL",65,NA,40.28608,-74.7101,"No","","703",433514.630021,529194.152525,NA,"DVRPC",0,"PDO",10009005
3446219,"20101107C060-2010-00022A","C060-2010-00022A",2010,"MERCER","Lawrence Twp (Mercer Co)","2010-01-06","Wednesday","January","18:09:00",2,"NEW JERSEY STATE POLICE","HAMILTON-SUB",0,0,1,0,0,"Injury","Not At Intersection","No","No","Same Direction - Side Swipe",2,"I-95 MERCER COUNTY","North",95,"M","00000095M",8.7,"Interstate","Straight and Level","Blacktop","Dry","Dark (Street LIghts On/ spot)","Clear","Barrier Median","None",NA,"NULL","NULL","","NULL","","NULL",65,NA,40.28619,-74.7045,"No","","683",435076.020082,529228.588328,NA,"DVRPC",0,"Moderate Injury",10009003
3446220,"20101107C060-2010-00032A","C060-2010-00032A",2010,"MERCER","Lawrence Twp (Mercer Co)","2010-01-12","Tuesday","January","07:42:00",2,"NEW JERSEY STATE POLICE","HAMILTON-SUB",0,0,0,0,0,"Property Damage","Not At Intersection","No","No","Non-fixed Object",2,"I-95 MERCER COUNTY","North",95,"M","00000095M",7,"Interstate","Straight and Level","Blacktop","Dry","Daylight","Clear","Grass Median","None",NA,"NULL","NULL","","NULL","","NULL",65,NA,40.28587,-74.73618,"No","NONE","702",426238.72,529133.863333,NA,"DVRPC",0,"PDO",10023306
3446222,"20101107C060-2010-00061A","C060-2010-00061A",2010,"MERCER","Lawrence Twp (Mercer Co)","2010-01-20","Wednesday","January","09:03:00",2,"NEW JERSEY STATE POLICE","HAMILTON-SUB",0,0,0,0,0,"Property Damage","Not At Intersection","No","No","Same Direction - Rear End",2,"I-95 MERCER COUNTY","North",95,"M","00000095M",8.7,"Interstate","Straight and Level","Blacktop","Dry","Daylight","Clear","Grass Median","None",NA,"NULL","NULL","","NULL","","NULL",65,NA,40.28619,-74.7045,"No","","702",435076.020082,529228.588328,NA,"DVRPC",0,"PDO",10023184
3446223,"20101107C060-2010-00077A","C060-2010-00077A",2010,"MERCER","Lawrence Twp (Mercer Co)","2010-01-24","Sunday","January","05:59:00",2,"NEW JERSEY STATE POLICE","HAMILTON-SUB",0,0,1,0,0,"Injury","Not At Intersection","No","No","Overturned",1,"I-95 MERCER COUNTY","North",95,"M","00000095M",7.5,"Interstate","Curve and Level","Blacktop","Dry","Dark (Street Lights On/ continuous)","Clear","Grass Median","None",NA,"NULL","NULL","","To","CR 583","North Bound",65,NA,40.28543,-74.72687,"No","","697",428824.65,528970.1,NA,"DVRPC",0,"Pain",10023189
3446224,"20101107C060-2010-00095A","C060-2010-00095A",2010,"MERCER","Lawrence Twp (Mercer Co)","2010-01-29","Friday","January","17:53:00",2,"NEW JERSEY STATE POLICE","HAMILTON SUB",0,0,0,0,0,"Property Damage","Not At Intersection","No","No","Same Direction - Rear End",2,"I-95 MERCER COUNTY","North",95,"M","00000095M",8.4,"Interstate","Straight and Level","Blacktop","Dry","Dark (Street Lights On/ continuous)","Clear","Grass Median","None",NA,"NULL","NULL","","NULL","","NULL",65,NA,40.28608,-74.7101,"No","","725",433514.630021,529194.152525,NA,"DVRPC",0,"PDO",10023193
3446225,"20101107C060-2010-00107A","C060-2010-00107A",2010,"MERCER","Lawrence Twp (Mercer Co)","2010-02-01","Monday","February","09:46:00",2,"NEW JERSEY STATE POLICE","HAMILTON SUB",0,0,0,0,0,"Property Damage","Not At Intersection","No","No","Fixed Object",1,"I-95 MERCER COUNTY","South",95,"M","00000095M",6.6,"Interstate","Straight and Level","Blacktop","Dry","Daylight","Clear","Grass Median","None",NA,"NULL","NULL","","NULL","","NULL",65,NA,40.28695,-74.7435,"No","","689",424197.870753,529533.329621,NA,"DVRPC",0,"PDO",10028988
3446227,"20101107C060-2010-00144-A","C060-2010-00144-A",2010,"MERCER","Lawrence Twp (Mercer Co)","2010-02-08","Monday","February","17:52:00",2,"NEW JERSEY STATE POLICE","HAMILTON-SUB",0,0,0,0,0,"Property Damage","Not At Intersection","No","No","Same Direction - Rear End",4,"I-95 MERCER COUNTY","North",95,"M","00000095M",8.3,"Interstate","Straight and Level","Blacktop","Dry","Dark (Street Lights On/ continuous)","Clear","Grass Median","None",NA,"NULL","NULL","","NULL","","NULL",65,NA,40.28597,-74.71197,"No","","666",432992.8,529154.15,NA,"DVRPC",0,"PDO",10037136
3446229,"20101107C060-2010-00222A","C060-2010-00222A",2010,"MERCER","Lawrence Twp (Mercer Co)","2010-02-23","Tuesday","February","22:02:00",2,"NEW JERSEY STATE POLICE","HAMILTON-SUB",0,0,0,0,0,"Property Damage","Not At Intersection","No","No","Same Direction - Side Swipe",2,"I-95 MERCER COUNTY","South",95,"M","00000095M",6.3,"Interstate","Straight and Level","Blacktop","Dry","Dark (Street Lights Off)","Clear","Grass Median","None",NA,"NULL","NULL","","NULL","","NULL",65,NA,40.2868,-74.74909,"No","NONE","696",422637.093157,529483.648458,NA,"DVRPC",0,"PDO",10046813
3446230,"20101107C060-2010-00254A","C060-2010-00254A",2010,"MERCER","Lawrence Twp (Mercer Co)","2010-03-01","Monday","March","09:29:00",2,"NEW JERSEY STATE POLICE","HAMILTON SUB",0,0,2,0,0,"Injury","Not At Intersection","No","No","Same Direction - Rear End",2,"I-95 MERCER COUNTY","North",95,"M","00000095M",8,"Interstate","Straight and Level","Blacktop","Dry","Daylight","Clear","Barrier Median","None",NA,"NULL","NULL","","NULL","","NULL",65,NA,40.28563,-74.71754,"No","","727",431437.408,529033.13,NA,"DVRPC",0,"Pain",10047184
3446232,"20101107C060-2010-00259A","C060-2010-00259A",2010,"MERCER","Lawrence Twp (Mercer Co)","2010-03-01","Monday","March","09:32:00",2,"NEW JERSEY STATE POLICE","HAMILTON",0,0,0,0,0,"Property Damage","Not At Intersection","No","No","Same Direction - Rear End",2,"I-295","North",295,"","00000295",66.6,"Interstate","Straight and Level","Blacktop","Dry","Daylight","Clear","Grass Median","None",NA,"NULL","NULL","","NULL","","NULL",65,NA,40.26985,-74.69143,"No","","697",438708.626124,523269.602488,NA,"DVRPC",0,"PDO",10061163