"ID","DOT_WEB_ID","CASE_NUMBER","CRASH_YEAR","COUNTY","MUNICIPALITY","CRASH_DATE","CRASH_DAY_OF_WEEK","CRASH_MONTH","CRASH_TIME","POLICE_DEPT_CODE","POLICE_DEPARTMENT","POLICE_STATION","TOTAL_KILLED","TOTAL_INCAPACITATED","TOTAL_INJURED","PEDESTRIANS_KILLED","PEDESTRIANS_INJURED","SEVERITY","INTERSECTION","ALCOHOL_INVOLVED","HAZMAT_INVOLVED","CRASH_TYPE","TOTAL_VEHICLES_INVOLVED","CRASH_LOCATION","LOCATION_DIRECTION","ROUTE","ROUTE_SUFFIX","SRI","MILEPOST","ROAD_SYSTEM","ROAD_CHARACTER","ROAD_SURFACE_TYPE","SURFACE_CONDITION","LIGHT_CONDITION","ENVIRONMENTAL_CONDITION","ROAD_DIVIDED_BY","TEMP_TRAFFIC_CONTROL_ZONE","DISTANCE_TO_CROSS_STREET","UNIT_OF_MEASUREMENT","DIRECTION_FROM_CROSS_STREET","CROSS_STREET_NAME","IS_RAMP","RAMP_TO_FROM_ROUTE_NAME","RAMP_TO_FROM_ROUTE_DIRECTION","POSTED_SPEED","POSTED_SPEED_CROSS_STREET","LATITUDE","LONGITUDE","CELL_PHONE_IN_USE","OTHER_PROPERTY_DAMAGE","REPORTING_BADGE_NO","X","Y","CRASH_NARRATIVE","MPO","TOTAL_PEDESTRIANS_INVOLVED","EPDO","DLN"
3446233,"20101107C060-2010-00263A","C060-2010-00263A",2010,"MERCER","Lawrence Twp (Mercer Co)","2010-03-03","Wednesday","March","09:43:00",2,"NEW JERSEY STATE POLICE","HAMILTON",0,0,0,0,0,"Property Damage","Not At Intersection","No","No","Same Direction - Rear End",2,"I-295","North",295,"","00000295",67.1,"Interstate","Straight and Level","Blacktop","Dry","Daylight","Clear","Grass Median","None",NA,"NULL","NULL","","NULL","","NULL",65,NA,40.27699,-74.69103,"No","","717",438826.894045,525869.647383,NA,"DVRPC",0,"PDO",10046672
3446234,"20101107C060-2010-00295A","C060-2010-00295A",2010,"MERCER","Lawrence Twp (Mercer Co)","2010-03-14","Sunday","March","00:35:00",2,"NEW JERSEY STATE POLICE","HAMILTON",0,0,0,0,0,"Property Damage","Not At Intersection","No","No","Fixed Object",1,"I-95 MERCER COUNTY","South",95,"M","00000095M",5.6,"Interstate","Curve and Grade","Blacktop","Wet","Dark (Street Lights On/ continuous)","Rain","Grass Median","None",NA,"NULL","NULL","","To","FEDERAL CITY RD.","North Bound",65,NA,40.28807,-74.76194,"No","GUARDRAIL","688",419053.367268,529955.41109,NA,"DVRPC",0,"PDO",10061078
3446235,"20101107C060-2010-00297A","C060-2010-00297A",2010,"MERCER","Lawrence Twp (Mercer Co)","2010-03-14","Sunday","March","05:33:00",2,"NEW JERSEY STATE POLICE","HAMILTON SUB",0,0,1,0,0,"Injury","Not At Intersection","No","No","Fixed Object",1,"I-295","North",295,"","00000295",67.3,"Interstate","Straight and Level","Blacktop","Wet","Dark (Street Lights On/ continuous)","Rain","Grass Median","None",NA,"NULL","NULL","","NULL","","NULL",65,NA,40.27971,-74.69222,"No","NJDOT GUARDRAIL/LIGHT POLE #P1146","665",438495.816828,526861.270649,NA,"DVRPC",0,"Pain",10060800
3446237,"20101107C060-2010-00315A","C060-2010-00315A",2010,"MERCER","Lawrence Twp (Mercer Co)","2010-03-18","Thursday","March","07:49:00",2,"NEW JERSEY STATE POLICE","HAMILTON-SUB",0,0,0,0,0,"Property Damage","Not At Intersection","No","No","Same Direction - Rear End",3,"I-95 MERCER COUNTY","South",95,"M","00000095M",8.7,"Interstate","Straight and Level","Blacktop","Dry","Daylight","Clear","Grass Median","None",NA,"NULL","NULL","","NULL","","NULL",65,NA,40.28619,-74.7045,"No","","703",435076.020082,529228.588328,NA,"DVRPC",0,"PDO",10059509
3446238,"20101107C060-2010-00316A","C060-2010-00316A",2010,"MERCER","Lawrence Twp (Mercer Co)","2010-03-18","Thursday","March","08:23:00",2,"NEW JERSEY STATE POLICE","HAMILTON-SUB",0,0,1,0,0,"Injury","Not At Intersection","No","No","Same Direction - Rear End",3,"I-95 MERCER COUNTY","South",95,"M","00000095M",8.7,"Interstate","Curve and Level","Blacktop","Dry","Daylight","Clear","Grass Median","None",NA,"NULL","NULL","","NULL","","NULL",65,NA,40.28619,-74.7045,"No","","683",435076.020082,529228.588328,NA,"DVRPC",0,"Pain",10061068
3446240,"20101107C060-2010-00337A","C060-2010-00337A",2010,"MERCER","Lawrence Twp (Mercer Co)","2010-03-22","Monday","March","18:24:00",2,"NEW JERSEY STATE POLICE","HAMILTON-SUB",0,0,0,0,0,"Property Damage","Not At Intersection","No","No","Fixed Object",1,"I-295","North",295,"","00000295",67.4,"Interstate","Straight and Level","Blacktop","Wet","Daylight","Rain","Barrier Median","None",NA,"NULL","NULL","","NULL","","NULL",65,NA,40.28097,-74.69313,"No","NJDOT GUARDRAIL END NJDOT P.O. BOX 600 TRENTON NJ 08625","696",438243.858064,527321.44152,NA,"DVRPC",0,"PDO",10062452
3446242,"20101107C060-2010-00348A","C060-2010-00348A",2010,"MERCER","Lawrence Twp (Mercer Co)","2010-03-24","Wednesday","March","17:59:00",2,"NEW JERSEY STATE POLICE","HAMILTON",0,0,0,0,0,"Property Damage","Not At Intersection","No","No","Same Direction - Rear End",2,"I-295","South",295,"","00000295",67.5,"Interstate","Curve and Level","Blacktop","Dry","Daylight","Clear","Grass Median","None",NA,"NULL","NULL","","NULL","","NULL",65,NA,40.28214,-74.69423,"No","","697",437937.915,527746.835,NA,"DVRPC",0,"PDO",10061059
3446264,"20101107C060-2010-00662A","C060-2010-00662A",2010,"MERCER","Lawrence Twp (Mercer Co)","2010-06-01","Tuesday","June","08:34:00",2,"NEW JERSEY STATE POLICE","HAMILTON-SUB",0,0,0,0,0,"Property Damage","Not At Intersection","No","No","Same Direction - Rear End",3,"I-95 MERCER COUNTY","North",95,"M","00000095M",8.77,"Interstate","Straight and Level","Blacktop","Dry","Daylight","Clear","Grass Median","None",NA,"NULL","NULL","","NULL","","NULL",65,NA,40.28602,-74.70321,"No","","696",435434.64,529168.45,NA,"DVRPC",0,"PDO",10142995
3446265,"20101107C060-2010-00693A","C060-2010-00693A",2010,"MERCER","Lawrence Twp (Mercer Co)","2010-06-08","Tuesday","June","08:01:00",2,"NEW JERSEY STATE POLICE","HAMILTON",0,0,2,0,0,"Injury","Not At Intersection","No","No","Same Direction - Rear End",2,"I-95 MERCER COUNTY","North",95,"M","00000095M",8.3,"Interstate","Straight and Level","Blacktop","Dry","Daylight","Clear","Grass Median","None",NA,"NULL","NULL","","NULL","","NULL",65,NA,40.28597,-74.71197,"No","D.O.T MERGE SIGN","725",432992.8,529154.15,NA,"DVRPC",0,"Pain",10142988
3446270,"20101107C060-2010-00753A","C060-2010-00753A",2010,"MERCER","Lawrence Twp (Mercer Co)","2010-06-22","Tuesday","June","17:31:00",2,"NEW JERSEY STATE POLICE","HAMILTON-SUB",0,0,0,0,0,"Property Damage","Not At Intersection","No","No","Same Direction - Rear End",3,"I-95 MERCER COUNTY","North",95,"M","00000095M",8.77,"Interstate","Straight and Level","Blacktop","Dry","Daylight","Clear","Barrier Median","None",NA,"NULL","NULL","","NULL","","NULL",65,NA,40.28602,-74.70321,"No","","697",435434.64,529168.45,NA,"DVRPC",0,"PDO",10144072
3446271,"20101107C060-2010-00774A","C060-2010-00774A",2010,"MERCER","Lawrence Twp (Mercer Co)","2010-06-29","Tuesday","June","12:22:00",2,"NEW JERSEY STATE POLICE","HAMILTON-SUB",0,0,0,0,0,"Property Damage","Not At Intersection","No","No","Same Direction - Side Swipe",2,"I-295","North",295,"","00000295",67.79,"Interstate","Straight and Level","Blacktop","Dry","Daylight","Clear","Grass Median","None",NA,"NULL","NULL","","NULL","","NULL",65,NA,40.28628,-74.70314,"No","","703",435455.18,529263.25,NA,"DVRPC",0,"PDO",10148566
3446272,"20101107C060-2010-00835A","C060-2010-00835A",2010,"MERCER","Lawrence Twp (Mercer Co)","2010-07-11","Sunday","July","17:20:00",2,"NEW JERSEY STATE POLICE","HAMILTON",0,0,0,0,0,"Property Damage","Not At Intersection","No","No","Same Direction - Side Swipe",2,"I-95 MERCER COUNTY","South",95,"M","00000095M",8.5,"Interstate","Straight and Level","Blacktop","Dry","Daylight","Clear","Grass Median","None",NA,"NULL","NULL","","NULL","","NULL",65,NA,40.2862,-74.70822,"No","","584",434037.409149,529235.375745,NA,"DVRPC",0,"PDO",10159622
3446273,"20101107C060-2010-00842A","C060-2010-00842A",2010,"MERCER","Lawrence Twp (Mercer Co)","2010-07-12","Monday","July","14:52:00",2,"NEW JERSEY STATE POLICE","HAMILTON",0,0,0,0,0,"Property Damage","Not At Intersection","No","No","Fixed Object",1,"I-295","North",295,"","00000295",67.3,"Interstate","Straight and Level","Blacktop","Dry","Daylight","Clear","Grass Median","None",NA,"NULL","NULL","","NULL","","NULL",65,NA,40.27971,-74.69222,"No","NJDOT GUARDRAIL","692",438495.816828,526861.270649,NA,"DVRPC",0,"PDO",10160450
3446274,"20101107C060-2010-00891A","C060-2010-00891A",2010,"MERCER","Lawrence Twp (Mercer Co)","2010-07-19","Monday","July","21:39:00",2,"NEW JERSEY STATE POLICE","HAMILTON",0,0,0,0,0,"Property Damage","Not At Intersection","No","No","Same Direction - Rear End",2,"I-95 MERCER COUNTY","North",95,"M","00000095M",7.1,"Interstate","Curve and Level","Blacktop","Dry","Dark (No Street Lights)","Clear","Grass Median","None",30,"Foot","NULL","","To","US 206","South Bound",65,NA,40.28569,-74.73432,"No","","721",426757.015217,529067.551477,NA,"DVRPC",0,"PDO",10159652
3446276,"20101107C060-2010-00901A","C060-2010-00901A",2010,"MERCER","Lawrence Twp (Mercer Co)","2010-07-22","Thursday","July","09:12:00",2,"NEW JERSEY STATE POLICE","HAMILTON",0,0,2,0,0,"Injury","Not At Intersection","No","No","Overturned",1,"I-95 MERCER COUNTY","North",95,"M","00000095M",7.1,"Interstate","Straight and Level","Blacktop","Dry","Daylight","Clear","Grass Median","None",NA,"NULL","NULL","","NULL","","NULL",65,NA,40.28569,-74.73432,"No","LIGHT POLE AND ROADWAY - STATE OF N.J.","690",426757.015217,529067.551477,NA,"DVRPC",0,"Pain",10171047
3446282,"20101107C060-2010-00947A","C060-2010-00947A",2010,"MERCER","Lawrence Twp (Mercer Co)","2010-08-02","Monday","August","08:50:00",2,"NEW JERSEY STATE POLICE","HAMILTON-SUB",0,0,0,0,0,"Property Damage","Not At Intersection","No","No","Same Direction - Side Swipe",2,"I-95 MERCER COUNTY","North",95,"M","00000095M",5.8,"Interstate","Straight and Level","Blacktop","Dry","Daylight","Clear","Barrier Median","None",NA,"NULL","NULL","","From","FEDERAL CITY RD.","North Bound",65,NA,40.28723,-74.75836,"No","","620",420051.235974,529647.539042,NA,"DVRPC",0,"PDO",10174212
3446283,"20101107C060-2010-00954A","C060-2010-00954A",2010,"MERCER","Lawrence Twp (Mercer Co)","2010-07-29","Thursday","July","17:33:00",2,"NEW JERSEY STATE POLICE","HAMILTON-SUB",0,0,0,0,0,"Property Damage","Not At Intersection","No","No","Same Direction - Rear End",2,"I-95 MERCER COUNTY","North",95,"M","00000095M",8.1,"Interstate","Straight and Level","Blacktop","Dry","Daylight","Clear","Barrier Median","None",NA,"NULL","NULL","","NULL","","NULL",65,NA,40.28574,-74.71568,"No","","697",431957.652709,529073.399588,NA,"DVRPC",0,"PDO",10174216
3446284,"20101107C060-2010-00962A","C060-2010-00962A",2010,"MERCER","Lawrence Twp (Mercer Co)","2010-08-05","Thursday","August","12:06:00",2,"NEW JERSEY STATE POLICE","HAMILTON-SUB",0,0,0,0,0,"Property Damage","Not At Intersection","No","No","Same Direction - Side Swipe",2,"I-95 MERCER COUNTY","South",95,"M","00000095M",8.6,"Interstate","Straight and Level","Blacktop","Dry","Daylight","Clear","Grass Median","None",NA,"NULL","NULL","","NULL","","NULL",65,NA,40.28627,-74.70634,"No","NONE","696",434562.74,529260.16,NA,"DVRPC",0,"PDO",10191485
3446286,"20101107C060-2010-01006A","C060-2010-01006A",2010,"MERCER","Lawrence Twp (Mercer Co)","2010-08-17","Tuesday","August","17:27:00",2,"NEW JERSEY STATE POLICE","HAMILTON",0,0,0,0,0,"Property Damage","Not At Intersection","No","No","Same Direction - Rear End",2,"I-95 MERCER COUNTY","North",95,"M","00000095M",8.2,"Interstate","Straight and Level","Blacktop","Dry","Daylight","Clear","Grass Median","None",NA,"NULL","NULL","","NULL","","NULL",65,NA,40.28586,-74.71381,"No","","709",432477.186355,529114.187676,NA,"DVRPC",0,"PDO",10185632
3446287,"20101107C060-2010-01012A","C060-2010-01012A",2010,"MERCER","Lawrence Twp (Mercer Co)","2010-08-19","Thursday","August","16:47:00",2,"NEW JERSEY STATE POLICE","HAMILTON",0,0,0,0,0,"Property Damage","Not At Intersection","No","No","Same Direction - Rear End",2,"I-95 MERCER COUNTY","West",95,"M","00000095M",8.3,"Interstate","Straight and Level","Blacktop","NULL","Daylight","Clear","Grass Median","None",NA,"NULL","NULL","","NULL","","NULL",65,NA,40.28597,-74.71197,"No","","688",432992.8,529154.15,NA,"DVRPC",0,"PDO",10191493
3446288,"20101107C060-2010-01027A","C060-2010-01027A",2010,"MERCER","Lawrence Twp (Mercer Co)","2010-08-21","Saturday","August","14:25:00",2,"NEW JERSEY STATE POLICE","HAMILTON-SUB",0,0,1,0,0,"Injury","Not At Intersection","No","No","Fixed Object",1,"I-295","South",295,"","00000295",66.7,"Interstate","Straight and Level","Blacktop","Dry","Daylight","Clear","Barrier Median","None",NA,"NULL","NULL","","NULL","","NULL",65,NA,40.27127,-74.69115,"No","","708",438787.848557,523788.371671,NA,"DVRPC",0,"Pain",10184996
3446289,"20101107C060-2010-01031A","C060-2010-01031A",2010,"MERCER","Lawrence Twp (Mercer Co)","2010-08-20","Friday","August","21:06:00",2,"NEW JERSEY STATE POLICE","HAMILTON",0,0,0,0,0,"Property Damage","Not At Intersection","No","No","Non-fixed Object",2,"I-295","South",295,"","00000295",67.6,"Interstate","Straight and Level","Blacktop","Dry","Dark (Street LIghts On/ spot)","Clear","Barrier Median","None",NA,"NULL","NULL","","NULL","","NULL",65,NA,40.2832,-74.6955,"No","","620",437583.270788,528133.759569,NA,"DVRPC",0,"PDO",10184995
3446341,"20101107C060-2010-01643A","C060-2010-01643A",2010,"MERCER","Lawrence Twp (Mercer Co)","2010-12-19","Sunday","December","13:21:00",2,"NEW JERSEY STATE POLICE","HAMILTON-SUB",0,0,0,0,0,"Property Damage","Not At Intersection","No","No","Animal",1,"I-95 MERCER COUNTY","North",95,"M","00000095M",8.2,"Interstate","Straight and Level","Blacktop","Dry","Daylight","Clear","Barrier Median","None",NA,"NULL","NULL","","NULL","","NULL",65,NA,40.28586,-74.71381,"No","","683",432477.186355,529114.187676,NA,"DVRPC",0,"PDO",10293736
3446344,"20101107C060-2010-01676A","C060-2010-01676A",2010,"MERCER","Lawrence Twp (Mercer Co)","2010-12-26","Sunday","December","14:34:00",2,"NEW JERSEY STATE POLICE","HAMILTON-SUB",0,0,1,0,0,"Injury","Not At Intersection","No","No","Fixed Object",1,"I-95 MERCER COUNTY","South",95,"M","00000095M",8.77,"Interstate","Straight and Level","Blacktop","Snowy","Daylight","Snow","Grass Median","None",NA,"NULL","NULL","","NULL","","NULL",65,NA,40.28602,-74.70321,"No","","700",435434.64,529168.45,NA,"DVRPC",0,"Pain",10301886
3446345,"20101107C060-2010-01683A","C060-2010-01683A",2010,"MERCER","Lawrence Twp (Mercer Co)","2010-12-26","Sunday","December","12:14:00",2,"NEW JERSEY STATE POLICE","HAMILTON",0,0,0,0,0,"Property Damage","Not At Intersection","No","No","Fixed Object",1,"I-295","South",295,"","00000295",67.5,"Interstate","Curve and Hillcrest","Blacktop","Icy","Daylight","Snow","Barrier Median","None",NA,"NULL","NULL","","NULL","","NULL",65,NA,40.28214,-74.69423,"No","","721",437937.915,527746.835,NA,"DVRPC",0,"PDO",10301890
3446346,"20101107C060-2010-01686A","C060-2010-01686A",2010,"MERCER","Lawrence Twp (Mercer Co)","2010-12-26","Sunday","December","13:09:00",2,"NEW JERSEY STATE POLICE","NJSP HAMILTON",0,0,0,0,0,"Property Damage","Not At Intersection","No","No","Opposite Direction - Head On/Angular",2,"I-295","South",295,"","00000295",67.6,"Interstate","Curve and Grade","Blacktop","Snowy","Daylight","Snow","None","None",NA,"NULL","NULL","","From","ROUTE 1","South Bound",65,NA,40.2832,-74.6955,"No","","709",437583.270788,528133.759569,NA,"DVRPC",0,"PDO",10301891
3446347,"20101107C060-2010-11053A","C060-2010-11053A",2010,"MERCER","Lawrence Twp (Mercer Co)","2010-08-24","Tuesday","August","16:45:00",2,"NEW JERSEY STATE POLICE","HAMILTON",0,0,0,0,0,"Property Damage","Not At Intersection","No","No","Same Direction - Rear End",2,"I-295","South",295,"","00000295",67.7,"Interstate","Straight and Level","Blacktop","Wet","Daylight","Rain","Grass Median","None",NA,"NULL","NULL","","NULL","","NULL",65,NA,40.28504,-74.69876,"No","","642",436675.22,528806.6,NA,"DVRPC",0,"PDO",10197680
3446352,"20101107C060-201001102A","C060-201001102A",2010,"MERCER","Lawrence Twp (Mercer Co)","2010-09-09","Thursday","September","05:43:00",2,"NEW JERSEY STATE POLICE","HAMILTON",0,0,0,0,0,"Property Damage","Not At Intersection","No","No","Same Direction - Side Swipe",2,"I-95 MERCER COUNTY","South",95,"M","00000095M",8.77,"Interstate","Curve and Grade","Blacktop","Dry","Dark (Street LIghts On/ spot)","Clear","Barrier Median","None",NA,"NULL","NULL","","From","ROUTE 1","South Bound",65,NA,40.28602,-74.70321,"No","","620",435434.64,529168.45,NA,"DVRPC",0,"PDO",10200208
3446354,"20101107C060/2010/01692A","C060/2010/01692A",2010,"MERCER","Lawrence Twp (Mercer Co)","2010-12-27","Monday","December","11:57:00",2,"NEW JERSEY STATE POLICE","HAMILTON",0,0,4,0,0,"Injury","Not At Intersection","No","No","Right Angle",2,"I-95 MERCER COUNTY","North",95,"M","00000095M",8.77,"Interstate","Straight and Level","Blacktop","Snowy","Daylight","Snow","Grass Median","None",NA,"NULL","NULL","","NULL","","NULL",65,NA,40.28602,-74.70321,"No","","521",435434.64,529168.45,NA,"DVRPC",0,"Pain",10293721
3446355,"20101107C0602010-00082A","C0602010-00082A",2010,"MERCER","Lawrence Twp (Mercer Co)","2010-01-25","Monday","January","10:47:00",2,"NEW JERSEY STATE POLICE","HAMILTON SUB",0,0,0,0,0,"Property Damage","Not At Intersection","No","No","Fixed Object",1,"I-295","North",295,"","00000295",67.4,"Interstate","Curve and Level","Blacktop","Wet","Daylight","Rain","Grass Median","None",NA,"NULL","NULL","","NULL","","NULL",65,NA,40.28097,-74.69313,"No","DAMAGE TO GUARDRAIL END AND FACE IN CENTER MEDIAN","575",438243.858064,527321.44152,NA,"DVRPC",0,"PDO",10023248
3446357,"20101107C060201000007A","C060201000007A",2010,"MERCER","Lawrence Twp (Mercer Co)","2010-01-02","Saturday","January","17:22:00",2,"NEW JERSEY STATE POLICE","HAMILTON",0,0,0,0,0,"Property Damage","Not At Intersection","No","No","Animal",1,"I-295","South",295,"","00000295",67.5,"Interstate","Straight and Level","Blacktop","Dry","Dark (No Street Lights)","Clear","Grass Median","None",NA,"NULL","NULL","","To","US 1","North Bound",65,NA,40.28214,-74.69423,"No","","717",437937.915,527746.835,NA,"DVRPC",0,"PDO",10009009
3446359,"20101107C060201000086A","C060201000086A",2010,"MERCER","Lawrence Twp (Mercer Co)","2010-01-25","Monday","January","09:01:00",2,"NEW JERSEY STATE POLICE","HAMILTON",0,0,2,0,0,"Injury","Not At Intersection","No","No","Same Direction - Side Swipe",3,"I-295","North",295,"","00000295",66.8,"Interstate","Straight and Level","Blacktop","Wet","Daylight","Rain","Grass Median","None",NA,"NULL","NULL","","NULL","","NULL",65,NA,40.2727,-74.69088,"No","GUARD RAIL FACE RIGHT SHOULDER N.P. 668","654",438864.64,524306.07,NA,"DVRPC",0,"Pain",10023190
3446360,"20101107C060201000091A","C060201000091A",2010,"MERCER","Lawrence Twp (Mercer Co)","2010-01-21","Thursday","January","17:11:00",2,"NEW JERSEY STATE POLICE","HAMILTON-SUB",0,0,0,0,0,"Property Damage","Not At Intersection","No","No","Same Direction - Rear End",3,"I-95 MERCER COUNTY","North",95,"M","00000095M",8,"Interstate","Straight and Grade","Blacktop","Dry","Dark (Street Lights On/ continuous)","Clear","Barrier Median","None",NA,"NULL","NULL","","NULL","","NULL",65,NA,40.28563,-74.71754,"No","","724",431437.408,529033.13,NA,"DVRPC",0,"PDO",10023438
3446362,"20101107C060201000155A","C060201000155A",2010,"MERCER","Lawrence Twp (Mercer Co)","2010-02-10","Wednesday","February","07:50:00",2,"NEW JERSEY STATE POLICE","HAMILTON",0,0,0,0,0,"Property Damage","Not At Intersection","No","No","Fixed Object",1,"I-295","North",295,"","00000295",67.5,"Interstate","Straight and Level","Blacktop","Slush","Daylight","Snow","Barrier Median","None",NA,"NULL","NULL","","NULL","","NULL",65,NA,40.28214,-74.69423,"No","CENTER MEDIAN GUARDRAIL.","521",437937.915,527746.835,NA,"DVRPC",0,"PDO",10034210
3446363,"20101107C060201000197A","C060201000197A",2010,"MERCER","Lawrence Twp (Mercer Co)","2010-02-17","Wednesday","February","18:21:00",2,"NEW JERSEY STATE POLICE","HAMILTON",0,0,1,0,0,"Injury","Not At Intersection","No","No","Same Direction - Rear End",2,"I-95 MERCER COUNTY","North",95,"M","00000095M",8.7,"Interstate","Straight and Level","Blacktop","Dry","Dark (Street Lights On/ continuous)","Clear","Grass Median","None",NA,"NULL","NULL","","NULL","","NULL",65,NA,40.28619,-74.7045,"No","","654",435076.020082,529228.588328,NA,"DVRPC",0,"Pain",10037127
3446364,"20101107C060201000224A","C060201000224A",2010,"MERCER","Lawrence Twp (Mercer Co)","2010-02-24","Wednesday","February","08:58:00",2,"NEW JERSEY STATE POLICE","HAMILTON SUB",0,0,0,0,0,"Property Damage","Not At Intersection","No","No","Same Direction - Side Swipe",2,"I-295","South",295,"","00000295",67.79,"Interstate","Straight and Level","Blacktop","Wet","Daylight","Overcast","Grass Median","None",NA,"NULL","NULL","","NULL","","NULL",65,NA,40.28628,-74.70314,"No","","724",435455.18,529263.25,NA,"DVRPC",0,"PDO",10061165
3446366,"20101107C060201000281A","C060201000281A",2010,"MERCER","Lawrence Twp (Mercer Co)","2010-03-12","Friday","March","02:39:00",2,"NEW JERSEY STATE POLICE","HAMILTON",0,0,2,0,0,"Injury","Not At Intersection","Yes","No","Fixed Object",1,"I-95 MERCER COUNTY","South",95,"M","00000095M",5.6,"Interstate","Straight at Hillcrest","Blacktop","Dry","Dark (Street LIghts On/ spot)","Clear","Curbed Median","None",NA,"NULL","NULL","","To","FEDERAL CITY RD.","South Bound",65,NA,40.28807,-74.76194,"No","GUARD RAIL DAMAGE. NJDOT WEST TRENTON","706",419053.367268,529955.41109,NA,"DVRPC",0,"Pain",10062450
3446368,"20101107C060201000340A","C060201000340A",2010,"MERCER","Lawrence Twp (Mercer Co)","2010-03-23","Tuesday","March","07:19:00",2,"NEW JERSEY STATE POLICE","HAMILTON",0,0,0,0,0,"Property Damage","Not At Intersection","No","No","Animal",1,"I-95 MERCER COUNTY","North",95,"M","00000095M",7.2,"Interstate","Curve and Level","Blacktop","Wet","Daylight","Clear","Grass Median","None",NA,"NULL","NULL","","From","US 206","North Bound",NA,NA,40.28562,-74.73246,"No","NONE","679",427274.906499,529040.170043,NA,"DVRPC",0,"PDO",10061064
3446369,"20101107C060201000342A","C060201000342A",2010,"MERCER","Lawrence Twp (Mercer Co)","2010-03-23","Tuesday","March","08:33:00",2,"NEW JERSEY STATE POLICE","HAMILTON-SUB",0,0,1,0,0,"Injury","Not At Intersection","No","No","Same Direction - Rear End",3,"I-295","North",295,"","00000295",67.3,"Interstate","Curve and Grade","Blacktop","Dry","Daylight","Clear","Grass Median","None",NA,"NULL","NULL","","To","US 1","North Bound",65,NA,40.27971,-74.69222,"No","","724",438495.816828,526861.270649,NA,"DVRPC",0,"Pain",10061063
3446382,"20101107C060201000704A","C060201000704A",2010,"MERCER","Lawrence Twp (Mercer Co)","2010-06-09","Wednesday","June","22:10:00",2,"NEW JERSEY STATE POLICE","HAMILTON",0,0,1,0,0,"Injury","Not At Intersection","No","No","Same Direction - Rear End",4,"I-295","South",295,"","00000295",67.6,"Interstate","Straight and Level","Blacktop","Wet","Dark (No Street Lights)","Rain","Grass Median","None",NA,"NULL","NULL","","NULL","","NULL",65,NA,40.2832,-74.6955,"No","","670",437583.270788,528133.759569,NA,"DVRPC",0,"Pain",10143256
3446384,"20101107C060201000733A","C060201000733A",2010,"MERCER","Lawrence Twp (Mercer Co)","2010-06-15","Tuesday","June","17:57:00",2,"NEW JERSEY STATE POLICE","HAMILTON",0,0,1,0,0,"Injury","Not At Intersection","No","No","Overturned",1,"I-95 MERCER COUNTY","North",95,"M","00000095M",8.2,"Interstate","Straight and Level","Blacktop","Dry","Daylight","Clear","Grass Median","None",NA,"NULL","NULL","","NULL","","NULL",65,NA,40.28586,-74.71381,"No","","719",432477.186355,529114.187676,NA,"DVRPC",0,"Moderate Injury",10148561
3446386,"20101107C060201000931A","C060201000931A",2010,"MERCER","Lawrence Twp (Mercer Co)","2010-07-29","Thursday","July","08:49:00",2,"NEW JERSEY STATE POLICE","HAMILTON SUB",0,0,1,0,0,"Injury","Not At Intersection","No","No","Same Direction - Rear End",2,"I-95 MERCER COUNTY","North",95,"M","00000095M",8.77,"Interstate","Curve and Grade","Blacktop","Wet","Daylight","Rain","NULL","None",NA,"NULL","NULL","","From","FEDERAL CITY ROAD","NULL",35,NA,40.28602,-74.70321,"No","","479",435434.64,529168.45,NA,"DVRPC",0,"Pain",10174207
3446387,"20101107C060201000943A","C060201000943A",2010,"MERCER","Lawrence Twp (Mercer Co)","2010-07-30","Friday","July","17:40:00",2,"NEW JERSEY STATE POLICE","HAMILTON-SUB",0,0,0,0,0,"Property Damage","Not At Intersection","No","No","Same Direction - Side Swipe",2,"I-95 MERCER COUNTY","South",95,"M","00000095M",6.2,"Interstate","Straight and Level","Blacktop","Dry","Daylight","Clear","Grass Median","None",NA,"NULL","NULL","","NULL","","NULL",65,NA,40.2867,-74.75095,"No","","657",422117.689015,529447.409955,NA,"DVRPC",0,"PDO",10172971
3446388,"20101107C060201000944A","C060201000944A",2010,"MERCER","Lawrence Twp (Mercer Co)","2010-07-31","Saturday","July","20:19:00",2,"NEW JERSEY STATE POLICE","HAMILTON",0,0,0,0,0,"Property Damage","Not At Intersection","No","No","Non-fixed Object",3,"I-95 MERCER COUNTY","North",95,"M","00000095M",5.59,"Interstate","Straight and Level","Blacktop","Dry","Dusk","Clear","Grass Median","None",NA,"NULL","NULL","","NULL","","NULL",65,NA,40.28811,-74.7621,"No","","585",419010,529972.47,NA,"DVRPC",0,"PDO",10174211
3446391,"20101107C060201001050A","C060201001050A",2010,"MERCER","Lawrence Twp (Mercer Co)","2010-08-24","Tuesday","August","15:37:00",2,"NEW JERSEY STATE POLICE","HAMILTON",0,0,1,0,0,"Injury","Not At Intersection","No","No","Fixed Object",1,"I-295","South",295,"","00000295",67.3,"Interstate","Straight and Level","Blacktop","Wet","Daylight","Rain","Grass Median","None",NA,"NULL","NULL","","NULL","","NULL",65,NA,40.27971,-74.69222,"No","","560",438495.816828,526861.270649,NA,"DVRPC",0,"Moderate Injury",10197677
3446419,"20101107C060301020319A","C060301020319A",2010,"MERCER","Lawrence Twp (Mercer Co)","2010-03-19","Friday","March","08:08:00",2,"NEW JERSEY STATE POLICE","HAMILTON SUB",0,0,0,0,0,"Property Damage","Not At Intersection","No","No","Non-fixed Object",2,"I-295","South",295,"","00000295",66.6,"Interstate","Straight and Level","Blacktop","Dry","Daylight","Clear","Grass Median","None",NA,"NULL","NULL","","NULL","","NULL",65,NA,40.26985,-74.69143,"No","NONE","724",438708.626124,523269.602488,NA,"DVRPC",0,"PDO",10061071