"ID","DOT_WEB_ID","CASE_NUMBER","CRASH_YEAR","COUNTY","MUNICIPALITY","CRASH_DATE","CRASH_DAY_OF_WEEK","CRASH_MONTH","CRASH_TIME","POLICE_DEPT_CODE","POLICE_DEPARTMENT","POLICE_STATION","TOTAL_KILLED","TOTAL_INCAPACITATED","TOTAL_INJURED","PEDESTRIANS_KILLED","PEDESTRIANS_INJURED","SEVERITY","INTERSECTION","ALCOHOL_INVOLVED","HAZMAT_INVOLVED","CRASH_TYPE","TOTAL_VEHICLES_INVOLVED","CRASH_LOCATION","LOCATION_DIRECTION","ROUTE","ROUTE_SUFFIX","SRI","MILEPOST","ROAD_SYSTEM","ROAD_CHARACTER","ROAD_SURFACE_TYPE","SURFACE_CONDITION","LIGHT_CONDITION","ENVIRONMENTAL_CONDITION","ROAD_DIVIDED_BY","TEMP_TRAFFIC_CONTROL_ZONE","DISTANCE_TO_CROSS_STREET","UNIT_OF_MEASUREMENT","DIRECTION_FROM_CROSS_STREET","CROSS_STREET_NAME","IS_RAMP","RAMP_TO_FROM_ROUTE_NAME","RAMP_TO_FROM_ROUTE_DIRECTION","POSTED_SPEED","POSTED_SPEED_CROSS_STREET","LATITUDE","LONGITUDE","CELL_PHONE_IN_USE","OTHER_PROPERTY_DAMAGE","REPORTING_BADGE_NO","X","Y","CRASH_NARRATIVE","MPO","TOTAL_PEDESTRIANS_INVOLVED","EPDO","DLN"
3446422,"20101107D020-2010-00809A","D020-2010-00809A",2010,"MERCER","Lawrence Twp (Mercer Co)","2010-08-12","Thursday","August","16:46:00",2,"NEW JERSEY STATE POLICE","MOORESTOWN",0,0,0,0,0,"Property Damage","Not At Intersection","No","No","Same Direction - Side Swipe",2,"I-95 MERCER COUNTY","North",95,"M","00000095M",7.45,"Interstate","Straight at Hillcrest","Blacktop","Wet","Daylight","Rain","Barrier Median","None",NA,"NULL","NULL","","NULL","","NULL",65,NA,40.28546,-74.72779,"No","NONE","716",428578.698205,528980.942641,NA,"DVRPC",0,"PDO",10185180
3446423,"20101107D020-2010-00818A","D020-2010-00818A",2010,"MERCER","Lawrence Twp (Mercer Co)","2010-08-14","Saturday","August","11:15:00",2,"NEW JERSEY STATE POLICE","MOORESTOWN",0,0,1,0,0,"Injury","Not At Intersection","No","No","Same Direction - Rear End",3,"I-95 MERCER COUNTY","North",95,"M","00000095M",7.45,"Interstate","Straight and Level","Blacktop","Dry","Daylight","Clear","Barrier Median","Construction Zone",NA,"NULL","NULL","","NULL","","NULL",65,NA,40.28546,-74.72779,"No","NONE","693",428578.698205,528980.942641,NA,"DVRPC",0,"Pain",10183225
3446436,"2010110810-0421","10-0421",2010,"MERCER","Pennington Borough","2010-01-26","Tuesday","January","07:25:00",1,"PENNINGTON BORO PD","",0,0,0,0,0,"Property Damage","Not At Intersection","No","No","Same Direction - Rear End",3,"NJ 31","South",31,"","00000031",7.86,"State Highway","Straight and Level","Blacktop","Dry","Daylight","Clear","None","None",100,"Foot","South","BROMEL PLACE","NULL","","NULL",35,25,40.32963,-74.79865,"No","","717",408865.369318,545129.071522,NA,"DVRPC",0,"PDO",10033080
3446437,"2010110810-0423","10-0423",2010,"MERCER","Pennington Borough","2010-01-26","Tuesday","January","07:45:00",1,"PENNINGTON BORO PD","",0,0,0,0,0,"Property Damage","Not At Intersection","No","No","Same Direction - Rear End",2,"NJ 31","South",31,"","00000031",7.97,"State Highway","Straight and Level","Blacktop","Dry","Daylight","Clear","None","None",500,"Foot","North","BROMEL PLACE","NULL","","NULL",35,25,40.33122,-74.79844,"No","","717",408924.972508,545707.460921,NA,"DVRPC",0,"PDO",10033079
3446441,"2010110810-0798","10-0798",2010,"MERCER","Pennington Borough","2010-02-23","Tuesday","February","17:46:00",1,"PENNINGTON BORO PD","",0,0,0,0,0,"Property Damage","Not At Intersection","No","No","Same Direction - Rear End",2,"NJ 31","South",31,"","00000031",7.86,"State Highway","Straight and Level","Blacktop","Wet","Dusk","Rain","None","None",100,"Foot","South","BROMEL PLACE","NULL","","NULL",35,25,40.32963,-74.79865,"No","","714",408865.369318,545129.071522,NA,"DVRPC",0,"PDO",10060050
3446443,"2010110810-1053","10-1053",2010,"MERCER","Pennington Borough","2010-03-12","Friday","March","16:42:00",1,"PENNINGTON BORO PD","",0,0,1,0,0,"Injury","Not At Intersection","No","No","Same Direction - Rear End",2,"NJ 31","South",31,"","00000031",7.89,"State Highway","Straight and Level","Blacktop","Wet","Daylight","Rain","None","None",50,"Foot","North","BROMEL PLACE","NULL","","NULL",35,25,40.33006,-74.79859,"No","","714",408881.188375,545286.659421,NA,"DVRPC",0,"Pain",10060048
3446466,"2010110810-4731","10-4731",2010,"MERCER","Pennington Borough","2010-10-29","Friday","October","17:01:00",1,"PENNINGTON BORO PD","",0,0,0,0,0,"Property Damage","Not At Intersection","No","No","Same Direction - Rear End",3,"NJ 31","South",31,"","00000031",7.71,"State Highway","Straight and Level","Blacktop","Dry","Daylight","Clear","None","None",50,"Foot","North","PENN-TITUSVILLE RD / WEST DELAWARE","NULL","","NULL",35,25,40.32747,-74.79894,"No","","709",408780.45581,544340.515458,NA,"DVRPC",0,"PDO",10302183
3446467,"2010110810-4894","10-4894",2010,"MERCER","Pennington Borough","2010-11-11","Thursday","November","17:46:00",1,"PENNINGTON BORO PD","",0,0,0,0,0,"Property Damage","Not At Intersection","No","No","Same Direction - Rear End",2,"NJ 31","South",31,"","00000031",7.89,"State Highway","Straight and Level","Blacktop","Dry","Dark (Street Lights Off)","Clear","None","None",50,"Foot","North","BROMEL PLACE","NULL","","NULL",35,25,40.33006,-74.79859,"No","","714",408881.188375,545286.659421,NA,"DVRPC",0,"PDO",10302177
3446470,"2010110810-5437","10-5437",2010,"MERCER","Pennington Borough","2010-12-26","Sunday","December","15:00:00",1,"PENNINGTON BORO PD","",0,0,1,0,0,"Injury","Not At Intersection","No","No","Fixed Object",1,"MERCER COUNTY 640","North",640,"","11000640",0.54,"County","Straight and Level","Blacktop","Snowy","Daylight","Snow","None","None",50,"Foot","South","BALDWIN ST.","NULL","","NULL",25,NA,40.31586,-74.78839,"No","DAMAGE TO TREE ON PROPERTY OF 41 BALDWIN","709",411707.77,540103.86,NA,"DVRPC",0,"Pain",10302179
3446472,"2010110810-639","10-639",2010,"MERCER","Pennington Borough","2010-02-04","Thursday","February","17:30:00",1,"PENNINGTON BORO PD","",0,0,0,0,0,"Property Damage","Not At Intersection","No","No","Same Direction - Rear End",2,"NJ 31","South",31,"","00000031",7.89,"State Highway","Straight and Level","Blacktop","Dry","Dark (Street Lights On/ continuous)","Clear","None","None",50,"Foot","North","BROMEL PLACE","NULL","","NULL",35,25,40.33006,-74.79859,"No","","717",408881.188375,545286.659421,NA,"DVRPC",0,"PDO",10033090
3446476,"2010110810-711","10-711",2010,"MERCER","Pennington Borough","2010-02-16","Tuesday","February","12:34:00",1,"PENNINGTON BORO PD","",0,0,0,0,0,"Property Damage","At Intersection","No","No","Same Direction - Rear End",2,"NJ 31","North",31,"","00000031",7.7,"State Highway","Straight and Level","Blacktop","Snowy","Daylight","Snow","None","None",NA,"At","NULL","PENN-TITUSVILLE RD / WEST DELAWARE","NULL","","NULL",35,25,40.32733,-74.79896,"No","NONE","707",408775.082003,544289.556396,NA,"DVRPC",0,"PDO",10033085
3446487,"2010110910-1108","10-1108",2010,"MERCER","Princeton Borough","2010-01-21","Thursday","January","09:32:00",1,"PRINCETON BORO PD","",0,0,0,0,0,"Property Damage","Not At Intersection","No","No","Struck Parked Vehicle",2,"NJ 27","NULL",27,"","00000027",0.26,"State Highway","Straight and Level","Blacktop","Dry","Daylight","Clear","None","None",20,"Foot","West","WITHERSPOON ST","NULL","","NULL",25,25,40.34967,-74.65968,"No","NONE","144",447620.777811,552329.210454,NA,"DVRPC",0,"PDO",10009747
3446488,"2010110910-1201","10-1201",2010,"MERCER","Princeton Borough","2010-01-22","Friday","January","15:02:00",1,"PRINCETON BORO PD","",0,0,0,0,0,"Property Damage","Not At Intersection","No","No","Same Direction - Rear End",2,"US 206","NULL",206,"","00000206",54.32,"State Highway","Straight and Grade","Blacktop","Dry","Daylight","Clear","None","None",5,"Foot","South","S STANWORTH DR","NULL","","NULL",30,20,40.35303,-74.66771,"No","","142",445385.502248,553556.701921,NA,"DVRPC",0,"PDO",10009742
3446489,"2010110910-1249","10-1249",2010,"MERCER","Princeton Borough","2010-01-23","Saturday","January","11:32:00",1,"PRINCETON BORO PD","",0,0,0,0,0,"Property Damage","Not At Intersection","No","No","Same Direction - Rear End",2,"NJ 27","NULL",27,"","00000027",0.16,"State Highway","Straight and Level","Blacktop","Dry","Daylight","Clear","None","None",100,"Foot","West","PALMER SQ W","NULL","","NULL",25,25,40.34917,-74.66151,"No","","142",447111.603746,552147.439844,NA,"DVRPC",0,"PDO",10009741
3446490,"2010110910-1330","10-1330",2010,"MERCER","Princeton Borough","2010-01-23","Saturday","January","23:30:00",1,"PRINCETON BORO PD","",0,0,0,0,0,"Property Damage","Not At Intersection","No","No","Fixed Object",1,"ALEXANDER RD","NULL",NA,"","11131424",3,"Municipal","Curve and Level","Blacktop","Dry","Dark (Street LIghts On/ spot)","Clear","None","None",100,"Foot","North","COLLEGE RD","NULL","","NULL",25,25,40.34461,-74.66215,"No","HEDGES/BUSHES(OWNED BY PRINCETON SEMINARY-64 MERCER ST. PRINCETON NJ 08540)","142",446929.645517,550485.678966,NA,"DVRPC",0,"PDO",10009748
3446506,"2010110910-195","10-195",2010,"MERCER","Princeton Borough","2010-01-04","Monday","January","14:52:00",1,"PRINCETON BORO PD","",0,0,0,0,0,"Property Damage","Not At Intersection","No","No","Same Direction - Side Swipe",2,"NJ 27","NULL",27,"","00000027",0.34,"State Highway","Straight and Level","Blacktop","Dry","Daylight","Clear","None","None",50,"Foot","East","S TULANE ST","NULL","","NULL",25,25,40.35007,-74.65822,"No","","98",448028.488983,552473.778996,NA,"DVRPC",0,"PDO",10005510
3446508,"2010110910-1964","10-1964",2010,"MERCER","Princeton Borough","2010-02-04","Thursday","February","17:27:00",1,"PRINCETON BORO PD","",0,0,0,0,0,"Property Damage","At Intersection","No","No","Right Angle",2,"US 206","NULL",206,"","00000206",53.74,"State Highway","Straight and Level","Blacktop","Dry","Dark (Street Lights On/ continuous)","Clear","None","None",NA,"At","NULL","LIBRARY PL","NULL","","NULL",30,25,40.34635,-74.66758,"No","","144",445417.51,551121.82,NA,"DVRPC",0,"PDO",10029037
3446514,"2010110910-2606","10-2606",2010,"MERCER","Princeton Borough","2010-02-16","Tuesday","February","13:53:00",1,"PRINCETON BORO PD","",0,0,0,0,0,"Property Damage","At Intersection","No","No","Right Angle",2,"PROSPECT AVE","NULL",NA,"","11091240",0.5,"Municipal","Straight and Level","Blacktop","Wet","Daylight","Snow","None","None",NA,"At","NULL","BROADMEAD ST","NULL","","NULL",25,25,40.35023,-74.64611,"No","","129",451403.69375,552524.6225,NA,"DVRPC",0,"PDO",10036094
3446515,"2010110910-3004","10-3004",2010,"MERCER","Princeton Borough","2010-02-23","Tuesday","February","17:35:00",1,"PRINCETON BORO PD","",0,0,1,0,0,"Injury","At Intersection","No","No","Pedalcyclist",1,"US 206","NULL",206,"","00000206",54.17,"State Highway","Straight and Level","Blacktop","Wet","Dark (Street LIghts On/ spot)","Rain","None","None",NA,"At","NULL","HODGE RD / PAUL ROBESON PL","NULL","","NULL",30,25,40.35111,-74.66637,"No","","144",445756.672863,552857.020064,NA,"DVRPC",0,"Pain",10036096
3446516,"2010110910-3094","10-3094",2010,"MERCER","Princeton Borough","2010-02-25","Thursday","February","11:21:00",1,"PRINCETON BORO PD","",0,0,0,0,0,"Property Damage","Not At Intersection","No","No","Same Direction - Rear End",2,"US 206","NULL",206,"","00000206",54.17,"State Highway","Straight and Grade","Blacktop","Snowy","Daylight","Snow","None","None",25,"Foot","North","HODGE RD / PAUL ROBESON PL","NULL","","NULL",25,25,40.35111,-74.66637,"No","","142",445756.672863,552857.020064,NA,"DVRPC",0,"PDO",10036103
3446517,"2010110910-3110","10-3110",2010,"MERCER","Princeton Borough","2010-02-25","Thursday","February","17:07:00",1,"PRINCETON BORO PD","",0,0,0,0,0,"Property Damage","Not At Intersection","No","No","Backing",2,"UNIVERSITY PLACE","NULL",NA,"","11091188",0,"Municipal","Straight and Level","Blacktop","Slush","Daylight","Snow","None","None",20,"Foot","East","ALEXANDER ST","NULL","","NULL",25,25,40.34295,-74.66087,"No","","142",447284.83,549882.36,NA,"DVRPC",0,"PDO",10036105
3446523,"2010110910-3746","10-3746",2010,"MERCER","Princeton Borough","2010-03-08","Monday","March","12:13:00",1,"PRINCETON BORO PD","",0,0,0,0,0,"Property Damage","At Intersection","No","No","Right Angle",2,"UNIVERSITY PLACE","East",NA,"","11091188",0.16,"Municipal","Straight and Grade","Blacktop","Dry","Daylight","Clear","None","None",NA,"At","East","COLLEGE ROAD","NULL","","NULL",25,25,40.34487,-74.66033,"No","NONE","144",447435.95,550579.42,NA,"DVRPC",0,"PDO",10055245
3446524,"2010110910-3813","10-3813",2010,"MERCER","Princeton Borough","2010-03-09","Tuesday","March","16:06:00",1,"PRINCETON BORO PD","",0,0,0,0,0,"Property Damage","At Intersection","No","No","Right Angle",2,"NJ 27","NULL",27,"","00000027",0.83,"State Highway","Straight and Level","Blacktop","Dry","Daylight","Clear","None","None",NA,"At","North","MURRY PL","NULL","","NULL",25,25,40.35271,-74.64962,"No","","144",450427.359182,553431.265357,NA,"DVRPC",0,"PDO",10055247
3446525,"2010110910-4045","10-4045",2010,"MERCER","Princeton Borough","2010-03-13","Saturday","March","12:07:00",1,"PRINCETON BORO PD","",0,0,1,0,0,"Injury","Not At Intersection","No","No","Same Direction - Rear End",2,"US 206","NULL",206,"","00000206",53.41,"State Highway","Straight and Level","Blacktop","Wet","Daylight","Rain","None","None",100,"Foot","East","CR 604 / ELM RD","NULL","","NULL",30,25,40.34303,-74.67195,"No","","144",444197.614775,549916.09253,NA,"DVRPC",0,"Pain",10055239
3446526,"2010110910-4155","10-4155",2010,"MERCER","Princeton Borough","2010-03-14","Sunday","March","13:04:00",1,"PRINCETON BORO PD","",0,0,0,0,0,"Property Damage","Not At Intersection","No","No","Same Direction - Rear End",2,"WITHERSPOON ST","NULL",NA,"","11091241",0.01,"Municipal","Straight and Grade","Blacktop","Wet","Daylight","Clear","None","None",30,"Foot","North","NJ 27","NULL","","NULL",25,25,40.34979,-74.6598,"No","","144",447588.269412,552373.678234,NA,"DVRPC",0,"PDO",10055238
3446527,"2010110910-4188","10-4188",2010,"MERCER","Princeton Borough","2010-03-15","Monday","March","08:34:00",1,"PRINCETON BORO PD","",0,0,0,0,0,"Property Damage","Not At Intersection","No","No","Same Direction - Rear End",2,"ROUTE 571","NULL",571,"","00000571",44.06,"County","Straight and Level","Blacktop","Wet","Daylight","Rain","None","None",10,"Foot","South","NJ 27 / NASSAU ST","NULL","","NULL",25,25,40.35036,-74.65716,"No","","129",448324,552578.32,NA,"DVRPC",0,"PDO",10064456
3446529,"2010110910-5099","10-5099",2010,"MERCER","Princeton Borough","2010-03-20","Saturday","March","00:08:00",1,"PRINCETON TWP PD","",0,1,1,0,1,"Injury","Not At Intersection","No","No","Pedestrian",1,"ROUTE 571","NULL",571,"","00000571",43.71,"County","Straight and Grade","Blacktop","Dry","Dark (Street Lights Off)","Clear","None","None",2112,"Foot","North","FACULTY RD","NULL","","NULL",40,25,40.34607,-74.65371,"No","","67",449282.401294,551013.734532,NA,"DVRPC",1,"Incapacitating Injury",10062915
3446553,"201011092010-000133","2010-000133",2010,"MERCER","Princeton Borough","2010-01-03","Sunday","January","12:57:00",1,"PRINCETON BORO PD","",0,0,0,0,0,"Property Damage","Not At Intersection","No","No","Same Direction - Rear End",2,"US 206","NULL",206,"","00000206",54.19,"State Highway","Straight and Grade","Blacktop","Dry","Daylight","Clear","None","None",100,"Foot","North","HODGE RD / PAUL ROBESON PL","NULL","","NULL",25,25,40.35134,-74.66652,"No","","147",445714.48,552940.66,NA,"DVRPC",0,"PDO",10005511
3446554,"201011092010-000285","2010-000285",2010,"MERCER","Princeton Borough","2010-01-06","Wednesday","January","09:50:00",1,"PRINCETON BORO PD","",0,0,0,0,0,"Property Damage","Not At Intersection","No","No","Same Direction - Side Swipe",2,"WITHERSPOON ST","NULL",NA,"","11091241",0,"Municipal","Straight and Grade","Blacktop","Dry","Daylight","Clear","None","None",20,"Foot","North","NASSAU STREET","NULL","","NULL",25,25,40.34966,-74.65973,"No","","104",447605.79,552323.84,NA,"DVRPC",0,"PDO",10005509
3446555,"201011092010-000359","2010-000359",2010,"MERCER","Princeton Borough","2010-01-07","Thursday","January","12:29:00",1,"PRINCETON BORO PD","",0,0,2,0,0,"Injury","Not At Intersection","No","No","Same Direction - Rear End",3,"NJ 27","NULL",27,"","00000027",0.55,"State Highway","Straight and Level","Blacktop","Dry","Daylight","Clear","None","None",30,"Foot","West","MOORE ST","NULL","","NULL",25,25,40.35121,-74.65453,"No","","138",449058.127882,552887.917849,NA,"DVRPC",0,"Pain",10005505
3446561,"201011092010-001778","2010-001778",2010,"MERCER","Princeton Borough","2010-01-31","Sunday","January","14:29:00",1,"PRINCETON BORO PD","",0,0,0,0,0,"Property Damage","Not At Intersection","No","No","Same Direction - Rear End",2,"UNIVERSITY PLACE","NULL",NA,"","11091188",0.46,"Municipal","Straight and Grade","Blacktop","Dry","Daylight","Clear","None","None",20,"Foot","South","NJ 27","NULL","","NULL",25,25,40.34871,-74.66309,"No","","124",446670.02,551980.75,NA,"DVRPC",0,"PDO",10029039
3446564,"201011092010-002008","2010-002008",2010,"MERCER","Princeton Borough","2010-02-05","Friday","February","13:31:00",1,"PRINCETON BORO PD","",0,0,0,0,0,"Property Damage","Not At Intersection","No","No","Right Angle",2,"MOORE ST","NULL",NA,"","11091242",0.03,"Municipal","Straight and Grade","Blacktop","Dry","Daylight","Clear","None","None",150,"Foot","North","NJ 27","NULL","","NULL",25,25,40.35167,-74.65459,"No","","151",449039.390598,553052.923877,NA,"DVRPC",0,"PDO",10029051
3446565,"201011092010-002165","2010-002165",2010,"MERCER","Princeton Borough","2010-02-08","Monday","February","19:02:00",1,"PRINCETON BORO PD","",0,0,0,0,0,"Property Damage","Not At Intersection","No","No","Fixed Object",1,"ALEXANDER RD","NULL",NA,"","11131424",2.87,"Municipal","Straight and Grade","Blacktop","Dry","Dark (Street Lights On/ continuous)","Clear","None","None",5,"Foot","South","UNIVERSITY PLACE","NULL","","NULL",25,25,40.34299,-74.6609,"No","FIRE HYDRANT #200 (NEW JERSEY AMERICAN WATER 131 WOODCREST RD PO BOX 5079 CHERR","148",447277.000299,549895.744105,NA,"DVRPC",0,"PDO",10029052
3446566,"201011092010-002330","2010-002330",2010,"MERCER","Princeton Borough","2010-02-11","Thursday","February","13:25:00",1,"PRINCETON BORO PD","",0,0,0,0,0,"Property Damage","Not At Intersection","No","No","Right Angle",2,"NJ 27","NULL",27,"","00000027",1.12,"State Highway","Straight and Level","Blacktop","Wet","Daylight","Clear","None","None",30,"Foot","East","PECK PL","NULL","","NULL",25,25,40.35425,-74.64453,"No","","151",451846.335281,553989.151549,NA,"DVRPC",0,"PDO",10029055
3446568,"201011092010-002519","2010-002519",2010,"MERCER","Princeton Borough","2010-02-14","Sunday","February","11:28:00",1,"PRINCETON BORO PD","",0,0,0,0,0,"Property Damage","At Intersection","No","No","Fixed Object",1,"NJ 27","South",27,"","00000027",0.07,"State Highway","Straight and Level","Blacktop","Dry","Daylight","Clear","None","None",NA,"At","NULL","BANK ST / UNIVERSITY PLAZA","NULL","","NULL",25,25,40.3487,-74.66314,"No","TRAFFIC SIGNAL STANDARD LOCATED AT THE SOUTHWEST CORNER OF NASSAU ST. AT UNIVER?","138",446655.130461,551975.515484,NA,"DVRPC",0,"PDO",10029053
3446569,"201011092010-002608","2010-002608",2010,"MERCER","Princeton Borough","2010-02-16","Tuesday","February","14:41:00",1,"PRINCETON BORO PD","",0,0,1,0,0,"Injury","Not At Intersection","No","No","Same Direction - Rear End",2,"US 206","NULL",206,"","00000206",53.8,"State Highway","Straight and Level","Blacktop","Wet","Daylight","Clear","None","None",300,"Foot","East","LIBRARY PL","NULL","","NULL",30,25,40.34685,-74.66663,"No","","104",445680.983112,551303.002288,NA,"DVRPC",0,"Pain",10029063
3446572,"201011092010-003001","2010-003001",2010,"MERCER","Princeton Borough","2010-02-23","Tuesday","February","15:31:00",1,"PRINCETON BORO PD","",0,0,0,0,0,"Property Damage","Not At Intersection","No","No","Same Direction - Rear End",2,"NJ 27","NULL",27,"","00000027",1,"State Highway","Straight and Level","Blacktop","Wet","Daylight","Rain","None","None",15,"Foot","East","EVELYN PL","NULL","","NULL",30,25,40.35362,-74.64662,"No","","138",451262.194286,553760.007143,NA,"DVRPC",0,"PDO",10036101
3446574,"201011092010-003468","2010-003468",2010,"MERCER","Princeton Borough","2010-03-04","Thursday","March","08:51:00",1,"PRINCETON BORO PD","",0,0,0,0,0,"Property Damage","Not At Intersection","No","No","Same Direction - Rear End",2,"US 206","NULL",206,"","00000206",53.56,"State Highway","Curve and Level","Blacktop","Dry","Daylight","Clear","None","None",50,"Foot","West","HIBBEN RD","NULL","","NULL",30,25,40.34473,-74.67019,"No","","124",444688.693749,550532.592049,NA,"DVRPC",0,"PDO",10055253
3446575,"201011092010-003529","2010-003529",2010,"MERCER","Princeton Borough","2010-03-05","Friday","March","08:01:00",1,"PRINCETON BORO PD","",0,0,0,0,0,"Property Damage","Not At Intersection","No","No","Right Angle",2,"PROSPECT AVE","NULL",NA,"","11091240",0.01,"Municipal","Straight and Level","Blacktop","Dry","Daylight","Clear","None","None",50,"Foot","East","WASHINGTON RD","NULL","","NULL",25,25,40.34785,-74.65486,"No","","151",448962.810554,551661.679814,NA,"DVRPC",0,"PDO",10055243
3446577,"201011092010-004375","2010-004375",2010,"MERCER","Princeton Borough","2010-03-18","Thursday","March","08:11:00",1,"PRINCETON BORO PD","",0,0,1,0,0,"Injury","Not At Intersection","No","No","Same Direction - Side Swipe",2,"UNIVERSITY PLACE","NULL",NA,"","11091188",0.46,"Municipal","Straight and Grade","Blacktop","Dry","Daylight","Clear","None","None",25,"Foot","South","NJ 27","NULL","","NULL",25,25,40.34871,-74.66309,"No","","150",446670.02,551980.75,NA,"DVRPC",0,"Pain",10064454
3446578,"201011092010-005165","2010-005165",2010,"MERCER","Princeton Borough","2010-03-31","Wednesday","March","09:05:00",1,"PRINCETON BORO PD","",0,0,0,0,0,"Property Damage","Not At Intersection","No","No","Same Direction - Rear End",3,"ROUTE 571","NULL",571,"","00000571",43.72,"County","Straight and Grade","Blacktop","Dry","Daylight","Clear","None","None",10,"Foot","South","IVY LN","NULL","","NULL",25,25,40.3462,-74.65381,"No","","148",449255.313034,551060.512178,NA,"DVRPC",0,"PDO",10064446
3446579,"201011092010-005342","2010-005342",2010,"MERCER","Princeton Borough","2010-04-03","Saturday","April","13:36:00",1,"PRINCETON BORO PD","",0,0,1,0,0,"Injury","Not At Intersection","No","No","Same Direction - Rear End",3,"US 206","NULL",206,"","00000206",54.13,"State Highway","Straight and Grade","Blacktop","Dry","Daylight","Clear","None","None",200,"Foot","South","HODGE RD / PAUL ROBESON PL","NULL","","NULL",25,25,40.35059,-74.66602,"No","","151",445853.290229,552666.196368,NA,"DVRPC",0,"Pain",10064444
3446624,"201011092010-009913","2010-009913",2010,"MERCER","Princeton Borough","2010-06-23","Wednesday","June","12:14:00",1,"PRINCETON BORO PD","",0,0,1,0,1,"Injury","Not At Intersection","No","No","Pedestrian",1,"NJ 27","NULL",27,"","00000027",0.56,"State Highway","Straight and Level","Blacktop","Dry","Daylight","Clear","None","None",10,"Foot","West","MOORE ST","NULL","","NULL",25,25,40.35126,-74.65437,"No","","144",449100.51,552905.1,NA,"DVRPC",1,"Moderate Injury",10143527
3446626,"201011092010-010034","2010-010034",2010,"MERCER","Princeton Borough","2010-06-25","Friday","June","08:50:00",1,"PRINCETON BORO PD","",0,0,0,0,0,"Property Damage","Not At Intersection","No","No","Backing",2,"UNIVERSITY PLACE","NULL",NA,"","11091188",0.14,"Municipal","Straight and Grade","Blacktop","Dry","Daylight","Clear","None","None",100,"Foot","South","COLLEGE RD","NULL","","NULL",25,25,40.34457,-74.66019,"No","","151",447474.435454,550470.315458,NA,"DVRPC",0,"PDO",10143524
3446627,"201011092010-010044","2010-010044",2010,"MERCER","Princeton Borough","2010-06-25","Friday","June","12:25:00",1,"PRINCETON BORO PD","",0,0,0,0,0,"Property Damage","Not At Intersection","No","No","Struck Parked Vehicle",2,"NJ 27","NULL",27,"","00000027",0.71,"State Highway","Straight and Level","Blacktop","Dry","Daylight","Clear","None","None",100,"Foot","East","CHESTNUT ST","NULL","","NULL",25,20,40.35207,-74.65172,"No","","151",449841.306376,553199.927975,NA,"DVRPC",0,"PDO",10143523
3446628,"201011092010-010045","2010-010045",2010,"MERCER","Princeton Borough","2010-06-25","Friday","June","13:11:00",1,"PRINCETON BORO PD","",0,0,1,0,0,"Injury","Not At Intersection","No","No","Same Direction - Rear End",2,"UNIVERSITY PLACE","NULL",NA,"","11091188",0.16,"Municipal","Straight and Level","Blacktop","Dry","Daylight","Clear","None","None",15,"Foot","South","COLLEGE ROAD","NULL","","NULL",25,25,40.34487,-74.66033,"No","","147",447435.95,550579.42,NA,"DVRPC",0,"Pain",10143520
3446630,"201011092010-010093","2010-010093",2010,"MERCER","Princeton Borough","2010-06-26","Saturday","June","11:31:00",1,"PRINCETON BORO PD","",0,0,0,0,0,"Property Damage","Not At Intersection","No","No","Same Direction - Rear End",2,"US 206","NULL",206,"","00000206",54.19,"State Highway","Straight and Grade","Blacktop","Dry","Daylight","Clear","None","None",125,"Foot","North","HODGE RD / PAUL ROBESON PL","NULL","","NULL",25,25,40.35134,-74.66652,"No","","147",445714.48,552940.66,NA,"DVRPC",0,"PDO",10143519
3446631,"201011092010-010151","2010-010151",2010,"MERCER","Princeton Borough","2010-06-27","Sunday","June","13:40:00",1,"PRINCETON BORO PD","",0,0,0,0,0,"Property Damage","Not At Intersection","No","No","Right Angle",2,"WITHERSPOON ST","NULL",NA,"","11091241",0.03,"Municipal","Straight and Grade","Blacktop","Dry","Daylight","Clear","None","None",150,"Foot","North","NASSAU STREET","NULL","","NULL",25,25,40.35007,-74.65992,"No","","147",447553.228236,552473.354703,NA,"DVRPC",0,"PDO",10143522
3446634,"201011092010-010428","2010-010428",2010,"MERCER","Princeton Borough","2010-07-03","Saturday","July","04:56:00",1,"PRINCETON BORO PD","",0,0,1,0,0,"Injury","Not At Intersection","No","No","Fixed Object",1,"US 206","NULL",206,"","00000206",53.85,"State Highway","Straight and Level","Blacktop","Dry","Dawn","Clear","None","None",1,"Foot","East","MONUMENT DR","NULL","","NULL",30,NA,40.34728,-74.66588,"No","SEE PAGE 2","124",445892.341643,551462.274637,NA,"DVRPC",0,"Moderate Injury",10143518
3446635,"201011092010-010455","2010-010455",2010,"MERCER","Princeton Borough","2010-07-03","Saturday","July","15:08:00",1,"PRINCETON BORO PD","",0,0,0,0,0,"Property Damage","Not At Intersection","No","No","Fixed Object",1,"US 206","NULL",206,"","00000206",54.43,"State Highway","Straight and Grade","Blacktop","Dry","NULL","Clear","None","None",30,"Foot","South","NORTH STANWORTH DR.","NULL","","NULL",30,25,40.3544,-74.66878,"No","UTILITY POLE#:60515PB-OWNED BY PSEG","138",445087.85212,554056.279097,NA,"DVRPC",0,"PDO",10153636