"ID","DOT_WEB_ID","CASE_NUMBER","CRASH_YEAR","COUNTY","MUNICIPALITY","CRASH_DATE","CRASH_DAY_OF_WEEK","CRASH_MONTH","CRASH_TIME","POLICE_DEPT_CODE","POLICE_DEPARTMENT","POLICE_STATION","TOTAL_KILLED","TOTAL_INCAPACITATED","TOTAL_INJURED","PEDESTRIANS_KILLED","PEDESTRIANS_INJURED","SEVERITY","INTERSECTION","ALCOHOL_INVOLVED","HAZMAT_INVOLVED","CRASH_TYPE","TOTAL_VEHICLES_INVOLVED","CRASH_LOCATION","LOCATION_DIRECTION","ROUTE","ROUTE_SUFFIX","SRI","MILEPOST","ROAD_SYSTEM","ROAD_CHARACTER","ROAD_SURFACE_TYPE","SURFACE_CONDITION","LIGHT_CONDITION","ENVIRONMENTAL_CONDITION","ROAD_DIVIDED_BY","TEMP_TRAFFIC_CONTROL_ZONE","DISTANCE_TO_CROSS_STREET","UNIT_OF_MEASUREMENT","DIRECTION_FROM_CROSS_STREET","CROSS_STREET_NAME","IS_RAMP","RAMP_TO_FROM_ROUTE_NAME","RAMP_TO_FROM_ROUTE_DIRECTION","POSTED_SPEED","POSTED_SPEED_CROSS_STREET","LATITUDE","LONGITUDE","CELL_PHONE_IN_USE","OTHER_PROPERTY_DAMAGE","REPORTING_BADGE_NO","X","Y","CRASH_NARRATIVE","MPO","TOTAL_PEDESTRIANS_INVOLVED","EPDO","DLN"
3446636,"201011092010-010562","2010-010562",2010,"MERCER","Princeton Borough","2010-07-06","Tuesday","July","08:31:00",1,"PRINCETON BORO PD","",0,0,0,0,0,"Property Damage","Not At Intersection","No","No","Fixed Object",2,"MERCER COUNTY 604","NULL",604,"","11000604",2.61,"County","Straight and Grade","Blacktop","Dry","Daylight","Clear","None","None",35,"Foot","South","HODGE RD","NULL","","NULL",25,25,40.34717,-74.67537,"No","NONE","149",443246.182744,551426.39862,NA,"DVRPC",0,"PDO",10143503
3446637,"201011092010-010581","2010-010581",2010,"MERCER","Princeton Borough","2010-07-06","Tuesday","July","15:21:00",1,"PRINCETON BORO PD","",0,0,0,0,0,"Property Damage","At Intersection","No","No","Same Direction - Rear End",2,"NJ 27","NULL",27,"","00000027",0.33,"State Highway","Straight and Level","Blacktop","Dry","Daylight","Clear","None","None",NA,"At","NULL","S TULANE ST","NULL","","NULL",25,25,40.35002,-74.6584,"No","","114",447977.62163,552455.908732,NA,"DVRPC",0,"PDO",10143504
3446639,"201011092010-010686","2010-010686",2010,"MERCER","Princeton Borough","2010-07-08","Thursday","July","14:00:00",1,"PRINCETON BORO PD","",0,0,0,0,0,"Property Damage","Not At Intersection","No","No","Struck Parked Vehicle",2,"NJ 27","NULL",27,"","00000027",0.4,"State Highway","Straight and Level","Blacktop","Dry","Daylight","Clear","None","None",25,"Foot","East","ROUTE 571 / VANDEVENTER AVE / WASHI","NULL","","NULL",25,25,40.35036,-74.65716,"No","","144",448324,552578.32,NA,"DVRPC",0,"PDO",10153633
3446642,"201011092010-010748","2010-010748",2010,"MERCER","Princeton Borough","2010-07-09","Friday","July","15:48:00",1,"PRINCETON BORO PD","",0,0,0,0,0,"Property Damage","Not At Intersection","No","No","Same Direction - Rear End",3,"US 206","South",206,"","00000206",54.29,"State Highway","Straight and Grade","Blacktop","Dry","Daylight","Clear","None","None",30,"Foot","North","CLEVELAND LA","NULL","","NULL",25,25,40.35265,-74.66742,"No","NONE","149",445466.070398,553417.857571,NA,"DVRPC",0,"PDO",10153644
3446643,"201011092010-010760","2010-010760",2010,"MERCER","Princeton Borough","2010-07-09","Friday","July","21:39:00",1,"PRINCETON BORO PD","",0,0,2,0,0,"Injury","Not At Intersection","No","No","Same Direction - Rear End",2,"US 206","NULL",206,"","00000206",53.39,"State Highway","Straight and Level","Blacktop","Dry","Dark (Street Lights On/ continuous)","Clear","None","None",25,"Foot","West","CR 604 / ELM RD","NULL","","NULL",30,25,40.34281,-74.6722,"No","","147",444126.373304,549837.215285,NA,"DVRPC",0,"Pain",10153637
3446644,"201011092010-010789","2010-010789",2010,"MERCER","Princeton Borough","2010-07-10","Saturday","July","09:45:00",1,"PRINCETON BORO PD","",0,1,1,0,0,"Injury","Not At Intersection","No","No","Struck Parked Vehicle",2,"NJ 27","NULL",27,"","00000027",0.34,"State Highway","Straight and Level","Blacktop","Dry","Daylight","Overcast","None","None",300,"Foot","West","ROUTE 571 / VANDEVENTER AVE / WASHI","NULL","","NULL",25,25,40.35007,-74.65822,"No","","129",448028.488983,552473.778996,NA,"DVRPC",0,"Incapacitating Injury",10153641
3446645,"201011092010-010918","2010-010918",2010,"MERCER","Princeton Borough","2010-07-12","Monday","July","11:39:00",1,"PRINCETON BORO PD","",0,0,0,0,0,"Property Damage","Not At Intersection","No","No","Same Direction - Side Swipe",2,"WITHERSPOON ST","NULL",NA,"","11091241",0.16,"Municipal","Straight and Level","Blacktop","Dry","Daylight","Clear","None","None",20,"Foot","South","PAUL ROBESON PL","NULL","","NULL",25,25,40.35186,-74.66071,"No","","148",447336.088702,553127.680851,NA,"DVRPC",0,"PDO",10153635
3446646,"201011092010-010998","2010-010998",2010,"MERCER","Princeton Borough","2010-07-14","Wednesday","July","09:18:00",1,"PRINCETON BORO PD","",0,0,0,0,0,"Property Damage","Not At Intersection","No","No","Struck Parked Vehicle",2,"NJ 27","NULL",27,"","00000027",0.02,"State Highway","Straight and Level","Blacktop","Dry","Daylight","Clear","None","None",100,"Foot","East","US 206 / BAYARD LA","NULL","","NULL",25,25,40.34842,-74.6641,"No","","142",446386.781849,551873.856295,NA,"DVRPC",0,"PDO",10153638
3446647,"201011092010-011000","2010-011000",2010,"MERCER","Princeton Borough","2010-07-14","Wednesday","July","09:58:00",1,"PRINCETON BORO PD","",0,0,1,0,0,"Injury","Not At Intersection","No","No","Same Direction - Rear End",2,"US 206","NULL",206,"","00000206",53.57,"State Highway","Curve and Level","Blacktop","Dry","Daylight","Overcast","None","None",10,"Foot","East","HIBBEN RD","NULL","","NULL",30,25,40.34486,-74.67008,"No","","149",444718.72,550579.81,NA,"DVRPC",0,"Pain",10153639
3446650,"201011092010-011081","2010-011081",2010,"MERCER","Princeton Borough","2010-07-15","Thursday","July","17:16:00",1,"PRINCETON BORO PD","",0,0,0,0,0,"Property Damage","Not At Intersection","No","No","Same Direction - Side Swipe",2,"US 206","NULL",206,"","00000206",54.05,"State Highway","Straight and Level","Blacktop","Dry","Daylight","Clear","None","None",50,"Foot","South","BOUDINOT ST","NULL","","NULL",25,25,40.34955,-74.66534,"No","","147",446043.738575,552289.166999,NA,"DVRPC",0,"PDO",10153631
3446652,"201011092010-011224","2010-011224",2010,"MERCER","Princeton Borough","2010-07-18","Sunday","July","19:50:00",1,"PRINCETON BORO PD","",0,0,0,0,0,"Property Damage","Not At Intersection","No","No","Same Direction - Side Swipe",2,"UNIVERSITY PLACE","NULL",NA,"","11091188",0.15,"Municipal","Straight and Grade","Blacktop","Dry","Daylight","Clear","None","None",50,"Foot","South","COLLEGE ROAD","NULL","","NULL",25,25,40.34471,-74.66026,"No","","138",447456.849989,550521.538031,NA,"DVRPC",0,"PDO",10153645
3446653,"201011092010-011242","2010-011242",2010,"MERCER","Princeton Borough","2010-07-19","Monday","July","08:32:00",1,"PRINCETON BORO PD","",0,0,0,0,0,"Property Damage","Not At Intersection","No","No","Same Direction - Side Swipe",2,"US 206","NULL",206,"","00000206",53.32,"State Highway","Straight and Level","Blacktop","Dry","Daylight","Clear","None","None",75,"Foot","East","LOVERS LA","NULL","","NULL",30,25,40.34206,-74.67309,"No","","151",443877.24,549563.07,NA,"DVRPC",0,"PDO",10153628
3446654,"201011092010-011243","2010-011243",2010,"MERCER","Princeton Borough","2010-07-19","Monday","July","08:35:00",1,"PRINCETON BORO PD","",0,0,1,0,0,"Injury","Not At Intersection","No","No","Same Direction - Rear End",2,"US 206","NULL",206,"","00000206",53.85,"State Highway","Straight and Level","Blacktop","Dry","Daylight","Overcast","None","None",25,"Foot","West","MONUMENT DR","NULL","","NULL",30,15,40.34728,-74.66588,"No","","147",445892.341643,551462.274637,NA,"DVRPC",0,"Pain",10153629
3446656,"201011092010-011294","2010-011294",2010,"MERCER","Princeton Borough","2010-07-20","Tuesday","July","12:20:00",1,"PRINCETON BORO PD","",0,0,0,0,0,"Property Damage","Not At Intersection","No","No","Struck Parked Vehicle",2,"NJ 27","NULL",27,"","00000027",0.64,"State Highway","Straight and Level","Blacktop","Dry","Daylight","Clear","None","None",30,"Foot","West","MORAN AVE","NULL","","NULL",25,25,40.3517,-74.65295,"No","","98",449497.036629,553064.628848,NA,"DVRPC",0,"PDO",10167883
3446657,"201011092010-011300","2010-011300",2010,"MERCER","Princeton Borough","2010-07-20","Tuesday","July","15:34:00",1,"PRINCETON BORO PD","",0,0,0,0,0,"Property Damage","Not At Intersection","No","No","Same Direction - Rear End",3,"US 206","NULL",206,"","00000206",53.76,"State Highway","Straight and Level","Blacktop","Dry","Daylight","Clear","None","None",100,"Foot","East","LIBRARY PL","NULL","","NULL",30,25,40.34652,-74.66726,"No","","120",445507.211134,551183.527391,NA,"DVRPC",0,"PDO",10167882
3446659,"201011092010-011361","2010-011361",2010,"MERCER","Princeton Borough","2010-07-21","Wednesday","July","20:55:00",1,"PRINCETON BORO PD","",0,0,0,0,0,"Property Damage","Not At Intersection","No","No","Right Angle",2,"NJ 27","NULL",27,"","00000027",0.07,"State Highway","Straight and Level","Blacktop","Wet","Dark (Street Lights On/ continuous)","Clear","None","None",15,"Foot","West","BANK ST / UNIVERSITY PLAZA","NULL","","NULL",25,25,40.3487,-74.66314,"No","","144",446655.130461,551975.515484,NA,"DVRPC",0,"PDO",10167879
3446661,"201011092010-011376","2010-011376",2010,"MERCER","Princeton Borough","2010-07-22","Thursday","July","08:37:00",1,"PRINCETON BORO PD","",0,0,0,0,0,"Property Damage","At Intersection","No","No","Right Angle",2,"US 206","NULL",206,"","00000206",54.06,"State Highway","Straight and Level","Blacktop","Dry","Daylight","Clear","None","None",NA,"At","NULL","BOUDINOT ST","NULL","","NULL",25,25,40.3497,-74.66543,"No","","151",446017.14,552340.75,NA,"DVRPC",0,"PDO",10167878
3446662,"201011092010-011457","2010-011457",2010,"MERCER","Princeton Borough","2010-07-23","Friday","July","14:37:00",1,"PRINCETON BORO PD","",0,0,0,0,0,"Property Damage","Not At Intersection","No","No","Fixed Object",1,"NJ 27","NULL",27,"","00000027",0.07,"State Highway","Straight and Level","Blacktop","Dry","Daylight","Clear","None","None",6,"Foot","East","BANK ST / UNIVERSITY PLAZA","NULL","","NULL",25,25,40.3487,-74.66314,"No","FIRE HYDRANT #1993 MAINTAINED BY AMERICAN WATER CO. 800-544-2084","98",446655.130461,551975.515484,NA,"DVRPC",0,"PDO",10167876
3446663,"201011092010-011475","2010-011475",2010,"MERCER","Princeton Borough","2010-07-23","Friday","July","20:52:00",1,"PRINCETON BORO PD","",0,0,0,0,0,"Property Damage","Not At Intersection","No","No","Struck Parked Vehicle",2,"NJ 27","NULL",27,"","00000027",0.75,"State Highway","Straight and Level","Blacktop","Dry","Dark (Street LIghts On/ spot)","Clear","None","None",50,"Foot","West","PINE ST","NULL","","NULL",25,15,40.35228,-74.65102,"No","","114",450036.30703,553276.363238,NA,"DVRPC",0,"PDO",10167875
3446665,"201011092010-011609","2010-011609",2010,"MERCER","Princeton Borough","2010-07-26","Monday","July","14:32:00",1,"PRINCETON BORO PD","",0,0,1,0,0,"Injury","Not At Intersection","No","No","Fixed Object",1,"US 206","NULL",206,"","00000206",53.74,"State Highway","Straight and Level","Blacktop","Dry","Daylight","Clear","None","None",5,"Foot","East","LIBRARY PL","NULL","","NULL",30,25,40.34635,-74.66758,"No","LIGHT STANDARD BASE HAD BLACK SCUFF MARKS-BOROUGH OF PRINCETON (1 MONUMENT DR.","150",445417.51,551121.82,NA,"DVRPC",0,"Moderate Injury",10167877
3446668,"201011092010-011827","2010-011827",2010,"MERCER","Princeton Borough","2010-07-30","Friday","July","12:17:00",1,"PRINCETON BORO PD","",0,0,0,0,0,"Property Damage","Not At Intersection","No","No","Struck Parked Vehicle",2,"NJ 27","NULL",27,"","00000027",0.75,"State Highway","Straight and Level","Blacktop","Dry","Daylight","Clear","None","None",50,"Foot","West","PINE ST","NULL","","NULL",25,20,40.35228,-74.65102,"No","","150",450036.30703,553276.363238,NA,"DVRPC",0,"PDO",10167873
3446669,"201011092010-011836","2010-011836",2010,"MERCER","Princeton Borough","2010-07-30","Friday","July","15:40:00",1,"PRINCETON BORO PD","",0,0,0,0,0,"Property Damage","Not At Intersection","No","No","Right Angle",2,"NJ 27","NULL",27,"","00000027",0.64,"State Highway","Straight and Level","Blacktop","Dry","Daylight","Clear","None","None",75,"Foot","West","MORAN AVE","NULL","","NULL",25,25,40.3517,-74.65295,"No","","150",449497.036629,553064.628848,NA,"DVRPC",0,"PDO",10167870
3446674,"201011092010-012012","2010-012012",2010,"MERCER","Princeton Borough","2010-08-02","Monday","August","19:34:00",1,"PRINCETON BORO PD","",0,0,0,0,0,"Property Damage","Not At Intersection","No","No","Right Angle",2,"US 206","NULL",206,"","00000206",54.17,"State Highway","Straight and Level","Blacktop","Dry","Daylight","Clear","None","None",NA,"NULL","NULL","HODGE RD / PAUL ROBESON PL","NULL","","NULL",25,25,40.35111,-74.66637,"No","BAYARD LA/HODGE RD SIGN POST BENT-OWNER IS BOROUGH OF PRINCETON","104",445756.672863,552857.020064,NA,"DVRPC",0,"PDO",10167865
3446676,"201011092010-012052","2010-012052",2010,"MERCER","Princeton Borough","2010-08-03","Tuesday","August","11:57:00",1,"PRINCETON BORO PD","",0,0,1,0,0,"Injury","Not At Intersection","No","No","Same Direction - Rear End",3,"US 206","NULL",206,"","00000206",53.74,"State Highway","Straight and Level","Blacktop","Dry","Daylight","Clear","None","None",10,"Foot","West","LIBRARY PL","NULL","","NULL",30,25,40.34635,-74.66758,"No","","142",445417.51,551121.82,NA,"DVRPC",0,"Pain",10167861
3446678,"201011092010-012164","2010-012164",2010,"MERCER","Princeton Borough","2010-08-05","Thursday","August","18:03:00",1,"PRINCETON BORO PD","",0,0,1,0,0,"Injury","Not At Intersection","No","No","Same Direction - Rear End",2,"US 206","NULL",206,"","00000206",53.66,"State Highway","Straight and Level","Blacktop","Dry","Dusk","Clear","None","None",30,"Foot","West","EDGEHILL ST","NULL","","NULL",30,25,40.34568,-74.66883,"No","","148",445067.35,550880.78,NA,"DVRPC",0,"Pain",10172257
3446679,"201011092010-012289","2010-012289",2010,"MERCER","Princeton Borough","2010-08-07","Saturday","August","12:35:00",1,"PRINCETON BORO PD","",0,0,0,0,0,"Property Damage","Not At Intersection","No","No","Fixed Object",1,"NJ 27","NULL",27,"","00000027",1.14,"State Highway","Straight and Level","Blacktop","Dry","Daylight","Clear","None","None",100,"Foot","West","MARKHAM RD","NULL","","NULL",30,25,40.35436,-74.6442,"No","BLOWN FUSE DAMAGED WIRE: OWNER IS PSEG","104",451936.65,554028.73,NA,"DVRPC",0,"PDO",10172261
3446682,"201011092010-012395","2010-012395",2010,"MERCER","Princeton Borough","2010-08-09","Monday","August","08:52:00",1,"PRINCETON BORO PD","",0,0,0,0,0,"Property Damage","Not At Intersection","No","No","Backing",2,"UNIVERSITY PLACE","NULL",NA,"","11091188",0,"Municipal","Straight and Level","Blacktop","Dry","Daylight","Clear","None","None",10,"Foot","East","ALEXANDER ST","NULL","","NULL",25,25,40.34295,-74.66087,"No","","148",447284.83,549882.36,NA,"DVRPC",0,"PDO",10172264
3446685,"201011092010-012574","2010-012574",2010,"MERCER","Princeton Borough","2010-08-12","Thursday","August","12:25:00",1,"PRINCETON BORO PD","",0,0,0,0,0,"Property Damage","Not At Intersection","No","No","Struck Parked Vehicle",2,"UNIVERSITY PLACE","NULL",NA,"","11091188",0.33,"Municipal","Straight and Grade","Blacktop","Dry","Daylight","Overcast","None","None",125,"Foot","North","EDWARDS PLACE","NULL","","NULL",25,25,40.34705,-74.66188,"No","","129",447005.978427,551374.045445,NA,"DVRPC",0,"PDO",10172258
3446687,"201011092010-012643","2010-012643",2010,"MERCER","Princeton Borough","2010-08-13","Friday","August","13:38:00",1,"PRINCETON BORO PD","",0,0,1,0,0,"Injury","At Intersection","No","No","Pedalcyclist",1,"ELM RD","NULL",NA,"","11091030",0,"Municipal","Straight and Grade","Blacktop","Dry","Daylight","Clear","None","None",NA,"At","NULL","ROSEDALE ROAD","NULL","","NULL",25,25,40.34854,-74.6764,"No","","144",442959.09,551924.88,NA,"DVRPC",0,"Pain",10183910
3446689,"201011092010-012688","2010-012688",2010,"MERCER","Princeton Borough","2010-08-14","Saturday","August","15:06:00",1,"PRINCETON BORO PD","",0,0,0,0,0,"Property Damage","Not At Intersection","No","No","Same Direction - Rear End",2,"NJ 27","NULL",27,"","00000027",0.26,"State Highway","Straight and Level","Blacktop","Dry","Daylight","Clear","None","None",15,"Foot","West","WITHERSPOON ST","NULL","","NULL",25,25,40.34967,-74.65968,"No","","144",447620.777811,552329.210454,NA,"DVRPC",0,"PDO",10183665
3446690,"201011092010-012697","2010-012697",2010,"MERCER","Princeton Borough","2010-08-14","Saturday","August","20:33:00",1,"PRINCETON BORO PD","",0,0,0,0,0,"Property Damage","Not At Intersection","No","No","Same Direction - Rear End",2,"ROUTE 571","NULL",571,"","00000571",43.85,"County","Straight and Grade","Blacktop","Dry","Dark (Street LIghts On/ spot)","Clear","None","None",10,"Foot","North","PROSPECT AVE","NULL","","NULL",25,25,40.3478,-74.65504,"No","","138",448912.98,551643.94,NA,"DVRPC",0,"PDO",10183921
3446691,"201011092010-012698","2010-012698",2010,"MERCER","Princeton Borough","2010-08-14","Saturday","August","20:47:00",1,"PRINCETON BORO PD","",0,0,0,0,0,"Property Damage","Not At Intersection","No","No","Struck Parked Vehicle",2,"NJ 27","NULL",27,"","00000027",0.7,"State Highway","Straight and Level","Blacktop","Dry","Dark (Street LIghts On/ spot)","Clear","None","None",50,"Foot","East","CHESTNUT ST","NULL","","NULL",25,25,40.35202,-74.65189,"No","","142",449792.597922,553180.713238,NA,"DVRPC",0,"PDO",10183920
3446694,"201011092010-012735","2010-012735",2010,"MERCER","Princeton Borough","2010-08-16","Monday","August","10:48:00",1,"PRINCETON BORO PD","",0,0,1,0,0,"Injury","At Intersection","No","No","Right Angle",2,"NJ 27","NULL",27,"","00000027",0.15,"State Highway","Straight and Level","Blacktop","Dry","Daylight","Overcast","None","None",NA,"At","NULL","JOHN ST","NULL","","NULL",25,25,40.34913,-74.66165,"No","","147",447070.69,552132.42,NA,"DVRPC",0,"Pain",10183913
3446695,"201011092010-012743","2010-012743",2010,"MERCER","Princeton Borough","2010-08-16","Monday","August","12:50:00",1,"PRINCETON BORO PD","",0,0,0,0,0,"Property Damage","Not At Intersection","No","No","Struck Parked Vehicle",2,"NJ 27","NULL",27,"","00000027",0.12,"State Highway","Straight and Level","Blacktop","Dry","Daylight","Clear","None","None",30,"Foot","East","CHAMBERS ST","NULL","","NULL",25,25,40.34896,-74.66224,"No","","126",446907.915768,552072.000616,NA,"DVRPC",0,"PDO",10189063
3446696,"201011092010-012757","2010-012757",2010,"MERCER","Princeton Borough","2010-08-16","Monday","August","17:12:00",1,"PRINCETON BORO PD","",0,0,0,0,0,"Property Damage","Not At Intersection","No","No","Same Direction - Rear End",2,"US 206","NULL",206,"","00000206",53.99,"State Highway","Straight and Level","Blacktop","Wet","Daylight","Overcast","None","None",200,"Foot","North","NJ 27 / MONUMENT DR / NASSAU ST","NULL","","NULL",25,25,40.34881,-74.66484,"No","","129",446181.93,552016.19,NA,"DVRPC",0,"PDO",10183915
3446697,"201011092010-012761","2010-012761",2010,"MERCER","Princeton Borough","2010-08-16","Monday","August","17:53:00",1,"PRINCETON BORO PD","",0,0,0,0,0,"Property Damage","At Intersection","No","No","Right Angle",2,"PROSPECT AVE","NULL",NA,"","11091240",0.5,"Municipal","Straight and Level","Blacktop","Wet","Daylight","Rain","None","None",NA,"At","NULL","PRINCETON AVENUE","NULL","","NULL",25,25,40.35023,-74.64611,"No","NONE","147",451403.69375,552524.6225,NA,"DVRPC",0,"PDO",10183917
3446698,"201011092010-012809","2010-012809",2010,"MERCER","Princeton Borough","2010-08-17","Tuesday","August","15:15:00",1,"PRINCETON BORO PD","",0,0,0,0,0,"Property Damage","Not At Intersection","No","No","Struck Parked Vehicle",2,"NJ 27","North",27,"","00000027",0.76,"State Highway","Straight and Level","Blacktop","Dry","Daylight","Clear","None","None",20,"Foot","North","PINE ST","NULL","","NULL",25,25,40.35234,-74.65084,"No","NONE","98",450084.839954,553295.265982,NA,"DVRPC",0,"PDO",10183911
3446699,"201011092010-012859","2010-012859",2010,"MERCER","Princeton Borough","2010-08-18","Wednesday","August","14:53:00",1,"PRINCETON BORO PD","",0,0,0,0,0,"Property Damage","Not At Intersection","No","No","Same Direction - Rear End",2,"NJ 27","NULL",27,"","00000027",0.3,"State Highway","Straight and Level","Blacktop","Dry","Daylight","Overcast","None","None",200,"Foot","East","WITHERSPOON ST","NULL","","NULL",25,25,40.34987,-74.65895,"No","","147",447824.019015,552400.012368,NA,"DVRPC",0,"PDO",10183909
3446700,"201011092010-012888","2010-012888",2010,"MERCER","Princeton Borough","2010-08-19","Thursday","August","07:11:00",1,"PRINCETON BORO PD","",0,0,1,0,0,"Injury","Not At Intersection","No","No","Same Direction - Rear End",2,"NJ 27","South",27,"","00000027",0,"State Highway","Straight and Level","Blacktop","Dry","Daylight","Clear","None","None",5,"Foot","East","US 206 / BAYARD LA","NULL","","NULL",25,25,40.34827,-74.66452,"No","NONE","148",446271.37,551820.63,NA,"DVRPC",0,"Pain",10183908
3446704,"201011092010-013401","2010-013401",2010,"MERCER","Princeton Borough","2010-08-28","Saturday","August","12:05:00",1,"PRINCETON BORO PD","",0,0,0,0,0,"Property Damage","Not At Intersection","No","No","Same Direction - Side Swipe",2,"NJ 27","NULL",27,"","00000027",0.41,"State Highway","Straight and Level","Blacktop","Dry","Daylight","Clear","None","None",30,"Foot","East","ROUTE 571 / VANDEVENTER AVE / WASHI","NULL","","NULL",25,25,40.35042,-74.65695,"No","","144",448381.137124,552600.05285,NA,"DVRPC",0,"PDO",10189066
3446705,"201011092010-013464","2010-013464",2010,"MERCER","Princeton Borough","2010-08-29","Sunday","August","16:40:00",1,"PRINCETON BORO PD","",0,0,1,0,0,"Injury","Not At Intersection","No","No","Same Direction - Rear End",2,"US 206","NULL",206,"","00000206",54.19,"State Highway","Straight and Level","Blacktop","Dry","Daylight","Clear","None","None",100,"Foot","North","HODGE RD / PAUL ROBESON PL","NULL","","NULL",25,NA,40.35134,-74.66652,"No","","94",445714.48,552940.66,NA,"DVRPC",0,"Pain",10189064
3446706,"201011092010-013516","2010-013516",2010,"MERCER","Princeton Borough","2010-08-30","Monday","August","17:08:00",1,"PRINCETON BORO PD","",0,0,0,0,0,"Property Damage","At Intersection","No","No","Right Angle",2,"ROUTE 571","NULL",571,"","00000571",43.97,"County","Straight and Grade","Concrete","Dry","Daylight","Clear","None","None",NA,"At","NULL","WILLIAM ST","NULL","","NULL",25,25,40.34929,-74.6562,"No","","142",448589.732458,552189.639703,NA,"DVRPC",0,"PDO",10189062
3446707,"201011092010-01353","2010-01353",2010,"MERCER","Princeton Borough","2010-01-24","Sunday","January","18:15:00",1,"PRINCETON BORO PD","",0,0,0,0,0,"Property Damage","Not At Intersection","No","No","Same Direction - Side Swipe",2,"NJ 27","NULL",27,"","00000027",0.08,"State Highway","Straight and Level","Blacktop","Wet","Dark (Street Lights On/ continuous)","Rain","None","None",30,"Foot","East","BANK ST / UNIVERSITY PLAZA","NULL","","NULL",25,25,40.34875,-74.66296,"No","","151",446707.144243,551994.901827,NA,"DVRPC",0,"PDO",10009740
3446784,"201011092010-0567","2010-0567",2010,"MERCER","Princeton Borough","2010-01-11","Monday","January","12:21:00",1,"PRINCETON BORO PD","",0,0,2,0,0,"Injury","Not At Intersection","No","No","Same Direction - Rear End",3,"MERCER COUNTY 604","NULL",604,"","11000604",2.95,"County","Straight and Grade","Blacktop","Dry","Daylight","Clear","None","None",15,"Foot","North","STOCKTON STREET","NULL","","NULL",25,30,40.34287,-74.67213,"No","","",444144.82,549857.64,NA,"DVRPC",0,"Moderate Injury",10005504
3446786,"201011092010-1132","2010-1132",2010,"MERCER","Princeton Borough","2010-01-21","Thursday","January","14:45:00",1,"PRINCETON BORO PD","",0,0,0,0,0,"Property Damage","Not At Intersection","No","No","Same Direction - Rear End",2,"UNIVERSITY PLACE","NULL",NA,"","11091188",0.13,"Municipal","Straight and Grade","Blacktop","Dry","Daylight","Clear","None","None",150,"Foot","South","COLLEGE ROAD","NULL","","NULL",25,25,40.34443,-74.66013,"No","","127",447491.077887,550420.024521,NA,"DVRPC",0,"PDO",10009744
3446787,"201011092010-1403","2010-1403",2010,"MERCER","Princeton Borough","2010-01-25","Monday","January","16:42:00",1,"PRINCETON BORO PD","",0,0,0,0,0,"Property Damage","At Intersection","No","No","Same Direction - Side Swipe",2,"NJ 27","NULL",27,"","00000027",0.26,"State Highway","Straight and Level","Blacktop","Wet","Dusk","Clear","None","None",NA,"At","NULL","WITHERSPOON ST","NULL","","NULL",25,25,40.34967,-74.65968,"No","","148",447620.777811,552329.210454,NA,"DVRPC",0,"PDO",10029042
3446841,"201011092010-19957","2010-19957",2010,"MERCER","Princeton Borough","2010-12-27","Monday","December","08:35:00",1,"PRINCETON BORO PD","",0,0,0,0,0,"Property Damage","Not At Intersection","No","No","Opposite Direction - Head On/Angular",2,"NJ 27","West",27,"","00000027",0.26,"State Highway","Straight and Level","Blacktop","Snowy","Daylight","Blowing Snow","None","None",5,"Foot","West","WITHERSPOON ST","NULL","","NULL",25,25,40.34967,-74.65968,"No","NONE","153",447620.777811,552329.210454,NA,"DVRPC",0,"PDO",10299405
3446846,"201011092010-2736","2010-2736",2010,"MERCER","Princeton Borough","2010-02-18","Thursday","February","17:37:00",1,"PRINCETON BORO PD","",0,0,0,0,0,"Property Damage","Not At Intersection","No","No","Same Direction - Side Swipe",2,"NJ 27","NULL",27,"","00000027",0.11,"State Highway","Straight and Level","Blacktop","Dry","Dusk","Clear","None","None",5,"Foot","West","CHAMBERS ST","NULL","","NULL",25,25,40.3489,-74.66245,"No","","148",446846.97,552049.09,NA,"DVRPC",0,"PDO",10036090
3446849,"201011092010-2926","2010-2926",2010,"MERCER","Princeton Borough","2010-02-21","Sunday","February","16:31:00",1,"PRINCETON BORO PD","",0,0,1,0,0,"Injury","Not At Intersection","No","No","Same Direction - Rear End",2,"US 206","NULL",206,"","00000206",53.38,"State Highway","Straight and Level","Blacktop","Dry","Daylight","Clear","None","None",30,"Foot","West","CR 604 / ELM RD","NULL","","NULL",30,25,40.3427,-74.67233,"No","","149",444090.31652,549797.4469,NA,"DVRPC",0,"Pain",10036099
3446851,"201011092010-3069","2010-3069",2010,"MERCER","Princeton Borough","2010-02-24","Wednesday","February","19:45:00",1,"PRINCETON BORO PD","",0,0,0,0,0,"Property Damage","Not At Intersection","No","No","Same Direction - Side Swipe",2,"US 206","NULL",206,"","00000206",53.74,"State Highway","Straight and Level","Blacktop","Dry","Dark (Street Lights On/ continuous)","Clear","None","None",20,"Foot","West","LIBRARY PL","NULL","","NULL",30,25,40.34635,-74.66758,"No","","126",445417.51,551121.82,NA,"DVRPC",0,"PDO",10036098