"ID","DOT_WEB_ID","CASE_NUMBER","CRASH_YEAR","COUNTY","MUNICIPALITY","CRASH_DATE","CRASH_DAY_OF_WEEK","CRASH_MONTH","CRASH_TIME","POLICE_DEPT_CODE","POLICE_DEPARTMENT","POLICE_STATION","TOTAL_KILLED","TOTAL_INCAPACITATED","TOTAL_INJURED","PEDESTRIANS_KILLED","PEDESTRIANS_INJURED","SEVERITY","INTERSECTION","ALCOHOL_INVOLVED","HAZMAT_INVOLVED","CRASH_TYPE","TOTAL_VEHICLES_INVOLVED","CRASH_LOCATION","LOCATION_DIRECTION","ROUTE","ROUTE_SUFFIX","SRI","MILEPOST","ROAD_SYSTEM","ROAD_CHARACTER","ROAD_SURFACE_TYPE","SURFACE_CONDITION","LIGHT_CONDITION","ENVIRONMENTAL_CONDITION","ROAD_DIVIDED_BY","TEMP_TRAFFIC_CONTROL_ZONE","DISTANCE_TO_CROSS_STREET","UNIT_OF_MEASUREMENT","DIRECTION_FROM_CROSS_STREET","CROSS_STREET_NAME","IS_RAMP","RAMP_TO_FROM_ROUTE_NAME","RAMP_TO_FROM_ROUTE_DIRECTION","POSTED_SPEED","POSTED_SPEED_CROSS_STREET","LATITUDE","LONGITUDE","CELL_PHONE_IN_USE","OTHER_PROPERTY_DAMAGE","REPORTING_BADGE_NO","X","Y","CRASH_NARRATIVE","MPO","TOTAL_PEDESTRIANS_INVOLVED","EPDO","DLN"
3446852,"201011092010-3119","2010-3119",2010,"MERCER","Princeton Borough","2010-02-26","Friday","February","04:58:00",1,"PRINCETON BORO PD","",0,0,0,0,0,"Property Damage","Not At Intersection","No","No","Same Direction - Rear End",2,"ROUTE 571","NULL",571,"","00000571",44.05,"County","Straight and Grade","Blacktop","Icy","Dark (Street Lights On/ continuous)","Snow","None","None",50,"Foot","South","NJ 27 / NASSAU ST","NULL","","NULL",25,25,40.35027,-74.65699,"No","","147",448370.45,552543.68,NA,"DVRPC",0,"PDO",10036104
3446855,"201011092010-3321","2010-3321",2010,"MERCER","Princeton Borough","2010-03-01","Monday","March","16:17:00",1,"PRINCETON BORO PD","",0,0,1,0,0,"Injury","Not At Intersection","No","No","Same Direction - Rear End",2,"NJ 27","NULL",27,"","00000027",0.69,"State Highway","Straight and Level","Blacktop","Dry","Daylight","Clear","None","None",20,"Foot","East","CHESTNUT ST","NULL","","NULL",25,20,40.35197,-74.65207,"No","","126",449743.39139,553161.532878,NA,"DVRPC",0,"Pain",10055250
3446857,"201011092010-3376","2010-3376",2010,"MERCER","Princeton Borough","2010-03-02","Tuesday","March","12:37:00",1,"PRINCETON BORO PD","",0,0,0,0,0,"Property Damage","Not At Intersection","No","No","Struck Parked Vehicle",2,"WITHERSPOON ST","NULL",NA,"","11091241",0.12,"Municipal","Straight and Level","Blacktop","Dry","Daylight","Clear","None","None",50,"Foot","North","HULFISH STREET","NULL","","NULL",25,25,40.35131,-74.66047,"No","","126",447402.172732,552926.453926,NA,"DVRPC",0,"PDO",10055249
3446858,"201011092010-3389","2010-3389",2010,"MERCER","Princeton Borough","2010-03-02","Tuesday","March","18:45:00",1,"PRINCETON BORO PD","",0,0,0,0,0,"Property Damage","Not At Intersection","No","No","Same Direction - Side Swipe",2,"NJ 27","NULL",27,"","00000027",0.11,"State Highway","Straight and Level","Blacktop","Wet","Dark (Street LIghts On/ spot)","Rain","None","None",20,"Foot","West","CHAMBERS ST","NULL","","NULL",25,25,40.3489,-74.66245,"No","","149",446846.97,552049.09,NA,"DVRPC",0,"PDO",10055251
3446859,"201011092010-3493","2010-3493",2010,"MERCER","Princeton Borough","2010-03-04","Thursday","March","16:42:00",1,"PRINCETON BORO PD","",0,0,0,0,0,"Property Damage","At Intersection","No","No","Right Angle",2,"US 206","NULL",206,"","00000206",54.06,"State Highway","Straight and Level","Blacktop","Dry","Daylight","Clear","None","None",NA,"At","NULL","BOUDINOT ST","NULL","","NULL",25,25,40.3497,-74.66543,"No","","141",446017.14,552340.75,NA,"DVRPC",0,"PDO",10055248
3446860,"201011092010-3760","2010-3760",2010,"MERCER","Princeton Borough","2010-03-08","Monday","March","18:36:00",1,"PRINCETON BORO PD","",0,0,0,0,0,"Property Damage","Not At Intersection","No","No","Same Direction - Rear End",2,"ROUTE 571","NULL",571,"","00000571",43.97,"County","Straight and Grade","Blacktop","Dry","Dark (Street LIghts On/ spot)","Clear","None","None",10,"Foot","North","WILLIAM ST","NULL","","NULL",25,25,40.34929,-74.6562,"No","","127",448589.732458,552189.639703,NA,"DVRPC",0,"PDO",10055246
3446865,"201011092010-4037","2010-4037",2010,"MERCER","Princeton Borough","2010-03-13","Saturday","March","09:47:00",1,"PRINCETON BORO PD","",0,0,0,0,0,"Property Damage","Not At Intersection","No","No","Non-fixed Object",1,"S HARRISON ST","NULL",NA,"","11091239",0.22,"Municipal","Straight and Level","Blacktop","Wet","Daylight","NULL","None","None",10,"Foot","South","SERGEANT STREET","NULL","","NULL",25,25,40.35336,-74.64507,"No","","94",451695.307503,553664.289995,NA,"DVRPC",0,"PDO",10055240
3446867,"201011092010-4212","2010-4212",2010,"MERCER","Princeton Borough","2010-03-15","Monday","March","15:18:00",1,"PRINCETON BORO PD","",0,0,0,0,0,"Property Damage","Not At Intersection","No","No","Same Direction - Rear End",2,"US 206","NULL",206,"","00000206",53.74,"State Highway","Straight and Level","Blacktop","Wet","Daylight","Rain","None","None",20,"Foot","West","LIBRARY PL","NULL","","NULL",30,25,40.34635,-74.66758,"No","","149",445417.51,551121.82,NA,"DVRPC",0,"PDO",10055235
3446868,"201011092010-4216","2010-4216",2010,"MERCER","Princeton Borough","2010-03-15","Monday","March","16:42:00",1,"PRINCETON BORO PD","",0,0,0,0,0,"Property Damage","At Intersection","No","No","Right Angle",2,"US 206","NULL",206,"","00000206",53.31,"State Highway","Straight and Level","Blacktop","Wet","Daylight","Rain","None","None",NA,"At","NULL","LOVERS LA","NULL","","NULL",30,25,40.34195,-74.67322,"No","","104",443842.311464,549524.383647,NA,"DVRPC",0,"PDO",10055237
3446869,"201011092010-4398","2010-4398",2010,"MERCER","Princeton Borough","2010-03-18","Thursday","March","16:23:00",1,"PRINCETON BORO PD","",0,0,0,0,0,"Property Damage","Not At Intersection","No","No","Same Direction - Rear End",4,"US 206","NULL",206,"","00000206",53.68,"State Highway","Straight and Level","Blacktop","Dry","Daylight","Clear","None","None",50,"Foot","East","EDGEHILL ST","NULL","","NULL",30,25,40.34586,-74.6685,"No","","94",445159.794468,550944.945581,NA,"DVRPC",0,"PDO",10064452
3446870,"201011092010-4442","2010-4442",2010,"MERCER","Princeton Borough","2010-03-19","Friday","March","18:48:00",1,"PRINCETON BORO PD","",0,0,1,0,0,"Injury","Not At Intersection","No","No","Same Direction - Rear End",4,"ROUTE 571","NULL",571,"","00000571",43.71,"County","Straight and Grade","Blacktop","Dry","Daylight","Clear","None","None",50,"Foot","South","IVY LN","NULL","","NULL",25,25,40.34607,-74.65371,"No","","147",449282.401294,551013.734532,NA,"DVRPC",0,"Pain",10064455
3446871,"201011092010-4563","2010-4563",2010,"MERCER","Princeton Borough","2010-03-21","Sunday","March","13:24:00",1,"PRINCETON BORO PD","",0,0,0,0,0,"Property Damage","Not At Intersection","No","No","Same Direction - Rear End",2,"US 206","NULL",206,"","00000206",53.63,"State Highway","Straight and Level","Blacktop","Dry","Daylight","Clear","None","None",150,"Foot","East","CAMBELTON RD","NULL","","NULL",30,25,40.34544,-74.66929,"No","","104",444940.14159,550793.20313,NA,"DVRPC",0,"PDO",10064453
3446874,"201011092010-4872","2010-4872",2010,"MERCER","Princeton Borough","2010-03-26","Friday","March","14:47:00",1,"PRINCETON BORO PD","",0,0,0,0,0,"Property Damage","Not At Intersection","No","No","Struck Parked Vehicle",3,"NJ 27","NULL",27,"","00000027",0.07,"State Highway","Straight and Level","Blacktop","Dry","Daylight","Clear","None","None",20,"Foot","West","BANK ST / UNIVERSITY PLAZA","NULL","","NULL",25,25,40.3487,-74.66314,"No","","127",446655.130461,551975.515484,NA,"DVRPC",0,"PDO",10064447
3446876,"201011092010-5283","2010-5283",2010,"MERCER","Princeton Borough","2010-04-02","Friday","April","12:01:00",1,"PRINCETON BORO PD","",0,0,0,0,0,"Property Damage","Not At Intersection","No","No","Same Direction - Rear End",2,"US 206","NULL",206,"","00000206",53.41,"State Highway","Straight and Level","Blacktop","Dry","Daylight","Clear","None","None",100,"Foot","East","CR 604 / ELM RD","NULL","","NULL",30,25,40.34303,-74.67195,"No","","151",444197.614775,549916.09253,NA,"DVRPC",0,"PDO",10064443
3446877,"201011092010-5286","2010-5286",2010,"MERCER","Princeton Borough","2010-04-02","Friday","April","12:50:00",1,"PRINCETON BORO PD","",0,0,0,0,0,"Property Damage","Not At Intersection","No","No","Opposite Direction - Side Swipe",2,"NJ 27","NULL",27,"","00000027",0.12,"State Highway","Straight and Level","Blacktop","Dry","Daylight","Clear","None","None",50,"Foot","East","CHAMBERS ST","NULL","","NULL",25,25,40.34896,-74.66224,"No","NONE","147",446907.915768,552072.000616,NA,"DVRPC",0,"PDO",10064445
3446935,"2010111010-00009","10-00009",2010,"MERCER","Princeton Township","2010-01-01","Friday","January","07:04:00",1,"PRINCETON TWP PD","",0,0,0,0,0,"Property Damage","Not At Intersection","No","No","Fixed Object",1,"US 206","NULL",206,"","00000206",55.17,"State Highway","Straight and Grade","Blacktop","Wet","Daylight","Clear","None","None",300,"Foot","North","CHERRY HILL RD","NULL","","NULL",35,40,40.36356,-74.66462,"No","50-TRAFFIC SIGN. NEW JERSEY DEPARTMENT OF TRANSPORTATION P.O. BOX 600 TRENTON NJ","80",446253.544093,557391.184463,NA,"DVRPC",0,"PDO",10001154
3446936,"2010111010-00027","10-00027",2010,"MERCER","Princeton Township","2010-01-01","Friday","January","17:10:00",1,"PRINCETON TWP PD","",0,0,0,0,0,"Property Damage","Not At Intersection","No","No","Opposite Direction - Side Swipe",2,"US 206","NULL",206,"","00000206",56.86,"State Highway","Straight and Level","Blacktop","Dry","Dusk","Clear","None","None",200,"Foot","South","HILLSIDE AVE","NULL","","NULL",40,25,40.38707,-74.65849,"No","","80",447975.835667,565950.342895,NA,"DVRPC",0,"PDO",10000212
3446938,"2010111010-00319","10-00319",2010,"MERCER","Princeton Township","2010-01-07","Thursday","January","12:08:00",1,"PRINCETON TWP PD","",0,0,0,0,0,"Property Damage","Not At Intersection","No","No","Same Direction - Rear End",2,"ROUTE 533","NULL",533,"","00000533",9.5,"County","Straight and Level","Blacktop","Dry","Daylight","Clear","None","None",5491,"Foot","South","MERCER ROAD","NULL","","NULL",40,45,40.31505,-74.68388,"No","","97",440851.256557,539728.970492,NA,"DVRPC",0,"PDO",10008960
3446941,"2010111010-01227","10-01227",2010,"MERCER","Princeton Township","2010-01-22","Friday","January","14:21:00",1,"PRINCETON TWP PD","",0,0,0,0,0,"Property Damage","Not At Intersection","Yes","No","Fixed Object",1,"ROUTE 583","NULL",583,"","00000583",7.42,"Municipal","Curve and Grade","Blacktop","Dry","Daylight","Clear","None","None",200,"Foot","South","ROUTE 533 / QUAKER RD","NULL","","NULL",45,40,40.3274,-74.67935,"No","VEHICLE #1 STRUCK THE SIDE OF THE STONY BROOK BRIDGE CAUSING SCRATCHES TO SAME.","95",442121.45,544226.37,NA,"DVRPC",0,"PDO",10018530
3446942,"2010111010-01414","10-01414",2010,"MERCER","Princeton Township","2010-01-25","Monday","January","11:32:00",1,"PRINCETON TWP PD","",0,0,0,0,0,"Property Damage","At Intersection","No","No","Non-fixed Object",1,"ROUTE 571","North",571,"","00000571",43.31,"County","Straight and Grade","Blacktop","Wet","Daylight","Rain","None","Incident Zone",NA,"At","NULL","FACULTY RD","NULL","","NULL",40,25,40.34116,-74.64982,"No","*","95",450362.87,549224.41,NA,"DVRPC",0,"PDO",10012896
3446943,"2010111010-01581","10-01581",2010,"MERCER","Princeton Township","2010-01-28","Thursday","January","08:35:00",1,"PRINCETON TWP PD","",0,1,2,0,0,"Injury","Not At Intersection","No","No","Opposite Direction - Head On/Angular",2,"MERCER COUNTY 629","NULL",629,"","11000629",0.15,"County","Straight and Level","Concrete","Icy","Daylight","Snow","None","None",1320,"Foot","South","LAKE LANE","NULL","","NULL",25,25,40.34872,-74.64152,"No","","95",452681.886997,551974.048085,NA,"DVRPC",0,"Incapacitating Injury",10025795
3446949,"2010111010-04860","10-04860",2010,"MERCER","Princeton Township","2010-03-16","Tuesday","March","13:32:00",1,"PRINCETON TWP PD","",0,0,1,0,0,"Injury","Not At Intersection","No","No","Same Direction - Rear End",2,"US 206","NULL",206,"","00000206",54.48,"State Highway","Straight and Grade","Blacktop","Dry","Daylight","Clear","None","None",50,"Foot","North","LEIGH AVE","NULL","","NULL",30,25,40.35502,-74.66925,"No","","95",444955.964594,554283.010124,NA,"DVRPC",0,"Pain",10052698
3446950,"2010111010-04874","10-04874",2010,"MERCER","Princeton Township","2010-03-16","Tuesday","March","17:53:00",1,"PRINCETON TWP PD","",0,0,0,0,0,"Property Damage","Not At Intersection","No","No","Same Direction - Rear End",2,"NJ 27","NULL",27,"","00000027",2.84,"State Highway","Straight and Level","Blacktop","Dry","Daylight","Clear","None","None",300,"Foot","North","DODDS LN","NULL","","NULL",45,25,40.37182,-74.62268,"No","","80",457943.3013,560379.792294,NA,"DVRPC",0,"PDO",10054475
3446987,"2010111010-1132","10-1132",2010,"MERCER","Princeton Township","2010-01-21","Thursday","January","07:30:00",1,"PRINCETON TWP PD","",0,0,1,0,0,"Injury","Not At Intersection","No","No","Same Direction - Rear End",2,"US 206","South",206,"","00000206",55.2,"State Highway","Straight and Grade","Blacktop","Dry","Daylight","Clear","None","None",500,"Foot","North","CHERRY HILL RD","NULL","","NULL",35,40,40.36399,-74.66451,"No","NONE","75",446284.518995,557547.447188,NA,"DVRPC",0,"Pain",10012899
3446988,"2010111010-11370","10-11370",2010,"MERCER","Princeton Township","2010-06-27","Sunday","June","21:19:00",1,"PRINCETON TWP PD","",0,0,0,0,0,"Property Damage","Not At Intersection","Yes","No","Fixed Object",1,"CHERRY HILL RD","NULL",NA,"","11101018",1.42,"Municipal","Straight and Grade","Blacktop","Dry","Dark (Street Lights On/ continuous)","Clear","None","None",528,"Foot","North","FOULET DRIVE","NULL","","NULL",40,25,40.36564,-74.66867,"No","THE MAILBOX TO HOUSE ADDRESS 235 CHERRY HILL ROAD WAS DAMAGEBY VEHICLE 1.","99",445126.11773,558151.324121,NA,"DVRPC",0,"PDO",10149882
3446992,"2010111010-11671","10-11671",2010,"MERCER","Princeton Township","2010-07-06","Tuesday","July","06:27:00",1,"PRINCETON TWP PD","",0,0,0,0,0,"Property Damage","Not At Intersection","No","No","Same Direction - Rear End",2,"ALEXANDER RD","NULL",NA,"","11131424",2.04,"Municipal","Straight and Level","Blacktop","Dry","Daylight","Clear","None","None",200,"Foot","South","WEST DRIVE","NULL","","NULL",35,25,40.33246,-74.65376,"No","","93",449260.53,546055.43,NA,"DVRPC",0,"PDO",10142777
3446997,"2010111010-12094","10-12094",2010,"MERCER","Princeton Township","2010-07-13","Tuesday","July","16:36:00",1,"PRINCETON TWP PD","",0,0,0,0,0,"Property Damage","Not At Intersection","No","No","Same Direction - Rear End",2,"ALEXANDER RD","NULL",NA,"","11131424",2.09,"Municipal","Straight and Grade","Blacktop","Wet","Daylight","Rain","None","None",50,"Foot","East","WEST DRIVE","NULL","","NULL",35,25,40.33308,-74.65429,"No","","90",449111.950094,546281.609563,NA,"DVRPC",0,"PDO",10149879
3446999,"2010111010-12167","10-12167",2010,"MERCER","Princeton Township","2010-07-14","Wednesday","July","16:43:00",1,"PRINCETON TWP PD","",0,0,0,0,0,"Property Damage","At Intersection","No","No","Right Angle",2,"ALEXANDER RD","NULL",NA,"","11131424",2.46,"Municipal","Straight and Level","Blacktop","Dry","Daylight","Clear","None","None",NA,"At","NULL","FACULTY ROAD","NULL","","NULL",35,25,40.33788,-74.65696,"No","","93",448372.32,548033.16,NA,"DVRPC",0,"PDO",10158569
3447000,"2010111010-12299","10-12299",2010,"MERCER","Princeton Township","2010-07-17","Saturday","July","02:39:00",1,"PRINCETON TWP PD","",0,0,0,0,0,"Property Damage","Not At Intersection","No","No","Fixed Object",1,"CHERRY HILL RD","NULL",NA,"","11101018",0.49,"Municipal","Curve and Level","Blacktop","Dry","Dark (Street Lights On/ continuous)","Clear","None","None",150,"Foot","North","BALCORT DRIVE","NULL","","NULL",35,25,40.37692,-74.67659,"No","","75",442926.750023,562263.212455,NA,"DVRPC",0,"PDO",10158570
3447005,"2010111010-12558","10-12558",2010,"MERCER","Princeton Township","2010-07-22","Thursday","July","09:11:00",1,"PRINCETON TWP PD","",0,0,0,0,0,"Property Damage","Not At Intersection","No","No","Same Direction - Rear End",2,"US 206","NULL",206,"","00000206",53.3,"State Highway","Straight and Level","Blacktop","Dry","Daylight","Clear","None","None",75,"Foot","South","LOVERS LA","NULL","","NULL",35,25,40.34185,-74.67334,"No","","80",443807.285812,549485.594615,NA,"DVRPC",0,"PDO",10158565
3447008,"2010111010-12604","10-12604",2010,"MERCER","Princeton Township","2010-07-23","Friday","July","08:16:00",1,"PRINCETON TWP PD","",0,0,0,0,0,"Property Damage","Not At Intersection","No","No","Opposite Direction - Side Swipe",2,"US 206","NULL",206,"","00000206",55,"State Highway","Curve and Level","Blacktop","Dry","Daylight","Clear","None","None",20,"Foot","South","VALLEY RD","NULL","","NULL",35,25,40.36119,-74.66533,"No","","100",446053.03,556527.91,NA,"DVRPC",0,"PDO",10166132
3447010,"2010111010-12635","10-12635",2010,"MERCER","Princeton Township","2010-07-23","Friday","July","13:50:00",1,"PRINCETON TWP PD","",0,0,0,0,0,"Property Damage","Not At Intersection","No","No","Fixed Object",1,"MERCER COUNTY 629","NULL",629,"","11000629",0.06,"County","Straight and Level","Blacktop","Dry","Daylight","Clear","None","None",528,"Foot","South","SYCAMORE ST","NULL","","NULL",25,25,40.34987,-74.64239,"No","DAMAGE TO UTILITY POLE #60396PT BELONGING TO PSE & G","79",452439.346663,552393.846673,NA,"DVRPC",0,"PDO",10159040
3447011,"2010111010-12646","10-12646",2010,"MERCER","Princeton Township","2010-07-23","Friday","July","15:28:00",1,"PRINCETON TWP PD","",0,0,0,0,0,"Property Damage","Not At Intersection","No","No","Same Direction - Rear End",2,"US 206","NULL",206,"","00000206",56.41,"State Highway","Straight and Level","Blacktop","Dry","Daylight","Clear","None","None",200,"Foot","South","ARRETON RD","NULL","","NULL",40,25,40.38115,-74.66209,"No","","79",446970.22559,563795.220428,NA,"DVRPC",0,"PDO",10158567
3447012,"2010111010-12786","10-12786",2010,"MERCER","Princeton Township","2010-07-25","Sunday","July","15:16:00",1,"PRINCETON TWP PD","",0,0,0,0,0,"Property Damage","At Intersection","No","No","Same Direction - Rear End",2,"US 206","NULL",206,"","00000206",55.77,"State Highway","Straight and Grade","Blacktop","Wet","Daylight","Rain","None","None",NA,"At","NULL","EWING ST","NULL","","NULL",35,30,40.37211,-74.66256,"No","","96",446832.69,560505.08,NA,"DVRPC",0,"PDO",10159039
3447013,"2010111010-12815","10-12815",2010,"MERCER","Princeton Township","2010-07-26","Monday","July","08:30:00",1,"PRINCETON TWP PD","",0,0,0,0,0,"Property Damage","At Intersection","No","No","Right Angle",2,"ALEXANDER RD","NULL",NA,"","11131424",2.46,"Municipal","Straight and Level","Blacktop","Dry","Daylight","Clear","None","None",NA,"At","NULL","FACULTY ROAD","NULL","","NULL",35,25,40.33788,-74.65696,"No","","75",448372.32,548033.16,NA,"DVRPC",0,"PDO",10166131
3447014,"2010111010-12823","10-12823",2010,"MERCER","Princeton Township","2010-07-26","Monday","July","09:44:00",1,"PRINCETON TWP PD","",0,0,0,0,0,"Property Damage","Not At Intersection","No","No","Opposite Direction - Side Swipe",2,"ELM RD","West",NA,"","11091030",2.11,"Municipal","Straight and Level","Blacktop","Dry","Daylight","Clear","None","None",50,"Foot","West","DRAKES CORNER ROAD","NULL","","NULL",35,25,40.37431,-74.69581,"No","","75",437517.34,561444.85,NA,"DVRPC",0,"PDO",10166127
3447016,"2010111010-12889","10-12889",2010,"MERCER","Princeton Township","2010-07-27","Tuesday","July","12:46:00",1,"PRINCETON TWP PD","",0,0,0,0,0,"Property Damage","Not At Intersection","No","No","Right Angle",2,"US 206","South",206,"","00000206",56.76,"State Highway","Straight and Grade","Blacktop","Dry","Daylight","Clear","None","None",750,"Foot","South","HILLSIDE AVE","NULL","","NULL",40,25,40.38575,-74.65932,"No","NONE","96",447745.1534,565472.0468,NA,"DVRPC",0,"PDO",10166130
3447017,"2010111010-12905","10-12905",2010,"MERCER","Princeton Township","2010-07-27","Tuesday","July","16:44:00",1,"PRINCETON TWP PD","",0,0,0,0,0,"Property Damage","Not At Intersection","No","No","Same Direction - Side Swipe",2,"CHERRY HILL RD","NULL",NA,"","11101018",1.72,"Municipal","Straight and Level","Blacktop","Dry","Daylight","Clear","None","None",30,"Foot","West","STATE RD.","NULL","","NULL",40,35,40.36272,-74.66492,"No","","78",446169.091256,557085.15441,NA,"DVRPC",0,"PDO",10166134
3447018,"2010111010-12909","10-12909",2010,"MERCER","Princeton Township","2010-07-27","Tuesday","July","17:41:00",1,"PRINCETON TWP PD","",0,0,0,0,0,"Property Damage","Not At Intersection","No","No","Same Direction - Rear End",3,"US 206","NULL",206,"","00000206",54.68,"State Highway","Straight and Level","Blacktop","Dry","Daylight","Clear","None","None",50,"Foot","South","MOUNTAIN AVE","NULL","","NULL",30,25,40.35774,-74.66937,"No","","90",444926.537149,555274.594148,NA,"DVRPC",0,"PDO",10166201
3447019,"2010111010-13040","10-13040",2010,"MERCER","Princeton Township","2010-07-29","Thursday","July","20:07:00",1,"PRINCETON TWP PD","",0,0,0,0,0,"Property Damage","Not At Intersection","No","No","Same Direction - Rear End",2,"US 206","NULL",206,"","00000206",54.69,"State Highway","Curve and Level","Blacktop","Dry","Daylight","Clear","None","None",25,"Foot","South","MOUNTAIN AVE","NULL","","NULL",30,25,40.35787,-74.66927,"No","","99",444952.711409,555321.953502,NA,"DVRPC",0,"PDO",10170352
3447025,"2010111010-13280","10-13280",2010,"MERCER","Princeton Township","2010-08-03","Tuesday","August","10:22:00",1,"PRINCETON TWP PD","",0,0,0,0,0,"Property Damage","Not At Intersection","No","No","Same Direction - Rear End",2,"NJ 27","NULL",27,"","00000027",1.53,"State Highway","Straight and Level","Blacktop","Dry","Daylight","Clear","None","Utility Zone",528,"Foot","East","RIVERSIDE DR W / SNOWDEN LN","NULL","","NULL",45,25,40.35727,-74.63787,"No","","99",453703.213505,555086.422317,NA,"DVRPC",0,"PDO",10170347
3447030,"2010111010-13414","10-13414",2010,"MERCER","Princeton Township","2010-08-05","Thursday","August","21:11:00",1,"PRINCETON TWP PD","",0,0,0,0,0,"Property Damage","Not At Intersection","No","No","Animal",1,"US 206","NULL",206,"","00000206",57.04,"State Highway","Curve and Level","Blacktop","Dry","Dark (Street Lights Off)","Clear","None","None",150,"Foot","South","HERRONTOWN RD","NULL","","NULL",40,25,40.3892,-74.65665,"No","","80",448491.83,566725.83,NA,"DVRPC",0,"PDO",10170349
3447032,"2010111010-13474","10-13474",2010,"MERCER","Princeton Township","2010-08-06","Friday","August","21:29:00",1,"PRINCETON TWP PD","",0,0,1,0,0,"Injury","At Intersection","No","No","Other",1,"NJ 27","NULL",27,"","00000027",2.05,"State Highway","Straight and Level","Blacktop","Dry","Dark (Street Lights On/ continuous)","Clear","None","None",NA,"At","NULL","CARNEGIE DR","NULL","","NULL",45,25,40.3621,-74.63047,"No","","79",455768.74786,556841.424311,NA,"DVRPC",0,"Moderate Injury",10170350
3447033,"2010111010-13613","10-13613",2010,"MERCER","Princeton Township","2010-08-09","Monday","August","09:45:00",1,"PRINCETON TWP PD","",0,0,1,0,0,"Injury","At Intersection","No","No","Right Angle",2,"US 206","NULL",206,"","00000206",55.49,"State Highway","NULL","Blacktop","Dry","Daylight","Clear","None","None",NA,"At","NULL","JEFFERSON RD","NULL","","NULL",35,25,40.36814,-74.66359,"No","","90",446543.867026,559057.286155,NA,"DVRPC",0,"Pain",10170351
3447035,"2010111010-13793","10-13793",2010,"MERCER","Princeton Township","2010-08-12","Thursday","August","08:58:00",1,"PRINCETON TWP PD","",0,0,0,0,0,"Property Damage","At Intersection","No","No","Right Angle",2,"US 206","NULL",206,"","00000206",53.31,"State Highway","Straight and Level","Blacktop","Dry","Daylight","Clear","None","None",NA,"At","NULL","LOVERS LA","NULL","","NULL",35,25,40.34195,-74.67322,"No","","85",443842.311464,549524.383647,NA,"DVRPC",0,"PDO",10188558
3447039,"2010111010-13923","10-13923",2010,"MERCER","Princeton Township","2010-08-14","Saturday","August","15:07:00",1,"PRINCETON TWP PD","",0,0,0,0,0,"Property Damage","Not At Intersection","No","No","Same Direction - Rear End",2,"US 206","NULL",206,"","00000206",57.07,"State Highway","Straight and Level","Blacktop","Dry","Daylight","Clear","None","None",20,"Foot","North","HERRONTOWN RD","NULL","","NULL",35,25,40.38947,-74.65617,"No","","90",448625.442334,566826.004496,NA,"DVRPC",0,"PDO",10182893
3447040,"2010111010-13973","10-13973",2010,"MERCER","Princeton Township","2010-08-15","Sunday","August","16:55:00",1,"PRINCETON TWP PD","",0,0,0,0,0,"Property Damage","Not At Intersection","No","No","Same Direction - Rear End",2,"US 206","NULL",206,"","00000206",55.22,"State Highway","Straight and Grade","Blacktop","Wet","Daylight","Rain","None","None",600,"Foot","North","CHERRY HILL RD","NULL","","NULL",35,35,40.36428,-74.66444,"No","","80",446304.748408,557651.979221,NA,"DVRPC",0,"PDO",10182894
3447041,"2010111010-14077","10-14077",2010,"MERCER","Princeton Township","2010-08-17","Tuesday","August","08:46:00",1,"PRINCETON TWP PD","",0,0,0,0,0,"Property Damage","At Intersection","No","No","Right Angle",2,"VALLEY RD","NULL",NA,"","11101246",0.24,"Municipal","Straight and Level","Blacktop","Wet","Daylight","Clear","None","None",NA,"At","NULL","JEFFERSON ROAD","NULL","","NULL",25,25,40.36234,-74.66012,"No","","79",447505.431429,556942.077758,NA,"DVRPC",0,"PDO",10182890
3447045,"2010111010-1436","10-1436",2010,"MERCER","Princeton Township","2010-01-25","Monday","January","18:03:00",1,"PRINCETON TWP PD","",0,0,0,0,0,"Property Damage","At Intersection","No","No","Backing",2,"ROUTE 583","NULL",583,"","00000583",7.46,"Municipal","Curve and Level","Blacktop","Wet","Dark (Street Lights Off)","Clear","Curbed Median","None",NA,"At","NULL","ROUTE 533 / QUAKER RD","NULL","","NULL",45,40,40.32798,-74.67916,"No","","87",442175.316704,544436.356854,NA,"DVRPC",0,"PDO",10012967
3447046,"2010111010-14433","10-14433",2010,"MERCER","Princeton Township","2010-08-23","Monday","August","13:18:00",1,"PRINCETON TWP PD","",0,0,0,0,0,"Property Damage","At Intersection","No","No","Same Direction - Rear End",3,"US 206","NULL",206,"","00000206",55.77,"State Highway","Straight and Level","Blacktop","Wet","Daylight","Rain","None","None",NA,"At","NULL","EWING ST","NULL","","NULL",35,30,40.37211,-74.66256,"No","","98",446832.69,560505.08,NA,"DVRPC",0,"PDO",10188925