"ID","DOT_WEB_ID","CASE_NUMBER","CRASH_YEAR","COUNTY","MUNICIPALITY","CRASH_DATE","CRASH_DAY_OF_WEEK","CRASH_MONTH","CRASH_TIME","POLICE_DEPT_CODE","POLICE_DEPARTMENT","POLICE_STATION","TOTAL_KILLED","TOTAL_INCAPACITATED","TOTAL_INJURED","PEDESTRIANS_KILLED","PEDESTRIANS_INJURED","SEVERITY","INTERSECTION","ALCOHOL_INVOLVED","HAZMAT_INVOLVED","CRASH_TYPE","TOTAL_VEHICLES_INVOLVED","CRASH_LOCATION","LOCATION_DIRECTION","ROUTE","ROUTE_SUFFIX","SRI","MILEPOST","ROAD_SYSTEM","ROAD_CHARACTER","ROAD_SURFACE_TYPE","SURFACE_CONDITION","LIGHT_CONDITION","ENVIRONMENTAL_CONDITION","ROAD_DIVIDED_BY","TEMP_TRAFFIC_CONTROL_ZONE","DISTANCE_TO_CROSS_STREET","UNIT_OF_MEASUREMENT","DIRECTION_FROM_CROSS_STREET","CROSS_STREET_NAME","IS_RAMP","RAMP_TO_FROM_ROUTE_NAME","RAMP_TO_FROM_ROUTE_DIRECTION","POSTED_SPEED","POSTED_SPEED_CROSS_STREET","LATITUDE","LONGITUDE","CELL_PHONE_IN_USE","OTHER_PROPERTY_DAMAGE","REPORTING_BADGE_NO","X","Y","CRASH_NARRATIVE","MPO","TOTAL_PEDESTRIANS_INVOLVED","EPDO","DLN"
3447047,"2010111010-14450","10-14450",2010,"MERCER","Princeton Township","2010-08-23","Monday","August","20:18:00",1,"PRINCETON TWP PD","",0,0,0,0,0,"Property Damage","Not At Intersection","No","No","Right Angle",2,"US 206","NULL",206,"","00000206",57.22,"State Highway","Straight and Level","Blacktop","Wet","Dark (Street Lights On/ continuous)","Rain","None","None",40,"Foot","South","CHERRY VALLEY RD / PRINCETON AVE","NULL","","NULL",35,40,40.39097,-74.65414,"No","","90",449190.51,567370.94,NA,"DVRPC",0,"PDO",10182889
3447048,"2010111010-14532","10-14532",2010,"MERCER","Princeton Township","2010-08-25","Wednesday","August","07:43:00",1,"PRINCETON TWP PD","",0,0,1,0,0,"Injury","Not At Intersection","No","No","Same Direction - Rear End",2,"US 206","NULL",206,"","00000206",57.22,"State Highway","Straight and Level","Blacktop","Wet","Daylight","Rain","None","None",50,"Foot","South","CHERRY VALLEY RD / PRINCETON AVE","NULL","","NULL",40,40,40.39097,-74.65414,"No","","100",449190.51,567370.94,NA,"DVRPC",0,"Pain",10188556
3447050,"2010111010-14723","10-14723",2010,"MERCER","Princeton Township","2010-08-28","Saturday","August","11:14:00",1,"PRINCETON TWP PD","",0,0,0,0,0,"Property Damage","Not At Intersection","No","No","Right Angle",2,"US 206","NULL",206,"","00000206",55.15,"State Highway","Straight and Level","Blacktop","Dry","Daylight","Clear","None","None",200,"Foot","North","CHERRY HILL RD","NULL","","NULL",35,40,40.36328,-74.6647,"No","","87",446231.971703,557287.406462,NA,"DVRPC",0,"PDO",10194683
3447052,"2010111010-14738","10-14738",2010,"MERCER","Princeton Township","2010-08-28","Saturday","August","17:33:00",1,"PRINCETON TWP PD","",0,0,1,0,0,"Injury","At Intersection","No","No","Pedalcyclist",1,"ROUTE 571","NULL",571,"","00000571",43.31,"County","Straight and Grade","Blacktop","Dry","Daylight","Clear","None","None",NA,"At","NULL","FACULTY RD","NULL","","NULL",40,35,40.34116,-74.64982,"No","","62",450362.87,549224.41,NA,"DVRPC",0,"Pain",10194681
3447053,"2010111010-14767","10-14767",2010,"MERCER","Princeton Township","2010-08-29","Sunday","August","08:51:00",1,"PRINCETON TWP PD","",0,0,0,0,0,"Property Damage","Not At Intersection","No","No","Fixed Object",1,"ALEXANDER RD","NULL",NA,"","11131424",2.09,"Municipal","Straight and Level","Concrete","Dry","Daylight","Clear","None","None",50,"Foot","East","WEST DRIVE","NULL","","NULL",35,NA,40.33308,-74.65429,"No","","89",449111.950094,546281.609563,NA,"DVRPC",0,"PDO",10194679
3447057,"2010111010-14827","10-14827",2010,"MERCER","Princeton Township","2010-08-30","Monday","August","15:36:00",1,"PRINCETON TWP PD","",0,0,0,0,0,"Property Damage","Not At Intersection","No","No","Opposite Direction - Side Swipe",2,"US 206","NULL",206,"","00000206",54.96,"State Highway","Curve and Level","Blacktop","Dry","Daylight","Clear","None","None",200,"Foot","South","VALLEY RD","NULL","","NULL",NA,25,40.36066,-74.66572,"No","","69",445946.159297,556335.112773,NA,"DVRPC",0,"PDO",10188924
3447065,"2010111010-15288","10-15288",2010,"MERCER","Princeton Township","2010-09-07","Tuesday","September","10:34:00",1,"PRINCETON TWP PD","",0,0,0,0,0,"Property Damage","Not At Intersection","No","No","Same Direction - Rear End",2,"US 206","NULL",206,"","00000206",55,"State Highway","Straight and Level","Blacktop","Dry","Daylight","Clear","None","None",NA,"Foot","South","VALLEY RD","NULL","","NULL",35,25,40.36119,-74.66533,"No","","69",446053.03,556527.91,NA,"DVRPC",0,"PDO",10198376
3447071,"2010111010-1570","10-1570",2010,"MERCER","Princeton Township","2010-01-28","Thursday","January","08:00:00",1,"PRINCETON TWP PD","",0,0,0,0,0,"Property Damage","Not At Intersection","No","No","Same Direction - Rear End",2,"CHERRY HILL RD","NULL",NA,"","11101018",1.74,"Municipal","Straight and Grade","Blacktop","Snowy","Daylight","Snow","None","None",40,"Foot","East","STATE ROAD","NULL","","NULL",40,35,40.36265,-74.66456,"No","NONE","85",446270.22838,557057.299978,NA,"DVRPC",0,"PDO",10016570
3447089,"2010111010-1595","10-1595",2010,"MERCER","Princeton Township","2010-01-28","Thursday","January","09:04:00",1,"PRINCETON TWP PD","",0,0,0,0,0,"Property Damage","Not At Intersection","No","No","Right Angle",2,"CHERRY HILL RD","NULL",NA,"","11101018",1.02,"Municipal","Curve and Grade","Blacktop","Snowy","Daylight","Snow","None","None",528,"Foot","North","CRESTVIEW DRIVE","NULL","","NULL",35,25,40.37105,-74.67071,"No","","99",444562.70728,560122.291014,NA,"DVRPC",0,"PDO",10018529
3447104,"2010111010-1708","10-1708",2010,"MERCER","Princeton Township","2010-01-29","Friday","January","17:28:00",1,"PRINCETON TWP PD","",0,0,0,0,0,"Property Damage","Not At Intersection","No","No","Same Direction - Rear End",2,"ALEXANDER RD","NULL",NA,"","11131424",2.46,"Municipal","Straight and Level","Blacktop","Dry","Dusk","Clear","None","None",100,"Foot","South","FACULTY ROAD","NULL","","NULL",35,25,40.33788,-74.65696,"No","","75",448372.32,548033.16,NA,"DVRPC",0,"PDO",10012895
3447227,"2010111010-2146","10-2146",2010,"MERCER","Princeton Township","2010-02-05","Friday","February","17:32:00",1,"PRINCETON TWP PD","",0,0,0,0,0,"Property Damage","Not At Intersection","No","No","Same Direction - Rear End",2,"VALLEY RD","NULL",NA,"","11101246",0.57,"Municipal","Straight and Level","Blacktop","Dry","Dark (Street Lights On/ continuous)","Clear","None","None",40,"Foot","East","EWING STREET","NULL","","NULL",25,25,40.36381,-74.65415,"No","","302",449169.47,557477.51,NA,"DVRPC",0,"PDO",10025803
3447229,"2010111010-2257","10-2257",2010,"MERCER","Princeton Township","2010-02-08","Monday","February","07:48:00",1,"PRINCETON TWP PD","",0,0,0,0,0,"Property Damage","At Intersection","No","No","Right Angle",2,"VALLEY RD","NULL",NA,"","11101246",0.56,"Municipal","Straight and Level","Blacktop","Wet","Daylight","Clear","None","None",NA,"At","NULL","EWING STREET","NULL","","NULL",25,25,40.36376,-74.65435,"No","","98",449114.54,557459.51,NA,"DVRPC",0,"PDO",10025797
3447232,"2010111010-2522","10-2522",2010,"MERCER","Princeton Township","2010-02-11","Thursday","February","08:46:00",1,"PRINCETON TWP PD","",0,0,0,0,0,"Property Damage","Not At Intersection","No","No","Struck Parked Vehicle",2,"ALEXANDER RD","NULL",NA,"","11131424",2.56,"Municipal","Straight and Level","Blacktop","Icy","Daylight","Clear","None","None",528,"Foot","North","FACULTY ROAD","NULL","","NULL",35,25,40.33912,-74.65791,"No","","67",448106.161402,548484.14974,NA,"DVRPC",0,"PDO",10031459
3447234,"2010111010-2582","10-2582",2010,"MERCER","Princeton Township","2010-02-12","Friday","February","10:53:00",1,"PRINCETON TWP PD","",0,0,0,0,0,"Property Damage","At Intersection","No","No","Same Direction - Rear End",2,"US 206","NULL",206,"","00000206",55.77,"State Highway","Straight and Level","Blacktop","Wet","Daylight","Clear","None","None",NA,"At","NULL","EWING ST","NULL","","NULL",35,30,40.37211,-74.66256,"No","","98",446832.69,560505.08,NA,"DVRPC",0,"PDO",10025800
3447239,"2010111010-2632","10-2632",2010,"MERCER","Princeton Township","2010-02-13","Saturday","February","12:45:00",1,"PRINCETON TWP PD","",0,0,0,0,0,"Property Damage","Not At Intersection","No","No","Fixed Object",1,"US 206","NULL",206,"","00000206",52.93,"State Highway","Curve and Level","Blacktop","Dry","Daylight","Clear","None","None",200,"Foot","South","EDGERSTOUNE RD","NULL","","NULL",35,25,40.33753,-74.67718,"No","UTILITY POLE #61894 WAS CRACKED TOWARDS THE BOTTOM OF THE POLE. UTILITY POLE IS?","99",442735.161925,547914.470389,NA,"DVRPC",0,"PDO",10029036
3447240,"2010111010-2637","10-2637",2010,"MERCER","Princeton Township","2010-02-13","Saturday","February","13:45:00",1,"PRINCETON TWP PD","",0,0,1,0,0,"Injury","At Intersection","No","No","Same Direction - Rear End",3,"US 206","NULL",206,"","00000206",57.07,"State Highway","Straight and Level","Blacktop","Dry","Daylight","Clear","None","None",NA,"At","NULL","HERRONTOWN ROAD","NULL","","NULL",35,30,40.38947,-74.65617,"No","","75",448625.442334,566826.004496,NA,"DVRPC",0,"Pain",10029031
3447241,"2010111010-2728","10-2728",2010,"MERCER","Princeton Township","2010-02-15","Monday","February","19:54:00",1,"PRINCETON TWP PD","",0,0,0,0,0,"Property Damage","At Intersection","No","No","Right Angle",2,"US 206","NULL",206,"","00000206",54.51,"State Highway","Straight and Level","Blacktop","Wet","Dark (Street Lights On/ continuous)","Snow","None","None",NA,"At","NULL","BIRCH AVE","NULL","","NULL",25,25,40.3554,-74.66955,"No","","302",444874.478758,554421.305962,NA,"DVRPC",0,"PDO",10031456
3447243,"2010111010-2805","10-2805",2010,"MERCER","Princeton Township","2010-02-17","Wednesday","February","07:39:00",1,"PRINCETON TWP PD","",0,0,2,0,0,"Injury","At Intersection","No","No","Right Angle",3,"MERCER COUNTY 604","NULL",604,"","11000604",1.28,"County","Straight and Level","Blacktop","Dry","Daylight","Clear","None","None",NA,"At","NULL","CHRISTOPHER DRIVE","NULL","","NULL",45,25,40.34426,-74.69861,"No","","98",436765.059856,550381.202912,NA,"DVRPC",0,"Pain",10034142
3447247,"2010111010-3155","10-3155",2010,"MERCER","Princeton Township","2010-02-22","Monday","February","15:55:00",1,"PRINCETON TWP PD","",0,0,0,0,0,"Property Damage","Not At Intersection","No","No","Same Direction - Rear End",2,"US 206","NULL",206,"","00000206",52.8,"State Highway","Curve and Level","Blacktop","Dry","Daylight","Clear","None","None",898,"Foot","South","EDGERSTOUNE RD","NULL","","NULL",35,25,40.33584,-74.67811,"No","","97",442473.6,547298.74,NA,"DVRPC",0,"PDO",10034146
3447248,"2010111010-3265","10-3265",2010,"MERCER","Princeton Township","2010-02-24","Wednesday","February","12:01:00",1,"PRINCETON TWP PD","",0,0,0,0,0,"Property Damage","Not At Intersection","No","No","Animal",1,"US 206","NULL",206,"","00000206",56.7,"State Highway","Straight and Level","Blacktop","Wet","Daylight","Clear","None","None",1056,"Foot","South","HILLSIDE AVE","NULL","","NULL",40,25,40.38497,-74.65982,"No","","85",447605.222556,565188.671706,NA,"DVRPC",0,"PDO",10034140
3447249,"2010111010-3345","10-3345",2010,"MERCER","Princeton Township","2010-02-25","Thursday","February","15:13:00",1,"PRINCETON TWP PD","",0,0,0,0,0,"Property Damage","At Intersection","No","No","Right Angle",2,"US 206","NULL",206,"","00000206",53.31,"State Highway","Straight and Level","Blacktop","Wet","Daylight","Snow","None","None",NA,"At","NULL","LOVERS LA","NULL","","NULL",35,25,40.34195,-74.67322,"No","","93",443842.311464,549524.383647,NA,"DVRPC",0,"PDO",10052694
3447250,"2010111010-3354","10-3354",2010,"MERCER","Princeton Township","2010-02-25","Thursday","February","17:47:00",1,"PRINCETON TWP PD","",0,0,0,0,0,"Property Damage","At Intersection","No","No","Fixed Object",1,"US 206","NULL",206,"","00000206",53.31,"State Highway","Straight and Level","Blacktop","Wet","Dark (Street Lights On/ continuous)","Snow","None","None",NA,"At","NULL","LOVERS LA","NULL","","NULL",35,25,40.34195,-74.67322,"No","UTILITY POLE #60295 PT WAS SPLINTERED TOWARDS THE BOTTOM OF THE POLE. UTILITY P","99",443842.311464,549524.383647,NA,"DVRPC",0,"PDO",10034138
3447254,"2010111010-3930","10-3930",2010,"MERCER","Princeton Township","2010-03-06","Saturday","March","17:41:00",1,"PRINCETON TWP PD","",0,0,0,0,0,"Property Damage","Not At Intersection","No","No","Fixed Object",1,"ROUTE 533","NULL",533,"","00000533",9.82,"County","Curve and Level","Blacktop","Dry","Daylight","Clear","None","None",3168,"Foot","South","ROUTE 583 / MERCER RD","NULL","","NULL",40,45,40.31959,-74.68387,"No","TREE LOCATED ON PRINCETON TOWNSHIP EASEMENT OF QUAKER ROAD","85",440856.605317,541382.724554,NA,"DVRPC",0,"PDO",10040085
3447258,"2010111010-4014","10-4014",2010,"MERCER","Princeton Township","2010-03-08","Monday","March","08:53:00",1,"PRINCETON TWP PD","",0,0,0,0,0,"Property Damage","Not At Intersection","No","No","Same Direction - Rear End",2,"MERCER COUNTY 604","NULL",604,"","11000604",0.95,"County","Straight and Level","Blacktop","Dry","Daylight","Clear","None","None",25,"Foot","East","PROVINCE LINE ROAD","NULL","","NULL",45,40,40.34274,-74.70458,"No","","98",435101.961758,549827.969979,NA,"DVRPC",0,"PDO",10062918
3447263,"2010111010-4769","10-4769",2010,"MERCER","Princeton Township","2010-03-15","Monday","March","10:03:00",1,"PRINCETON TWP PD","",0,0,1,0,0,"Injury","At Intersection","No","No","Same Direction - Rear End",2,"MERCER COUNTY 604","NULL",604,"","11000604",1.5,"County","Straight and Level","Blacktop","Wet","Daylight","Rain","None","None",NA,"At","NULL","FAIRWAY DRIVE","NULL","","NULL",45,25,40.34494,-74.69451,"No","","100",437910.102857,550624.424286,NA,"DVRPC",0,"Pain",10052696
3447264,"2010111010-4792","10-4792",2010,"MERCER","Princeton Township","2010-03-15","Monday","March","14:34:00",1,"PRINCETON TWP PD","",0,0,0,0,0,"Property Damage","Not At Intersection","No","No","Same Direction - Rear End",2,"NJ 27","NULL",27,"","00000027",2.98,"State Highway","Straight and Grade","Blacktop","Wet","Daylight","Rain","None","None",150,"Foot","South","CR 605 / RIVER RD","NULL","","NULL",45,50,40.37349,-74.62121,"No","","85",458353.784472,560988.530071,NA,"DVRPC",0,"PDO",10062917
3447265,"2010111010-4827","10-4827",2010,"MERCER","Princeton Township","2010-03-16","Tuesday","March","18:06:00",1,"PRINCETON TWP PD","",0,0,0,0,0,"Property Damage","Not At Intersection","No","No","Animal",1,"NJ 27","NULL",27,"","00000027",2.1,"State Highway","Straight and Level","Blacktop","Dry","Daylight","Clear","None","None",1056,"Foot","North","RIVERSIDE DR E / ROPER RD","NULL","","NULL",45,25,40.36267,-74.6299,"No","","67",455928.481471,557050.285596,NA,"DVRPC",0,"PDO",10052693
3447267,"2010111010-5051","10-5051",2010,"MERCER","Princeton Township","2010-03-19","Friday","March","10:59:00",1,"PRINCETON TWP PD","",0,0,0,0,0,"Property Damage","Not At Intersection","No","No","Same Direction - Rear End",3,"US 206","NULL",206,"","00000206",56.82,"State Highway","Straight and Level","Blacktop","Dry","Daylight","Clear","None","None",400,"Foot","South","HILLSIDE AVE","NULL","","NULL",40,25,40.38654,-74.65882,"No","","85",447884.918221,565759.923404,NA,"DVRPC",0,"PDO",10062916
3447269,"2010111010-5293","10-5293",2010,"MERCER","Princeton Township","2010-03-23","Tuesday","March","11:42:00",1,"PRINCETON TWP PD","",0,0,0,0,0,"Property Damage","Not At Intersection","No","No","Same Direction - Rear End",2,"US 206","NULL",206,"","00000206",55.9,"State Highway","Straight and Level","Blacktop","Dry","Daylight","Clear","None","None",686,"Foot","North","EWING ST","NULL","","NULL",35,25,40.37399,-74.66259,"No","NONE","97",446826.72049,561187.552186,NA,"DVRPC",0,"PDO",10062914
3447272,"2010111010-5516","10-5516",2010,"MERCER","Princeton Township","2010-03-27","Saturday","March","10:08:00",1,"PRINCETON TWP PD","",0,0,0,0,0,"Property Damage","Not At Intersection","No","No","Fixed Object",1,"NJ 27","South",27,"","00000027",1.71,"State Highway","Curve and Level","Blacktop","Dry","Daylight","Clear","None","None",150,"Foot","South","LOCUST LN","NULL","","NULL",45,25,40.35863,-74.63497,"No","UTILITY POLE #60801 PT LOCATED ON PRINCETON-KINGSTON ROAD ACROSS FROM LOCUST LA","97",454513.045739,555579.325117,NA,"DVRPC",0,"PDO",10060525
3447273,"2010111010-5731","10-5731",2010,"MERCER","Princeton Township","2010-03-31","Wednesday","March","16:41:00",1,"PRINCETON TWP PD","",0,0,1,0,0,"Injury","Not At Intersection","No","No","Overturned",1,"US 206","NULL",206,"","00000206",55.79,"State Highway","Straight and Level","Blacktop","Dry","Daylight","Clear","None","None",100,"Foot","North","EWING ST","NULL","","NULL",35,25,40.3724,-74.66249,"No","","90",446851.441667,560611.245677,NA,"DVRPC",0,"Moderate Injury",10060400
3447275,"2010111010-5741","10-5741",2010,"MERCER","Princeton Township","2010-03-31","Wednesday","March","18:55:00",1,"PRINCETON TWP PD","",0,0,1,0,0,"Injury","Not At Intersection","No","No","Pedalcyclist",1,"HERRONTOWN RD","NULL",NA,"","11101244",0.8,"Municipal","Straight and Grade","Blacktop","Dry","Daylight","Clear","None","None",528,"Foot","West","RIVER ROAD","NULL","","NULL",35,45,40.37682,-74.62136,"No","","99",458313.91,562200,NA,"DVRPC",0,"Pain",10060401
3447281,"2010111010-595","10-595",2010,"MERCER","Princeton Township","2010-01-12","Tuesday","January","13:41:00",1,"PRINCETON TWP PD","",0,0,2,0,0,"Injury","At Intersection","No","No","Same Direction - Rear End",2,"US 206","NULL",206,"","00000206",55.77,"State Highway","Straight and Grade","Blacktop","Dry","Daylight","Clear","None","None",NA,"At","NULL","EWING ST","NULL","","NULL",35,30,40.37211,-74.66256,"No","35 MPH SIGNPOST OWNED BY NJ DOT & MULCH BED AND TWO SHRUBS OWNED BY PETER TARQU?","89",446832.69,560505.08,NA,"DVRPC",0,"Pain",10005256
3447282,"2010111010-597","10-597",2010,"MERCER","Princeton Township","2010-01-12","Tuesday","January","14:33:00",1,"PRINCETON TWP PD","",0,0,0,0,0,"Property Damage","At Intersection","No","No","Left Turn / U Turn",2,"US 206","NULL",206,"","00000206",57.23,"State Highway","Straight and Level","Blacktop","Dry","Daylight","Clear","None","None",NA,"At","NULL","CHERRY VALLEY RD / PRINCETON AVE","NULL","","NULL",35,40,40.39109,-74.65404,"No","","87",449218.842881,567414.769665,NA,"DVRPC",0,"PDO",10005257
3447304,"2010111010-7514-AC","10-7514-AC",2010,"MERCER","Princeton Township","2010-02-21","Sunday","February","18:07:00",1,"LAWRENCE TWP PD","",0,0,1,0,0,"Injury","At Intersection","No","No","Same Direction - Rear End",2,"ROUTE 533","NULL",533,"","00000533",10.42,"County","Curve and Level","Blacktop","Dry","Dark (Street Lights On/ continuous)","Clear","None","None",NA,"At","NULL","CR 583","NULL","","NULL",25,55,40.32724,-74.67918,"No","","212",442169.9,544168.27,NA,"DVRPC",0,"Moderate Injury",10032508
3447332,"2010111010-9483","10-9483",2010,"MERCER","Princeton Township","2010-06-01","Tuesday","June","08:38:00",1,"PRINCETON TWP PD","",0,0,1,0,0,"Injury","At Intersection","No","No","Right Angle",2,"ROUTE 571","NULL",571,"","00000571",43.31,"County","Straight and Level","Blacktop","Dry","Daylight","Clear","None","None",NA,"At","NULL","FACULTY RD","NULL","","NULL",40,25,40.34116,-74.64982,"No","","98",450362.87,549224.41,NA,"DVRPC",0,"Moderate Injury",10152160
3447338,"2010111010-9722","10-9722",2010,"MERCER","Princeton Township","2010-06-04","Friday","June","16:09:00",1,"PRINCETON TWP PD","",0,0,2,0,0,"Injury","At Intersection","No","No","Right Angle",2,"SNOWDEN LANE","NULL",NA,"","11101243",0.16,"Municipal","Straight and Level","Blacktop","Dry","Daylight","Clear","None","None",NA,"At","NULL","ROLLINGMEAD","NULL","","NULL",25,25,40.35851,-74.64109,"No","","98",452806.075304,555538.741749,NA,"DVRPC",0,"Moderate Injury",10152158
3447342,"201011102010-00436","2010-00436",2010,"MERCER","Princeton Township","2010-01-09","Saturday","January","13:51:00",1,"PRINCETON TWP PD","",0,0,0,0,0,"Property Damage","Not At Intersection","No","No","Right Angle",2,"US 206","NULL",206,"","00000206",54.5,"State Highway","Straight and Level","Blacktop","Dry","Daylight","Clear","None","None",40,"Foot","South","BIRCH AVE","NULL","","NULL",30,25,40.35527,-74.66945,"No","","92",444908.49,554363.85,NA,"DVRPC",0,"PDO",10005261
3447343,"201011102010-00474","2010-00474",2010,"MERCER","Princeton Township","2010-01-10","Sunday","January","17:20:00",1,"PRINCETON TWP PD","",0,0,0,0,0,"Property Damage","Not At Intersection","No","No","Animal",1,"US 206","NULL",206,"","00000206",51.87,"State Highway","Straight and Level","Blacktop","Dry","Dark (Street Lights On/ continuous)","Clear","None","None",150,"Foot","South","CARRIAGE WAY","NULL","","NULL",45,25,40.32789,-74.69176,"No","","92",438663.941661,544411.191346,NA,"DVRPC",0,"PDO",10005263
3447346,"201011102010-02215","2010-02215",2010,"MERCER","Princeton Township","2010-02-07","Sunday","February","08:36:00",1,"PRINCETON TWP PD","",0,0,2,0,0,"Injury","At Intersection","No","No","Fixed Object",2,"ROUTE 571","NULL",571,"","00000571",43.31,"County","Straight and Grade","Blacktop","Icy","Daylight","Clear","None","None",NA,"At","NULL","FACULTY RD","NULL","","NULL",40,25,40.34116,-74.64982,"No","PEDESTRIAN TRAFFIC SIGN A LANE MARKING TRAFFIC DIRECTIONAL SIGN MERCER COUNTY D","92",450362.87,549224.41,NA,"DVRPC",0,"Pain",10031458
3447349,"201011102010-04823","2010-04823",2010,"MERCER","Princeton Township","2010-03-15","Monday","March","22:06:00",1,"PRINCETON TWP PD","",0,0,0,0,0,"Property Damage","At Intersection","No","No","Right Angle",2,"NJ 27","NULL",27,"","00000027",3.01,"State Highway","Straight and Level","Blacktop","Wet","Dark (Street Lights On/ continuous)","Rain","None","None",NA,"At","NULL","CR 605 / RIVER RD","NULL","","NULL",45,50,40.37381,-74.62082,"No","","92",458463.08,561103.37,NA,"DVRPC",0,"PDO",10052692
3447358,"201011102010-12441","2010-12441",2010,"MERCER","Princeton Township","2010-07-20","Tuesday","July","08:47:00",1,"PRINCETON TWP PD","",0,0,0,0,0,"Property Damage","Not At Intersection","No","No","Same Direction - Rear End",2,"ALEXANDER RD","NULL",NA,"","11131424",2.47,"Municipal","Straight and Level","Blacktop","Dry","Daylight","Clear","None","None",53,"Foot","North","FACULTY ROAD","NULL","","NULL",35,30,40.338,-74.65705,"No","","92",448345.553257,548077.556794,NA,"DVRPC",0,"PDO",10158568
3447359,"201011102010-14369","2010-14369",2010,"MERCER","Princeton Township","2010-08-22","Sunday","August","11:51:00",1,"PRINCETON TWP PD","",0,0,0,0,0,"Property Damage","Not At Intersection","No","No","Encroachment",2,"NJ 27","NULL",27,"","00000027",3.01,"State Highway","Straight and Level","Blacktop","Wet","Daylight","Rain","None","None",20,"Foot","North","CR 605 / RIVER RD","NULL","","NULL",45,50,40.37381,-74.62082,"No","","92",458463.08,561103.37,NA,"DVRPC",0,"PDO",10182891
3447370,"201011102010-2115","2010-2115",2010,"MERCER","Princeton Township","2010-02-05","Friday","February","09:23:00",1,"PRINCETON TWP PD","",0,0,1,0,0,"Injury","At Intersection","No","No","Same Direction - Rear End",2,"US 206","South",206,"","00000206",55.77,"State Highway","Straight and Level","Blacktop","Dry","Daylight","Overcast","None","None",NA,"At","NULL","EWING ST","NULL","","NULL",35,35,40.37211,-74.66256,"No","NONE","302",446832.69,560505.08,NA,"DVRPC",0,"Pain",10025804
3447375,"20101110I-2010-000814","I-2010-000814",2010,"MERCER","Princeton Township","2010-01-08","Friday","January","17:10:00",1,"EWING TWP PD","P2-A",0,0,0,0,0,"Property Damage","At Intersection","No","No","Right Angle",2,"ROUTE 583","North",583,"","00000583",8.33,"Municipal","Straight and Level","Blacktop","Dry","Dark (Street Lights On/ continuous)","Clear","None","None",NA,"At","NULL","OLDEN AVE","NULL","","NULL",25,40,40.33876,-74.67077,"No","","105",444523.201302,548359.229648,NA,"DVRPC",0,"PDO",10009717
3447395,"2010111110-014191","10-014191",2010,"MERCER","Trenton City","2010-09-12","Sunday","September","11:12:00",1,"TRENTON PD","NORTH",0,0,0,0,0,"Property Damage","Not At Intersection","No","No","Fixed Object",1,"US 1","South",1,"","00000001",3.2,"State Highway","NULL","NULL","NULL","NULL","NULL","Barrier Median","NULL",NA,"NULL","NULL","","NULL","","NULL",50,NA,40.24379,-74.73489,"No","","414",426557.3,513806.06,NA,"DVRPC",0,"PDO",10199978
3447397,"2010111110-11152","10-11152",2010,"MERCER","Trenton City","2010-03-17","Wednesday","March","11:31:00",1,"HAMILTON TWP PD (MERCER)","",0,0,0,0,0,"Property Damage","Not At Intersection","No","No","Same Direction - Rear End",2,"MERCER COUNTY 650","East",650,"","11000650",0.77,"County","Straight and Level","Blacktop","Dry","Daylight","Clear","None","None",75,"Foot","West","CAROLINE AVE","NULL","","NULL",35,25,40.19967,-74.74329,"No","","384",424169.032401,497740.359982,NA,"DVRPC",0,"PDO",10053453
3447398,"2010111110-11221","10-11221",2010,"MERCER","Trenton City","2010-03-17","Wednesday","March","17:42:00",1,"HAMILTON TWP PD (MERCER)","",0,0,1,0,0,"Injury","Not At Intersection","No","No","Same Direction - Rear End",3,"MERCER COUNTY 650","NULL",650,"","11000650",0.57,"County","Straight and Level","Blacktop","Dry","Daylight","Clear","None","None",200,"Foot","East","BUNTING","NULL","","NULL",25,25,40.19914,-74.74702,"No","","381",423125.116212,497551.742493,NA,"DVRPC",0,"Pain",10052389
3447405,"2010111110-35070","10-35070",2010,"MERCER","Trenton City","2010-08-21","Saturday","August","12:01:00",1,"HAMILTON TWP PD (MERCER)","",0,0,0,0,0,"Property Damage","Not At Intersection","No","No","Same Direction - Rear End",2,"MERCER COUNTY 650","NULL",650,"","11000650",1.2,"County","Straight and Level","Blacktop","Dry","Daylight","Clear","None","None",3,"Foot","North","US 206","NULL","","NULL",25,35,40.2008,-74.73518,"No","","388",426434.75,498147.68,NA,"DVRPC",0,"PDO",10188145
3447414,"2010111110-5785","10-5785",2010,"MERCER","Trenton City","2010-02-08","Monday","February","23:32:00",1,"HAMILTON TWP PD (MERCER)","",0,0,0,0,0,"Property Damage","At Intersection","No","No","Fixed Object",1,"MERCER COUNTY 650","West",650,"","11000650",0.46,"County","Straight and Level","Blacktop","Icy","Dark (Street Lights On/ continuous)","Clear","None","None",NA,"At","NULL","DEUTZ AVE.","NULL","","NULL",25,25,40.19885,-74.74908,"No","POLE#HM 61171 STRUCK BY V1 BROKE IN HALF/TRAFFIC LIGHT AT LALOR ST.&DEUTZ AVE.S?","445",422551.221155,497446.75223,NA,"DVRPC",0,"PDO",10025126