"ID","DOT_WEB_ID","CASE_NUMBER","CRASH_YEAR","COUNTY","MUNICIPALITY","CRASH_DATE","CRASH_DAY_OF_WEEK","CRASH_MONTH","CRASH_TIME","POLICE_DEPT_CODE","POLICE_DEPARTMENT","POLICE_STATION","TOTAL_KILLED","TOTAL_INCAPACITATED","TOTAL_INJURED","PEDESTRIANS_KILLED","PEDESTRIANS_INJURED","SEVERITY","INTERSECTION","ALCOHOL_INVOLVED","HAZMAT_INVOLVED","CRASH_TYPE","TOTAL_VEHICLES_INVOLVED","CRASH_LOCATION","LOCATION_DIRECTION","ROUTE","ROUTE_SUFFIX","SRI","MILEPOST","ROAD_SYSTEM","ROAD_CHARACTER","ROAD_SURFACE_TYPE","SURFACE_CONDITION","LIGHT_CONDITION","ENVIRONMENTAL_CONDITION","ROAD_DIVIDED_BY","TEMP_TRAFFIC_CONTROL_ZONE","DISTANCE_TO_CROSS_STREET","UNIT_OF_MEASUREMENT","DIRECTION_FROM_CROSS_STREET","CROSS_STREET_NAME","IS_RAMP","RAMP_TO_FROM_ROUTE_NAME","RAMP_TO_FROM_ROUTE_DIRECTION","POSTED_SPEED","POSTED_SPEED_CROSS_STREET","LATITUDE","LONGITUDE","CELL_PHONE_IN_USE","OTHER_PROPERTY_DAMAGE","REPORTING_BADGE_NO","X","Y","CRASH_NARRATIVE","MPO","TOTAL_PEDESTRIANS_INVOLVED","EPDO","DLN"
3447415,"2010111110-6225","10-6225",2010,"MERCER","Trenton City","2010-02-11","Thursday","February","13:19:00",1,"HAMILTON TWP PD (MERCER)","",0,0,0,0,0,"Property Damage","At Intersection","No","No","Right Angle",2,"MERCER COUNTY 650","East",650,"","11000650",0.63,"County","Straight and Level","Blacktop","Snowy","Daylight","Clear","None","None",NA,"At","NULL","STENTON CT","NULL","","NULL",25,25,40.1993,-74.7459,"No","NONE","418",423440.000665,497608.877064,NA,"DVRPC",0,"PDO",10025048
3447416,"2010111110000002","10000002",2010,"MERCER","Trenton City","2010-01-01","Friday","January","00:30:00",1,"TRENTON PD","NORTH DISTRICT",0,0,0,0,0,"Property Damage","At Intersection","No","No","Pedestrian",1,"MERCER COUNTY 622","North",622,"","11000622",3.84,"County","Straight at Hillcrest","Blacktop","Wet","Dark (Street LIghts On/ spot)","Rain","Painted Median","None",NA,"At","NULL","OHIO AVE","NULL","","NULL",25,25,40.23769,-74.7487,"No","","618",422696.742107,511596.101491,NA,"DVRPC",1,"PDO",10000951
3447418,"2010111110000018","10000018",2010,"MERCER","Trenton City","2010-01-01","Friday","January","06:00:00",1,"TRENTON PD","EAST",0,0,1,0,0,"Injury","Not At Intersection","No","No","Same Direction - Side Swipe",3,"US 1","South",1,"","00000001",1.34,"State Highway","Curve and Level","Blacktop","Wet","Dark (Street Lights On/ continuous)","Rain","Barrier Median","None",NA,"NULL","NULL","PERRY ST","NULL","","NULL",50,NA,40.2249,-74.75894,"No","","596",419824.22,506945.38,NA,"DVRPC",0,"Moderate Injury",10000953
3447424,"2010111110000090","10000090",2010,"MERCER","Trenton City","2010-01-02","Saturday","January","19:03:00",1,"TRENTON PD","EAST",0,0,1,0,0,"Injury","At Intersection","Yes","No","Right Angle",3,"MERCER COUNTY 606","NULL",606,"","11000606",0.9,"County","Straight and Level","Blacktop","Dry","Dark (Street Lights On/ continuous)","Clear","Painted Median","None",NA,"At","NULL","CHAMBERS ST","NULL","","NULL",25,25,40.21706,-74.74285,"No","","596",424309.501697,504075.033595,NA,"DVRPC",0,"Pain",10000961
3447427,"2010111110000113","10000113",2010,"MERCER","Trenton City","2010-01-03","Sunday","January","14:02:00",1,"TRENTON PD","PATROL",0,0,0,0,0,"Property Damage","Not At Intersection","No","No","Struck Parked Vehicle",1,"SPRUCE ST","South",NA,"","11111563",0.36,"Municipal","Straight and Level","Blacktop","Dry","Dark (No Street Lights)","Clear","None","None",150,"Foot","South","PRINCETON AVE","NULL","","NULL",25,25,40.24151,-74.75038,"No","","518",422230.345041,512986.390064,NA,"DVRPC",0,"PDO",10000963
3447430,"2010111110000123","10000123",2010,"MERCER","Trenton City","2010-01-03","Sunday","January","20:45:00",1,"TRENTON PD","PATROL WEST",0,0,0,0,0,"Property Damage","Not At Intersection","No","No","Struck Parked Vehicle",2,"STUYVESANT AVE","West",NA,"","11111568",0.44,"Municipal","Straight and Level","Blacktop","Dry","Dark (Street Lights On/ continuous)","Clear","None","None",150,"Foot","West","HOFFMAN AVE","NULL","","NULL",25,25,40.2346,-74.78087,"No","","465",413712.65001,510496.789993,NA,"DVRPC",0,"PDO",10000967
3447432,"2010111110000137","10000137",2010,"MERCER","Trenton City","2010-01-04","Monday","January","09:32:00",1,"TRENTON PD","WEST PATROL",0,0,0,0,0,"Property Damage","Not At Intersection","No","No","Struck Parked Vehicle",2,"W STATE ST","East",NA,"","11111552",2.3,"Municipal","Straight and Level","Blacktop","Snowy","Daylight","Snow","Painted Median","None",NA,"NULL","NULL","","NULL","","NULL",25,NA,40.2203,-74.7659,"No","","542",417875.93,505275.3,NA,"DVRPC",0,"PDO",10000969
3447433,"201011111000014","1000014",2010,"MERCER","Trenton City","2010-01-01","Friday","January","04:12:00",1,"TRENTON PD","",0,0,0,0,0,"Property Damage","Not At Intersection","No","No","Fixed Object",1,"BELLEVUE AVE","South",NA,"","11111560",0,"Municipal","Curve and Level","Blacktop","Wet","Dark (Street Lights On/ continuous)","Overcast","None","None",NA,"NULL","NULL","PARKSIDE AVE","NULL","","NULL",25,25,40.23591,-74.78683,"No","TX 7 VERIZON NJ INC TELEPHONE/ELECT 4255 PATRIOT DRIVE GRAPEVINE TX 76051","554",412050.17,510977.33,NA,"DVRPC",0,"PDO",10000952
3447434,"2010111110000141","10000141",2010,"MERCER","Trenton City","2010-01-04","Monday","January","10:03:00",1,"TRENTON PD","EAST",0,0,1,0,0,"Injury","At Intersection","No","No","Same Direction - Rear End",2,"MERCER COUNTY 626","South",626,"","11000626",0.71,"County","Straight and Level","Blacktop","Dry","Daylight","Clear","None","None",NA,"At","NULL","ST FRANCIS AVE","NULL","","NULL",25,25,40.2155,-74.74179,"No","","517",424602.557686,503507.556232,NA,"DVRPC",0,"Pain",10000970
3447437,"2010111110000158","10000158",2010,"MERCER","Trenton City","2010-01-04","Monday","January","16:56:00",1,"TRENTON PD","NORTH",0,0,0,0,0,"Property Damage","Not At Intersection","No","No","Same Direction - Rear End",2,"US 1","North",1,"","00000001",2.72,"State Highway","Straight at Hillcrest","Blacktop","Dry","Dark (Street Lights On/ continuous)","Clear","Barrier Median","None",NA,"NULL","NULL","MULBERRY ST","NULL","","NULL",50,25,40.23885,-74.74117,"No","","581",424799.66917,512010.735327,NA,"DVRPC",0,"PDO",10000973
3447441,"2010111110000186","10000186",2010,"MERCER","Trenton City","2010-01-05","Tuesday","January","13:08:00",1,"TRENTON PD","PATROL/SOUTH",0,0,0,0,0,"Property Damage","Not At Intersection","No","No","Same Direction - Rear End",2,"NJ 129","South",129,"","00000129",1.48,"State Highway","Straight and Level","Blacktop","Dry","Daylight","Clear","Grass Median","None",700,"Foot","South","CASS ST","NULL","","NULL",40,NA,40.20443,-74.75422,"No","","499",421120.280335,499483.247254,NA,"DVRPC",0,"PDO",10000977
3447443,"2010111110000202","10000202",2010,"MERCER","Trenton City","2010-01-05","Tuesday","January","15:28:00",1,"TRENTON PD","EAST DISTRICT",0,0,1,0,0,"Injury","Not At Intersection","No","No","Same Direction - Rear End",3,"MERCER COUNTY 626","North",626,"","11000626",0.23,"County","Straight and Level","Blacktop","Dry","Daylight","Clear","Painted Median","None",NA,"NULL","NULL","TIOGA ST","NULL","","NULL",25,25,40.22172,-74.74645,"No","","137",423306.996165,505774.783827,NA,"DVRPC",0,"Pain",10000979
3447445,"2010111110000207","10000207",2010,"MERCER","Trenton City","2010-01-05","Tuesday","January","16:35:00",1,"TRENTON PD","NORTH-PATROL",0,0,0,0,0,"Property Damage","Not At Intersection","No","No","Struck Parked Vehicle",2,"MERCER COUNTY 635","NULL",635,"","11000635",0.94,"County","Straight and Level","Blacktop","Dry","Daylight","Clear","None","None",25,"Foot","West","CR 622","NULL","","NULL",25,25,40.22663,-74.73972,"No","","518",425192.286354,507560.27272,NA,"DVRPC",0,"PDO",10000981
3447446,"2010111110000218","10000218",2010,"MERCER","Trenton City","2010-01-05","Tuesday","January","17:17:00",1,"TRENTON PD","EAST",0,0,0,0,0,"Property Damage","At Intersection","No","No","Same Direction - Rear End",2,"MERCER COUNTY 626","North",626,"","11000626",1,"County","Straight and Level","Blacktop","Dry","Dusk","Clear","None","None",NA,"At","NULL","MORRIS AVE","NULL","","NULL",25,25,40.21175,-74.73898,"No","","585",425384.571765,502139.214118,NA,"DVRPC",0,"PDO",10000415
3447452,"2010111110000260","10000260",2010,"MERCER","Trenton City","2010-01-06","Wednesday","January","15:46:00",1,"TRENTON PD","PATROL-SOUTH",0,0,0,0,0,"Property Damage","At Intersection","No","No","Same Direction - Side Swipe",2,"NJ 129","West",129,"","00000129",1.08,"State Highway","Straight and Level","Blacktop","Dry","Daylight","Clear","Painted Median","None",NA,"At","NULL","CR 650 / LALOR ST","NULL","","NULL",25,40,40.19862,-74.75292,"No","","398",421478.30628,497365.674937,NA,"DVRPC",0,"PDO",10000421
3447453,"2010111110000279","10000279",2010,"MERCER","Trenton City","2010-01-06","Wednesday","January","22:37:00",1,"TRENTON PD","TRENTON",0,0,2,0,0,"Injury","At Intersection","No","No","Right Angle",2,"S CLINTON AVE","NULL",NA,"","11031969",2.25,"Municipal","Straight and Level","Blacktop","Dry","Dark (Street LIghts On/ spot)","Clear","Painted Median","None",NA,"At","NULL","LIBERTY ST","NULL","","NULL",25,25,40.20522,-74.74149,"No","","617",424686.74,499757.87,NA,"DVRPC",0,"Pain",10000422
3447456,"2010111110000304","10000304",2010,"MERCER","Trenton City","2010-01-07","Thursday","January","15:54:00",1,"TRENTON PD","PATROL WEST",0,0,0,0,0,"Property Damage","At Intersection","No","No","Same Direction - Rear End",2,"NJ 29","South",29,"","00000029",4.34,"State Highway","Curve and Hillcrest","Blacktop","Dry","Daylight","Clear","None","None",NA,"At","NULL","CALHOUN ST","NULL","","NULL",15,15,40.22156,-74.77564,"No","","413",415156.529256,505740.795382,NA,"DVRPC",0,"PDO",10004822
3447457,"2010111110000308","10000308",2010,"MERCER","Trenton City","2010-01-07","Thursday","January","17:44:00",1,"TRENTON PD","PATROL",0,0,0,0,0,"Property Damage","Not At Intersection","No","No","Struck Parked Vehicle",2,"GRAND ST","South",NA,"","11111534",0.69,"Municipal","Straight and Level","Blacktop","Dry","Dark (Street Lights On/ continuous)","Clear","None","None",NA,"NULL","South","STANTON ST","NULL","","NULL",25,25,40.20137,-74.74073,"No","","596",424886.443989,498357.476006,NA,"DVRPC",0,"PDO",10004823
3447458,"2010111110000310","10000310",2010,"MERCER","Trenton City","2010-01-07","Thursday","January","18:49:00",1,"TRENTON PD","EAST",0,0,1,0,1,"Injury","At Intersection","No","No","Pedestrian",1,"NJ 33","East",33,"","00000033",1.32,"County","Straight and Level","Blacktop","Dry","Dark (Street Lights On/ continuous)","Clear","None","None",NA,"At","NULL","GARFIELD AVE","NULL","","NULL",25,25,40.22466,-74.73588,"No","","445",426262.483709,506837.250933,NA,"DVRPC",1,"Moderate Injury",10004824
3447461,"2010111110000334","10000334",2010,"MERCER","Trenton City","2010-01-08","Friday","January","06:16:00",1,"TRENTON PD","WEST",0,0,0,0,0,"Property Damage","At Intersection","No","No","Fixed Object",1,"W STATE ST","South",NA,"","11111552",1.48,"Municipal","Straight and Grade","Blacktop","Icy","Dark (Street Lights On/ continuous)","Snow","Painted Median","None",NA,"At","NULL","PROSPECT ST","NULL","","NULL",25,25,40.2263,-74.77878,"No","","609",414285.76,507469.81,NA,"DVRPC",0,"PDO",10004827
3447462,"2010111110000335","10000335",2010,"MERCER","Trenton City","2010-01-08","Friday","January","06:17:00",1,"TRENTON PD","PATROL/EAST",0,0,0,0,0,"Property Damage","At Intersection","No","No","Same Direction - Rear End",2,"NJ 33","West",33,"","00000033",0.74,"County","Straight and Level","Blacktop","Snowy","Dark (Street Lights On/ continuous)","Snow","None","None",NA,"At","NULL","CR 626 / CHAMBERS ST","NULL","","NULL",25,25,40.21995,-74.745,"No","","554",423711.195029,505130.289133,NA,"DVRPC",0,"PDO",10004828
3447465,"2010111110000340","10000340",2010,"MERCER","Trenton City","2010-01-08","Friday","January","08:24:00",1,"TRENTON PD","PATROL/SOUTH",0,0,0,0,0,"Property Damage","At Intersection","No","No","Same Direction - Side Swipe",2,"US 206","North",206,"","00000206",40.83,"Municipal","Straight and Level","Blacktop","Icy","Daylight","Clear","None","None",NA,"At","NULL","LAKESIDE AVE","NULL","","NULL",25,25,40.20154,-74.7371,"No","","446",425900.122023,498418.628072,NA,"DVRPC",0,"PDO",10004727
3447469,"2010111110000350","10000350",2010,"MERCER","Trenton City","2010-01-08","Friday","January","09:46:00",1,"TRENTON PD","PATROL WEST",0,0,0,0,0,"Property Damage","Not At Intersection","No","No","Fixed Object",1,"MERCER COUNTY 636","West",636,"","11000636",0.91,"County","Curve and Level","Blacktop","Oil","Daylight","Snow","None","None",NA,"NULL","NULL","","NULL","","NULL",25,NA,40.24226,-74.78037,"No","APREDELLA HOWARD 877 PARKSIDE AVE 877 PARKSIDE AVE TRENTON NJ 08618","413",413859.801038,513286.807247,NA,"DVRPC",0,"PDO",10004731
3447470,"2010111110000363","10000363",2010,"MERCER","Trenton City","2010-01-08","Friday","January","13:01:00",1,"TRENTON PD","PATROL",0,0,1,0,0,"Injury","Not At Intersection","No","No","Pedalcyclist",1,"MERCER COUNTY 622","South",622,"","11000622",3.84,"County","Straight and Grade","Blacktop","Dry","Daylight","Clear","Painted Median","None",30,"Foot","South","OHIO AVE","NULL","","NULL",25,25,40.23769,-74.7487,"No","","554",422696.742107,511596.101491,NA,"DVRPC",0,"Pain",10004732
3447474,"2010111110000379","10000379",2010,"MERCER","Trenton City","2010-01-08","Friday","January","17:27:00",1,"TRENTON PD","EAST",0,0,0,0,0,"Property Damage","At Intersection","No","No","Same Direction - Rear End",2,"MERCER COUNTY 626","South",626,"","11000626",0.9,"County","Straight and Level","Blacktop","Dry","Dark (Street Lights On/ continuous)","Clear","Painted Median","NULL",NA,"At","NULL","ROEBLING AVE","NULL","","NULL",25,25,40.21305,-74.73995,"No","","445",425113.615491,502610.88826,NA,"DVRPC",0,"PDO",10004736
3447476,"2010111110000415","10000415",2010,"MERCER","Trenton City","2010-01-09","Saturday","January","11:18:00",1,"TRENTON PD","NORTH",0,0,3,0,0,"Injury","At Intersection","No","No","Right Angle",2,"SOUTHARD ST","South",NA,"","11111558",0.61,"Municipal","Straight and Grade","Blacktop","Dry","Daylight","Clear","None","None",NA,"At","NULL","MARTIN LUTHER KING JR BLVD","NULL","","NULL",25,25,40.23257,-74.76136,"No","","595",419155.381865,509740.950046,NA,"DVRPC",0,"Pain",10004738
3447478,"2010111110000418","10000418",2010,"MERCER","Trenton City","2010-01-09","Saturday","January","13:03:00",1,"TRENTON PD","PATROL-SOUTH",0,0,0,0,0,"Property Damage","Not At Intersection","No","No","Fixed Object",1,"US 1","North",1,"","00000001",1.3,"State Highway","Straight and Grade","Blacktop","Dry","Daylight","Clear","Barrier Median","None",200,"Foot","South","PERRY ST","NULL","","NULL",45,25,40.22434,-74.75883,"No","","164",419855.19004,506741.513747,NA,"DVRPC",0,"PDO",10004740
3447480,"2010111110000421","10000421",2010,"MERCER","Trenton City","2010-01-09","Saturday","January","14:16:00",1,"TRENTON PD","NORTH-PATROL",0,0,0,0,0,"Property Damage","Not At Intersection","No","No","Same Direction - Rear End",2,"MERCER COUNTY 622","NULL",622,"","11000622",2.64,"County","Straight and Level","Blacktop","Dry","Daylight","Clear","None","None",100,"Foot","South","NJ 33","NULL","","NULL",25,25,40.22345,-74.73651,"No","","518",426085.7,506399.63,NA,"DVRPC",0,"PDO",10004742
3447482,"2010111110000426","10000426",2010,"MERCER","Trenton City","2010-01-09","Saturday","January","16:04:00",1,"TRENTON PD","PATROL",0,0,0,0,0,"Property Damage","Not At Intersection","No","No","Same Direction - Rear End",2,"NJ 129","North",129,"","00000129",2.35,"State Highway","Straight and Level","Blacktop","Dry","Daylight","Clear","Barrier Median","NULL",NA,"NULL","NULL","US 1","NULL","","NULL",50,50,40.21704,-74.7572,"No","","445",420302.733659,504078.61672,NA,"DVRPC",0,"PDO",10004744
3447486,"2010111110000467","10000467",2010,"MERCER","Trenton City","2010-01-10","Sunday","January","04:05:00",1,"TRENTON PD","SOUTH",0,0,0,0,0,"Property Damage","Not At Intersection","No","No","Fixed Object",1,"NJ 129","NULL",129,"","00000129",0,"State Highway","Curve and Level","Blacktop","Dry","Dark (Street Lights On/ continuous)","Clear","None","None",NA,"NULL","NULL","LAMBERTON ST","NULL","","NULL",25,NA,40.18406,-74.74711,"No","UTILITY LIGHT POLE","618",423085.22,492058.63,NA,"DVRPC",0,"PDO",10004750
3447487,"2010111110000473","10000473",2010,"MERCER","Trenton City","2010-01-10","Sunday","January","11:06:00",1,"TRENTON PD","PATROL-EAST",0,0,1,0,0,"Injury","At Intersection","No","No","Right Angle",2,"NJ 33","West",33,"","00000033",1.13,"County","Straight and Level","Blacktop","Dry","Daylight","Clear","None","None",NA,"At","NULL","CUYLER AVE","NULL","","NULL",25,25,40.22312,-74.73887,"No","","398",425427.289109,506278.550692,NA,"DVRPC",0,"Pain",10004751
3447489,"2010111110000480","10000480",2010,"MERCER","Trenton City","2010-01-10","Sunday","January","16:27:00",1,"TRENTON PD","WEST",0,0,0,0,0,"Property Damage","Not At Intersection","No","No","Same Direction - Side Swipe",2,"W STATE ST","West",NA,"","11111552",0.99,"Municipal","Straight and Level","Blacktop","Dry","Daylight","Clear","None","None",NA,"NULL","NULL","N OVERBROOK AVE","NULL","","NULL",25,25,40.23003,-74.78673,"No","","581",412071.793771,508837.29031,NA,"DVRPC",0,"PDO",10004753
3447492,"2010111110000501","10000501",2010,"MERCER","Trenton City","2010-01-11","Monday","January","05:40:00",1,"TRENTON PD","",0,0,0,0,0,"Property Damage","Not At Intersection","No","No","Same Direction - Rear End",2,"S CLINTON AVE","North",NA,"","11031969",3.22,"Municipal","Straight and Level","Blacktop","Dry","Dark (Street Lights On/ continuous)","Clear","Painted Median","None",15,"Foot","South","CR 606","NULL","","NULL",25,25,40.21422,-74.75409,"No","","597",421166.159967,503049.250142,NA,"DVRPC",0,"PDO",10004756
3447496,"2010111110000516","10000516",2010,"MERCER","Trenton City","2010-01-11","Monday","January","14:26:00",1,"TRENTON PD","NORTH PATROL",0,0,0,0,0,"Property Damage","Not At Intersection","No","No","Right Angle",2,"MERCER COUNTY 622","NULL",622,"","11000622",3.75,"County","Straight and Level","Blacktop","Dry","Daylight","Clear","None","None",100,"Foot","North","NEW YORK AVE","NULL","","NULL",25,25,40.23673,-74.74762,"No","","518",422996.34,511244.98,NA,"DVRPC",0,"PDO",10005002
3447497,"2010111110000521","10000521",2010,"MERCER","Trenton City","2010-01-11","Monday","January","16:00:00",1,"TRENTON PD","SOUTH-PATROL",0,0,0,0,0,"Property Damage","At Intersection","No","No","Same Direction - Side Swipe",2,"FERRY ST","West",NA,"","11111531",0.24,"Municipal","Straight and Grade","Blacktop","Dry","Daylight","Clear","None","None",NA,"At","NULL","CENTRE ST","NULL","","NULL",25,25,40.21268,-74.76025,"No","","465",419444.35,502493.34,NA,"DVRPC",0,"PDO",10005003
3447498,"2010111110000538","10000538",2010,"MERCER","Trenton City","2010-01-11","Monday","January","22:06:00",1,"TRENTON PD","SOUTH/TRENTON",0,0,0,0,0,"Property Damage","At Intersection","No","No","Same Direction - Rear End",2,"NJ 129","South",129,"","00000129",1.61,"State Highway","Straight and Level","Blacktop","Dry","Dark (Street Lights On/ continuous)","Clear","Barrier Median","None",NA,"At","NULL","CASS ST","NULL","","NULL",40,25,40.20631,-74.75467,"No","","618",420997.20784,500170.371322,NA,"DVRPC",0,"PDO",10005004
3447501,"2010111110000548","10000548",2010,"MERCER","Trenton City","2010-01-12","Tuesday","January","08:10:00",1,"TRENTON PD","EAST PATROL",0,0,1,0,0,"Injury","Not At Intersection","No","No","Right Angle",2,"NJ 33","East",33,"","00000033",0.26,"County","Straight and Level","Blacktop","Dry","Daylight","Clear","Painted Median","None",100,"Foot","West","HUDSON ST / WALNUT AVE","NULL","","NULL",25,25,40.21709,-74.75327,"No","","542",421397.898337,504094.22873,NA,"DVRPC",0,"Pain",10005669
3447502,"2010111110000555","10000555",2010,"MERCER","Trenton City","2010-01-12","Tuesday","January","11:21:00",1,"TRENTON PD","NORTH/PATROL",0,0,0,0,0,"Property Damage","At Intersection","No","No","Right Angle",2,"NEW YORK AVE","South",NA,"","11111545",0.3,"Municipal","Straight and Level","Blacktop","Dry","Daylight","Clear","None","NULL",NA,"At","NULL","N OLDEN AVE","NULL","","NULL",25,25,40.2364,-74.74738,"No","","517",423062.74,511124.03,NA,"DVRPC",0,"PDO",10005670
3447504,"2010111110000566","10000566",2010,"MERCER","Trenton City","2010-01-12","Tuesday","January","13:46:00",1,"TRENTON PD","PATROL SOUTH",0,0,0,0,0,"Property Damage","At Intersection","No","No","Struck Parked Vehicle",2,"GRAND ST","East",NA,"","11111534",0.12,"Municipal","Straight and Level","Blacktop","Dry","Daylight","Clear","None","None",NA,"At","NULL","BEATTY ST","NULL","","NULL",25,25,40.20545,-74.75019,"No","","465",422248.4,499852.42,NA,"DVRPC",0,"PDO",10005672
3447506,"2010111110000577","10000577",2010,"MERCER","Trenton City","2010-01-12","Tuesday","January","15:23:00",1,"TRENTON PD","NORTH #2",0,0,1,0,1,"Injury","Not At Intersection","No","No","Pedestrian",1,"SOUTHARD ST","South",NA,"","11111558",0.65,"Municipal","Straight and Level","Blacktop","Dry","Daylight","Clear","None","None",NA,"NULL","South","NEW WILLOW ST","NULL","","NULL",25,25,40.23291,-74.76192,"No","","446",419000.13,509864.26,NA,"DVRPC",1,"Pain",10005674
3447508,"2010111110000584","10000584",2010,"MERCER","Trenton City","2010-01-12","Tuesday","January","17:12:00",1,"TRENTON PD","WEST PRECINCT",0,0,1,0,0,"Injury","Not At Intersection","No","No","Same Direction - Rear End",3,"W STATE ST","South",NA,"","11111552",1.69,"Municipal","Straight and Level","Blacktop","Dry","Dark (Street Lights On/ continuous)","Clear","None","None",NA,"NULL","NULL","RUTGERS PL","NULL","","NULL",25,25,40.22378,-74.77646,"No","","482",414929.838464,506549.862372,NA,"DVRPC",0,"Pain",10005676
3447509,"2010111110000586","10000586",2010,"MERCER","Trenton City","2010-01-12","Tuesday","January","18:06:00",1,"TRENTON PD","",0,0,0,0,0,"Property Damage","At Intersection","No","No","Struck Parked Vehicle",2,"PROSPECT ST","NULL",NA,"","11111562",0.35,"Municipal","Straight and Level","Blacktop","Dry","Dark (Street Lights On/ continuous)","Clear","None","None",NA,"At","NULL","RUTHERFORD AVE","NULL","","NULL",25,25,40.22997,-74.7747,"No","","603",415428.034988,508802.438973,NA,"DVRPC",0,"PDO",10005677
3447512,"2010111110000640","10000640",2010,"MERCER","Trenton City","2010-01-13","Wednesday","January","15:26:00",1,"TRENTON PD","EAST",0,0,0,0,0,"Property Damage","At Intersection","No","No","Right Angle",2,"MERCER COUNTY 622","North",622,"","11000622",2.48,"County","Straight and Level","Blacktop","Dry","Daylight","Clear","None","None",NA,"At","NULL","FARRAGUT AVE","NULL","","NULL",25,25,40.22165,-74.73472,"No","","315",426584.079236,505740.487966,NA,"DVRPC",0,"PDO",10005680
3447517,"2010111110000696","10000696",2010,"MERCER","Trenton City","2010-01-14","Thursday","January","13:29:00",1,"TRENTON PD","PATROL",0,0,2,0,0,"Injury","At Intersection","No","No","Right Angle",2,"MERCER COUNTY 653","East",653,"","11000653",0.08,"County","Straight and Level","Blacktop","Dry","Daylight","Clear","Painted Median","None",NA,"At","NULL","W HANOVER ST","NULL","","NULL",25,25,40.22336,-74.77401,"No","","531",415614.938328,506396.359993,NA,"DVRPC",0,"Pain",10005685
3447518,"2010111110000698","10000698",2010,"MERCER","Trenton City","2010-01-14","Thursday","January","13:50:00",1,"TRENTON PD","NORTH",0,0,0,0,0,"Property Damage","Not At Intersection","No","No","Same Direction - Side Swipe",2,"W STATE ST","North",NA,"","11111552",1.75,"Municipal","Straight and Level","Blacktop","Dry","Daylight","Clear","None","None",300,"Foot","South","CALHOUN ST","NULL","","NULL",25,25,40.22308,-74.77568,"No","","541",415141.454681,506303.277872,NA,"DVRPC",0,"PDO",10005686
3447519,"2010111110000709","10000709",2010,"MERCER","Trenton City","2010-01-14","Thursday","January","17:16:00",1,"TRENTON PD","PATROL",0,0,1,0,0,"Injury","Not At Intersection","No","No","Same Direction - Rear End",2,"US 1","South",1,"","00000001",2.5,"State Highway","Curve and Level","Blacktop","Dry","Dark (Street Lights On/ continuous)","Clear","Painted Median","None",10,"Foot","South","","To","NEW YORK AVE","South Bound",50,NA,40.23686,-74.74442,"No","","609",423889.174118,511288.934706,NA,"DVRPC",0,"Pain",10005687
3447521,"2010111110000718","10000718",2010,"MERCER","Trenton City","2010-01-14","Thursday","January","20:51:00",1,"TRENTON PD","NORTH",0,0,0,0,0,"Property Damage","At Intersection","No","No","Opposite Direction - Head On/Angular",2,"PERRY ST","South",NA,"","11111556",0.17,"Municipal","Straight and Level","Blacktop","Dry","Dark (Street Lights On/ continuous)","Clear","None","None",NA,"At","NULL","N MONTGOMERY ST","NULL","","NULL",25,25,40.22328,-74.76236,"No","","615",418867.632866,506357.159289,NA,"DVRPC",0,"PDO",10005856
3447522,"2010111110000719","10000719",2010,"MERCER","Trenton City","2010-01-14","Thursday","January","20:59:00",1,"TRENTON PD","PATROL",0,0,1,0,0,"Injury","At Intersection","No","No","Struck Parked Vehicle",2,"S CLINTON AVE","North",NA,"","11031969",3.1,"Municipal","Straight and Level","Blacktop","Dry","Dark (Street Lights On/ continuous)","Clear","None","None",NA,"At","NULL","BUTLER ST","NULL","","NULL",25,25,40.21255,-74.75337,"No","","617",421365.01,502440.54,NA,"DVRPC",0,"Pain",10005857
3447525,"2010111110000736","10000736",2010,"MERCER","Trenton City","2010-01-15","Friday","January","09:06:00",1,"TRENTON PD","NORTH",0,0,0,0,0,"Property Damage","At Intersection","No","No","Right Angle",2,"N WILLOW ST","West",NA,"","11111555",0.17,"Municipal","Straight and Grade","Blacktop","Dry","Daylight","Clear","None","NULL",NA,"At","NULL","TUCKER ST","NULL","","NULL",25,25,40.22543,-74.76754,"No","","541",417422.154761,507144.719515,NA,"DVRPC",0,"PDO",10005860
3447527,"2010111110000754","10000754",2010,"MERCER","Trenton City","2010-01-15","Friday","January","15:29:00",1,"TRENTON PD","EAST DISTRICT",0,0,0,0,0,"Property Damage","Not At Intersection","No","No","Same Direction - Side Swipe",2,"NJ 33","West",33,"","00000033",0.11,"State Highway","Straight and Level","Blacktop","Dry","Daylight","Clear","Painted Median","None",NA,"NULL","NULL","","NULL","","NULL",25,NA,40.21751,-74.75574,"No","","137",420709.950202,504250.073676,NA,"DVRPC",0,"PDO",10005862