"ID","DOT_WEB_ID","CASE_NUMBER","CRASH_YEAR","COUNTY","MUNICIPALITY","CRASH_DATE","CRASH_DAY_OF_WEEK","CRASH_MONTH","CRASH_TIME","POLICE_DEPT_CODE","POLICE_DEPARTMENT","POLICE_STATION","TOTAL_KILLED","TOTAL_INCAPACITATED","TOTAL_INJURED","PEDESTRIANS_KILLED","PEDESTRIANS_INJURED","SEVERITY","INTERSECTION","ALCOHOL_INVOLVED","HAZMAT_INVOLVED","CRASH_TYPE","TOTAL_VEHICLES_INVOLVED","CRASH_LOCATION","LOCATION_DIRECTION","ROUTE","ROUTE_SUFFIX","SRI","MILEPOST","ROAD_SYSTEM","ROAD_CHARACTER","ROAD_SURFACE_TYPE","SURFACE_CONDITION","LIGHT_CONDITION","ENVIRONMENTAL_CONDITION","ROAD_DIVIDED_BY","TEMP_TRAFFIC_CONTROL_ZONE","DISTANCE_TO_CROSS_STREET","UNIT_OF_MEASUREMENT","DIRECTION_FROM_CROSS_STREET","CROSS_STREET_NAME","IS_RAMP","RAMP_TO_FROM_ROUTE_NAME","RAMP_TO_FROM_ROUTE_DIRECTION","POSTED_SPEED","POSTED_SPEED_CROSS_STREET","LATITUDE","LONGITUDE","CELL_PHONE_IN_USE","OTHER_PROPERTY_DAMAGE","REPORTING_BADGE_NO","X","Y","CRASH_NARRATIVE","MPO","TOTAL_PEDESTRIANS_INVOLVED","EPDO","DLN"
3447530,"2010111110000778","10000778",2010,"MERCER","Trenton City","2010-01-15","Friday","January","23:19:00",1,"TRENTON PD","PATROL/SOUTH",0,0,2,0,0,"Injury","At Intersection","No","No","Right Angle",2,"ROEBLING AVE","NULL",NA,"","11111538",0.52,"Municipal","Straight and Level","Blacktop","Dry","Dark (Street Lights On/ continuous)","Clear","None","None",NA,"At","NULL","EMORY AVE","NULL","","NULL",25,25,40.20993,-74.74868,"No","","583",422674.14,501482.72,NA,"DVRPC",0,"Pain",10005865
3447534,"2010111110000798","10000798",2010,"MERCER","Trenton City","2010-01-16","Saturday","January","15:16:00",1,"TRENTON PD","PATROL/WEST",0,0,0,0,0,"Property Damage","At Intersection","No","No","Same Direction - Rear End",2,"STUYVESANT AVE","West",NA,"","11111568",0.06,"Municipal","Straight and Level","Blacktop","Dry","Daylight","Clear","None","None",NA,"At","NULL","LINWOOD AVE","NULL","","NULL",25,25,40.23125,-74.77517,"No","","445",415300.5,509271.24,NA,"DVRPC",0,"PDO",10004705
3447536,"2010111110000805","10000805",2010,"MERCER","Trenton City","2010-01-16","Saturday","January","17:52:00",1,"TRENTON PD","NORTH",0,0,0,0,0,"Property Damage","At Intersection","No","No","Right Angle",2,"US 206","NULL",206,"","00000206",43.63,"Municipal","Straight and Level","Blacktop","Dry","Dark (Street Lights On/ continuous)","Clear","Painted Median","None",NA,"At","NULL","SOUTHARD ST","NULL","","NULL",25,25,40.22959,-74.75883,"No","","603",419859.67234,508650.70941,NA,"DVRPC",0,"PDO",10004707
3447538,"2010111110000838","10000838",2010,"MERCER","Trenton City","2010-01-17","Sunday","January","01:30:00",1,"TRENTON PD","PATROL SOUTH",0,0,0,0,0,"Property Damage","At Intersection","No","No","Fixed Object",2,"MERCER COUNTY 650","West",650,"","11000650",0.63,"County","Straight and Level","Blacktop","Wet","Dark (Street Lights On/ continuous)","Overcast","Painted Median","NULL",NA,"At","NULL","STANTON ST","NULL","","NULL",25,25,40.1993,-74.7459,"No","","602",423440.000665,497608.877064,NA,"DVRPC",0,"PDO",10004720
3447547,"2010111110000877","10000877",2010,"MERCER","Trenton City","2010-01-18","Monday","January","11:15:00",1,"TRENTON PD","NORTH/PATROL",0,0,0,0,0,"Property Damage","At Intersection","No","No","Backing",2,"US 206 Z","NULL",206,"Z","00000206Z",43.61,"County","Straight and Level","Blacktop","Dry","Daylight","Clear","None","NULL",NA,"At","NULL","ROSE ST","NULL","","NULL",25,25,40.22953,-74.76316,"No","","517",418650.136414,508634.860114,NA,"DVRPC",0,"PDO",10004711
3447552,"2010111110000902","10000902",2010,"MERCER","Trenton City","2010-01-18","Monday","January","21:25:00",1,"TRENTON PD","TRENTON",0,0,0,0,0,"Property Damage","Not At Intersection","No","No","Fixed Object",1,"US 1","NULL",1,"","00000001",1.34,"State Highway","Straight and Level","Concrete","Dry","Dark (Street Lights On/ continuous)","Clear","Barrier Median","None",NA,"NULL","NULL","PERRY ST","NULL","","NULL",55,55,40.2249,-74.75894,"No","","618",419824.22,506945.38,NA,"DVRPC",0,"PDO",10004717
3447554,"2010111110000929","10000929",2010,"MERCER","Trenton City","2010-01-19","Tuesday","January","11:50:00",1,"TRENTON PD","NORTH/PATROL",0,0,1,0,0,"Injury","At Intersection","No","No","Same Direction - Rear End",2,"MERCER COUNTY 622","South",622,"","11000622",3.73,"County","Straight and Grade","Blacktop","Dry","Daylight","Clear","Painted Median","NULL",NA,"At","NULL","NEW YORK AVE","NULL","","NULL",25,25,40.2365,-74.74744,"No","","517",423045.406625,511160.814088,NA,"DVRPC",0,"Pain",10010170
3447555,"2010111110000950","10000950",2010,"MERCER","Trenton City","2010-01-19","Tuesday","January","18:52:00",1,"TRENTON PD","EAST",0,0,1,0,1,"Injury","At Intersection","No","No","Pedestrian",1,"NJ 33","NULL",33,"","00000033",0.11,"State Highway","Straight and Level","Blacktop","Dry","Dark (Street Lights On/ continuous)","Clear","Painted Median","None",NA,"At","NULL","CR 626 / CHAMBERS ST","NULL","","NULL",25,25,40.21751,-74.75574,"No","","624",420709.950202,504250.073676,NA,"DVRPC",1,"Pain",10010171
3447560,"2010111110000983","10000983",2010,"MERCER","Trenton City","2010-01-20","Wednesday","January","09:23:00",1,"TRENTON PD","NORTH",0,0,1,0,0,"Injury","At Intersection","No","No","Right Angle",2,"US 206","North",206,"","00000206",44.42,"Municipal","Straight and Level","Blacktop","Dry","Daylight","Clear","None","None",NA,"At","NULL","CR 622 / NORTH OLDEN AVE","NULL","","NULL",25,25,40.23875,-74.7504,"No","","053",422223.668209,511980.706465,NA,"DVRPC",0,"Moderate Injury",10010176
3447561,"2010111110000993","10000993",2010,"MERCER","Trenton City","2010-01-20","Wednesday","January","12:09:00",1,"TRENTON PD","PATROL/WEST 1",0,0,0,0,0,"Property Damage","Not At Intersection","No","No","Right Angle",2,"ROUTE 579","North",579,"","00000579",0.01,"County","Curve and Level","Blacktop","Dry","Daylight","Clear","Grass Median","None",75,"Foot","North","NJ 29 / JOHN FITCH WAY / W STATE ST","NULL","","NULL",40,40,40.23765,-74.80311,"No","","331",407507.17,511629.1,NA,"DVRPC",0,"PDO",10010177
3447562,"2010111110000996","10000996",2010,"MERCER","Trenton City","2010-01-20","Wednesday","January","12:53:00",1,"TRENTON PD","PATROL-SOUTH",0,0,1,0,0,"Injury","Not At Intersection","No","No","Same Direction - Side Swipe",2,"NJ 129","North",129,"","00000129",2.35,"State Highway","Curve and Level","Blacktop","Dry","Daylight","Clear","Barrier Median","None",NA,"NULL","NULL","US 1","NULL","","NULL",25,45,40.21704,-74.7572,"No","","164",420302.733659,504078.61672,NA,"DVRPC",0,"Pain",10010178
3447566,"2010111110001014","10001014",2010,"MERCER","Trenton City","2010-01-20","Wednesday","January","16:57:00",1,"TRENTON PD","EAST",0,0,0,0,0,"Property Damage","At Intersection","No","No","Right Angle",2,"MERCER COUNTY 622","NULL",622,"","11000622",2.05,"County","Straight and Level","Blacktop","Dry","Dark (Street Lights On/ continuous)","Clear","Painted Median","None",NA,"At","NULL","LIBERTY ST","NULL","","NULL",25,25,40.21671,-74.72982,"No","","596",427946.371021,503938.749802,NA,"DVRPC",0,"PDO",10010182
3447569,"2010111110001038","10001038",2010,"MERCER","Trenton City","2010-01-20","Wednesday","January","21:48:00",1,"TRENTON PD","TRENTON/SOUTH",0,0,0,0,0,"Property Damage","At Intersection","No","No","Right Angle",2,"US 206","North",206,"","00000206",41.78,"Municipal","Straight and Level","Blacktop","Dry","Dark (Street Lights On/ continuous)","Clear","Painted Median","None",NA,"At","NULL","DYE ST","NULL","","NULL",25,25,40.20816,-74.75282,"No","","609",421516.35,500840.36,NA,"DVRPC",0,"PDO",10010185
3447570,"2010111110001046","10001046",2010,"MERCER","Trenton City","2010-01-21","Thursday","January","07:55:00",1,"TRENTON PD","PATROL",0,0,3,0,0,"Injury","Not At Intersection","No","No","Opposite Direction - Head On/Angular",2,"ROUTE 579","NULL",579,"","00000579",0.58,"County","Straight and Level","Blacktop","Dry","Daylight","Clear","None","None",NA,"NULL","NULL","","NULL","","NULL",25,NA,40.24429,-74.80867,"No","","135",405963.571657,514052.863472,NA,"DVRPC",0,"Moderate Injury",10010187
3447576,"2010111110001068","10001068",2010,"MERCER","Trenton City","2010-01-21","Thursday","January","15:19:00",1,"TRENTON PD","PATROL/WEST",0,0,1,0,1,"Injury","At Intersection","No","No","Pedestrian",1,"PROSPECT ST","North",NA,"","11111562",0.35,"Municipal","Straight and Level","Blacktop","Dry","Daylight","Clear","None","NULL",NA,"At","NULL","RUTHERFORD AVE","NULL","","NULL",25,25,40.22997,-74.7747,"No","","445",415428.034988,508802.438973,NA,"DVRPC",1,"Pain",10010192
3447577,"2010111110001073","10001073",2010,"MERCER","Trenton City","2010-01-21","Thursday","January","17:32:00",1,"TRENTON PD","PATROL/WEST",0,0,2,0,0,"Injury","At Intersection","No","No","Same Direction - Rear End",2,"W STATE ST","North",NA,"","11111552",1.19,"Municipal","Straight and Level","Blacktop","Dry","Dusk","Clear","None","None",NA,"At","NULL","COLONIAL AVE","NULL","","NULL",25,NA,40.22827,-74.78361,"No","","603",412939.791358,508191.569814,NA,"DVRPC",0,"Pain",10010193
3447579,"2010111110001104","10001104",2010,"MERCER","Trenton City","2010-01-22","Friday","January","07:53:00",1,"TRENTON PD","WEST",0,0,1,0,0,"Injury","At Intersection","No","No","Right Angle",2,"HOFFMAN AVE","NULL",NA,"","11111564",0.27,"Municipal","Straight and Level","Blacktop","Dry","Daylight","Clear","None","None",NA,"At","NULL","OAKLAND ST","NULL","","NULL",25,25,40.23704,-74.77886,"No","","609",414276.311245,511382.262868,NA,"DVRPC",0,"Pain",10010315
3447580,"2010111110001106","10001106",2010,"MERCER","Trenton City","2010-01-22","Friday","January","08:00:00",1,"TRENTON PD","SOUTH DISTRICT",0,0,1,0,0,"Injury","At Intersection","No","No","Right Angle",2,"S CLINTON AVE","NULL",NA,"","11031969",2.74,"Municipal","Straight and Level","Blacktop","Dry","Daylight","Clear","None","None",NA,"At","NULL","ROEBLING AVE","NULL","","NULL",NA,NA,40.2086,-74.74962,"No","","463",422409.34,500999.02,NA,"DVRPC",0,"Pain",10010316
3447581,"2010111110001116","10001116",2010,"MERCER","Trenton City","2010-01-22","Friday","January","11:11:00",1,"TRENTON PD","PATROL/SOUTH",0,0,0,0,0,"Property Damage","Not At Intersection","No","No","Same Direction - Side Swipe",2,"NJ 129","North",129,"","00000129",1.07,"State Highway","Straight and Level","Blacktop","Dry","Daylight","Clear","Curbed Median","None",50,"Foot","South","CR 650 / LALOR ST","NULL","","NULL",40,25,40.19847,-74.75288,"No","","446",421487.82132,497313.292056,NA,"DVRPC",0,"PDO",10010317
3447582,"2010111110001130","10001130",2010,"MERCER","Trenton City","2010-01-22","Friday","January","15:32:00",1,"TRENTON PD","PATROL/WEST",0,0,0,0,0,"Property Damage","At Intersection","No","No","Same Direction - Rear End",3,"NJ 31","East",31,"","00000031",1.15,"County","Straight and Level","Blacktop","Dry","Daylight","Clear","Painted Median","NULL",NA,"At","NULL","CR 634 / PARKWAY AVE","NULL","","NULL",25,25,40.24031,-74.7756,"No","","445",415190.8,512572.94,NA,"DVRPC",0,"PDO",10010318
3447584,"2010111110001134","10001134",2010,"MERCER","Trenton City","2010-01-22","Friday","January","16:46:00",1,"TRENTON PD","TPD",0,0,3,0,0,"Injury","At Intersection","No","No","Right Angle",2,"US 206","South",206,"","00000206",41.06,"Municipal","Straight and Level","Blacktop","Dry","Dusk","Clear","None","None",NA,"At","NULL","DAYTON ST","NULL","","NULL",25,25,40.20314,-74.74092,"No","","618",424834.307522,499002.172311,NA,"DVRPC",0,"Pain",10010320
3447585,"2010111110001144","10001144",2010,"MERCER","Trenton City","2010-01-22","Friday","January","19:14:00",1,"TRENTON PD","PATROL SOUTH",0,0,0,0,0,"Property Damage","Not At Intersection","No","No","Struck Parked Vehicle",2,"US 206","North",206,"","00000206",41.55,"Municipal","Straight and Level","Blacktop","Dry","Dark (Street Lights On/ continuous)","Clear","None","None",25,"Foot","South","BEATTY ST","NULL","","NULL",25,25,40.20657,-74.74902,"No","","499",422574.784626,500260.023969,NA,"DVRPC",0,"PDO",10010321
3447588,"2010111110001169","10001169",2010,"MERCER","Trenton City","2010-01-23","Saturday","January","10:38:00",1,"TRENTON PD","NORTH",0,0,0,0,0,"Property Damage","Not At Intersection","No","No","Struck Parked Vehicle",3,"MERCER COUNTY 606","West",606,"","11000606",1.4,"County","Straight and Level","Blacktop","Dry","Dark (Street Lights On/ continuous)","Clear","None","None",18,"Foot","NULL","S WALTER AVE","NULL","","NULL",25,25,40.21943,-74.73385,"No","","414",426823.459257,504931.142459,NA,"DVRPC",0,"PDO",10010462
3447591,"2010111110001182","10001182",2010,"MERCER","Trenton City","2010-01-23","Saturday","January","15:35:00",1,"TRENTON PD","PATROL-EAST",0,0,0,0,0,"Property Damage","Not At Intersection","No","No","Struck Parked Vehicle",2,"CHESTNUT AVE","South",NA,"","11111537",0.93,"Municipal","Straight and Level","Blacktop","Dry","Daylight","Clear","None","None",15,"Foot","South","CUMMINGS AVE","NULL","","NULL",25,25,40.20891,-74.74563,"No","","436",423524.178012,501109.937964,NA,"DVRPC",0,"PDO",10010465
3447592,"2010111110001184","10001184",2010,"MERCER","Trenton City","2010-01-23","Saturday","January","15:49:00",1,"TRENTON PD","PATROLSOUTH",0,0,1,0,0,"Injury","At Intersection","No","No","Same Direction - Rear End",2,"MERCER COUNTY 626","North",626,"","11000626",0.33,"County","Straight and Level","Blacktop","Dry","Daylight","Clear","None","None",NA,"At","NULL","NJ 33","NULL","","NULL",25,25,40.22043,-74.74546,"No","","499",423582.260036,505305.181367,NA,"DVRPC",0,"Pain",10010466
3447593,"2010111110001188","10001188",2010,"MERCER","Trenton City","2010-01-23","Saturday","January","19:28:00",1,"TRENTON PD","SOUTH",0,0,0,0,0,"Property Damage","At Intersection","No","No","Same Direction - Rear End",2,"CASS ST","North",NA,"","11111527",0.4,"Municipal","Straight and Level","Blacktop","Dry","Dark (Street Lights On/ continuous)","Clear","None","None",NA,"At","NULL","HANCOCK ST","NULL","","NULL",25,NA,40.20621,-74.75319,"No","","596",421410.751413,500131.986559,NA,"DVRPC",0,"PDO",10010467
3447594,"2010111110001190","10001190",2010,"MERCER","Trenton City","2010-01-23","Saturday","January","19:19:00",1,"TRENTON PD","",0,0,0,0,0,"Property Damage","At Intersection","No","No","Same Direction - Rear End",2,"NJ 29","North",29,"","00000029",2.94,"State Highway","Straight and Level","Blacktop","Dry","Dark (Street Lights On/ continuous)","Clear","Curbed Median","None",NA,"At","NULL","CASS ST / THUNDER RD","NULL","","NULL",40,25,40.2056,-74.76077,"No","","618",419292.405095,499914.422494,NA,"DVRPC",0,"PDO",10010468
3447605,"2010111110001269","10001269",2010,"MERCER","Trenton City","2010-01-25","Monday","January","12:35:00",1,"TRENTON PD","PATROL",0,0,0,0,0,"Property Damage","Not At Intersection","No","No","Fixed Object",1,"US 1","North",1,"","00000001",2.18,"State Highway","Straight and Level","Blacktop","Wet","Daylight","Rain","Barrier Median","None",1000,"Foot","South","CR 622","NULL","","NULL",50,25,40.23372,-74.74887,"No","","518",422645.838594,510146.990256,NA,"DVRPC",0,"PDO",10010153
3447606,"2010111110001276","10001276",2010,"MERCER","Trenton City","2010-01-25","Monday","January","14:46:00",1,"TRENTON PD","NORTH/PATROL",0,0,0,0,0,"Property Damage","Not At Intersection","No","No","Fixed Object",1,"US 1","South",1,"","00000001",1.34,"State Highway","Curve and Level","Blacktop","Wet","Daylight","Overcast","Barrier Median","NULL",300,"Foot","NULL","PERRY ST","NULL","","NULL",50,25,40.2249,-74.75894,"No","","517",419824.22,506945.38,NA,"DVRPC",0,"PDO",10010154
3447607,"2010111110001278","10001278",2010,"MERCER","Trenton City","2010-01-25","Monday","January","15:18:00",1,"TRENTON PD","PATROL WEST",0,0,1,0,0,"Injury","At Intersection","No","No","Right Angle",2,"NJ 31","North",31,"","00000031",0.73,"County","Straight and Level","Blacktop","Wet","Daylight","Clear","None","None",NA,"At","NULL","PROSPECT ST","NULL","","NULL",25,25,40.23509,-74.77163,"No","","052",416291.680498,510666.142921,NA,"DVRPC",0,"Pain",10010155
3447608,"2010111110001296","10001296",2010,"MERCER","Trenton City","2010-01-25","Monday","January","21:06:00",1,"TRENTON PD","TRENTON/EAST",0,0,0,0,0,"Property Damage","Not At Intersection","No","No","Struck Parked Vehicle",2,"MERCER COUNTY 606","West",606,"","11000606",1.47,"County","Straight and Level","Blacktop","Wet","Dark (Street Lights On/ continuous)","Clear","Painted Median","None",NA,"NULL","NULL","CR 622","NULL","","NULL",25,25,40.21976,-74.73259,"No","","618",427177.123246,505052.277287,NA,"DVRPC",0,"PDO",10010156
3447610,"2010111110001313","10001313",2010,"MERCER","Trenton City","2010-01-26","Tuesday","January","08:15:00",1,"TRENTON PD","WEST PRECINCT",0,0,2,0,0,"Injury","Not At Intersection","No","No","Same Direction - Rear End",2,"W STATE ST","South",NA,"","11111552",1.35,"Municipal","Curve and Grade","Blacktop","Dry","Daylight","Clear","None","None",150,"Foot","North","FISHER PL","NULL","","NULL",25,25,40.22748,-74.78076,"No","","482",413734.906359,507901.964944,NA,"DVRPC",0,"Pain",10010158
3447611,"2010111110001317","10001317",2010,"MERCER","Trenton City","2010-01-26","Tuesday","January","09:20:00",1,"TRENTON PD","EAST",0,0,0,0,0,"Property Damage","Not At Intersection","No","No","Struck Parked Vehicle",2,"MERCER COUNTY 622","NULL",622,"","11000622",2.54,"County","Straight and Level","Blacktop","Dry","Dark (Street Lights On/ continuous)","Clear","None","None",300,"Foot","North","FARRAGUT AVE","NULL","","NULL",25,25,40.22233,-74.73539,"No","","554",426395.941387,505989.073645,NA,"DVRPC",0,"PDO",10010160
3447614,"2010111110001330","10001330",2010,"MERCER","Trenton City","2010-01-26","Tuesday","January","13:08:00",1,"TRENTON PD","EAST",0,0,0,0,0,"Property Damage","At Intersection","No","No","Same Direction - Rear End",2,"MERCER COUNTY 635","NULL",635,"","11000635",0.94,"County","Straight and Level","Blacktop","Dry","Daylight","Clear","None","None",NA,"At","NULL","MERCER COUNTY 622","NULL","","NULL",25,25,40.22663,-74.73972,"No","","554",425192.286354,507560.27272,NA,"DVRPC",0,"PDO",10010161
3447620,"2010111110001349","10001349",2010,"MERCER","Trenton City","2010-01-26","Tuesday","January","19:05:00",1,"TRENTON PD","EAST DISTRICT",0,0,0,0,0,"Property Damage","Not At Intersection","No","No","Same Direction - Side Swipe",2,"NJ 33","East",33,"","00000033",0.11,"State Highway","Straight and Level","Blacktop","Dry","Dark (Street Lights On/ continuous)","Clear","None","None",NA,"NULL","East","","NULL","","NULL",NA,NA,40.21751,-74.75574,"No","","565",420709.950202,504250.073676,NA,"DVRPC",0,"PDO",10010167
3447621,"2010111110001355","10001355",2010,"MERCER","Trenton City","2010-01-26","Tuesday","January","20:23:00",1,"TRENTON PD","EAST DISTRICT",0,0,2,0,0,"Injury","Not At Intersection","No","No","Same Direction - Rear End",2,"MERCER COUNTY 606","East",606,"","11000606",1.34,"County","Straight and Level","Blacktop","Dry","Dark (Street Lights On/ continuous)","Clear","None","None",NA,"NULL","NULL","CUYLER AVE","NULL","","NULL",25,25,40.21915,-74.73492,"No","","565",426524.517464,504829.118165,NA,"DVRPC",0,"Pain",10010168
3447628,"2010111110001414","10001414",2010,"MERCER","Trenton City","2010-01-27","Wednesday","January","16:37:00",1,"TRENTON PD","NORTH #1",0,0,0,0,0,"Property Damage","At Intersection","No","No","Same Direction - Rear End",2,"MERCER COUNTY 653","East",653,"","11000653",0.2,"County","Straight and Level","Blacktop","Dry","Daylight","Clear","None","None",NA,"At","NULL","SPRING ST","NULL","","NULL",25,25,40.22479,-74.77266,"No","","446",415994,506914.12,NA,"DVRPC",0,"PDO",10020988
3447629,"2010111110001415","10001415",2010,"MERCER","Trenton City","2010-01-27","Wednesday","January","16:34:00",1,"TRENTON PD","PATROL/WEST 3",0,0,2,0,0,"Injury","At Intersection","No","No","Right Angle",2,"MERCER COUNTY 653","NULL",653,"","11000653",0.15,"County","Straight and Level","Blacktop","Dry","Daylight","Clear","None","NULL",NA,"At","NULL","PASSAIC ST","NULL","","NULL",25,25,40.22419,-74.77322,"No","","331",415835.020019,506698.080026,NA,"DVRPC",0,"Pain",10020987
3447630,"2010111110001416","10001416",2010,"MERCER","Trenton City","2010-01-27","Wednesday","January","17:30:00",1,"TRENTON PD","TRENTON",0,0,1,0,0,"Injury","Not At Intersection","No","No","Same Direction - Rear End",3,"US 1","NULL",1,"","00000001",1.34,"State Highway","Straight and Level","Concrete","Dry","Dark (Street Lights On/ continuous)","Clear","Barrier Median","None",NA,"NULL","NULL","PERRY ST","NULL","","NULL",55,NA,40.2249,-74.75894,"Yes","","618",419824.22,506945.38,NA,"DVRPC",0,"Pain",10020986
3447631,"2010111110001418","10001418",2010,"MERCER","Trenton City","2010-01-27","Wednesday","January","17:43:00",1,"TRENTON PD","EAST",0,0,0,0,0,"Property Damage","At Intersection","No","No","Same Direction - Side Swipe",2,"MERCER COUNTY 606","West",606,"","11000606",0.61,"County","Straight and Level","Blacktop","Dry","Dark (Street Lights On/ continuous)","Clear","Painted Median","None",NA,"At","NULL","CHESTNUT AVE","NULL","","NULL",25,25,40.2157,-74.74808,"No","","624",422847.768253,503583.164569,NA,"DVRPC",0,"PDO",10020985
3447632,"2010111110001423","10001423",2010,"MERCER","Trenton City","2010-01-27","Wednesday","January","18:46:00",1,"TRENTON PD","EAST",0,0,0,0,0,"Property Damage","At Intersection","No","No","Same Direction - Side Swipe",2,"MERCER COUNTY 606","East",606,"","11000606",0.42,"County","Straight and Level","Blacktop","Dry","Dark (Street Lights On/ continuous)","Clear","Painted Median","None",NA,"At","NULL","HUDSON ST","NULL","","NULL",25,25,40.21482,-74.75149,"No","","624",421892.455051,503264.307885,NA,"DVRPC",0,"PDO",10020984
3447634,"2010111110001449","10001449",2010,"MERCER","Trenton City","2010-01-28","Thursday","January","08:07:00",1,"TRENTON PD","PATROL WEST",0,0,0,0,0,"Property Damage","Not At Intersection","No","No","Same Direction - Side Swipe",2,"PROSPECT ST","South",NA,"","11111562",0.59,"Municipal","Straight and Level","Blacktop","Dry","Daylight","Clear","None","None",100,"Foot","North","DALE ST","NULL","","NULL",25,25,40.23307,-74.77301,"No","","052",415905.513761,509932.711938,NA,"DVRPC",0,"PDO",10020982
3447635,"2010111110001450","10001450",2010,"MERCER","Trenton City","2010-01-28","Thursday","January","08:29:00",1,"TRENTON PD","PATROL SOUTH",0,0,0,0,0,"Property Damage","Not At Intersection","No","No","Right Angle",2,"CASS ST","West",NA,"","11111527",0.35,"Municipal","Straight and Level","Blacktop","Dry","Daylight","Overcast","None","None",20,"Foot","East","WOOLVERTON AVE","NULL","","NULL",25,25,40.20605,-74.75419,"No","","465",421130.447167,500072.923993,NA,"DVRPC",0,"PDO",10020981
3447636,"2010111110001451","10001451",2010,"MERCER","Trenton City","2010-01-28","Thursday","January","08:41:00",1,"TRENTON PD","NORTH",0,0,0,0,0,"Property Damage","Not At Intersection","No","No","Struck Parked Vehicle",2,"PERRY ST","NULL",NA,"","11111556",0.32,"Municipal","Curve and Level","Blacktop","Icy","Daylight","Clear","None","None",20,"Foot","West","ALLEN ST","NULL","","NULL",25,25,40.22404,-74.75964,"No","","053",419627.8,506631.22,NA,"DVRPC",0,"PDO",10020980
3447637,"2010111110001465","10001465",2010,"MERCER","Trenton City","2010-01-28","Thursday","January","11:41:00",1,"TRENTON PD","PATROL",0,0,0,0,0,"Property Damage","Not At Intersection","No","No","Struck Parked Vehicle",2,"W STATE ST","East",NA,"","11111552",2.21,"Municipal","Straight and Level","Blacktop","Dry","Daylight","Clear","None","None",100,"Foot","East","N WILLOW ST","NULL","","NULL",NA,25,40.22046,-74.76763,"No","","445",417393.551873,505333.643307,NA,"DVRPC",0,"PDO",10020979
3447638,"2010111110001466","10001466",2010,"MERCER","Trenton City","2010-01-28","Thursday","January","12:07:00",1,"TRENTON PD","SOUTH-PATROL",0,0,3,0,0,"Injury","At Intersection","No","No","Right Angle",2,"NJ 129","North",129,"","00000129",2.14,"State Highway","Straight and Level","Blacktop","Dry","Daylight","Clear","Barrier Median","None",NA,"At","NULL","CR 606 / HAMILTON AVE","NULL","","NULL",40,25,40.21399,-74.75647,"No","","465",420501.763748,502966.212691,NA,"DVRPC",0,"Moderate Injury",10020978
3447640,"2010111110001477","10001477",2010,"MERCER","Trenton City","2010-01-28","Thursday","January","14:25:00",1,"TRENTON PD","SOUTH/436",0,0,0,0,0,"Property Damage","Not At Intersection","No","No","Same Direction - Rear End",3,"US 206","South",206,"","00000206",42.11,"Municipal","Straight and Level","Blacktop","Dry","Dusk","Clear","None","NULL",NA,"NULL","NULL","BRIDGE ST","NULL","","NULL",25,25,40.21132,-74.75745,"No","","331",420225.522564,501997.392699,NA,"DVRPC",0,"PDO",10020976
3447642,"2010111110001486","10001486",2010,"MERCER","Trenton City","2010-01-28","Thursday","January","17:15:00",1,"TRENTON PD","225 N CLINTON",0,0,0,0,0,"Property Damage","Not At Intersection","No","No","Same Direction - Rear End",5,"US 1","South",1,"","00000001",0.92,"State Highway","Curve and Hillcrest","Blacktop","Dry","Dusk","Clear","Painted Median","None",90,"Foot","North","MARKET ST","NULL","","NULL",50,35,40.21892,-74.75761,"No","","575",420188.652544,504765.724271,NA,"DVRPC",0,"PDO",10020974
3447644,"2010111110001503","10001503",2010,"MERCER","Trenton City","2010-01-28","Thursday","January","20:40:00",1,"TRENTON PD","225 N CLINTON",0,0,0,0,0,"Property Damage","At Intersection","No","No","Same Direction - Rear End",3,"MERCER COUNTY 606","East",606,"","11000606",0.28,"County","Straight and Level","Concrete","Dry","Dark (Street Lights On/ continuous)","Clear","Painted Median","None",NA,"At","NULL","S CLINTON AVE","NULL","","NULL",25,25,40.21416,-74.75404,"No","","575",421182.158925,503027.772164,NA,"DVRPC",0,"PDO",10020972
3447646,"2010111110001523","10001523",2010,"MERCER","Trenton City","2010-01-29","Friday","January","08:19:00",1,"TRENTON PD","WEST PATROL",0,0,0,0,0,"Property Damage","At Intersection","No","No","Same Direction - Rear End",2,"W HANOVER ST","North",NA,"","11111553",0,"Municipal","Straight and Level","Blacktop","Dry","Daylight","Clear","None","None",NA,"At","NULL","PROSPECT ST","NULL","","NULL",25,25,40.22655,-74.77807,"No","","413",414483.93,507559.7,NA,"DVRPC",0,"PDO",10020970
3447647,"2010111110001539","10001539",2010,"MERCER","Trenton City","2010-01-29","Friday","January","12:23:00",1,"TRENTON PD","NORTH",0,0,2,0,0,"Injury","At Intersection","No","No","Same Direction - Rear End",2,"NEW YORK AVE","North",NA,"","11111545",0.3,"Municipal","Straight and Level","Blacktop","Dry","Daylight","Clear","None","None",NA,"At","NULL","N OLDEN AVE","NULL","","NULL",25,25,40.2364,-74.74738,"No","","389",423062.74,511124.03,NA,"DVRPC",0,"Pain",10020969