"ID","DOT_WEB_ID","CASE_NUMBER","CRASH_YEAR","COUNTY","MUNICIPALITY","CRASH_DATE","CRASH_DAY_OF_WEEK","CRASH_MONTH","CRASH_TIME","POLICE_DEPT_CODE","POLICE_DEPARTMENT","POLICE_STATION","TOTAL_KILLED","TOTAL_INCAPACITATED","TOTAL_INJURED","PEDESTRIANS_KILLED","PEDESTRIANS_INJURED","SEVERITY","INTERSECTION","ALCOHOL_INVOLVED","HAZMAT_INVOLVED","CRASH_TYPE","TOTAL_VEHICLES_INVOLVED","CRASH_LOCATION","LOCATION_DIRECTION","ROUTE","ROUTE_SUFFIX","SRI","MILEPOST","ROAD_SYSTEM","ROAD_CHARACTER","ROAD_SURFACE_TYPE","SURFACE_CONDITION","LIGHT_CONDITION","ENVIRONMENTAL_CONDITION","ROAD_DIVIDED_BY","TEMP_TRAFFIC_CONTROL_ZONE","DISTANCE_TO_CROSS_STREET","UNIT_OF_MEASUREMENT","DIRECTION_FROM_CROSS_STREET","CROSS_STREET_NAME","IS_RAMP","RAMP_TO_FROM_ROUTE_NAME","RAMP_TO_FROM_ROUTE_DIRECTION","POSTED_SPEED","POSTED_SPEED_CROSS_STREET","LATITUDE","LONGITUDE","CELL_PHONE_IN_USE","OTHER_PROPERTY_DAMAGE","REPORTING_BADGE_NO","X","Y","CRASH_NARRATIVE","MPO","TOTAL_PEDESTRIANS_INVOLVED","EPDO","DLN"
3447648,"2010111110001550","10001550",2010,"MERCER","Trenton City","2010-01-29","Friday","January","15:36:00",1,"TRENTON PD","NORTH-PATROL",0,0,0,0,0,"Property Damage","Not At Intersection","No","No","Same Direction - Side Swipe",2,"MERCER COUNTY 622","South",622,"","11000622",4.1,"County","Straight and Level","Blacktop","Dry","Daylight","Clear","None","None",50,"Foot","South","PRINCETON AVE/US 206","NULL","","NULL",25,25,40.24012,-74.75201,"No","","518",421775.07,512481.89,NA,"DVRPC",0,"PDO",10020968
3447649,"2010111110001551","10001551",2010,"MERCER","Trenton City","2010-01-29","Friday","January","15:26:00",1,"TRENTON PD","SOUTH DISTRICT",0,0,0,0,0,"Property Damage","Not At Intersection","No","No","Same Direction - Rear End",2,"HUDSON ST","NULL",NA,"","11111536",0.11,"Municipal","Straight and Level","Blacktop","Dry","Daylight","Clear","None","None",60,"Foot","North","S BROAD ST","NULL","","NULL",25,25,40.2077,-74.75193,"No","","463",421762.526002,500673.722003,NA,"DVRPC",0,"PDO",10020967
3447650,"2010111110001553","10001553",2010,"MERCER","Trenton City","2010-01-29","Friday","January","15:45:00",1,"TRENTON PD","PATROL/EAST",0,0,0,0,0,"Property Damage","At Intersection","No","No","Left Turn / U Turn",2,"MERCER COUNTY 606","West",606,"","11000606",0.9,"County","Straight and Level","Blacktop","Dry","Daylight","Clear","None","None",NA,"At","NULL","CR 626/CHAMBER STREET","NULL","","NULL",25,25,40.21706,-74.74285,"No","NONE","498",424309.501697,504075.033595,NA,"DVRPC",0,"PDO",10020966
3447651,"2010111110001554","10001554",2010,"MERCER","Trenton City","2010-01-29","Friday","January","15:49:00",1,"TRENTON PD","WEST",0,0,0,0,0,"Property Damage","At Intersection","No","No","Left Turn / U Turn",2,"MERCER COUNTY 653","West",653,"","11000653",0.36,"County","Straight and Level","Blacktop","Dry","Daylight","Clear","None","None",NA,"At","NULL","BERNARD ST","NULL","","NULL",25,25,40.22666,-74.77084,"No","","414",416503.867143,507594.247158,NA,"DVRPC",0,"PDO",10020965
3447652,"2010111110001555","10001555",2010,"MERCER","Trenton City","2010-01-29","Friday","January","15:57:00",1,"TRENTON PD","NORTH-PATROL",0,0,0,0,0,"Property Damage","At Intersection","No","No","Same Direction - Side Swipe",2,"MERCER COUNTY 622","NULL",622,"","11000622",3.78,"County","Straight and Level","Blacktop","Dry","Daylight","Clear","None","None",NA,"At","NULL","PENNSYLVANIA AVE","NULL","","NULL",25,25,40.23708,-74.74799,"No","","518",422893.81,511372.5,NA,"DVRPC",0,"PDO",10020964
3447653,"2010111110001557","10001557",2010,"MERCER","Trenton City","2010-01-29","Friday","January","16:03:00",1,"TRENTON PD","WEST",0,0,1,0,0,"Injury","At Intersection","No","No","Opposite Direction - Head On/Angular",2,"MERCER COUNTY 653","North",653,"","11000653",0,"County","Straight and Grade","Blacktop","Dry","Daylight","Clear","None","None",NA,"At","NULL","W STATE ST","NULL","","NULL",25,25,40.2224,-74.77485,"No","","555",415379.69,506046.67,NA,"DVRPC",0,"Pain",10020963
3447654,"2010111110001561","10001561",2010,"MERCER","Trenton City","2010-01-29","Friday","January","17:51:00",1,"TRENTON PD","PATROL-SOUTH",0,0,0,0,0,"Property Damage","At Intersection","No","No","Right Angle",2,"BRIDGE ST","East",NA,"","11111535",0.1,"Municipal","Straight and Grade","Blacktop","Dry","Dark (Street Lights On/ continuous)","Clear","None","None",NA,"At","NULL","FERRY ST","NULL","","NULL",25,25,40.21108,-74.76231,"No","","164",418867.050009,501911.28182,NA,"DVRPC",0,"PDO",10020962
3447657,"2010111110001583","10001583",2010,"MERCER","Trenton City","2010-01-30","Saturday","January","00:43:00",1,"TRENTON PD","NORTH",0,0,0,0,0,"Property Damage","At Intersection","No","No","Fixed Object",1,"US 206","North",206,"","00000206",43.16,"Municipal","Straight and Level","Blacktop","Dry","Dark (Street Lights On/ continuous)","Clear","Curbed Median","None",NA,"At","NULL","MONUMENT PL","NULL","","NULL",25,NA,40.22477,-74.76451,"No","","617",418269.451501,506902.617502,NA,"DVRPC",0,"PDO",10020959
3447660,"2010111110001600","10001600",2010,"MERCER","Trenton City","2010-01-30","Saturday","January","14:10:00",1,"TRENTON PD","PATROL",0,0,0,0,0,"Property Damage","At Intersection","No","No","Left Turn / U Turn",2,"BELLEVUE AVE","NULL",NA,"","11111560",0.8,"Municipal","Straight and Level","Blacktop","Dry","Daylight","Clear","None","None",NA,"At","NULL","PROSPECT ST","NULL","","NULL",25,25,40.22867,-74.77574,"No","","135",415137.03,508329.7,NA,"DVRPC",0,"PDO",10020956
3447661,"2010111110001601","10001601",2010,"MERCER","Trenton City","2010-01-30","Saturday","January","14:49:00",1,"TRENTON PD","SOUTH#1",0,0,0,0,0,"Property Damage","Not At Intersection","No","No","Same Direction - Side Swipe",2,"MERCER COUNTY 606","North",606,"","11000606",0.14,"County","Straight and Level","Blacktop","Dry","Daylight","Clear","None","None",NA,"NULL","North","NJ 129","NULL","","NULL",50,50,40.21353,-74.75652,"No","","446",420487.95,502799.99,NA,"DVRPC",0,"PDO",10020955
3447663,"2010111110001611","10001611",2010,"MERCER","Trenton City","2010-01-30","Saturday","January","18:20:00",1,"TRENTON PD","NORTH",0,0,1,0,0,"Injury","Not At Intersection","No","No","Same Direction - Side Swipe",2,"US 1","South",1,"","00000001",1.29,"State Highway","Curve and Level","Blacktop","Snowy","Dark (Street Lights On/ continuous)","Snow","Barrier Median","None",250,"Foot","South","PERRY ST","NULL","","NULL",50,25,40.22422,-74.7588,"No","","603",419862.5,506694.87,NA,"DVRPC",0,"Pain",10020953
3447664,"2010111110001612","10001612",2010,"MERCER","Trenton City","2010-01-30","Saturday","January","19:01:00",1,"TRENTON PD","WEST",0,0,0,0,0,"Property Damage","At Intersection","No","No","Opposite Direction - Side Swipe",2,"W STATE ST","North",NA,"","11111552",1.48,"Municipal","Straight and Level","Blacktop","Snowy","Dark (Street Lights On/ continuous)","Snow","None","None",NA,"At","North","PROSPECT ST","NULL","","NULL",NA,25,40.2263,-74.77878,"No","","596",414285.76,507469.81,NA,"DVRPC",0,"PDO",10020952
3447665,"2010111110001613","10001613",2010,"MERCER","Trenton City","2010-01-30","Saturday","January","19:03:00",1,"TRENTON PD","EAST",0,0,0,0,0,"Property Damage","Not At Intersection","No","No","Struck Parked Vehicle",2,"ROEBLING AVE","West",NA,"","11111538",0.39,"Municipal","Straight and Level","Blacktop","Snowy","Dark (Street Lights On/ continuous)","Snow","None","None",40,"Foot","East","CHESTNUT AVE","NULL","","NULL",25,25,40.21086,-74.74672,"No","","445",423220.630418,501819.043815,NA,"DVRPC",0,"PDO",10020951
3447667,"2010111110001619","10001619",2010,"MERCER","Trenton City","2010-01-30","Saturday","January","21:09:00",1,"TRENTON PD","SOUTH#3",0,0,0,0,0,"Property Damage","Not At Intersection","No","No","Opposite Direction - Side Swipe",5,"SECOND ST","South",NA,"","11111529",0.68,"Municipal","Straight and Level","Blacktop","Snowy","Dark (Street Lights On/ continuous)","Snow","None","None",NA,"NULL","South","LANDING","NULL","","NULL",25,25,40.20288,-74.75629,"No","","446",420539.48,498919.7,NA,"DVRPC",0,"PDO",10021115
3447668,"2010111110001630","10001630",2010,"MERCER","Trenton City","2010-01-31","Sunday","January","03:46:00",1,"TRENTON PD","TRENTON",0,0,0,0,0,"Property Damage","Not At Intersection","No","No","Fixed Object",1,"MERCER COUNTY 606","North",606,"","11000606",0.7,"County","Straight and Level","Blacktop","Snowy","Dark (Street LIghts On/ spot)","Clear","Painted Median","None",NA,"NULL","NULL","DIVISION ST","NULL","","NULL",25,NA,40.21612,-74.74645,"No","LIGHT POLE # PS","617",423301.154225,503734.824266,NA,"DVRPC",0,"PDO",10021113
3447669,"2010111110001641","10001641",2010,"MERCER","Trenton City","2010-01-31","Sunday","January","14:27:00",1,"TRENTON PD","PATROL",0,0,0,0,0,"Property Damage","Not At Intersection","No","No","Same Direction - Side Swipe",2,"NJ 129","North",129,"","00000129",2.08,"State Highway","Straight and Level","Blacktop","Dry","Daylight","Clear","Grass Median","None",300,"Foot","South","CR 606 / HAMILTON AVE","NULL","","NULL",40,25,40.21312,-74.75627,"No","","246",420556.300582,502651.004016,NA,"DVRPC",0,"PDO",10021112
3447674,"2010111110001664","10001664",2010,"MERCER","Trenton City","2010-02-01","Monday","February","09:02:00",1,"TRENTON PD","TRENTON",0,0,0,0,0,"Property Damage","At Intersection","No","No","Right Angle",2,"FEDERAL ST","NULL",NA,"","11111532",0.14,"Municipal","Straight and Level","Concrete","Dry","Daylight","Clear","None","None",NA,"At","NULL","LAMBERTON ST","NULL","","NULL",25,25,40.2081,-74.75984,"No","","597",419555.060252,500824.115501,NA,"DVRPC",0,"PDO",10021106
3447675,"2010111110001668","10001668",2010,"MERCER","Trenton City","2010-02-01","Monday","February","09:58:00",1,"TRENTON PD","PATROL-NORTH",0,0,1,0,1,"Injury","At Intersection","No","No","Pedestrian",1,"PERRY ST","East",NA,"","11111556",0.17,"Municipal","Straight and Level","Blacktop","Dry","Daylight","Clear","None","None",NA,"At","NULL","N MONTGOMERY ST","NULL","","NULL",25,25,40.22328,-74.76236,"No","","398",418867.632866,506357.159289,NA,"DVRPC",1,"Pain",10021105
3447678,"2010111110001699","10001699",2010,"MERCER","Trenton City","2010-02-02","Tuesday","February","07:46:00",1,"TRENTON PD","PATROL/WEST",0,0,4,0,0,"Injury","At Intersection","No","No","Same Direction - Rear End",4,"NJ 29","North",29,"","00000029",5.9,"State Highway","Straight and Level","Blacktop","Dry","Daylight","Overcast","Curbed Median","None",NA,"At","NULL","LEE AVENUE / MT VERNON AVE","NULL","","NULL",40,40,40.235,-74.79929,"No","","498",408571.278018,510659.635125,NA,"DVRPC",0,"Pain",10021116
3447680,"2010111110001704","10001704",2010,"MERCER","Trenton City","2010-02-02","Tuesday","February","11:21:00",1,"TRENTON PD","SOUTH-PATROL",0,0,0,0,0,"Property Damage","Not At Intersection","No","No","Same Direction - Side Swipe",2,"CASS ST","East",NA,"","11111527",0.31,"Municipal","Straight and Level","Blacktop","Dry","Daylight","Clear","Painted Median","NULL",50,"Foot","East","NJ 129 N","NULL","","NULL",25,40,40.20592,-74.75498,"No","","465",420908.906167,500026.285644,NA,"DVRPC",0,"PDO",10021143
3447687,"2010111110001742","10001742",2010,"MERCER","Trenton City","2010-02-03","Wednesday","February","09:22:00",1,"TRENTON PD","EAST PATROL",0,0,1,0,0,"Injury","At Intersection","No","No","Right Angle",2,"HUDSON ST","South",NA,"","11111536",0,"Municipal","Straight and Level","Blacktop","Snowy","Daylight","Snow","Painted Median","None",NA,"At","NULL","NJ 33","NULL","","NULL",25,25,40.20914,-74.75093,"No","","542",422044.62,501198.23,NA,"DVRPC",0,"Pain",10021135
3447688,"2010111110001749","10001749",2010,"MERCER","Trenton City","2010-02-03","Wednesday","February","11:16:00",1,"TRENTON PD","PATROL/WEST 1",0,0,1,0,0,"Injury","At Intersection","No","No","Right Angle",2,"MERCER COUNTY 636","East",636,"","11000636",0.46,"County","Straight and Grade","Blacktop","Wet","Daylight","Overcast","None","NULL",NA,"At","NULL","STUYVESANT AVE","NULL","","NULL",25,25,40.23706,-74.7852,"No","","331",412505.406692,511396.280034,NA,"DVRPC",0,"Pain",10021134
3447689,"2010111110001750","10001750",2010,"MERCER","Trenton City","2010-02-03","Wednesday","February","11:37:00",1,"TRENTON PD","PATROL SOUTH",0,0,0,0,0,"Property Damage","Not At Intersection","No","No","Same Direction - Rear End",2,"MERCER COUNTY 650","West",650,"","11000650",0.41,"County","Straight and Level","Blacktop","Wet","Daylight","Clear","None","None",20,"Foot","West","JERSEY ST","NULL","","NULL",25,25,40.19873,-74.75001,"No","","465",422291.29644,497402.980622,NA,"DVRPC",0,"PDO",10032750
3447690,"2010111110001753","10001753",2010,"MERCER","Trenton City","2010-02-03","Wednesday","February","12:24:00",1,"TRENTON PD","NORTH",0,0,0,0,0,"Property Damage","Not At Intersection","No","No","Same Direction - Side Swipe",2,"N WILLOW ST","North",NA,"","11111555",0.42,"Municipal","Straight and Level","Blacktop","Dry","Daylight","Clear","None","None",NA,"NULL","NULL","W HANOVER ST","NULL","","NULL",25,25,40.22186,-74.76817,"No","","053",417242.71,505843.44,NA,"DVRPC",0,"PDO",10021133
3447694,"2010111110001766","10001766",2010,"MERCER","Trenton City","2010-02-03","Wednesday","February","17:05:00",1,"TRENTON PD","SOUTH",0,0,0,0,0,"Property Damage","At Intersection","No","No","Right Angle",2,"LIBERTY ST","East",NA,"","11112004",0.44,"Municipal","Straight and Level","Blacktop","Dry","Daylight","Clear","None","NULL",NA,"At","NULL","GENESEE ST","NULL","","NULL",25,25,40.20449,-74.74209,"No","","596",424509.782602,499497.683902,NA,"DVRPC",0,"PDO",10021129
3447697,"2010111110001797","10001797",2010,"MERCER","Trenton City","2010-02-04","Thursday","February","07:41:00",1,"TRENTON PD","PATROL SOUTH",0,0,0,0,0,"Property Damage","At Intersection","No","No","Same Direction - Side Swipe",2,"CASS ST","East",NA,"","11111527",0.04,"Municipal","Straight and Grade","Blacktop","Dry","Daylight","Clear","Barrier Median","None",NA,"At","NULL","LAMBERTON ST","NULL","","NULL",25,25,40.205,-74.7604,"No","","494",419394.05,499697.97,NA,"DVRPC",0,"PDO",10021127
3447698,"2010111110001799","10001799",2010,"MERCER","Trenton City","2010-02-04","Thursday","February","08:31:00",1,"TRENTON PD","PATROL---SOUTH",0,0,0,0,0,"Property Damage","Not At Intersection","No","No","Same Direction - Rear End",2,"NJ 129","North",129,"","00000129",2.34,"State Highway","Straight and Level","Blacktop","Dry","Daylight","Clear","Barrier Median","None",70,"Foot","South","US 1","NULL","","NULL",35,45,40.21689,-74.75716,"No","","164",420311.105377,504024.554178,NA,"DVRPC",0,"PDO",10021126
3447699,"2010111110001802","10001802",2010,"MERCER","Trenton City","2010-02-04","Thursday","February","09:26:00",1,"TRENTON PD","PATROL",0,0,0,0,0,"Property Damage","Not At Intersection","No","No","Same Direction - Rear End",2,"NJ 29","South",29,"","00000029",3.63,"State Highway","Straight and Level","Blacktop","Dry","Daylight","Clear","Barrier Median","None",NA,"NULL","NULL","MARKET ST","NULL","","NULL",NA,NA,40.2136,-74.76765,"No","","445",417380.766152,502834.235863,NA,"DVRPC",0,"PDO",10021125
3447701,"2010111110001806","10001806",2010,"MERCER","Trenton City","2010-02-04","Thursday","February","11:12:00",1,"TRENTON PD","EAST PATROL",0,0,0,0,0,"Property Damage","Not At Intersection","No","No","Same Direction - Rear End",2,"MERCER COUNTY 626","South",626,"","11000626",1.16,"County","Straight and Level","Blacktop","Dry","Daylight","Clear","Painted Median","None",50,"Foot","North","LIBERTY ST","NULL","","NULL",25,25,40.20971,-74.73742,"No","","542",425816.53,501394.27,NA,"DVRPC",0,"PDO",10021123
3447703,"2010111110001817","10001817",2010,"MERCER","Trenton City","2010-02-04","Thursday","February","14:30:00",1,"TRENTON PD","PATROL----SOUTH",0,0,0,0,0,"Property Damage","Not At Intersection","No","No","Same Direction - Side Swipe",2,"NJ 29","North",29,"","00000029",3.61,"State Highway","Curve and Grade","Blacktop","Dry","Daylight","Clear","Barrier Median","None",100,"Foot","South","MARKET ST","NULL","","NULL",45,25,40.21333,-74.76751,"No","","164",417418.354403,502735.485721,NA,"DVRPC",0,"PDO",10021121
3447706,"2010111110001832","10001832",2010,"MERCER","Trenton City","2010-02-04","Thursday","February","17:39:00",1,"TRENTON PD","EAST",0,0,1,0,0,"Injury","At Intersection","No","No","Left Turn / U Turn",2,"MERCER COUNTY 626","South",626,"","11000626",1.15,"County","Straight and Level","Blacktop","Dry","Dark (Street Lights On/ continuous)","Clear","Painted Median","None",NA,"At","NULL","LIBERTY ST","NULL","","NULL",25,25,40.20985,-74.73752,"No","","624",425788.98,501444.24,NA,"DVRPC",0,"Moderate Injury",10021118
3447714,"2010111110001893","10001893",2010,"MERCER","Trenton City","2010-02-05","Friday","February","15:37:00",1,"TRENTON PD","EAST",0,0,0,0,0,"Property Damage","At Intersection","No","No","Right Angle",2,"CHESTNUT AVE","NULL",NA,"","11111537",0.61,"Municipal","Straight and Level","Blacktop","Dry","Daylight","Clear","None","None",NA,"At","NULL","ELMER ST","NULL","","NULL",NA,25,40.21336,-74.74732,"No","","466",423057.22,502731.82,NA,"DVRPC",0,"PDO",10027848
3447723,"2010111110001928","10001928",2010,"MERCER","Trenton City","2010-02-06","Saturday","February","10:15:00",1,"TRENTON PD","NORTH",0,0,1,0,0,"Injury","Not At Intersection","No","No","Fixed Object",1,"MULBERRY ST","West",NA,"","11111546",0.56,"Municipal","Curve and Grade","Blacktop","Snowy","Daylight","Snow","None","None",NA,"NULL","NULL","ST JOES AVE","NULL","","NULL",25,NA,40.23597,-74.73887,"No","","414",425438.92,510959.75,NA,"DVRPC",0,"Moderate Injury",10027858
3447727,"2010111110001940","10001940",2010,"MERCER","Trenton City","2010-02-06","Saturday","February","20:26:00",1,"TRENTON PD","SOUTH PRECINCT",0,0,0,0,0,"Property Damage","Not At Intersection","No","No","Fixed Object",1,"NJ 29","South",29,"","00000029",3.65,"State Highway","Curve and Grade","Blacktop","Icy","Dark (Street Lights On/ continuous)","Snow","None","None",80,"Foot","North","MARKET ST","NULL","","NULL",50,25,40.21387,-74.76779,"No","","482",417341.584715,502933.833675,NA,"DVRPC",0,"PDO",10027862
3447730,"2010111110001954","10001954",2010,"MERCER","Trenton City","2010-02-07","Sunday","February","07:48:00",1,"TRENTON PD","WEST PATROL",0,0,0,0,0,"Property Damage","At Intersection","No","No","Same Direction - Rear End",2,"W STATE ST","East",NA,"","11111552",0.68,"Municipal","Straight and Level","Blacktop","Icy","Daylight","Clear","None","None",NA,"At","NULL","PARKSIDE AVE","NULL","","NULL",25,25,40.23265,-74.79168,"No","","413",410691.835508,509795.138311,NA,"DVRPC",0,"PDO",10029924
3447734,"2010111110001967","10001967",2010,"MERCER","Trenton City","2010-02-07","Sunday","February","17:16:00",1,"TRENTON PD","EAST",0,0,0,0,0,"Property Damage","Not At Intersection","No","No","Struck Parked Vehicle",2,"ROEBLING AVE","South",NA,"","11111538",0.29,"Municipal","Straight and Level","Blacktop","Icy","Dusk","Clear","None","None",NA,"NULL","NULL","DIVISION ST","NULL","","NULL",25,25,40.21128,-74.7449,"No","","445",423730.012901,501972.15287,NA,"DVRPC",0,"PDO",10030934
3447735,"2010111110001970","10001970",2010,"MERCER","Trenton City","2010-02-07","Sunday","February","20:10:00",1,"TRENTON PD","SOUTH/PATROL",0,0,0,0,0,"Property Damage","Not At Intersection","No","No","Struck Parked Vehicle",2,"LIBERTY ST","North",NA,"","11112004",0.11,"Municipal","Straight and Level","Blacktop","Snowy","Dark (Street Lights On/ continuous)","Clear","None","None",NA,"NULL","NULL","DEKLYN AVE","NULL","","NULL",25,25,40.20052,-74.74553,"No","","499",423543.253332,498051.559997,NA,"DVRPC",0,"PDO",10032751
3447738,"2010111110001986","10001986",2010,"MERCER","Trenton City","2010-02-08","Monday","February","08:21:00",1,"TRENTON PD","PATROL-EAST",0,0,1,0,0,"Injury","Not At Intersection","No","No","Same Direction - Rear End",2,"MERCER COUNTY 606","West",606,"","11000606",0.48,"County","Straight and Level","Blacktop","Slush","Daylight","Clear","None","None",10,"Foot","East","BENTON ST","NULL","","NULL",25,25,40.21509,-74.75042,"No","","436",422193.941484,503365.178443,NA,"DVRPC",0,"Pain",10030936
3447739,"2010111110001987","10001987",2010,"MERCER","Trenton City","2010-02-08","Monday","February","09:10:00",1,"TRENTON PD","EAST DISTRICT",0,0,0,0,0,"Property Damage","Not At Intersection","No","No","Struck Parked Vehicle",2,"MERCER COUNTY 622","North",622,"","11000622",4.1,"County","Straight and Level","Blacktop","Wet","Dark (Street Lights On/ continuous)","Clear","None","None",NA,"NULL","NULL","","NULL","","NULL",25,NA,40.24012,-74.75201,"No","","137",421775.07,512481.89,NA,"DVRPC",0,"PDO",10027864
3447741,"2010111110001994","10001994",2010,"MERCER","Trenton City","2010-02-08","Monday","February","10:49:00",1,"TRENTON PD","EAST DISTRICT",0,0,0,0,0,"Property Damage","At Intersection","No","No","Same Direction - Rear End",2,"MERCER COUNTY 622","South",622,"","11000622",2.66,"County","Straight and Level","Blacktop","Wet","Daylight","NULL","None","None",NA,"At","NULL","NJ 33","NULL","","NULL",25,25,40.22369,-74.73675,"No","","137",426019.129727,506486.908691,NA,"DVRPC",0,"PDO",10027866
3447742,"2010111110001995","10001995",2010,"MERCER","Trenton City","2010-02-08","Monday","February","11:02:00",1,"TRENTON PD","SOUTH PATROL",0,0,2,0,0,"Injury","At Intersection","No","No","Right Angle",2,"NJ 129","West",129,"","00000129",1.61,"State Highway","Straight and Level","Blacktop","Dry","Daylight","Clear","Curbed Median","None",NA,"At","NULL","CASS ST","NULL","","NULL",40,25,40.20631,-74.75467,"No","","463",420997.20784,500170.371322,NA,"DVRPC",0,"Pain",10027867
3447743,"2010111110001998","10001998",2010,"MERCER","Trenton City","2010-02-08","Monday","February","12:42:00",1,"TRENTON PD","SOUTH",0,0,0,0,0,"Property Damage","Not At Intersection","No","No","Same Direction - Rear End",2,"NJ 129","NULL",129,"","00000129",2.35,"State Highway","Straight and Level","Concrete","Icy","Daylight","Clear","Barrier Median","None",NA,"NULL","NULL","US 1","NULL","","NULL",35,55,40.21704,-74.7572,"No","","517",420302.733659,504078.61672,NA,"DVRPC",0,"PDO",10027868
3447748,"2010111110002024","10002024",2010,"MERCER","Trenton City","2010-02-08","Monday","February","16:24:00",1,"TRENTON PD","EAST DISTRICT",0,0,0,0,0,"Property Damage","At Intersection","No","No","Right Angle",2,"MERCER COUNTY 626","South",626,"","11000626",0.18,"County","Straight and Level","Blacktop","Dry","Daylight","Clear","Painted Median","None",NA,"At","NULL","WALNUT AVE","NULL","","NULL",25,25,40.22236,-74.74695,"No","","137",423169.552686,506009.3013,NA,"DVRPC",0,"PDO",10032752
3447749,"2010111110002025","10002025",2010,"MERCER","Trenton City","2010-02-08","Monday","February","16:40:00",1,"TRENTON PD","PATROL-SOUTH",0,0,0,0,0,"Property Damage","At Intersection","No","No","Same Direction - Rear End",2,"US 206","South",206,"","00000206",41.15,"Municipal","Straight and Level","Blacktop","Wet","Daylight","Clear","Painted Median","None",NA,"At","NULL","LIBERTY ST","NULL","","NULL",25,25,40.20379,-74.74241,"No","","618",424418.7,499240.1,NA,"DVRPC",0,"PDO",10027873
3447750,"2010111110002027","10002027",2010,"MERCER","Trenton City","2010-02-08","Monday","February","07:39:00",1,"TRENTON PD","PATROL/EAST",0,0,0,0,0,"Property Damage","At Intersection","No","No","Right Angle",2,"MERCER COUNTY 606","NULL",606,"","11000606",1.14,"County","Straight and Level","Blacktop","Wet","Dusk","Clear","None","None",NA,"At","NULL","QUINTON AVE","NULL","","NULL",25,25,40.2182,-74.73853,"No","","498",425515.030364,504486.92215,NA,"DVRPC",0,"PDO",10027874
3447751,"2010111110002029","10002029",2010,"MERCER","Trenton City","2010-02-08","Monday","February","17:39:00",1,"TRENTON PD","TRENTON",0,0,0,0,0,"Property Damage","At Intersection","No","No","Struck Parked Vehicle",2,"GRAND ST","NULL",NA,"","11111534",0.76,"Municipal","Straight and Level","Blacktop","Icy","Dark (Street Lights On/ continuous)","Clear","None","None",NA,"At","NULL","REMSEN ST","NULL","","NULL",25,25,40.20089,-74.73957,"No","","608",425207.93,498181.45,NA,"DVRPC",0,"PDO",10027800
3447755,"2010111110002061","10002061",2010,"MERCER","Trenton City","2010-02-09","Tuesday","February","11:59:00",1,"TRENTON PD","PATROL/SOUTH",0,0,0,0,0,"Property Damage","At Intersection","No","No","Right Angle",2,"LIBERTY ST","South",NA,"","11112004",0.38,"Municipal","Straight and Level","Blacktop","Dry","Daylight","Clear","None","None",NA,"At","NULL","S BROAD ST","NULL","","NULL",25,25,40.20377,-74.74271,"No","","446",424335.372487,499235.904979,NA,"DVRPC",0,"PDO",10027803
3447759,"2010111110002095","10002095",2010,"MERCER","Trenton City","2010-02-09","Tuesday","February","22:51:00",1,"TRENTON PD","PATROL/EAST",0,0,0,0,0,"Property Damage","Not At Intersection","No","No","Fixed Object",1,"NJ 33","South",33,"","00000033",0.11,"State Highway","Straight and Level","Blacktop","Snowy","Dark (Street Lights On/ continuous)","Snow","None","None",NA,"NULL","NULL","","NULL","","NULL",10,NA,40.21751,-74.75574,"No","SHELL MINI MART & GAS GAS PUMP 800 GREENWOOD AVE TRENTON NJ 08609","617",420709.950202,504250.073676,NA,"DVRPC",0,"PDO",10027808
3447765,"2010111110002117","10002117",2010,"MERCER","Trenton City","2010-02-10","Wednesday","February","14:16:00",1,"TRENTON PD","PATROL",0,0,0,0,0,"Property Damage","Not At Intersection","No","No","Fixed Object",1,"US 1","South",1,"","00000001",1.34,"State Highway","Straight and Level","Blacktop","Slush","Daylight","Snow","Barrier Median","None",NA,"NULL","NULL","PERRY ST","NULL","","NULL",NA,NA,40.2249,-74.75894,"No","","619",419824.22,506945.38,NA,"DVRPC",0,"PDO",10027813
3447768,"2010111110002129","10002129",2010,"MERCER","Trenton City","2010-02-11","Thursday","February","07:53:00",1,"TRENTON PD","SOUTH/436",0,0,0,0,0,"Property Damage","At Intersection","No","No","Right Angle",2,"GRAND ST","South",NA,"","11111534",0.12,"Municipal","Straight and Level","Blacktop","Icy","Daylight","Snow","None","None",NA,"At","NULL","BEATTY ST","NULL","","NULL",25,25,40.20545,-74.75019,"No","","331",422248.4,499852.42,NA,"DVRPC",0,"PDO",10027816