"ID","DOT_WEB_ID","CASE_NUMBER","CRASH_YEAR","COUNTY","MUNICIPALITY","CRASH_DATE","CRASH_DAY_OF_WEEK","CRASH_MONTH","CRASH_TIME","POLICE_DEPT_CODE","POLICE_DEPARTMENT","POLICE_STATION","TOTAL_KILLED","TOTAL_INCAPACITATED","TOTAL_INJURED","PEDESTRIANS_KILLED","PEDESTRIANS_INJURED","SEVERITY","INTERSECTION","ALCOHOL_INVOLVED","HAZMAT_INVOLVED","CRASH_TYPE","TOTAL_VEHICLES_INVOLVED","CRASH_LOCATION","LOCATION_DIRECTION","ROUTE","ROUTE_SUFFIX","SRI","MILEPOST","ROAD_SYSTEM","ROAD_CHARACTER","ROAD_SURFACE_TYPE","SURFACE_CONDITION","LIGHT_CONDITION","ENVIRONMENTAL_CONDITION","ROAD_DIVIDED_BY","TEMP_TRAFFIC_CONTROL_ZONE","DISTANCE_TO_CROSS_STREET","UNIT_OF_MEASUREMENT","DIRECTION_FROM_CROSS_STREET","CROSS_STREET_NAME","IS_RAMP","RAMP_TO_FROM_ROUTE_NAME","RAMP_TO_FROM_ROUTE_DIRECTION","POSTED_SPEED","POSTED_SPEED_CROSS_STREET","LATITUDE","LONGITUDE","CELL_PHONE_IN_USE","OTHER_PROPERTY_DAMAGE","REPORTING_BADGE_NO","X","Y","CRASH_NARRATIVE","MPO","TOTAL_PEDESTRIANS_INVOLVED","EPDO","DLN"
3447769,"2010111110002137","10002137",2010,"MERCER","Trenton City","2010-02-11","Thursday","February","10:16:00",1,"TRENTON PD","PATROL/NORTH",0,0,0,0,0,"Property Damage","At Intersection","No","No","Struck Parked Vehicle",2,"N STOCKTON ST","NULL",NA,"","11111549",0.03,"Municipal","Straight and Level","Blacktop","Icy","Daylight","Clear","None","None",NA,"At","NULL","OLIVE ST","NULL","","NULL",25,25,40.22326,-74.76068,"No","","498",419334.97,506346.6,NA,"DVRPC",0,"PDO",10027817
3447780,"2010111110002182","10002182",2010,"MERCER","Trenton City","2010-02-12","Friday","February","08:00:00",1,"TRENTON PD","NORTH",0,0,0,0,0,"Property Damage","Not At Intersection","No","No","Struck Parked Vehicle",2,"PERRY ST","North",NA,"","11111556",0.5,"Municipal","Straight and Level","Blacktop","Icy","Daylight","Clear","Painted Median","None",NA,"NULL","NULL","EWING ST","NULL","","NULL",25,25,40.22497,-74.75641,"No","","585",420529.655,506966.679545,NA,"DVRPC",0,"PDO",10027827
3447783,"2010111110002187","10002187",2010,"MERCER","Trenton City","2010-02-12","Friday","February","09:12:00",1,"TRENTON PD","EAST",0,0,0,0,0,"Property Damage","At Intersection","No","No","Struck Parked Vehicle",2,"MERCER COUNTY 635","East",635,"","11000635",0.58,"County","Straight and Level","Blacktop","Snowy","Daylight","Clear","None","None",NA,"At","NULL","HAMPTON AVE","NULL","","NULL",25,25,40.22375,-74.74536,"No","","466",423615.911745,506514.347224,NA,"DVRPC",0,"PDO",10027831
3447785,"2010111110002193","10002193",2010,"MERCER","Trenton City","2010-02-12","Friday","February","11:44:00",1,"TRENTON PD","PATROL",0,0,0,0,0,"Property Damage","Not At Intersection","No","No","Backing",2,"US 206","NULL",206,"","00000206",45.01,"State Highway","Straight and Level","Blacktop","Slush","Daylight","Clear","NULL","NULL",NA,"NULL","NULL","","NULL","","NULL",NA,NA,40.24479,-74.74281,"No","","445",424346.553529,514177.252108,NA,"DVRPC",0,"PDO",10027833
3447786,"2010111110002195","10002195",2010,"MERCER","Trenton City","2010-02-12","Friday","February","11:51:00",1,"TRENTON PD","PATROL",0,0,0,0,0,"Property Damage","Not At Intersection","No","No","Opposite Direction - Side Swipe",2,"SPRUCE ST","South",NA,"","11111563",0.21,"Municipal","Straight and Grade","Blacktop","Snowy","Daylight","Clear","None","None",50,"Foot","South","BRUNSWICK AVE","NULL","","NULL",25,25,40.23966,-74.74878,"No","","518",422674.770022,512313.419972,NA,"DVRPC",0,"PDO",10027834
3447787,"2010111110002203","10002203",2010,"MERCER","Trenton City","2010-02-12","Friday","February","15:41:00",1,"TRENTON PD","NORTH/PATROL",0,0,2,0,0,"Injury","At Intersection","No","No","Right Angle",2,"US 206","NULL",206,"","00000206",44.3,"Municipal","Straight and Level","Blacktop","Slush","Daylight","Clear","Painted Median","NULL",NA,"At","NULL","HEIL AVE","NULL","","NULL",25,NA,40.23745,-74.75192,"No","","517",421797.4306,511508.747002,NA,"DVRPC",0,"Pain",10027835
3447789,"2010111110002217","10002217",2010,"MERCER","Trenton City","2010-02-12","Friday","February","20:26:00",1,"TRENTON PD","EAST",0,0,0,0,0,"Property Damage","Not At Intersection","No","No","Struck Parked Vehicle",2,"MERCER COUNTY 622","South",622,"","11000622",4.1,"County","Straight and Level","Blacktop","Wet","Dark (Street Lights On/ continuous)","Clear","None","NULL",100,"Foot","NULL","","NULL","","NULL",25,NA,40.24012,-74.75201,"No","","596",421775.07,512481.89,NA,"DVRPC",0,"PDO",10027837
3447794,"2010111110002245","10002245",2010,"MERCER","Trenton City","2010-02-13","Saturday","February","10:16:00",1,"TRENTON PD","PATROL-EAST",0,0,0,0,0,"Property Damage","At Intersection","No","No","Struck Parked Vehicle",2,"MERCER COUNTY 626","East",626,"","11000626",0.95,"County","Straight and Level","Blacktop","Wet","Daylight","Snow","None","None",NA,"At","NULL","EMORY AVE","NULL","","NULL",25,25,40.2124,-74.73947,"No","","398",425248.102526,502376.130056,NA,"DVRPC",0,"PDO",10027842
3447795,"2010111110002247","10002247",2010,"MERCER","Trenton City","2010-02-13","Saturday","February","11:45:00",1,"TRENTON PD","PATROL-SOUTH",0,0,0,0,0,"Property Damage","Not At Intersection","No","No","Struck Parked Vehicle",2,"CENTER ST","North",NA,"","11111528",0.1,"Municipal","Straight and Level","Blacktop","Dry","Daylight","Overcast","None","None",40,"Foot","South","FERRY ST","NULL","","NULL",25,25,40.21278,-74.76028,"No","","164",419437.438001,502529.263992,NA,"DVRPC",0,"PDO",10032719
3447796,"2010111110002251","10002251",2010,"MERCER","Trenton City","2010-02-13","Saturday","February","13:25:00",1,"TRENTON PD","NORTH/PATROL",0,0,0,0,0,"Property Damage","Not At Intersection","No","No","Struck Parked Vehicle",2,"US 206","NULL",206,"","00000206",45.01,"State Highway","Straight and Level","Blacktop","Dry","Daylight","Clear","None","NULL",NA,"NULL","NULL","","NULL","","NULL",25,NA,40.24479,-74.74281,"No","","517",424346.553529,514177.252108,NA,"DVRPC",0,"PDO",10032720
3447797,"2010111110002253","10002253",2010,"MERCER","Trenton City","2010-02-13","Saturday","February","13:28:00",1,"TRENTON PD","NORTH",0,0,0,0,0,"Property Damage","Not At Intersection","No","No","Struck Parked Vehicle",2,"MERCER COUNTY 622","North",622,"","11000622",3.89,"County","Straight and Grade","Blacktop","Dry","Daylight","Clear","None","None",25,"Foot","South","INDIANA AVE","NULL","","NULL",25,25,40.2382,-74.74929,"No","","053",422532.11,511779.3,NA,"DVRPC",0,"PDO",10032721
3447798,"2010111110002254","10002254",2010,"MERCER","Trenton City","2010-02-13","Saturday","February","14:10:00",1,"TRENTON PD","NORTH",0,0,0,0,0,"Property Damage","At Intersection","No","No","Right Angle",2,"PERRY ST","West",NA,"","11111556",0.17,"Municipal","Straight and Level","Blacktop","Wet","Daylight","Clear","None","None",NA,"At","NULL","N MONTGOMERY ST","NULL","","NULL",25,25,40.22328,-74.76236,"No","","053",418867.632866,506357.159289,NA,"DVRPC",0,"PDO",10032722
3447802,"2010111110002290","10002290",2010,"MERCER","Trenton City","2010-02-22","Monday","February","02:08:00",1,"TRENTON PD","PATROL-WEST",0,0,1,0,0,"Injury","At Intersection","Yes","No","Right Angle",2,"US 206","North",206,"","00000206",42.26,"Municipal","Straight and Level","Blacktop","Dry","Dark (Street LIghts On/ spot)","Clear","Painted Median","None",NA,"At","NULL","FERRY ST","NULL","","NULL",25,25,40.21303,-74.75922,"No","","617",419732.494624,502619.008885,NA,"DVRPC",0,"Pain",10038649
3447803,"2010111110002299","10002299",2010,"MERCER","Trenton City","2010-02-14","Sunday","February","12:04:00",1,"TRENTON PD","PATROL/EAST 3",0,0,0,0,0,"Property Damage","At Intersection","No","No","Backing",2,"S CLINTON AVE","NULL",NA,"","11031969",2.17,"Municipal","Straight and Level","Blacktop","Icy","Dark (Street Lights On/ continuous)","Clear","None","NULL",NA,"At","NULL","DAYTON ST","NULL","","NULL",25,25,40.20469,-74.74019,"No","","331",425040.44,499566.28,NA,"DVRPC",0,"PDO",10032727
3447809,"2010111110002335","10002335",2010,"MERCER","Trenton City","2010-02-15","Monday","February","17:44:00",1,"TRENTON PD","EAST",0,0,0,0,0,"Property Damage","Not At Intersection","No","No","Same Direction - Rear End",2,"ROEBLING AVE","NULL",NA,"","11111538",0.18,"Municipal","Straight and Level","Concrete","Icy","Dark (Street Lights On/ continuous)","Snow","None","None",NA,"NULL","NULL","ANDERSON ST","NULL","","NULL",25,25,40.21175,-74.74289,"No","","584",424291.372067,502139.747884,NA,"DVRPC",0,"PDO",10032733
3447810,"2010111110002337","10002337",2010,"MERCER","Trenton City","2010-02-15","Monday","February","18:15:00",1,"TRENTON PD","EAST",0,0,0,0,0,"Property Damage","Not At Intersection","No","No","Struck Parked Vehicle",2,"MERCER COUNTY 606","East",606,"","11000606",0.93,"County","Straight and Level","Blacktop","Wet","Dark (Street Lights On/ continuous)","Clear","None","NULL",150,"Foot","East","CR 626","NULL","","NULL",25,25,40.21719,-74.7423,"No","","445",424461.420036,504122.594456,NA,"DVRPC",0,"PDO",10032734
3447815,"2010111110002354","10002354",2010,"MERCER","Trenton City","2010-02-16","Tuesday","February","08:05:00",1,"TRENTON PD","PATOL/EAST",0,0,0,0,0,"Property Damage","Not At Intersection","No","No","Backing",2,"MERCER COUNTY 606","East",606,"","11000606",0.48,"County","Straight and Level","Blacktop","Snowy","Daylight","Clear","None","None",100,"Foot","NULL","BENTON ST","NULL","","NULL",25,25,40.21509,-74.75042,"No","","498",422193.941484,503365.178443,NA,"DVRPC",0,"PDO",10032739
3447816,"2010111110002362","10002362",2010,"MERCER","Trenton City","2010-02-16","Tuesday","February","11:57:00",1,"TRENTON PD","EAST DISTRICT",0,0,0,0,0,"Property Damage","At Intersection","No","No","Opposite Direction - Side Swipe",2,"MERCER COUNTY 622","South",622,"","11000622",2.48,"County","Straight and Level","Blacktop","Wet","Daylight","Snow","None","None",NA,"At","NULL","FARRAGUT AVE","NULL","","NULL",25,25,40.22165,-74.73472,"No","","137",426584.079236,505740.487966,NA,"DVRPC",0,"PDO",10032740
3447818,"2010111110002378","10002378",2010,"MERCER","Trenton City","2010-02-16","Tuesday","February","14:58:00",1,"TRENTON PD","PATROL",0,0,0,0,0,"Property Damage","Not At Intersection","No","No","Same Direction - Rear End",2,"US 1","NULL",1,"","00000001",1.34,"State Highway","Curve and Hillcrest","Blacktop","Slush","Daylight","Snow","None","None",NA,"NULL","NULL","PERRY ST","NULL","","NULL",55,15,40.2249,-74.75894,"No","","541",419824.22,506945.38,NA,"DVRPC",0,"PDO",10032742
3447819,"2010111110002387","10002387",2010,"MERCER","Trenton City","2010-02-16","Tuesday","February","17:54:00",1,"TRENTON PD","WEST",0,0,0,0,0,"Property Damage","Not At Intersection","No","No","Struck Parked Vehicle",2,"HOMAN AVE","North",NA,"","11111565",0.48,"Municipal","Straight and Level","Blacktop","Snowy","Dark (Street Lights On/ continuous)","Clear","None","None",NA,"Foot","NULL","HOFFMAN AVE","NULL","","NULL",25,25,40.2371,-74.77882,"No","","609",414286.805259,511403.670044,NA,"DVRPC",0,"PDO",10032744
3447825,"2010111110002410","10002410",2010,"MERCER","Trenton City","2010-02-17","Wednesday","February","08:47:00",1,"TRENTON PD","PATROL",0,0,0,0,0,"Property Damage","Not At Intersection","No","No","Struck Parked Vehicle",2,"BELLEVUE AVE","South",NA,"","11111560",0.39,"Municipal","Straight and Level","Blacktop","Dry","Daylight","Clear","None","None",150,"Foot","South","N HERMITAGE AVE","NULL","","NULL",25,25,40.23236,-74.78189,"No","","518",413425.78,509679.65,NA,"DVRPC",0,"PDO",10032756
3447826,"2010111110002414","10002414",2010,"MERCER","Trenton City","2010-02-17","Wednesday","February","09:36:00",1,"TRENTON PD","EAST-PATROL",0,0,0,0,0,"Property Damage","Not At Intersection","No","No","Struck Parked Vehicle",2,"MERCER COUNTY 635","NULL",635,"","11000635",0.45,"County","Straight and Level","Blacktop","Dry","Daylight","Clear","None","None",50,"Foot","West","CR 626","NULL","","NULL",25,NA,40.22272,-74.7474,"No","","518",423045.211766,506140.18724,NA,"DVRPC",0,"PDO",10032757
3447828,"2010111110002434","10002434",2010,"MERCER","Trenton City","2010-02-17","Wednesday","February","14:37:00",1,"TRENTON PD","TROL/SOUTH",0,0,0,0,0,"Property Damage","At Intersection","No","No","Right Angle",2,"MARKET STREET","North",NA,"","11111526",0.14,"Municipal","Straight and Level","Blacktop","Dry","Daylight","Clear","None","None",NA,"At","NULL","S STOCKTON ST","NULL","","NULL",25,25,40.21356,-74.76685,"No","","499",417602.145004,502821.435,NA,"DVRPC",0,"PDO",10032759
3447830,"2010111110002439","10002439",2010,"MERCER","Trenton City","2010-02-17","Wednesday","February","15:17:00",1,"TRENTON PD","PATROL",0,0,0,0,0,"Property Damage","At Intersection","No","No","Right Angle",2,"BELLEVUE AVE","NULL",NA,"","11111560",0.42,"Municipal","Straight and Grade","Blacktop","Dry","Daylight","Clear","None","None",NA,"At","NULL","N HERMITAGE ST","NULL","","NULL",25,25,40.23214,-74.78139,"No","","518",413563.39,509599.43,NA,"DVRPC",0,"PDO",10032251
3447831,"2010111110002443","10002443",2010,"MERCER","Trenton City","2010-02-17","Wednesday","February","15:12:00",1,"TRENTON PD","PATROL-EAST",0,0,0,0,0,"Property Damage","At Intersection","No","No","Left Turn / U Turn",2,"MONMOUTH ST","North",NA,"","11111544",0.43,"Municipal","Straight and Level","Blacktop","Dry","Daylight","Clear","None","None",NA,"At","NULL","WALNUT AVE","NULL","","NULL",25,25,40.22071,-74.74896,"No","","436",422607.04,505410.28,NA,"DVRPC",0,"PDO",10032252
3447833,"2010111110002475","10002475",2010,"MERCER","Trenton City","2010-02-18","Thursday","February","05:00:00",1,"TRENTON PD","",0,0,0,0,0,"Property Damage","Not At Intersection","No","No","Fixed Object",1,"US 1","NULL",1,"","00000001",0.9,"State Highway","Straight and Level","Blacktop","Dry","Dark (Street Lights On/ continuous)","Clear","Barrier Median","None",NA,"NULL","NULL","MARKET ST","NULL","","NULL",55,25,40.21864,-74.75755,"Yes","","603",420205.587588,504662.197171,NA,"DVRPC",0,"PDO",10032254
3447835,"2010111110002477","10002477",2010,"MERCER","Trenton City","2010-02-18","Thursday","February","07:58:00",1,"TRENTON PD","PATROL-EAST",0,0,0,0,0,"Property Damage","Not At Intersection","No","No","Opposite Direction - Side Swipe",2,"CHESTNUT AVE","East",NA,"","11111537",0.92,"Municipal","Curve and Hillcrest","Blacktop","Dry","Daylight","Clear","None","None",50,"Foot","East","CUMMINGS AVE","NULL","","NULL",25,25,40.20905,-74.74569,"No","","398",423507.238028,501160.764582,NA,"DVRPC",0,"PDO",10032256
3447837,"2010111110002479","10002479",2010,"MERCER","Trenton City","2010-02-18","Thursday","February","08:57:00",1,"TRENTON PD","WEST PRECINCT",0,0,1,0,0,"Injury","At Intersection","No","No","Same Direction - Rear End",3,"MERCER COUNTY 653","West",653,"","11000653",0.15,"County","Straight and Level","Blacktop","Dry","Daylight","Clear","None","None",NA,"At","NULL","PASSAIC ST","NULL","","NULL",25,25,40.22419,-74.77322,"No","","482",415835.020019,506698.080026,NA,"DVRPC",0,"Pain",10032301
3447839,"2010111110002499","10002499",2010,"MERCER","Trenton City","2010-02-18","Thursday","February","13:52:00",1,"TRENTON PD","PATROL-EAST",0,0,0,0,0,"Property Damage","Not At Intersection","No","No","Right Angle",2,"NJ 33","South",33,"","00000033",0.73,"County","Straight and Level","Blacktop","Dry","Daylight","Clear","None","None",50,"Foot","West","CR 626 / CHAMBERS ST","NULL","","NULL",25,25,40.21988,-74.74516,"No","","398",423665.440665,505102.780251,NA,"DVRPC",0,"PDO",10032303
3447840,"2010111110002500","10002500",2010,"MERCER","Trenton City","2010-02-18","Thursday","February","13:54:00",1,"TRENTON PD","WEST",0,0,0,0,0,"Property Damage","At Intersection","No","No","Same Direction - Rear End",2,"MERCER COUNTY 653","West",653,"","11000653",0.56,"County","Straight and Level","Blacktop","Wet","Daylight","Overcast","None","None",NA,"At","NULL","NJ 31","NULL","","NULL",25,NA,40.229,-74.76856,"No","","517",417141.360008,508445.318581,NA,"DVRPC",0,"PDO",10032304
3447841,"2010111110002502","10002502",2010,"MERCER","Trenton City","2010-02-18","Thursday","February","14:38:00",1,"TRENTON PD","PATROL WEST",0,0,0,0,0,"Property Damage","Not At Intersection","No","No","Struck Parked Vehicle",2,"STUYVESANT AVE","West",NA,"","11111568",0.56,"Municipal","Straight and Level","Blacktop","Dry","Daylight","Clear","None","None",10,"Foot","East","HIGHLAND AVE","NULL","","NULL",25,25,40.23563,-74.7827,"No","","052",413202.424696,510873.074125,NA,"DVRPC",0,"PDO",10032305
3447842,"2010111110002503","10002503",2010,"MERCER","Trenton City","2010-02-18","Thursday","February","14:39:00",1,"TRENTON PD","PATROL-SOUTH",0,0,1,0,0,"Injury","Not At Intersection","No","No","Same Direction - Rear End",2,"S CLINTON AVE","South",NA,"","11031969",3.23,"Municipal","Straight and Level","Blacktop","Dry","Daylight","Overcast","None","None",28,"Foot","North","CR 606","NULL","","NULL",25,25,40.21436,-74.75413,"No","","164",421156.983985,503100.5621,NA,"DVRPC",0,"Pain",10032306
3447843,"2010111110002505","10002505",2010,"MERCER","Trenton City","2010-02-18","Thursday","February","14:46:00",1,"TRENTON PD","WEST PRECINCT",0,0,0,0,0,"Property Damage","At Intersection","No","No","Same Direction - Side Swipe",3,"MERCER COUNTY 636","East",636,"","11000636",0.79,"County","Straight and Level","Blacktop","Dry","Daylight","Clear","None","None",NA,"At","NULL","OLIVER AVE","NULL","","NULL",25,25,40.24091,-74.78181,"No","","482",413457.94,512794.54,NA,"DVRPC",0,"PDO",10032307
3447845,"2010111110002507","10002507",2010,"MERCER","Trenton City","2010-02-18","Thursday","February","14:43:00",1,"TRENTON PD","PATROL WEST",0,0,0,0,0,"Property Damage","Not At Intersection","No","No","Opposite Direction - Side Swipe",2,"STUYVESANT AVE","West",NA,"","11111568",0.34,"Municipal","Straight and Level","Blacktop","Dry","Daylight","Clear","None","None",50,"Foot","East","CHRISTOPH ST","NULL","","NULL",25,NA,40.23374,-74.77936,"No","","052",414133.469985,510181.544012,NA,"DVRPC",0,"PDO",10032309
3447847,"2010111110002524","10002524",2010,"MERCER","Trenton City","2010-02-18","Thursday","February","17:50:00",1,"TRENTON PD","TPD/PATROL",0,0,1,0,0,"Injury","Not At Intersection","No","No","Same Direction - Rear End",2,"STUYVESANT AVE","East",NA,"","11111568",0.73,"Municipal","Straight and Level","Blacktop","Dry","Dark (Street Lights On/ continuous)","Clear","Painted Median","None",15,"Foot","NULL","CR 636","NULL","","NULL",25,25,40.23714,-74.78522,"No","","603",412500.77992,511425.97461,NA,"DVRPC",0,"Pain",10032311
3447848,"2010111110002527","10002527",2010,"MERCER","Trenton City","2010-02-18","Thursday","February","19:05:00",1,"TRENTON PD","WEST DIST",0,0,0,0,0,"Property Damage","At Intersection","No","No","Same Direction - Rear End",2,"MERCER COUNTY 634","NULL",634,"","11000634",4.4,"County","Straight and Level","Blacktop","Wet","Dark (Street Lights On/ continuous)","Snow","None","None",NA,"At","NULL","NJ 31","NULL","","NULL",25,25,40.24026,-74.77549,"No","","603",415220.792227,512552.703361,NA,"DVRPC",0,"PDO",10032312
3447850,"2010111110002555","10002555",2010,"MERCER","Trenton City","2010-02-19","Friday","February","08:00:00",1,"TRENTON PD","NORTH",0,0,0,0,0,"Property Damage","At Intersection","No","No","Same Direction - Side Swipe",2,"PERRY ST","West",NA,"","11111556",0.26,"Municipal","Straight and Level","Blacktop","Dry","Daylight","Clear","None","None",NA,"At","NULL","N STOCKTON ST","NULL","","NULL",25,25,40.22374,-74.76075,"No","","053",419318.49,506522.51,NA,"DVRPC",0,"PDO",10032314
3447851,"2010111110002559","10002559",2010,"MERCER","Trenton City","2010-02-19","Friday","February","10:15:00",1,"TRENTON PD","PATROL WEST",0,0,0,0,0,"Property Damage","Not At Intersection","No","No","Fixed Object",1,"NJ 31","South",31,"","00000031",0.86,"County","Straight and Level","Blacktop","Dry","Daylight","Clear","None","None",25,"Foot","North","NORMAN AVE","NULL","","NULL",25,25,40.23661,-74.77314,"No","GATE AND BRICK","052",415871.24,511220.15,NA,"DVRPC",0,"PDO",10032315
3447853,"2010111110002573","10002573",2010,"MERCER","Trenton City","2010-02-19","Friday","February","14:46:00",1,"TRENTON PD","NORTH",0,0,0,0,0,"Property Damage","Not At Intersection","No","No","Right Angle",2,"PERRY ST","West",NA,"","11111556",0.44,"Municipal","Straight and Level","Blacktop","Dry","Daylight","Clear","Curbed Median","None",20,"Foot","West","CARROLL ST","NULL","","NULL",25,25,40.22465,-74.7575,"No","","053",420225.19,506851.44,NA,"DVRPC",0,"PDO",10032317
3447854,"2010111110002579","10002579",2010,"MERCER","Trenton City","2010-02-19","Friday","February","16:04:00",1,"TRENTON PD","SOUTH/436",0,0,0,0,0,"Property Damage","At Intersection","No","No","Opposite Direction - Head On/Angular",2,"US 206","West",206,"","00000206",45.01,"State Highway","NULL","NULL","NULL","NULL","NULL","NULL","NULL",NA,"At","NULL","LAKESIDE AVE","NULL","","NULL",25,25,40.24479,-74.74281,"No","","331",424346.553529,514177.252108,NA,"DVRPC",0,"PDO",10032318
3447855,"2010111110002581","10002581",2010,"MERCER","Trenton City","2010-02-19","Friday","February","16:42:00",1,"TRENTON PD","WEST/PATROL 1",0,0,2,0,0,"Injury","Not At Intersection","No","No","Same Direction - Rear End",2,"MERCER COUNTY 636","West",636,"","11000636",0.46,"County","Straight and Grade","Blacktop","Dry","Daylight","Clear","None","NULL",50,"Foot","West","STUYVESANT AVE","NULL","","NULL",25,25,40.23706,-74.7852,"No","","331",412505.406692,511396.280034,NA,"DVRPC",0,"Pain",10032320
3447856,"2010111110002582","10002582",2010,"MERCER","Trenton City","2010-02-19","Friday","February","16:41:00",1,"TRENTON PD","NORTH #4",0,0,1,0,0,"Injury","Not At Intersection","No","No","Same Direction - Rear End",2,"PERRY ST","West",NA,"","11111556",0.5,"Municipal","Straight and Level","Blacktop","Dry","Daylight","Clear","None","None",NA,"NULL","West","EWING ST","NULL","","NULL",25,25,40.22497,-74.75641,"No","","446",420529.655,506966.679545,NA,"DVRPC",0,"Pain",10032319
3447859,"2010111110002590","10002590",2010,"MERCER","Trenton City","2010-02-19","Friday","February","18:32:00",1,"TRENTON PD","EAST DISTRICT",0,0,1,0,1,"Injury","At Intersection","No","No","Pedestrian",1,"MERCER COUNTY 606","East",606,"","11000606",1.31,"County","Straight and Level","Blacktop","Wet","Dark (Street Lights On/ continuous)","Clear","None","None",NA,"At","NULL","PARK AVE","NULL","","NULL",25,25,40.219,-74.73547,"No","","565",426371.408738,504777.336675,NA,"DVRPC",1,"Pain",10032323
3447861,"2010111110002626","10002626",2010,"MERCER","Trenton City","2010-02-20","Saturday","February","07:33:00",1,"TRENTON PD","NORTH",0,0,1,0,0,"Injury","Not At Intersection","No","No","Fixed Object",1,"US 1","South",1,"","00000001",1.34,"State Highway","Straight and Level","Blacktop","Icy","Daylight","Clear","Barrier Median","None",20,"Foot","North","PERRY ST","NULL","","NULL",50,20,40.2249,-74.75894,"No","","053",419824.22,506945.38,NA,"DVRPC",0,"Moderate Injury",10032325
3447862,"2010111110002627","10002627",2010,"MERCER","Trenton City","2010-02-20","Saturday","February","09:22:00",1,"TRENTON PD","EAST PATROL",0,0,0,0,0,"Property Damage","At Intersection","No","No","Same Direction - Side Swipe",2,"MERCER COUNTY 626","NULL",626,"","11000626",0.33,"County","Straight and Level","Blacktop","Dry","Daylight","Clear","Painted Median","None",NA,"At","NULL","NJ 33","NULL","","NULL",25,25,40.22043,-74.74546,"No","","542",423582.260036,505305.181367,NA,"DVRPC",0,"PDO",10032326
3447866,"2010111110002644","10002644",2010,"MERCER","Trenton City","2010-02-20","Saturday","February","16:36:00",1,"TRENTON PD","EAST PATROL",0,0,1,0,0,"Injury","At Intersection","No","No","Right Angle",2,"MERCER COUNTY 606","South",606,"","11000606",0.9,"County","Straight and Level","Blacktop","Dry","Daylight","Clear","Painted Median","None",NA,"At","NULL","FRANKLIN ST","NULL","","NULL",25,25,40.21706,-74.74285,"No","","542",424309.501697,504075.033595,NA,"DVRPC",0,"Pain",10032330
3447868,"2010111110002667","10002667",2010,"MERCER","Trenton City","2010-02-20","Saturday","February","23:58:00",1,"TRENTON PD","EAST",0,0,0,0,0,"Property Damage","Not At Intersection","No","No","Struck Parked Vehicle",2,"NJ 33","NULL",33,"","00000033",0.11,"State Highway","Straight and Level","Blacktop","Dry","Dark (Street Lights On/ continuous)","Clear","Painted Median","None",NA,"NULL","NULL","","NULL","","NULL",25,NA,40.21751,-74.75574,"No","","624",420709.950202,504250.073676,NA,"DVRPC",0,"PDO",10032332
3447870,"2010111110002678","10002678",2010,"MERCER","Trenton City","2010-02-21","Sunday","February","07:51:00",1,"TRENTON PD","NORTH",0,0,0,0,0,"Property Damage","Not At Intersection","No","No","Overturned",1,"US 1","South",1,"","00000001",1.36,"State Highway","Curve and Level","Blacktop","Icy","Daylight","Clear","Barrier Median","None",100,"Foot","North","PERRY ST","NULL","","NULL",50,20,40.22521,-74.75899,"No","","053",419808.993838,507057.361613,NA,"DVRPC",0,"PDO",10032335
3447871,"2010111110002680","10002680",2010,"MERCER","Trenton City","2010-02-21","Sunday","February","08:16:00",1,"TRENTON PD","NORTH",0,0,1,0,0,"Injury","Not At Intersection","No","No","Non-fixed Object",1,"US 1","South",1,"","00000001",1.34,"State Highway","Curve and Level","Blacktop","Icy","Daylight","Clear","Barrier Median","None",20,"Foot","North","PERRY ST","NULL","","NULL",50,20,40.2249,-74.75894,"No","","053",419824.22,506945.38,NA,"DVRPC",0,"Pain",10032336
3447872,"2010111110002684","10002684",2010,"MERCER","Trenton City","2010-02-21","Sunday","February","10:51:00",1,"TRENTON PD","PATROL-EAST",0,0,0,0,0,"Property Damage","Not At Intersection","No","No","Opposite Direction - Side Swipe",2,"MERCER COUNTY 622","North",622,"","11000622",2.31,"County","Straight and Level","Blacktop","Dry","Daylight","Clear","None","None",500,"Foot","NULL","CR 606","NULL","","NULL",25,25,40.21971,-74.73282,"No","","398",427112.28,505031.54,NA,"DVRPC",0,"PDO",10032337
3447873,"2010111110002685","10002685",2010,"MERCER","Trenton City","2010-02-21","Sunday","February","11:58:00",1,"TRENTON PD","PATROL-EAST",0,0,0,0,0,"Property Damage","Not At Intersection","No","No","Struck Parked Vehicle",2,"MERCER COUNTY 606","East",606,"","11000606",1.09,"County","Straight and Level","Blacktop","Dry","Dark (Street Lights On/ continuous)","Clear","None","None",500,"Foot","NULL","REVERE AVE","NULL","","NULL",25,25,40.21796,-74.73943,"No","","398",425263.576175,504401.180062,NA,"DVRPC",0,"PDO",10032713