"ID","DOT_WEB_ID","CASE_NUMBER","CRASH_YEAR","COUNTY","MUNICIPALITY","CRASH_DATE","CRASH_DAY_OF_WEEK","CRASH_MONTH","CRASH_TIME","POLICE_DEPT_CODE","POLICE_DEPARTMENT","POLICE_STATION","TOTAL_KILLED","TOTAL_INCAPACITATED","TOTAL_INJURED","PEDESTRIANS_KILLED","PEDESTRIANS_INJURED","SEVERITY","INTERSECTION","ALCOHOL_INVOLVED","HAZMAT_INVOLVED","CRASH_TYPE","TOTAL_VEHICLES_INVOLVED","CRASH_LOCATION","LOCATION_DIRECTION","ROUTE","ROUTE_SUFFIX","SRI","MILEPOST","ROAD_SYSTEM","ROAD_CHARACTER","ROAD_SURFACE_TYPE","SURFACE_CONDITION","LIGHT_CONDITION","ENVIRONMENTAL_CONDITION","ROAD_DIVIDED_BY","TEMP_TRAFFIC_CONTROL_ZONE","DISTANCE_TO_CROSS_STREET","UNIT_OF_MEASUREMENT","DIRECTION_FROM_CROSS_STREET","CROSS_STREET_NAME","IS_RAMP","RAMP_TO_FROM_ROUTE_NAME","RAMP_TO_FROM_ROUTE_DIRECTION","POSTED_SPEED","POSTED_SPEED_CROSS_STREET","LATITUDE","LONGITUDE","CELL_PHONE_IN_USE","OTHER_PROPERTY_DAMAGE","REPORTING_BADGE_NO","X","Y","CRASH_NARRATIVE","MPO","TOTAL_PEDESTRIANS_INVOLVED","EPDO","DLN"
3447874,"2010111110002692","10002692",2010,"MERCER","Trenton City","2010-02-21","Sunday","February","15:28:00",1,"TRENTON PD","SOUTH/436",0,0,1,0,0,"Injury","At Intersection","No","No","Right Angle",2,"MERCER COUNTY 650","North",650,"","11000650",0.81,"County","Straight and Level","Blacktop","Wet","Daylight","Clear","None","None",NA,"At","NULL","DEKLYN AVE","NULL","","NULL",25,25,40.19977,-74.74254,"No","","331",424376.728346,497778.174169,NA,"DVRPC",0,"Pain",10032714
3447877,"2010111110002713","10002713",2010,"MERCER","Trenton City","2010-02-21","Sunday","February","22:22:00",1,"TRENTON PD","TRENTON",0,0,1,0,0,"Injury","Not At Intersection","No","No","Same Direction - Rear End",2,"NJ 129","South",129,"","00000129",1.08,"State Highway","Straight and Level","Blacktop","Dry","Dark (Street Lights On/ continuous)","Clear","Grass Median","None",NA,"Foot","South","CR 650 / LALOR ST","NULL","","NULL",40,40,40.19862,-74.75292,"No","","603",421478.30628,497365.674937,NA,"DVRPC",0,"Pain",10032717
3447880,"2010111110002732","10002732",2010,"MERCER","Trenton City","2010-02-22","Monday","February","10:17:00",1,"TRENTON PD","PATROL/SOUTH",0,0,1,0,0,"Injury","At Intersection","No","No","Same Direction - Side Swipe",2,"W STATE ST","East",NA,"","11111552",1.81,"Municipal","Straight and Grade","Blacktop","Dry","Daylight","Clear","None","None",NA,"At","NULL","CALHOUN ST","NULL","","NULL",25,25,40.22245,-74.77492,"No","","446",415358.46309,506064.210201,NA,"DVRPC",0,"Pain",10038647
3447882,"2010111110002739","10002739",2010,"MERCER","Trenton City","2010-02-22","Monday","February","12:25:00",1,"TRENTON PD","SOUTH",0,0,0,0,0,"Property Damage","Not At Intersection","No","No","Same Direction - Side Swipe",2,"US 206","NULL",206,"","00000206",42.74,"Municipal","Straight and Level","Blacktop","Dry","Daylight","Clear","Painted Median","None",NA,"NULL","NULL","E FRONT ST","NULL","","NULL",25,25,40.21869,-74.76417,"No","","517",418355.949334,504686.793667,NA,"DVRPC",0,"PDO",10038645
3447887,"2010111110002808","10002808",2010,"MERCER","Trenton City","2010-02-23","Tuesday","February","16:28:00",1,"TRENTON PD","PATROL/EAST",0,0,0,0,0,"Property Damage","At Intersection","No","No","Right Angle",2,"MERCER COUNTY 626","NULL",626,"","11000626",1,"County","Straight and Level","Blacktop","Wet","Daylight","Rain","None","None",NA,"At","NULL","MORRIS AVE","NULL","","NULL",25,25,40.21175,-74.73898,"No","","498",425384.571765,502139.214118,NA,"DVRPC",0,"PDO",10038641
3447889,"2010111110002813","10002813",2010,"MERCER","Trenton City","2010-02-23","Tuesday","February","19:37:00",1,"TRENTON PD","NORTH",0,0,0,0,0,"Property Damage","Not At Intersection","No","No","Struck Parked Vehicle",2,"E STATE ST","West",NA,"","11111547",0.1,"Municipal","Straight and Level","Blacktop","Wet","Dark (Street Lights On/ continuous)","Rain","Painted Median","None",40,"Foot","West","N STOCKTON ST","NULL","","NULL",25,25,40.22055,-74.75997,"No","","603",419532.332486,505360.772125,NA,"DVRPC",0,"PDO",10038639
3447891,"2010111110002835","10002835",2010,"MERCER","Trenton City","2010-02-24","Wednesday","February","06:39:00",1,"TRENTON PD","PATROL/WEST",0,0,0,0,0,"Property Damage","Not At Intersection","No","No","Struck Parked Vehicle",2,"STUYVESANT AVE","North",NA,"","11111568",1.38,"Municipal","Straight and Level","Blacktop","Wet","Dawn","Rain","None","None",250,"Foot","South","KENNSINGTON AVE","NULL","","NULL",25,NA,40.24314,-74.79463,"No","","603",409879.725219,513619.474384,NA,"DVRPC",0,"PDO",10038637
3447896,"2010111110002895","10002895",2010,"MERCER","Trenton City","2010-02-25","Thursday","February","06:46:00",1,"TRENTON PD","",0,0,0,0,0,"Property Damage","Not At Intersection","No","No","Same Direction - Rear End",2,"NJ 129","North",129,"","00000129",2.14,"State Highway","Straight and Level","Concrete","Wet","Daylight","Snow","Barrier Median","None",100,"Foot","NULL","CR 606 / HAMILTON AVE","NULL","","NULL",50,25,40.21399,-74.75647,"Yes","","603",420501.763748,502966.212691,NA,"DVRPC",0,"PDO",10038632
3447897,"2010111110002906","10002906",2010,"MERCER","Trenton City","2010-02-25","Thursday","February","10:00:00",1,"TRENTON PD","NORTH",0,0,0,0,0,"Property Damage","Not At Intersection","No","No","Right Angle",2,"MERCER COUNTY 622","North",622,"","11000622",3.73,"County","Straight and Level","Blacktop","Wet","Daylight","Snow","None","None",70,"Foot","NULL","NEW YORK AVE","NULL","","NULL",25,25,40.2365,-74.74744,"No","","414",423045.406625,511160.814088,NA,"DVRPC",0,"PDO",10038631
3447898,"2010111110002918","10002918",2010,"MERCER","Trenton City","2010-02-25","Thursday","February","13:35:00",1,"TRENTON PD","PATROL/SOUTH",0,0,4,0,0,"Injury","At Intersection","No","No","Right Angle",2,"US 206","South",206,"","00000206",40.98,"Municipal","Straight and Level","Blacktop","Wet","Daylight","Snow","None","None",NA,"At","NULL","STATON ST","NULL","","NULL",25,25,40.20258,-74.73959,"No","","499",425206.060963,498798.07961,NA,"DVRPC",0,"Moderate Injury",10038549
3447905,"2010111110002959","10002959",2010,"MERCER","Trenton City","2010-02-26","Friday","February","14:13:00",1,"TRENTON PD","SOUTH-PATROL",0,0,0,0,0,"Property Damage","Not At Intersection","No","No","Struck Parked Vehicle",2,"SECOND ST","NULL",NA,"","11111529",0.2,"Municipal","Straight and Level","Blacktop","Snowy","Daylight","Snow","None","None",100,"Foot","North","FURMAN ST","NULL","","NULL",25,25,40.20974,-74.75806,"No","","518",420052.440003,501419.579984,NA,"DVRPC",0,"PDO",10038542
3447909,"2010111110002971","10002971",2010,"MERCER","Trenton City","2010-02-26","Friday","February","17:23:00",1,"TRENTON PD","EAST",0,0,0,0,0,"Property Damage","Not At Intersection","No","No","Backing",2,"MERCER COUNTY 622","South",622,"","11000622",2.81,"County","Straight and Level","Blacktop","Wet","Daylight","Clear","None","None",50,"Foot","NULL","WALNUT AVE","NULL","","NULL",25,25,40.2254,-74.73843,"No","","596",425551.93,507110.02,NA,"DVRPC",0,"PDO",10038538
3447911,"2010111110002984","10002984",2010,"MERCER","Trenton City","2010-02-26","Friday","February","21:30:00",1,"TRENTON PD","PATROL/SOUTH",0,0,0,0,0,"Property Damage","At Intersection","No","No","Same Direction - Side Swipe",2,"US 206","North",206,"","00000206",42.11,"Municipal","Straight and Level","Blacktop","Wet","Dark (Street Lights On/ continuous)","Clear","Painted Median","None",NA,"At","NULL","BRIDGE ST","NULL","","NULL",25,25,40.21132,-74.75745,"No","","618",420225.522564,501997.392699,NA,"DVRPC",0,"PDO",10038536
3447912,"2010111110003005","10003005",2010,"MERCER","Trenton City","2010-02-27","Saturday","February","14:48:00",1,"TRENTON PD","PATROL-EAST",0,0,0,0,0,"Property Damage","At Intersection","No","No","Same Direction - Rear End",2,"LIBERTY ST","West",NA,"","11112004",1.21,"Municipal","Straight and Level","Blacktop","Dry","Daylight","Clear","None","None",NA,"At","NULL","BERNADINE AVE","NULL","","NULL",25,25,40.2134,-74.73337,"No","","398",426951.16,502733.72,NA,"DVRPC",0,"PDO",10038535
3447914,"2010111110003013","10003013",2010,"MERCER","Trenton City","2010-02-27","Saturday","February","18:27:00",1,"TRENTON PD","NORTH DISTRICT",0,0,0,0,0,"Property Damage","At Intersection","No","No","Same Direction - Side Swipe",2,"NEW YORK AVE","South",NA,"","11111545",0.3,"Municipal","Straight and Grade","Blacktop","Dry","Dark (Street Lights On/ continuous)","Clear","Painted Median","None",NA,"At","NULL","N OLDEN AVE","NULL","","NULL",25,25,40.2364,-74.74738,"No","","463",423062.74,511124.03,NA,"DVRPC",0,"PDO",10038533
3447917,"2010111110003030","10003030",2010,"MERCER","Trenton City","2010-02-27","Saturday","February","22:59:00",1,"TRENTON PD","WEST",0,0,0,0,0,"Property Damage","Not At Intersection","No","No","Same Direction - Side Swipe",4,"BELLEVUE AVE","West",NA,"","11111560",1.09,"Municipal","Straight and Level","Blacktop","Dry","Dark (Street Lights On/ continuous)","Clear","None","None",NA,"NULL","NULL","CALHOUN ST","NULL","","NULL",25,25,40.2261,-74.77138,"No","","617",416350.68,507392.16,NA,"DVRPC",0,"PDO",10038530
3447918,"2010111110003040","10003040",2010,"MERCER","Trenton City","2010-02-28","Sunday","February","02:21:00",1,"TRENTON PD","EAST PATROL",0,0,0,0,0,"Property Damage","Not At Intersection","No","No","Struck Parked Vehicle",2,"MERCER COUNTY 622","South",622,"","11000622",2.6,"County","Straight and Level","Blacktop","Icy","Dark (Street Lights On/ continuous)","Clear","None","None",50,"Foot","North","GLADSTONE AVE","NULL","","NULL",25,25,40.22301,-74.73607,"No","","529",426207.887299,506237.929105,NA,"DVRPC",0,"PDO",10038529
3447919,"2010111110003045","10003045",2010,"MERCER","Trenton City","2010-02-28","Sunday","February","07:49:00",1,"TRENTON PD","EAST",0,0,0,0,0,"Property Damage","At Intersection","No","No","Struck Parked Vehicle",2,"MERCER COUNTY 606","North",606,"","11000606",0.42,"County","Straight and Level","Blacktop","Dry","Dark (Street Lights Off)","Clear","None","None",NA,"At","NULL","HUDSON ST","NULL","","NULL",25,25,40.21482,-74.75149,"No","","466",421892.455051,503264.307885,NA,"DVRPC",0,"PDO",10038228
3447921,"2010111110003057","10003057",2010,"MERCER","Trenton City","2010-02-28","Sunday","February","16:13:00",1,"TRENTON PD","",0,0,0,0,0,"Property Damage","At Intersection","No","No","Right Angle",2,"MERCER COUNTY 606","North",606,"","11000606",0.23,"County","Straight and Level","Concrete","Wet","Daylight","Rain","Painted Median","None",NA,"At","NULL","CLARK ST","NULL","","NULL",25,25,40.21393,-74.75493,"No","","585",420931.721785,502943.412948,NA,"DVRPC",0,"PDO",10038226
3447930,"2010111110003110","10003110",2010,"MERCER","Trenton City","2010-03-01","Monday","March","14:05:00",1,"TRENTON PD","PATROL-SOUTH",0,0,0,0,0,"Property Damage","Not At Intersection","No","No","Same Direction - Rear End",2,"S CLINTON AVE","South",NA,"","11031969",3.68,"Municipal","Straight and Level","Blacktop","Dry","Daylight","Clear","None","None",80,"Foot","South","E STATE ST","NULL","","NULL",25,25,40.22081,-74.75539,"No","","164",420811.790465,505452.027725,NA,"DVRPC",0,"PDO",10038217
3447932,"2010111110003117","10003117",2010,"MERCER","Trenton City","2010-03-01","Monday","March","15:21:00",1,"TRENTON PD","NORTH",0,0,0,0,0,"Property Damage","Not At Intersection","No","No","Same Direction - Rear End",2,"NJ 29","South",29,"","00000029",4.34,"State Highway","Straight and Level","Blacktop","Dry","Daylight","Clear","Barrier Median","None",NA,"NULL","NULL","CALHOUN ST","NULL","","NULL",50,25,40.22156,-74.77564,"No","","053",415156.529256,505740.795382,NA,"DVRPC",0,"PDO",10038214
3447933,"2010111110003119","10003119",2010,"MERCER","Trenton City","2010-03-01","Monday","March","15:12:00",1,"TRENTON PD","EAST",0,0,0,0,0,"Property Damage","Not At Intersection","No","No","Right Angle",2,"NJ 33","West",33,"","00000033",0.11,"State Highway","Straight and Level","Blacktop","Wet","Daylight","Clear","Painted Median","None",50,"Foot","NULL","HUDSON ST / WALNUT AVE","NULL","","NULL",25,25,40.21751,-74.75574,"No","","596",420709.950202,504250.073676,NA,"DVRPC",0,"PDO",10038215
3447934,"2010111110003126","10003126",2010,"MERCER","Trenton City","2010-03-01","Monday","March","16:28:00",1,"TRENTON PD","NORTH #4",0,0,0,0,0,"Property Damage","At Intersection","No","No","Right Angle",2,"MERCER COUNTY 622","North",622,"","11000622",3.26,"County","Straight and Level","Blacktop","Dry","Daylight","Clear","None","None",NA,"At","NULL","LAWRENCE ST","NULL","","NULL",25,25,40.23059,-74.74344,"No","","446",424156.83,509004.23,NA,"DVRPC",0,"PDO",10038213
3447936,"2010111110003151","10003151",2010,"MERCER","Trenton City","2010-03-02","Tuesday","March","07:34:00",1,"TRENTON PD","PATROL/EAST",0,0,0,0,0,"Property Damage","At Intersection","No","No","Left Turn / U Turn",2,"MONMOUTH ST","NULL",NA,"","11111544",0.43,"Municipal","Straight and Level","Blacktop","Dry","Daylight","Clear","None","None",NA,"At","NULL","WALNUT AVE","NULL","","NULL",25,25,40.22071,-74.74896,"No","","498",422607.04,505410.28,NA,"DVRPC",0,"PDO",10038210
3447938,"2010111110003155","10003155",2010,"MERCER","Trenton City","2010-03-02","Tuesday","March","09:29:00",1,"TRENTON PD","PATROL",0,0,0,0,0,"Property Damage","At Intersection","No","No","Same Direction - Rear End",2,"MERCER COUNTY 636","East",636,"","11000636",0.75,"County","Straight and Level","Blacktop","Dry","Daylight","Clear","None","None",NA,"At","NULL","HOMAN AVE","NULL","","NULL",25,25,40.24046,-74.7823,"No","","135",413320.17,512633.3,NA,"DVRPC",0,"PDO",10038208
3447939,"2010111110003164","10003164",2010,"MERCER","Trenton City","2010-03-02","Tuesday","March","12:21:00",1,"TRENTON PD","PATROL",0,0,0,0,0,"Property Damage","At Intersection","No","No","Fixed Object",1,"W STATE ST","North",NA,"","11111552",1.81,"Municipal","Straight and Level","Blacktop","Dry","Daylight","Clear","Curbed Median","None",NA,"At","NULL","CALHOUN ST","NULL","","NULL",25,25,40.22245,-74.77492,"No","","135",415358.46309,506064.210201,NA,"DVRPC",0,"PDO",10038207
3447941,"2010111110003177","10003177",2010,"MERCER","Trenton City","2010-03-02","Tuesday","March","15:38:00",1,"TRENTON PD","PATROL",0,0,0,0,0,"Property Damage","At Intersection","No","No","Same Direction - Rear End",2,"E STATE ST","East",NA,"","11111547",0.34,"Municipal","Straight and Level","Blacktop","Dry","Daylight","Clear","None","None",NA,"At","NULL","S.CLINTON AVE","NULL","","NULL",25,25,40.22109,-74.75545,"No","","246",420795.18,505554.77,NA,"DVRPC",0,"PDO",10038205
3447942,"2010111110003178","10003178",2010,"MERCER","Trenton City","2010-03-02","Tuesday","March","15:46:00",1,"TRENTON PD","SOUTH #1",0,0,0,0,0,"Property Damage","Not At Intersection","No","No","Same Direction - Side Swipe",2,"W STATE ST","West",NA,"","11111552",2.3,"Municipal","Straight and Level","Blacktop","Dry","Daylight","Clear","None","None",NA,"NULL","West","N WARREN ST","NULL","","NULL",25,25,40.2203,-74.7659,"No","","446",417875.93,505275.3,NA,"DVRPC",0,"PDO",10038204
3447945,"2010111110003190","10003190",2010,"MERCER","Trenton City","2010-03-02","Tuesday","March","17:08:00",1,"TRENTON PD","EAST",0,0,0,0,0,"Property Damage","At Intersection","No","No","Same Direction - Side Swipe",2,"MERCER COUNTY 622","West",622,"","11000622",2.66,"County","Straight and Level","Blacktop","Dry","Dusk","Clear","None","NULL",NA,"At","NULL","NJ 33","NULL","","NULL",25,25,40.22369,-74.73675,"No","","445",426019.129727,506486.908691,NA,"DVRPC",0,"PDO",10038201
3447948,"2010111110003205","10003205",2010,"MERCER","Trenton City","2010-03-03","Wednesday","March","02:42:00",1,"TRENTON PD","WEST",0,0,0,0,0,"Property Damage","At Intersection","No","No","Right Angle",2,"MERCER COUNTY 634","East",634,"","11000634",4.76,"County","Straight and Level","Blacktop","Wet","Dark (Street Lights On/ continuous)","Rain","Painted Median","None",NA,"At","NULL","PROSPECT ST","NULL","","NULL",25,25,40.23719,-74.77006,"No","","541",416731.668063,511428.559298,NA,"DVRPC",0,"PDO",10046902
3447951,"2010111110003227","10003227",2010,"MERCER","Trenton City","2010-03-03","Wednesday","March","12:57:00",1,"TRENTON PD","PATROL WEST",0,0,1,0,0,"Injury","At Intersection","No","No","Right Angle",2,"W STATE ST","West",NA,"","11111552",1.32,"Municipal","Straight and Level","Blacktop","Wet","Daylight","Rain","None","None",NA,"At","NULL","N FISHER PL","NULL","","NULL",25,25,40.22763,-74.7813,"No","","413",413584.795281,507957.714945,NA,"DVRPC",0,"Pain",10046905
3447952,"2010111110003234","10003234",2010,"MERCER","Trenton City","2010-03-03","Wednesday","March","13:51:00",1,"TRENTON PD","SOUTH U-444",0,0,0,0,0,"Property Damage","Not At Intersection","No","No","Same Direction - Rear End",2,"W STATE ST","East",NA,"","11111552",2.29,"Municipal","Straight and Level","Blacktop","Wet","Daylight","Rain","None","None",50,"Foot","West","S. WARREN ST","NULL","","NULL",25,NA,40.22032,-74.76609,"No","","331",417822.362354,505281.38607,NA,"DVRPC",0,"PDO",10046906
3447954,"2010111110003266","10003266",2010,"MERCER","Trenton City","2010-03-04","Thursday","March","02:16:00",1,"TRENTON PD","WEST",0,0,0,0,0,"Property Damage","Not At Intersection","No","No","Fixed Object",1,"W STATE ST","NULL",NA,"","11111552",0.68,"Municipal","Straight and Level","Blacktop","Dry","Dark (Street Lights On/ continuous)","Clear","Grass Median","None",NA,"NULL","NULL","CR 636","NULL","","NULL",25,25,40.23265,-74.79168,"No","CITY OF TRENTON CALWALDER PARK 319 E STATE ST TRENTON NJ 08609","609",410691.835508,509795.138311,NA,"DVRPC",0,"PDO",10046899
3447957,"2010111110003287","10003287",2010,"MERCER","Trenton City","2010-03-04","Thursday","March","13:29:00",1,"TRENTON PD","NORTH-PATROL",0,0,1,0,0,"Injury","Not At Intersection","No","No","Same Direction - Rear End",2,"MERCER COUNTY 622","NULL",622,"","11000622",3.05,"County","Straight at Hillcrest","Blacktop","Dry","Daylight","Clear","None","None",100,"Foot","North","PARKER AVE","NULL","","NULL",25,25,40.22814,-74.74115,"No","","518",424794.94998,508109.068078,NA,"DVRPC",0,"Pain",10046896
3447958,"2010111110003314","10003314",2010,"MERCER","Trenton City","2010-03-04","Thursday","March","20:31:00",1,"TRENTON PD","PATROL/EAST",0,0,0,0,0,"Property Damage","Not At Intersection","No","No","Struck Parked Vehicle",2,"MERCER COUNTY 622","South",622,"","11000622",2.59,"County","Straight and Level","Blacktop","Dry","Dark (Street LIghts On/ spot)","Clear","None","None",50,"Foot","NULL","GLADSTONE AVE","NULL","","NULL",25,25,40.2229,-74.73596,"No","","624",426239.217269,506196.467477,NA,"DVRPC",0,"PDO",10046895
3447959,"2010111110003315","10003315",2010,"MERCER","Trenton City","2010-03-04","Thursday","March","22:06:00",1,"TRENTON PD","SOUTH PATROL",0,0,3,0,0,"Injury","At Intersection","No","No","Same Direction - Side Swipe",2,"CASS ST","West",NA,"","11111527",0.18,"Municipal","Straight and Level","Blacktop","Dry","Dark (Street Lights On/ continuous)","Clear","Painted Median","None",NA,"At","NULL","SECOND ST","NULL","","NULL",25,25,40.20548,-74.75759,"No","","618",420180.583373,499869.471342,NA,"DVRPC",0,"Pain",10046894
3447963,"2010111110003359","10003359",2010,"MERCER","Trenton City","2010-03-05","Friday","March","15:30:00",1,"TRENTON PD","PATROL",0,0,1,0,0,"Injury","At Intersection","No","No","Right Angle",2,"ROUTE 579","East",579,"","00000579",0.04,"County","Straight and Level","Blacktop","Dry","Daylight","Clear","None","None",NA,"At","NULL","EDGEWOOD AVE","NULL","","NULL",25,25,40.23809,-74.80309,"No","","135",407513.03,511785.78,NA,"DVRPC",0,"Pain",10046890
3447965,"2010111110003368","10003368",2010,"MERCER","Trenton City","2010-03-05","Friday","March","17:15:00",1,"TRENTON PD","WEST PRECINT",0,0,0,0,0,"Property Damage","Not At Intersection","No","No","Right Angle",2,"PROSPECT ST","NULL",NA,"","11111562",0.35,"Municipal","Straight and Level","Blacktop","Dry","Daylight","Clear","None","None",NA,"NULL","NULL","RUTHERFORD AVE","NULL","","NULL",25,25,40.22997,-74.7747,"No","","595",415428.034988,508802.438973,NA,"DVRPC",0,"PDO",10046888
3447967,"2010111110003388","10003388",2010,"MERCER","Trenton City","2010-03-05","Friday","March","22:13:00",1,"TRENTON PD","PATROL SOUTH",0,0,0,0,0,"Property Damage","At Intersection","No","No","Same Direction - Side Swipe",2,"NJ 129","North",129,"","00000129",1.61,"State Highway","Straight and Level","Concrete","Dry","Dark (Street Lights On/ continuous)","Clear","Barrier Median","None",NA,"At","NULL","CASS ST","NULL","","NULL",40,25,40.20631,-74.75467,"No","","626",420997.20784,500170.371322,NA,"DVRPC",0,"PDO",10046886
3447968,"2010111110003391","10003391",2010,"MERCER","Trenton City","2010-03-05","Friday","March","23:44:00",1,"TRENTON PD","NORTH DISTRICT",0,0,3,0,0,"Injury","At Intersection","No","No","Right Angle",2,"MULBERRY ST","West",NA,"","11111546",0.36,"Municipal","Straight and Grade","Blacktop","Dry","Dark (No Street Lights)","Clear","None","None",NA,"At","NULL","US 1","NULL","","NULL",25,25,40.23823,-74.74131,"No","","607",424760.60506,511786.138281,NA,"DVRPC",0,"Pain",10046885
3447969,"2010111110003400","10003400",2010,"MERCER","Trenton City","2010-03-06","Saturday","March","07:06:00",1,"TRENTON PD","NORTH DISTRICT",0,0,0,0,0,"Property Damage","Not At Intersection","No","No","Non-fixed Object",1,"US 1","NULL",1,"","00000001",1.34,"State Highway","Curve and Level","Blacktop","Icy","Daylight","Clear","Barrier Median","None",NA,"NULL","NULL","PERRY ST","NULL","","NULL",55,25,40.2249,-74.75894,"No","","565",419824.22,506945.38,NA,"DVRPC",0,"PDO",10046884
3447970,"2010111110003401","10003401",2010,"MERCER","Trenton City","2010-03-06","Saturday","March","06:35:00",1,"TRENTON PD","EAST",0,0,0,0,0,"Property Damage","At Intersection","No","No","Opposite Direction - Side Swipe",5,"NJ 33","East",33,"","00000033",1.02,"County","Straight and Level","Blacktop","Dry","Daylight","Clear","None","None",NA,"At","NULL","S COOK AVE","NULL","","NULL",25,25,40.22222,-74.7406,"No","","466",424942.448017,505953.461849,NA,"DVRPC",0,"PDO",10046883
3447971,"2010111110003402","10003402",2010,"MERCER","Trenton City","2010-03-06","Saturday","March","06:55:00",1,"TRENTON PD","NORTH DISTRICT",0,0,1,0,0,"Injury","Not At Intersection","No","No","Non-fixed Object",1,"US 1","NULL",1,"","00000001",1.34,"State Highway","Curve and Level","Blacktop","Icy","Daylight","Clear","Barrier Median","None",NA,"NULL","NULL","PERRY ST","NULL","","NULL",55,25,40.2249,-74.75894,"No","","565",419824.22,506945.38,NA,"DVRPC",0,"Pain",10046882
3447973,"2010111110003406","10003406",2010,"MERCER","Trenton City","2010-03-06","Saturday","March","09:13:00",1,"TRENTON PD","NORTH",0,0,2,0,0,"Injury","At Intersection","No","No","Opposite Direction - Head On/Angular",2,"LIBERTY ST","NULL",NA,"","11112004",0.5,"Municipal","Straight and Level","Blacktop","Dry","Daylight","Clear","None","None",NA,"At","NULL","S CLINTON AVE","NULL","","NULL",25,25,40.20521,-74.74145,"No","","617",424686.74,499757.87,NA,"DVRPC",0,"Pain",10046880
3447978,"2010111110003425","10003425",2010,"MERCER","Trenton City","2010-03-06","Saturday","March","16:40:00",1,"TRENTON PD","NORTH PATROL",0,0,0,0,0,"Property Damage","Not At Intersection","No","No","Struck Parked Vehicle",2,"US 206","North",206,"","00000206",45.01,"State Highway","Straight and Level","Blacktop","Dry","Daylight","Clear","Painted Median","None",NA,"NULL","NULL","","NULL","","NULL",25,NA,40.24479,-74.74281,"No","","608",424346.553529,514177.252108,NA,"DVRPC",0,"PDO",10046815
3447983,"2010111110003459","10003459",2010,"MERCER","Trenton City","2010-03-07","Sunday","March","10:35:00",1,"TRENTON PD","SOUTH-PATROL",0,0,0,0,0,"Property Damage","At Intersection","No","No","Right Angle",2,"S CLINTON AVE","South",NA,"","11031969",3.22,"Municipal","Straight and Level","Blacktop","Dry","Daylight","Clear","Painted Median","None",NA,"At","NULL","CR 606","NULL","","NULL",25,25,40.21422,-74.75409,"No","","625",421166.159967,503049.250142,NA,"DVRPC",0,"PDO",10046581
3447986,"2010111110003497","10003497",2010,"MERCER","Trenton City","2010-03-08","Monday","March","01:03:00",1,"TRENTON PD","PATROL",0,0,0,0,0,"Property Damage","At Intersection","No","No","Non-fixed Object",1,"W HANOVER ST","North",NA,"","11111553",0.64,"Municipal","Straight and Level","Blacktop","Dry","Dark (Street Lights On/ continuous)","Clear","None","None",NA,"At","NULL","N WILLOW ST","NULL","","NULL",25,25,40.22189,-74.76831,"No","","609",417203.84,505855.61,NA,"DVRPC",0,"PDO",10046566
3447988,"2010111110003501","10003501",2010,"MERCER","Trenton City","2010-03-08","Monday","March","08:32:00",1,"TRENTON PD","NORTH",0,0,0,0,0,"Property Damage","At Intersection","No","No","Same Direction - Rear End",2,"MERCER COUNTY 622","North",622,"","11000622",4.03,"County","Straight and Level","Blacktop","Dry","Daylight","Clear","None","None",NA,"At","NULL","ELLIS AVE","NULL","","NULL",25,25,40.23955,-74.75108,"No","","053",422034.84307,512273.230638,NA,"DVRPC",0,"PDO",10046568
3447994,"2010111110003530","10003530",2010,"MERCER","Trenton City","2010-03-08","Monday","March","17:31:00",1,"TRENTON PD","SOUTH/TRENTON",0,0,0,0,0,"Property Damage","At Intersection","No","No","Same Direction - Rear End",2,"NJ 29","South",29,"","00000029",2.94,"State Highway","Straight and Level","Blacktop","Dry","Daylight","Clear","Curbed Median","None",NA,"At","NULL","CASS ST / THUNDER RD","NULL","","NULL",25,45,40.2056,-74.76077,"No","","618",419292.405095,499914.422494,NA,"DVRPC",0,"PDO",10046574
3447995,"2010111110003532","10003532",2010,"MERCER","Trenton City","2010-03-08","Monday","March","18:02:00",1,"TRENTON PD","EAST DISTRICT",0,0,0,0,0,"Property Damage","Not At Intersection","No","No","Same Direction - Side Swipe",2,"MERCER COUNTY 622","North",622,"","11000622",2.92,"County","Straight and Level","Blacktop","Dry","Dark (Street Lights On/ continuous)","Clear","None","None",NA,"NULL","NULL","E STATE ST","NULL","","NULL",25,25,40.22666,-74.73968,"No","","565",425204.03,507569.45,NA,"DVRPC",0,"PDO",10046575
3447996,"2010111110003534","10003534",2010,"MERCER","Trenton City","2010-03-08","Monday","March","18:38:00",1,"TRENTON PD","WEST",0,0,1,0,1,"Injury","Not At Intersection","No","No","Pedestrian",1,"PROSPECT ST","NULL",NA,"","11111562",0.35,"Municipal","Straight and Level","Blacktop","Dry","Dark (Street Lights On/ continuous)","Clear","None","None",25,"Foot","NULL","RUTHERFORD AVE","NULL","","NULL",25,25,40.22997,-74.7747,"No","","626",415428.034988,508802.438973,NA,"DVRPC",1,"Pain",10046577