"ID","DOT_WEB_ID","CASE_NUMBER","CRASH_YEAR","COUNTY","MUNICIPALITY","CRASH_DATE","CRASH_DAY_OF_WEEK","CRASH_MONTH","CRASH_TIME","POLICE_DEPT_CODE","POLICE_DEPARTMENT","POLICE_STATION","TOTAL_KILLED","TOTAL_INCAPACITATED","TOTAL_INJURED","PEDESTRIANS_KILLED","PEDESTRIANS_INJURED","SEVERITY","INTERSECTION","ALCOHOL_INVOLVED","HAZMAT_INVOLVED","CRASH_TYPE","TOTAL_VEHICLES_INVOLVED","CRASH_LOCATION","LOCATION_DIRECTION","ROUTE","ROUTE_SUFFIX","SRI","MILEPOST","ROAD_SYSTEM","ROAD_CHARACTER","ROAD_SURFACE_TYPE","SURFACE_CONDITION","LIGHT_CONDITION","ENVIRONMENTAL_CONDITION","ROAD_DIVIDED_BY","TEMP_TRAFFIC_CONTROL_ZONE","DISTANCE_TO_CROSS_STREET","UNIT_OF_MEASUREMENT","DIRECTION_FROM_CROSS_STREET","CROSS_STREET_NAME","IS_RAMP","RAMP_TO_FROM_ROUTE_NAME","RAMP_TO_FROM_ROUTE_DIRECTION","POSTED_SPEED","POSTED_SPEED_CROSS_STREET","LATITUDE","LONGITUDE","CELL_PHONE_IN_USE","OTHER_PROPERTY_DAMAGE","REPORTING_BADGE_NO","X","Y","CRASH_NARRATIVE","MPO","TOTAL_PEDESTRIANS_INVOLVED","EPDO","DLN"
3447997,"2010111110003535","10003535",2010,"MERCER","Trenton City","2010-03-08","Monday","March","18:36:00",1,"TRENTON PD","225 N. CLINTON?",0,0,0,0,0,"Property Damage","Not At Intersection","No","No","Same Direction - Rear End",2,"NJ 29","North",29,"","00000029",3.22,"State Highway","Curve and Level","Blacktop","Dry","Dusk","Clear","Barrier Median","None",NA,"NULL","NULL","S WARREN ST","NULL","","NULL",45,NA,40.2081,-74.76483,"No","","626",418160.241045,500827.301751,NA,"DVRPC",0,"PDO",10046576
3447999,"2010111110003549","10003549",2010,"MERCER","Trenton City","2010-03-08","Monday","March","22:34:00",1,"TRENTON PD","PATROL-WEST",0,0,1,0,0,"Injury","At Intersection","No","No","Struck Parked Vehicle",3,"PROSPECT ST","West",NA,"","11111562",0.66,"Municipal","Straight and Level","Blacktop","Dry","Dark (Street Lights On/ continuous)","Clear","None","None",NA,"At","NULL","OAKLAND ST","NULL","","NULL",25,25,40.23397,-74.77251,"No","","617",416044.269407,510260.312705,NA,"DVRPC",0,"Moderate Injury",10046579
3448000,"2010111110003560","10003560",2010,"MERCER","Trenton City","2010-03-09","Tuesday","March","08:23:00",1,"TRENTON PD","SOUTH-PATROL",0,0,1,0,0,"Injury","At Intersection","No","No","Same Direction - Rear End",3,"NJ 129","North",129,"","00000129",1.61,"State Highway","Straight and Level","Blacktop","Dry","Daylight","Clear","Barrier Median","NULL",NA,"At","NULL","CASS ST","NULL","","NULL",40,25,40.20631,-74.75467,"No","","625",420997.20784,500170.371322,NA,"DVRPC",0,"Pain",10046560
3448001,"2010111110003561","10003561",2010,"MERCER","Trenton City","2010-03-09","Tuesday","March","10:00:00",1,"TRENTON PD","WEST UNIT-134",0,0,1,0,0,"Injury","At Intersection","No","No","Fixed Object",1,"ROUTE 579","North",579,"","00000579",0.04,"County","Straight and Level","Blacktop","Dry","Daylight","Clear","None","None",NA,"At","NULL","EDGEWOOD AVE","NULL","","NULL",25,NA,40.23809,-74.80309,"No","","331",407513.03,511785.78,NA,"DVRPC",0,"Moderate Injury",10046561
3448002,"2010111110003563","10003563",2010,"MERCER","Trenton City","2010-03-09","Tuesday","March","11:23:00",1,"TRENTON PD","NORTH #4",0,0,0,0,0,"Property Damage","Not At Intersection","No","No","Right Angle",2,"PERRY ST","East",NA,"","11111556",0.39,"Municipal","Straight and Level","Blacktop","Dry","Daylight","Clear","None","None",NA,"NULL","North","US 1","NULL","","NULL",25,25,40.22439,-74.75839,"No","","446",419977.465381,506759.022397,NA,"DVRPC",0,"PDO",10046562
3448003,"2010111110003571","10003571",2010,"MERCER","Trenton City","2010-03-09","Tuesday","March","13:43:00",1,"TRENTON PD","NORTH #4",0,0,0,0,0,"Property Damage","Not At Intersection","No","No","Same Direction - Side Swipe",2,"PERRY ST","East",NA,"","11111556",0.6,"Municipal","Straight and Level","Blacktop","Dry","Daylight","Clear","Curbed Median","None",NA,"NULL","NULL","SOUTHARD ST","NULL","","NULL",25,25,40.22551,-74.75459,"No","","446",421038.98,507162.21,NA,"DVRPC",0,"PDO",10046563
3448006,"2010111110003601","10003601",2010,"MERCER","Trenton City","2010-03-10","Wednesday","March","07:25:00",1,"TRENTON PD","PATROL WEST",0,0,1,0,0,"Injury","Not At Intersection","No","No","Fixed Object",1,"MERCER COUNTY 653","West",653,"","11000653",0.48,"County","Straight and Level","Blacktop","Dry","Daylight","Clear","None","None",30,"Foot","West","DUNHAM ST","NULL","","NULL",25,25,40.22806,-74.76948,"No","","413",416884.649965,508105.499953,NA,"DVRPC",0,"Pain",10046552
3448011,"2010111110003642","10003642",2010,"MERCER","Trenton City","2010-03-10","Wednesday","March","19:22:00",1,"TRENTON PD","PATROL EAST",0,0,0,0,0,"Property Damage","At Intersection","No","No","Opposite Direction - Head On/Angular",2,"MERCER COUNTY 606","NULL",606,"","11000606",0.28,"County","Straight and Level","Blacktop","Dry","Dark (Street Lights On/ continuous)","Clear","Painted Median","None",NA,"At","NULL","S CLINTON AVE","NULL","","NULL",25,25,40.21416,-74.75404,"No","","541",421182.158925,503027.772164,NA,"DVRPC",0,"PDO",10046558
3448012,"2010111110003649","10003649",2010,"MERCER","Trenton City","2010-03-10","Wednesday","March","21:55:00",1,"TRENTON PD","PATROL/SOUTH",0,0,0,0,0,"Property Damage","Not At Intersection","No","No","Right Angle",2,"SECOND ST","North",NA,"","11111529",0.28,"Municipal","Straight and Level","Blacktop","Dry","Dark (Street Lights On/ continuous)","Clear","Painted Median","None",NA,"NULL","West","FEDERAL ST","NULL","","NULL",25,25,40.20859,-74.75777,"No","","626",420133.978711,501001.960316,NA,"DVRPC",0,"PDO",10046559
3448018,"2010111110003707","10003707",2010,"MERCER","Trenton City","2010-03-11","Thursday","March","20:18:00",1,"TRENTON PD","PATROL-WEST",0,0,1,0,0,"Injury","Not At Intersection","No","No","Opposite Direction - Head On/Angular",2,"BELLEVUE AVE","North",NA,"","11111560",0.44,"Municipal","Straight and Level","Blacktop","Dry","Dark (Street Lights On/ continuous)","Clear","None","None",100,"Foot","North","N HERMITAGE AVE","NULL","","NULL",25,25,40.23198,-74.78109,"No","","164",413646.54618,509542.695881,NA,"DVRPC",0,"Pain",10053802
3448031,"2010111110003826","10003826",2010,"MERCER","Trenton City","2010-03-13","Saturday","March","14:04:00",1,"TRENTON PD","WEST UNIT 134",0,0,2,0,0,"Injury","At Intersection","No","No","Same Direction - Rear End",2,"NJ 29","South",29,"","00000029",5.9,"State Highway","Straight and Level","Blacktop","Wet","Daylight","Rain","None","None",NA,"At","NULL","LEE AVENUE / MT VERNON AVE","NULL","","NULL",50,25,40.235,-74.79929,"No","","331",408571.278018,510659.635125,NA,"DVRPC",0,"Pain",10053820
3448033,"2010111110003830","10003830",2010,"MERCER","Trenton City","2010-03-13","Saturday","March","17:49:00",1,"TRENTON PD","PATROL/EAST",0,0,0,0,0,"Property Damage","Not At Intersection","No","No","Same Direction - Side Swipe",2,"MERCER COUNTY 606","East",606,"","11000606",1.45,"County","Straight and Level","Blacktop","Wet","Dark (Street Lights On/ continuous)","Rain","None","None",100,"Foot","West","CR 622","NULL","","NULL",25,25,40.21968,-74.73293,"No","","624",427080.77,505021.47,NA,"DVRPC",0,"PDO",10053818
3448034,"2010111110003831","10003831",2010,"MERCER","Trenton City","2010-03-13","Saturday","March","18:18:00",1,"TRENTON PD","PATROL SOUTH",0,0,0,0,0,"Property Damage","At Intersection","No","No","Same Direction - Rear End",2,"MARKET STREET","South",NA,"","11111526",0.52,"Municipal","Straight at Hillcrest","Blacktop","Wet","Dark (Street Lights On/ continuous)","Rain","None","None",NA,"At","NULL","S STOCKTON ST","NULL","","NULL",25,25,40.21676,-74.76011,"No","","626",419488.399139,503979.463775,NA,"DVRPC",0,"PDO",10053817
3448036,"2010111110003845","10003845",2010,"MERCER","Trenton City","2010-03-14","Sunday","March","08:28:00",1,"TRENTON PD","NORTH",0,0,0,0,0,"Property Damage","Not At Intersection","No","No","Same Direction - Side Swipe",2,"US 1","North",1,"","00000001",2.72,"State Highway","Curve and Grade","Blacktop","Wet","Daylight","Rain","Barrier Median","None",NA,"NULL","NULL","MULBERRY ST","NULL","","NULL",50,25,40.23885,-74.74117,"No","","053",424799.66917,512010.735327,NA,"DVRPC",0,"PDO",10053814
3448046,"2010111110003877","10003877",2010,"MERCER","Trenton City","2010-03-14","Sunday","March","22:45:00",1,"TRENTON PD","EAST",0,0,0,0,0,"Property Damage","At Intersection","No","No","Same Direction - Rear End",2,"S CLINTON AVE","South",NA,"","11031969",2.66,"Municipal","Straight and Level","Blacktop","Wet","Dark (Street Lights On/ continuous)","Rain","Painted Median","None",NA,"At","NULL","BEATTY ST","NULL","","NULL",25,25,40.20806,-74.74833,"No","","596",422770.4,500800.92,NA,"DVRPC",0,"PDO",10053804
3448047,"2010111110003880","10003880",2010,"MERCER","Trenton City","2010-03-15","Monday","March","00:32:00",1,"TRENTON PD","SOUTH/TRENTON",0,0,0,0,0,"Property Damage","At Intersection","No","No","Right Angle",2,"MERCER COUNTY 650","West",650,"","11000650",0.46,"County","Straight and Level","Blacktop","Wet","Dark (Street Lights On/ continuous)","Rain","None","None",NA,"At","NULL","BEATTY ST","NULL","","NULL",25,NA,40.19885,-74.74908,"No","","618",422551.221155,497446.75223,NA,"DVRPC",0,"PDO",10053803
3448048,"2010111110003894","10003894",2010,"MERCER","Trenton City","2010-03-15","Monday","March","10:58:00",1,"TRENTON PD","EAST",0,0,0,0,0,"Property Damage","At Intersection","No","No","Right Angle",2,"S CLINTON AVE","North",NA,"","11031969",3.41,"Municipal","Straight and Level","Blacktop","Wet","Daylight","Overcast","Painted Median","None",NA,"At","NULL","NJ 33","NULL","","NULL",25,25,40.21694,-74.75465,"No","","531",421013.9335,504042.620451,NA,"DVRPC",0,"PDO",10053510
3448050,"2010111110003921","10003921",2010,"MERCER","Trenton City","2010-03-15","Monday","March","17:47:00",1,"TRENTON PD","EAST",0,0,0,0,0,"Property Damage","At Intersection","No","No","Right Angle",2,"MERCER COUNTY 606","South",606,"","11000606",0.8,"County","Straight and Level","Blacktop","Wet","Daylight","Rain","Painted Median","None",NA,"At","NULL","ANDERSON ST","NULL","","NULL",25,25,40.21659,-74.74464,"No","","625",423807.333538,503905.384368,NA,"DVRPC",0,"PDO",10053508
3448053,"2010111110003956","10003956",2010,"MERCER","Trenton City","2010-03-16","Tuesday","March","10:54:00",1,"TRENTON PD","NORTH",0,0,0,0,0,"Property Damage","At Intersection","No","No","Right Angle",2,"PERRY ST","West",NA,"","11111556",0.17,"Municipal","Straight and Level","Blacktop","Dry","Daylight","Clear","None","None",NA,"At","NULL","N MONTGOMERY ST","NULL","","NULL",25,25,40.22328,-74.76236,"No","","053",418867.632866,506357.159289,NA,"DVRPC",0,"PDO",10053512
3448054,"2010111110003967","10003967",2010,"MERCER","Trenton City","2010-03-16","Tuesday","March","13:56:00",1,"TRENTON PD","EAST",0,0,0,0,0,"Property Damage","Not At Intersection","No","No","Same Direction - Side Swipe",2,"WALNUT AVE","West",NA,"","11111541",0,"Municipal","Straight and Level","Blacktop","Dry","Daylight","Clear","None","None",100,"Foot","West","CHAMBERS ST","NULL","","NULL",25,25,40.22182,-74.74653,"No","","624",423286.03,505810.55,NA,"DVRPC",0,"PDO",10053513
3448055,"2010111110003972","10003972",2010,"MERCER","Trenton City","2010-03-16","Tuesday","March","15:17:00",1,"TRENTON PD","PATROL-SOUTH",0,0,0,0,0,"Property Damage","At Intersection","No","No","Same Direction - Side Swipe",2,"MERCER COUNTY 650","West",650,"","11000650",0.36,"County","Straight and Level","Blacktop","Dry","Daylight","Clear","None","None",NA,"At","NULL","HANCOCK ST","NULL","","NULL",25,25,40.1986,-74.75095,"No","","164",422028.218239,497359.045115,NA,"DVRPC",0,"PDO",10053514
3448057,"2010111110003982","10003982",2010,"MERCER","Trenton City","2010-03-16","Tuesday","March","16:27:00",1,"TRENTON PD","SOUTH-PATROL",0,0,1,0,0,"Injury","At Intersection","No","No","Same Direction - Side Swipe",2,"S CLINTON AVE","North",NA,"","11031969",2.1,"Municipal","Straight and Level","Blacktop","Dry","Daylight","Clear","None","NULL",NA,"At","NULL","STANTON ST","NULL","","NULL",25,25,40.20419,-74.73898,"No","","625",425376.758709,499384.539468,NA,"DVRPC",0,"Pain",10053516
3448058,"2010111110003989","10003989",2010,"MERCER","Trenton City","2010-03-16","Tuesday","March","17:52:00",1,"TRENTON PD","PATROL",0,0,1,0,0,"Injury","At Intersection","No","No","Opposite Direction - Head On/Angular",2,"MULBERRY ST","NULL",NA,"","11111546",0.26,"Municipal","Straight and Level","Gravel","Dry","Daylight","Clear","Painted Median","NULL",NA,"At","NULL","NEW YORK AVE","NULL","","NULL",25,25,40.2392,-74.74273,"No","","555",424363.305587,512140.837534,NA,"DVRPC",0,"Pain",10053517
3448059,"2010111110004003","10004003",2010,"MERCER","Trenton City","2010-03-16","Tuesday","March","20:40:00",1,"TRENTON PD","NORTH PATROL",0,0,0,0,0,"Property Damage","At Intersection","No","No","Pedalcyclist",1,"PERRY ST","East",NA,"","11111556",0.6,"Municipal","Straight and Level","Blacktop","Dry","Daylight","Clear","Painted Median","None",NA,"At","NULL","SOUTHARD ST","NULL","","NULL",25,25,40.22551,-74.75459,"No","","608",421038.98,507162.21,NA,"DVRPC",1,"PDO",10053518
3448060,"2010111110004011","10004011",2010,"MERCER","Trenton City","2010-03-16","Tuesday","March","22:42:00",1,"TRENTON PD","",0,0,1,0,0,"Injury","At Intersection","No","No","Opposite Direction - Side Swipe",2,"ROUTE 579","NULL",579,"","00000579",0,"County","Straight and Level","Blacktop","Dry","Dark (Street Lights On/ continuous)","Clear","None","None",NA,"At","NULL","NJ 29 / JOHN FITCH WAY / W STATE ST","NULL","","NULL",25,40,40.23753,-74.80313,"No","","626",407501,511583.58,NA,"DVRPC",0,"Pain",10053519
3448061,"2010111110004024","10004024",2010,"MERCER","Trenton City","2010-03-17","Wednesday","March","07:58:00",1,"TRENTON PD","NORTH",0,0,0,0,0,"Property Damage","At Intersection","No","No","Same Direction - Side Swipe",2,"SPRUCE ST","East",NA,"","11111563",0.22,"Municipal","Straight and Level","Blacktop","Dry","Daylight","Clear","None","None",NA,"At","NULL","BRUNSWICK AVE","NULL","","NULL",25,25,40.23978,-74.7489,"No","","053",422641.120004,512355.769995,NA,"DVRPC",0,"PDO",10053520
3448064,"2010111110004033","10004033",2010,"MERCER","Trenton City","2010-03-17","Wednesday","March","09:54:00",1,"TRENTON PD","PATROL/WEST 1",0,0,0,0,0,"Property Damage","At Intersection","No","No","Same Direction - Rear End",2,"MERCER COUNTY 634","South",634,"","11000634",4.11,"County","Straight and Level","Blacktop","Dry","Daylight","Clear","None","None",NA,"At","NULL","PARKSIDE AVE/CR 636","NULL","","NULL",25,25,40.24234,-74.78019,"No","","331",413910.449748,513316.40623,NA,"DVRPC",0,"PDO",10053523
3448066,"2010111110004052","10004052",2010,"MERCER","Trenton City","2010-03-17","Wednesday","March","14:27:00",1,"TRENTON PD","PATROL/NORTH 2",0,0,1,0,0,"Injury","At Intersection","No","No","Overturned",1,"US 206","North",206,"","00000206",44.42,"Municipal","Straight and Level","Blacktop","Dry","Daylight","Clear","None","NULL",NA,"At","NULL","CR 622 / NORTH OLDEN AVE","NULL","","NULL",25,25,40.23875,-74.7504,"No","","331",422223.668209,511980.706465,NA,"DVRPC",0,"Pain",10053525
3448067,"2010111110004058","10004058",2010,"MERCER","Trenton City","2010-03-17","Wednesday","March","14:42:00",1,"TRENTON PD","NORTH #2",0,0,0,0,0,"Property Damage","At Intersection","No","No","Same Direction - Side Swipe",2,"US 206 Z","East",206,"Z","00000206Z",44.54,"County","Straight and Level","Blacktop","Dry","Daylight","Clear","None","None",NA,"At","NULL","CR 622 / N OLDEN AVE","NULL","","NULL",25,25,40.24035,-74.75224,"No","","446",421710.24943,512565.986439,NA,"DVRPC",0,"PDO",10053526
3448071,"2010111110004101","10004101",2010,"MERCER","Trenton City","2010-03-18","Thursday","March","07:59:00",1,"TRENTON PD","PATROL/SOUTH",0,0,0,0,0,"Property Damage","At Intersection","No","No","Right Angle",2,"CENTER ST","South",NA,"","11111528",0.81,"Municipal","Straight and Level","Blacktop","Dry","Daylight","Clear","None","None",NA,"At","NULL","LANDING ST","NULL","","NULL",25,25,40.20266,-74.75768,"No","","446",420153.1,498841.82,NA,"DVRPC",0,"PDO",10053943
3448076,"2010111110004141","10004141",2010,"MERCER","Trenton City","2010-03-18","Thursday","March","18:03:00",1,"TRENTON PD","EAST/PATROL",0,0,1,0,1,"Injury","Not At Intersection","No","No","Pedestrian",1,"ROEBLING AVE","East",NA,"","11111538",0.09,"Municipal","Straight and Level","Blacktop","Dry","Daylight","Clear","None","None",NA,"NULL","NULL","WASHINGTON ST","NULL","","NULL",25,25,40.21217,-74.74127,"No","","565",424745.959983,502291.466657,NA,"DVRPC",1,"Pain",10053534
3448078,"2010111110004152","10004152",2010,"MERCER","Trenton City","2010-03-18","Thursday","March","23:08:00",1,"TRENTON PD","PATROL",0,0,0,0,0,"Property Damage","Not At Intersection","No","No","Fixed Object",2,"MERCER COUNTY 606","North",606,"","11000606",1.09,"County","Straight and Level","Blacktop","Dry","Dark (Street Lights On/ continuous)","Clear","Painted Median","None",NA,"NULL","NULL","REVERE AVE","NULL","","NULL",25,25,40.21796,-74.73943,"No","LIGHT POLE","625",425263.576175,504401.180062,NA,"DVRPC",0,"PDO",10053532
3448080,"2010111110004154","10004154",2010,"MERCER","Trenton City","2010-03-18","Thursday","March","23:12:00",1,"TRENTON PD","PATROL/EAST",0,0,1,0,1,"Injury","At Intersection","No","No","Pedestrian",1,"MERCER COUNTY 606","East",606,"","11000606",0.8,"County","Straight and Level","Blacktop","Dry","Dark (Street Lights On/ continuous)","Clear","None","None",NA,"At","NULL","ANDERSON ST","NULL","","NULL",25,25,40.21659,-74.74464,"No","BIKE THOMAS L TARD 284 RUTHERFORD AVE TRENTON NJ 08609","617",423807.333538,503905.384368,NA,"DVRPC",1,"Pain",10053531
3448083,"2010111110004167","10004167",2010,"MERCER","Trenton City","2010-03-19","Friday","March","07:47:00",1,"TRENTON PD","TRENTON PATROL",0,0,0,0,0,"Property Damage","Not At Intersection","No","No","Same Direction - Side Swipe",2,"NJ 29","South",29,"","00000029",6.93,"State Highway","Curve and Level","Blacktop","Dry","Daylight","Clear","Painted Median","None",NA,"NULL","NULL","","NULL","","NULL",45,NA,40.24088,-74.81672,"No","","413",403711.348905,512818.379286,NA,"DVRPC",0,"PDO",10053540
3448084,"2010111110004181","10004181",2010,"MERCER","Trenton City","2010-03-19","Friday","March","10:26:00",1,"TRENTON PD","SOUTH PATROL",0,0,0,0,0,"Property Damage","At Intersection","No","No","Same Direction - Rear End",3,"NJ 29","North",29,"","00000029",3.22,"State Highway","Straight and Level","Blacktop","Dry","Daylight","Clear","None","None",NA,"At","NULL","S WARREN ST","NULL","","NULL",50,25,40.2081,-74.76483,"No","","463",418160.241045,500827.301751,NA,"DVRPC",0,"PDO",10053541
3448086,"2010111110004196","10004196",2010,"MERCER","Trenton City","2010-03-19","Friday","March","13:52:00",1,"TRENTON PD","NORTH",0,0,0,0,0,"Property Damage","Not At Intersection","No","No","Opposite Direction - Side Swipe",2,"US 1","North",1,"","00000001",1.34,"State Highway","Curve and Grade","Blacktop","Dry","Daylight","Clear","None","None",NA,"NULL","NULL","PERRY ST","NULL","","NULL",45,15,40.2249,-74.75894,"No","","541",419824.22,506945.38,NA,"DVRPC",0,"PDO",10053543
3448087,"2010111110004200","10004200",2010,"MERCER","Trenton City","2010-03-19","Friday","March","14:58:00",1,"TRENTON PD","SOUTH",0,0,1,0,0,"Injury","Not At Intersection","No","No","Same Direction - Rear End",2,"NJ 29","NULL",29,"","00000029",3.22,"State Highway","Straight and Level","Blacktop","Dry","Daylight","Clear","Curbed Median","None",NA,"NULL","NULL","S WARREN ST","NULL","","NULL",55,25,40.2081,-74.76483,"No","","517",418160.241045,500827.301751,NA,"DVRPC",0,"Pain",10053743
3448089,"2010111110004203","10004203",2010,"MERCER","Trenton City","2010-03-19","Friday","March","15:41:00",1,"TRENTON PD","NORTH",0,0,0,0,0,"Property Damage","At Intersection","No","No","Right Angle",2,"MERCER COUNTY 622","West",622,"","11000622",3.89,"County","Straight and Level","Blacktop","Dry","Daylight","Clear","None","None",NA,"At","NULL","INDIANA AVE","NULL","","NULL",25,25,40.2382,-74.74929,"No","","541",422532.11,511779.3,NA,"DVRPC",0,"PDO",10053745
3448091,"2010111110004221","10004221",2010,"MERCER","Trenton City","2010-03-19","Friday","March","20:27:00",1,"TRENTON PD","PATROL SOUTH",0,0,0,0,0,"Property Damage","Not At Intersection","No","No","Same Direction - Rear End",2,"GRAND ST","NULL",NA,"","11111534",0.35,"Municipal","Straight and Level","Blacktop","Dry","Dark (Street Lights On/ continuous)","Clear","None","None",NA,"NULL","NULL","ELM ST","NULL","","NULL",25,25,40.20379,-74.74639,"No","","602",423308.039972,499246.092663,NA,"DVRPC",0,"PDO",10053747
3448098,"2010111110004256","10004256",2010,"MERCER","Trenton City","2010-03-20","Saturday","March","02:58:00",1,"TRENTON PD","PATROL",0,0,0,0,0,"Property Damage","Not At Intersection","No","No","Opposite Direction - Head On/Angular",5,"S CLINTON AVE","North",NA,"","11031969",2.82,"Municipal","Straight and Level","Blacktop","Dry","Dark (Street Lights On/ continuous)","Clear","Painted Median","None",NA,"NULL","NULL","HUDSON ST","NULL","","NULL",25,25,40.20914,-74.75093,"No","","625",422044.62,501198.23,NA,"DVRPC",0,"PDO",10053827
3448100,"2010111110004267","10004267",2010,"MERCER","Trenton City","2010-03-20","Saturday","March","12:22:00",1,"TRENTON PD","NORTH",0,0,0,0,0,"Property Damage","At Intersection","No","No","Right Angle",2,"SPRUCE ST","South",NA,"","11111563",0.05,"Municipal","Straight and Grade","Blacktop","Dry","Daylight","Clear","None","None",NA,"At","NULL","PENNSYLVANIA AVE","NULL","","NULL",25,25,40.23788,-74.74671,"No","","389",423252.825553,511663.740373,NA,"DVRPC",0,"PDO",10053829
3448101,"2010111110004272","10004272",2010,"MERCER","Trenton City","2010-03-20","Saturday","March","13:48:00",1,"TRENTON PD","SOUTH/PATROL",0,0,0,0,0,"Property Damage","Not At Intersection","No","No","Struck Parked Vehicle",2,"US 206","South",206,"","00000206",41.05,"Municipal","Straight and Level","Blacktop","Dry","Daylight","Clear","None","None",50,"Foot","South","DAYTON ST","NULL","","NULL",25,25,40.20307,-74.74075,"No","","499",424880.100622,498977.073434,NA,"DVRPC",0,"PDO",10053830
3448102,"2010111110004274","10004274",2010,"MERCER","Trenton City","2010-03-20","Saturday","March","14:30:00",1,"TRENTON PD","PATROL",0,0,3,0,0,"Injury","At Intersection","No","No","Right Angle",2,"PROSPECT ST","NULL",NA,"","11111562",0.35,"Municipal","Straight and Level","Blacktop","Dry","Daylight","Clear","None","None",NA,"At","NULL","RUTHERFORD AVE","NULL","","NULL",25,25,40.22997,-74.7747,"No","","135",415428.034988,508802.438973,NA,"DVRPC",0,"Pain",10053831
3448104,"2010111110004278","10004278",2010,"MERCER","Trenton City","2010-03-20","Saturday","March","14:39:00",1,"TRENTON PD","PATROL SOUTH",0,0,0,0,0,"Property Damage","Not At Intersection","No","No","Right Angle",2,"MERCER COUNTY 650","NULL",650,"","11000650",1.2,"County","Straight and Level","Blacktop","Dry","Daylight","Clear","Painted Median","None",NA,"NULL","NULL","","NULL","","NULL",NA,NA,40.2008,-74.73518,"No","","463",426434.75,498147.68,NA,"DVRPC",0,"PDO",10053833
3448107,"2010111110004283","10004283",2010,"MERCER","Trenton City","2010-03-21","Sunday","March","09:13:00",1,"TRENTON PD","PATROL SOUTH",0,0,0,0,0,"Property Damage","At Intersection","No","No","Same Direction - Rear End",2,"NJ 29","North",29,"","00000029",2.94,"State Highway","Straight and Level","Blacktop","Dry","Daylight","Clear","Grass Median","None",NA,"At","NULL","CASS ST / THUNDER RD","NULL","","NULL",40,25,40.2056,-74.76077,"No","","463",419292.405095,499914.422494,NA,"DVRPC",0,"PDO",10053839
3448108,"2010111110004286","10004286",2010,"MERCER","Trenton City","2010-03-20","Saturday","March","19:16:00",1,"TRENTON PD","PATROL/SOUTH",0,0,0,0,0,"Property Damage","Not At Intersection","No","No","Struck Parked Vehicle",2,"CASS ST","West",NA,"","11111527",0.22,"Municipal","Straight and Level","Blacktop","Dry","Dark (Street Lights On/ continuous)","Clear","None","None",200,"Foot","East","SECOND ST","NULL","","NULL",25,25,40.20562,-74.75679,"No","","446",420404.034739,499917.430168,NA,"DVRPC",0,"PDO",10053836
3448109,"2010111110004292","10004292",2010,"MERCER","Trenton City","2010-03-20","Saturday","March","20:33:00",1,"TRENTON PD","NORTH",0,0,2,0,0,"Injury","Not At Intersection","No","No","Struck Parked Vehicle",2,"SOUTHARD ST","NULL",NA,"","11111558",0.61,"Municipal","Straight at Hillcrest","Blacktop","Dry","Dark (Street Lights On/ continuous)","Clear","Painted Median","None",NA,"NULL","NULL","MARTIN LUTHER KING JR BLVD","NULL","","NULL",25,NA,40.23257,-74.76136,"No","","595",419155.381865,509740.950046,NA,"DVRPC",0,"Pain",10053837
3448110,"2010111110004300","10004300",2010,"MERCER","Trenton City","2010-03-20","Saturday","March","22:00:00",1,"TRENTON PD","WEST",0,0,2,0,1,"Injury","Not At Intersection","No","No","Pedestrian",1,"STUYVESANT AVE","North",NA,"","11111568",0.23,"Municipal","Straight and Level","Blacktop","Dry","Dark (Street Lights On/ continuous)","Clear","None","None",NA,"NULL","NULL","EXTON AVE","NULL","","NULL",25,25,40.23277,-74.77772,"No","","625",414590.265289,509825.456952,NA,"DVRPC",1,"Moderate Injury",10053838
3448113,"2010111110004324","10004324",2010,"MERCER","Trenton City","2010-03-21","Sunday","March","13:31:00",1,"TRENTON PD","PATROL/EAST",0,0,2,0,0,"Injury","At Intersection","No","No","Opposite Direction - Head On/Angular",2,"MERCER COUNTY 626","North",626,"","11000626",0.33,"County","Straight and Level","Blacktop","Dry","Daylight","Clear","Barrier Median","None",NA,"At","NULL","NJ 33","NULL","","NULL",25,25,40.22043,-74.74546,"No","","617",423582.260036,505305.181367,NA,"DVRPC",0,"Moderate Injury",10053842
3448114,"2010111110004332","10004332",2010,"MERCER","Trenton City","2010-03-21","Sunday","March","16:42:00",1,"TRENTON PD","NORTH-PATROL",0,0,0,0,0,"Property Damage","Not At Intersection","No","No","Struck Parked Vehicle",2,"US 206","NULL",206,"","00000206",43.59,"Municipal","Straight and Level","Blacktop","Dry","Daylight","Clear","None","None",200,"Foot","South","SOUTHARD ST","NULL","","NULL",NA,25,40.22922,-74.75942,"No","","518",419693.895141,508518.920897,NA,"DVRPC",0,"PDO",10053843