"ID","DOT_WEB_ID","CASE_NUMBER","CRASH_YEAR","COUNTY","MUNICIPALITY","CRASH_DATE","CRASH_DAY_OF_WEEK","CRASH_MONTH","CRASH_TIME","POLICE_DEPT_CODE","POLICE_DEPARTMENT","POLICE_STATION","TOTAL_KILLED","TOTAL_INCAPACITATED","TOTAL_INJURED","PEDESTRIANS_KILLED","PEDESTRIANS_INJURED","SEVERITY","INTERSECTION","ALCOHOL_INVOLVED","HAZMAT_INVOLVED","CRASH_TYPE","TOTAL_VEHICLES_INVOLVED","CRASH_LOCATION","LOCATION_DIRECTION","ROUTE","ROUTE_SUFFIX","SRI","MILEPOST","ROAD_SYSTEM","ROAD_CHARACTER","ROAD_SURFACE_TYPE","SURFACE_CONDITION","LIGHT_CONDITION","ENVIRONMENTAL_CONDITION","ROAD_DIVIDED_BY","TEMP_TRAFFIC_CONTROL_ZONE","DISTANCE_TO_CROSS_STREET","UNIT_OF_MEASUREMENT","DIRECTION_FROM_CROSS_STREET","CROSS_STREET_NAME","IS_RAMP","RAMP_TO_FROM_ROUTE_NAME","RAMP_TO_FROM_ROUTE_DIRECTION","POSTED_SPEED","POSTED_SPEED_CROSS_STREET","LATITUDE","LONGITUDE","CELL_PHONE_IN_USE","OTHER_PROPERTY_DAMAGE","REPORTING_BADGE_NO","X","Y","CRASH_NARRATIVE","MPO","TOTAL_PEDESTRIANS_INVOLVED","EPDO","DLN"
3448115,"2010111110004338","10004338",2010,"MERCER","Trenton City","2010-03-21","Sunday","March","18:57:00",1,"TRENTON PD","PATROL EAST",0,0,0,0,0,"Property Damage","At Intersection","No","No","Same Direction - Side Swipe",2,"NJ 33","West",33,"","00000033",0.74,"County","Straight and Level","Concrete","Dry","Dusk","Clear","Painted Median","None",NA,"At","NULL","CR 626 / CHAMBERS ST","NULL","","NULL",25,25,40.21995,-74.745,"No","","584",423711.195029,505130.289133,NA,"DVRPC",0,"PDO",10053844
3448124,"2010111110004387","10004387",2010,"MERCER","Trenton City","2010-03-22","Monday","March","15:42:00",1,"TRENTON PD","PATROL",0,0,0,0,0,"Property Damage","At Intersection","No","No","Same Direction - Rear End",2,"S CLINTON AVE","NULL",NA,"","11031969",3.7,"Municipal","Straight and Level","Blacktop","Wet","Daylight","Rain","None","None",NA,"At","NULL","E STATE ST","NULL","","NULL",NA,NA,40.22109,-74.75545,"No","","445",420795.18,505554.77,NA,"DVRPC",0,"PDO",10053937
3448128,"2010111110004410","10004410",2010,"MERCER","Trenton City","2010-03-23","Tuesday","March","06:33:00",1,"TRENTON PD","SOUTH",0,0,0,0,0,"Property Damage","Not At Intersection","No","No","Fixed Object",1,"W STATE ST","North",NA,"","11111552",1.81,"Municipal","Straight and Level","Blacktop","Dry","Dawn","Clear","None","None",NA,"NULL","NULL","CR 653","NULL","","NULL",25,NA,40.22245,-74.77492,"No","STREET LIGHT 319 E STATE ST TRENTON NJ 08609","625",415358.46309,506064.210201,NA,"DVRPC",0,"PDO",10064930
3448129,"2010111110004411","10004411",2010,"MERCER","Trenton City","2010-03-23","Tuesday","March","07:37:00",1,"TRENTON PD","PATROL/NORTH",0,0,0,0,0,"Property Damage","Not At Intersection","No","No","Same Direction - Rear End",2,"US 1","North",1,"","00000001",2.37,"State Highway","Straight and Level","Blacktop","Wet","Daylight","Overcast","Painted Median","NULL",100,"Foot","NULL","CR 622 / OLDEN AVE","NULL","","NULL",50,25,40.23567,-74.74633,"No","","517",423354.670311,510857.443445,NA,"DVRPC",0,"PDO",10064929
3448132,"2010111110004434","10004434",2010,"MERCER","Trenton City","2010-03-23","Tuesday","March","12:45:00",1,"TRENTON PD","SOUTH PATROL",0,0,0,0,0,"Property Damage","Not At Intersection","No","No","Same Direction - Rear End",2,"S CLINTON AVE","South",NA,"","11031969",3.05,"Municipal","Straight and Level","Blacktop","Dry","Daylight","Overcast","Painted Median","None",25,"Foot","North","ELMER ST","NULL","","NULL",25,25,40.21187,-74.75308,"No","","625",421446.67,502193.43,NA,"DVRPC",0,"PDO",10064926
3448138,"2010111110004481","10004481",2010,"MERCER","Trenton City","2010-03-24","Wednesday","March","08:47:00",1,"TRENTON PD","EAST DISTRICT",0,0,0,0,0,"Property Damage","At Intersection","No","No","Same Direction - Side Swipe",2,"MONMOUTH ST","East",NA,"","11111544",0.57,"Municipal","Straight and Level","Blacktop","Dry","Daylight","Clear","None","None",NA,"At","NULL","NJ 33","NULL","","NULL",25,25,40.21895,-74.74761,"No","","463",422981.71,504767.71,NA,"DVRPC",0,"PDO",10064931
3448139,"2010111110004494","10004494",2010,"MERCER","Trenton City","2010-03-24","Wednesday","March","12:33:00",1,"TRENTON PD","PATROL",0,0,0,0,0,"Property Damage","At Intersection","No","No","Same Direction - Side Swipe",2,"PERRY ST","East",NA,"","11111556",0.17,"Municipal","Straight and Level","Blacktop","Dry","Daylight","Clear","None","NULL",NA,"At","NULL","N MONTGOMERY ST","NULL","","NULL",25,25,40.22328,-74.76236,"No","","445",418867.632866,506357.159289,NA,"DVRPC",0,"PDO",10064932
3448140,"2010111110004496","10004496",2010,"MERCER","Trenton City","2010-03-24","Wednesday","March","13:02:00",1,"TRENTON PD","NORTH",0,0,3,0,0,"Injury","At Intersection","No","No","Same Direction - Side Swipe",2,"US 206","North",206,"","00000206",43.79,"Municipal","Straight at Hillcrest","Blacktop","Dry","Daylight","Clear","None","None",NA,"At","NULL","RACE ST","NULL","","NULL",25,25,40.231,-74.75644,"No","","053",420529.620626,509164.690271,NA,"DVRPC",0,"Pain",10064933
3448141,"2010111110004497","10004497",2010,"MERCER","Trenton City","2010-03-24","Wednesday","March","13:13:00",1,"TRENTON PD","EAST DISTRICT",0,0,0,0,0,"Property Damage","Not At Intersection","No","No","Struck Parked Vehicle",2,"MERCER COUNTY 622","South",622,"","11000622",4.1,"County","Straight and Level","Blacktop","Dry","Daylight","Clear","None","NULL",NA,"NULL","NULL","","NULL","","NULL",25,NA,40.24012,-74.75201,"No","","463",421775.07,512481.89,NA,"DVRPC",0,"PDO",10064934
3448142,"2010111110004504","10004504",2010,"MERCER","Trenton City","2010-03-24","Wednesday","March","15:15:00",1,"TRENTON PD","PATROL-EAST",0,0,1,0,0,"Injury","At Intersection","No","No","Same Direction - Rear End",3,"LIBERTY ST","East",NA,"","11112004",0.65,"Municipal","Straight and Level","Blacktop","Dry","Daylight","Clear","None","None",NA,"At","NULL","HOWELL ST","NULL","","NULL",25,25,40.20702,-74.73989,"Yes","","398",425126.179344,500414.897545,NA,"DVRPC",0,"Pain",10064935
3448146,"2010111110004547","10004547",2010,"MERCER","Trenton City","2010-03-25","Thursday","March","08:28:00",1,"TRENTON PD","NORTH #4",0,0,0,0,0,"Property Damage","Not At Intersection","No","No","Same Direction - Rear End",2,"LINCOLN AVE","West",NA,"","11111542",0,"Municipal","Straight and Level","Blacktop","Dry","Daylight","Clear","None","None",NA,"NULL","West","N CLINTON AVE","NULL","","NULL",25,25,40.2258,-74.75355,"No","","446",421329.47,507269.01,NA,"DVRPC",0,"PDO",10064963
3448148,"2010111110004560","10004560",2010,"MERCER","Trenton City","2010-03-25","Thursday","March","12:18:00",1,"TRENTON PD","WEST PRECINT",0,0,1,0,0,"Injury","Not At Intersection","No","No","Right Angle",2,"PROSPECT ST","West",NA,"","11111562",0.64,"Municipal","Straight and Level","Blacktop","Dry","Daylight","Clear","None","None",120,"Foot","West","OAKLAND ST","NULL","","NULL",25,25,40.23372,-74.77265,"No","","482",416005.201824,510166.739934,NA,"DVRPC",0,"Pain",10064943
3448152,"2010111110004588","10004588",2010,"MERCER","Trenton City","2010-03-25","Thursday","March","20:15:00",1,"TRENTON PD","TRENTON PD",0,0,0,0,0,"Property Damage","At Intersection","No","No","Opposite Direction - Head On/Angular",2,"NJ 129","NULL",129,"","00000129",2.14,"State Highway","Straight and Level","Blacktop","Dry","Dark (Street Lights On/ continuous)","Clear","Painted Median","None",NA,"At","NULL","CR 606 / HAMILTON AVE","NULL","","NULL",40,25,40.21399,-74.75647,"No","","626",420501.763748,502966.212691,NA,"DVRPC",0,"PDO",10064939
3448153,"2010111110004607","10004607",2010,"MERCER","Trenton City","2010-03-26","Friday","March","06:03:00",1,"TRENTON PD","NORTH HEADQUAR",0,0,0,0,0,"Property Damage","Not At Intersection","No","No","Right Angle",2,"SOUTHARD ST","NULL",NA,"","11111558",0.36,"Municipal","Straight and Level","Blacktop","Wet","Dark (Street Lights On/ continuous)","Rain","None","None",NA,"NULL","NULL","BRUNSWICK AVE","NULL","","NULL",25,25,40.22977,-74.75842,"No","","595",419974.113137,508718.34438,NA,"DVRPC",0,"PDO",10065441
3448154,"2010111110004610","10004610",2010,"MERCER","Trenton City","2010-03-26","Friday","March","07:06:00",1,"TRENTON PD","PATROL/EAST",0,0,0,0,0,"Property Damage","Not At Intersection","No","No","Left Turn / U Turn",2,"MERCER COUNTY 626","South",626,"","11000626",1.15,"County","Straight and Level","Blacktop","Wet","Dawn","Rain","None","None",400,"Foot","NULL","LIBERTY ST","NULL","","NULL",25,25,40.20985,-74.73752,"No","","498",425788.98,501444.24,NA,"DVRPC",0,"PDO",10065440
3448157,"2010111110004620","10004620",2010,"MERCER","Trenton City","2010-03-26","Friday","March","09:01:00",1,"TRENTON PD","SOUTH",0,0,0,0,0,"Property Damage","Not At Intersection","No","No","Same Direction - Rear End",2,"US 1","NULL",1,"","00000001",0.9,"State Highway","Straight and Level","Blacktop","Dry","Daylight","Overcast","Barrier Median","None",NA,"NULL","NULL","MARKET ST","NULL","","NULL",50,25,40.21864,-74.75755,"No","","517",420205.587588,504662.197171,NA,"DVRPC",0,"PDO",10065437
3448159,"2010111110004636","10004636",2010,"MERCER","Trenton City","2010-03-26","Friday","March","15:47:00",1,"TRENTON PD","EAST DISTRICT",0,0,0,0,0,"Property Damage","Not At Intersection","No","No","Same Direction - Rear End",2,"NJ 33","NULL",33,"","00000033",0.11,"State Highway","Straight and Level","Blacktop","Dry","Daylight","Clear","Painted Median","None",NA,"NULL","NULL","QUINTON AVE","NULL","","NULL",25,25,40.21751,-74.75574,"No","","465",420709.950202,504250.073676,NA,"DVRPC",0,"PDO",10065435
3448161,"2010111110004638","10004638",2010,"MERCER","Trenton City","2010-03-26","Friday","March","16:36:00",1,"TRENTON PD","WEST",0,0,0,0,0,"Property Damage","At Intersection","No","No","Struck Parked Vehicle",2,"PROSPECT ST","West",NA,"","11111562",0.42,"Municipal","Straight and Level","Blacktop","Dry","Daylight","Clear","Painted Median","None",NA,"At","NULL","E STUYVESANT AVE","NULL","","NULL",25,25,40.23087,-74.77421,"No","","465",415566.128762,509130.759635,NA,"DVRPC",0,"PDO",10065433
3448162,"2010111110004640","10004640",2010,"MERCER","Trenton City","2010-03-26","Friday","March","16:37:00",1,"TRENTON PD","EAST DISTRICT",0,0,0,0,0,"Property Damage","At Intersection","No","No","Same Direction - Side Swipe",2,"MERCER COUNTY 626","NULL",626,"","11000626",0.27,"County","Straight at Hillcrest","Blacktop","Dry","Daylight","Clear","Painted Median","None",NA,"At","NULL","EUCLID AVE","NULL","","NULL",25,25,40.2212,-74.74605,"No","","465",423418.160031,505584.711376,NA,"DVRPC",0,"PDO",10065432
3448164,"2010111110004646","10004646",2010,"MERCER","Trenton City","2010-03-26","Friday","March","18:39:00",1,"TRENTON PD","",0,0,0,0,0,"Property Damage","Not At Intersection","No","No","Struck Parked Vehicle",2,"MERCER COUNTY 626","NULL",626,"","11000626",1.65,"County","Straight and Level","Blacktop","Dry","Daylight","Clear","Painted Median","None",NA,"NULL","NULL","","NULL","","NULL",25,NA,40.20338,-74.73257,"No","","618",427165.75,499083.29,NA,"DVRPC",0,"PDO",10065430
3448166,"2010111110004659","10004659",2010,"MERCER","Trenton City","2010-03-26","Friday","March","23:43:00",1,"TRENTON PD","PATROL/SOUTH",0,0,0,0,0,"Property Damage","Not At Intersection","No","No","Fixed Object",1,"NJ 29","NULL",29,"","00000029",2.94,"State Highway","Straight and Level","Blacktop","Dry","Dark (Street Lights On/ continuous)","Clear","Barrier Median","None",NA,"NULL","NULL","CASS ST / THUNDER RD","NULL","","NULL",40,NA,40.2056,-74.76077,"No","NO STOPPING","583",419292.405095,499914.422494,NA,"DVRPC",0,"PDO",10065428
3448167,"2010111110004661","10004661",2010,"MERCER","Trenton City","2010-03-27","Saturday","March","00:03:00",1,"TRENTON PD","PATROL/EAST",0,0,0,0,0,"Property Damage","At Intersection","No","No","Right Angle",2,"S CLINTON AVE","North",NA,"","11031969",2.25,"Municipal","Straight and Level","Blacktop","Dry","Dark (Street Lights On/ continuous)","Clear","None","None",NA,"At","NULL","LIBERTY ST","NULL","","NULL",25,25,40.20522,-74.74149,"No","","617",424686.74,499757.87,NA,"DVRPC",0,"PDO",10064980
3448178,"2010111110004754","10004754",2010,"MERCER","Trenton City","2010-03-29","Monday","March","04:11:00",1,"TRENTON PD","PATROL-NORTH",0,0,0,0,0,"Property Damage","Not At Intersection","No","No","Non-fixed Object",1,"US 1","North",1,"","00000001",2.5,"State Highway","Straight at Hillcrest","Blacktop","Wet","Dark (Street Lights On/ continuous)","Rain","Barrier Median","None",NA,"NULL","NULL","","To","NEW YORK AVE","East Bound",55,NA,40.23686,-74.74442,"No","","618",423889.174118,511288.934706,NA,"DVRPC",0,"PDO",10064965
3448179,"2010111110004756","10004756",2010,"MERCER","Trenton City","2010-03-29","Monday","March","08:21:00",1,"TRENTON PD","PATROL/SOUTH",0,0,0,0,0,"Property Damage","Not At Intersection","No","No","Same Direction - Side Swipe",2,"MERCER COUNTY 650","West",650,"","11000650",0.26,"County","Straight and Level","Blacktop","Wet","Daylight","Rain","None","None",NA,"NULL","NULL","NJ 129","NULL","","NULL",25,40,40.19833,-74.75285,"No","","499",421497.12,497260.87,NA,"DVRPC",0,"PDO",10065443
3448180,"2010111110004768","10004768",2010,"MERCER","Trenton City","2010-03-29","Monday","March","12:23:00",1,"TRENTON PD","NORTH",0,0,0,0,0,"Property Damage","Not At Intersection","No","No","Struck Parked Vehicle",2,"W HANOVER ST","South",NA,"","11111553",0.31,"Municipal","Straight and Level","Blacktop","Wet","Daylight","Rain","None","NULL",30,"Foot","NULL","CALHOUN ST","NULL","","NULL",25,25,40.22345,-74.77416,"No","","414",415572.981678,506428.821661,NA,"DVRPC",0,"PDO",10065445
3448183,"2010111110004780","10004780",2010,"MERCER","Trenton City","2010-03-29","Monday","March","15:36:00",1,"TRENTON PD","NORTH",0,0,1,0,0,"Injury","At Intersection","No","No","Same Direction - Rear End",3,"US 1","South",1,"","00000001",2.37,"State Highway","Straight and Grade","Blacktop","Wet","Daylight","Overcast","Barrier Median","None",NA,"At","NULL","NEW YORK AVE","NULL","","NULL",50,25,40.23567,-74.74633,"No","","414",423354.670311,510857.443445,NA,"DVRPC",0,"Pain",10065448
3448184,"2010111110004785","10004785",2010,"MERCER","Trenton City","2010-03-29","Monday","March","17:03:00",1,"TRENTON PD","EAST",0,0,2,0,0,"Injury","At Intersection","No","No","Same Direction - Rear End",3,"US 1","South",1,"","00000001",2.37,"State Highway","Straight and Level","Blacktop","Wet","Daylight","Rain","Painted Median","None",NA,"At","NULL","NEW YORK AVE","NULL","","NULL",55,25,40.23567,-74.74633,"No","","596",423354.670311,510857.443445,NA,"DVRPC",0,"Pain",10065449
3448189,"2010111110004807","10004807",2010,"MERCER","Trenton City","2010-03-30","Tuesday","March","07:56:00",1,"TRENTON PD","PATROL/SOUTH",0,0,1,0,1,"Injury","At Intersection","No","No","Pedestrian",1,"W STATE ST","South",NA,"","11111552",2.19,"Municipal","Straight and Level","Blacktop","Wet","Daylight","Rain","Painted Median","None",NA,"At","NULL","N WILLOW ST","NULL","","NULL",25,25,40.22051,-74.76802,"No","","445",417284.828884,505350.825659,NA,"DVRPC",1,"Pain",10065470
3448190,"2010111110004809","10004809",2010,"MERCER","Trenton City","2010-03-30","Tuesday","March","09:14:00",1,"TRENTON PD","NORTH",0,0,0,0,0,"Property Damage","At Intersection","No","No","Same Direction - Rear End",2,"US 206","North",206,"","00000206",44.42,"Municipal","Straight and Level","Blacktop","Wet","Daylight","Rain","None","None",NA,"At","NULL","CR 622 / NORTH OLDEN AVE","NULL","","NULL",25,25,40.23875,-74.7504,"No","","053",422223.668209,511980.706465,NA,"DVRPC",0,"PDO",10065469
3448192,"2010111110004816","10004816",2010,"MERCER","Trenton City","2010-03-30","Tuesday","March","10:29:00",1,"TRENTON PD","SOUTH-PATROL",0,0,0,0,0,"Property Damage","At Intersection","No","No","Same Direction - Side Swipe",2,"CASS ST","South",NA,"","11111527",0.35,"Municipal","Straight and Level","Blacktop","Wet","Daylight","Rain","Painted Median","NULL",NA,"At","NULL","WOLVERTON ST","NULL","","NULL",25,25,40.20605,-74.75419,"No","","465",421130.447167,500072.923993,NA,"DVRPC",0,"PDO",10065467
3448193,"2010111110004821","10004821",2010,"MERCER","Trenton City","2010-03-30","Tuesday","March","12:13:00",1,"TRENTON PD","SOUTH-PATROL",0,0,1,0,0,"Injury","At Intersection","No","No","Same Direction - Rear End",2,"CASS ST","West",NA,"","11111527",0.18,"Municipal","Straight and Level","Blacktop","Wet","Daylight","Rain","Painted Median","NULL",NA,"At","NULL","SECOND ST","NULL","","NULL",25,25,40.20548,-74.75759,"Yes","","465",420180.583373,499869.471342,NA,"DVRPC",0,"Pain",10065465
3448194,"2010111110004823","10004823",2010,"MERCER","Trenton City","2010-03-30","Tuesday","March","12:31:00",1,"TRENTON PD","EAST",0,0,0,0,0,"Property Damage","Not At Intersection","No","No","Opposite Direction - Head On/Angular",2,"S CLINTON AVE","North",NA,"","11031969",2.43,"Municipal","Straight and Level","Blacktop","Wet","Daylight","Rain","None","None",100,"Foot","North","DIVISION ST","NULL","","NULL",25,25,40.20646,-74.74448,"No","","466",423843.033394,500216.232207,NA,"DVRPC",0,"PDO",10065464
3448196,"2010111110004834","10004834",2010,"MERCER","Trenton City","2010-03-30","Tuesday","March","15:56:00",1,"TRENTON PD","SOUTH/436",0,0,0,0,0,"Property Damage","Not At Intersection","No","No","Same Direction - Rear End",2,"MERCER COUNTY 650","East",650,"","11000650",0.26,"County","Straight and Level","Blacktop","Wet","Daylight","Rain","None","None",NA,"NULL","East","NJ 129","NULL","","NULL",25,25,40.19833,-74.75285,"No","","331",421497.12,497260.87,NA,"DVRPC",0,"PDO",10065461
3448197,"2010111110004837","10004837",2010,"MERCER","Trenton City","2010-03-30","Tuesday","March","15:46:00",1,"TRENTON PD","PATROL/EAST",0,0,1,0,1,"Injury","At Intersection","No","No","Pedestrian",1,"E STATE ST","East",NA,"","11111547",0.34,"Municipal","Straight and Level","Blacktop","Wet","Daylight","Rain","Painted Median","None",NA,"At","NULL","N CLINTON AVE","NULL","","NULL",25,25,40.22109,-74.75545,"No","","531",420795.18,505554.77,NA,"DVRPC",1,"Moderate Injury",10065466
3448202,"2010111110004849","10004849",2010,"MERCER","Trenton City","2010-03-30","Tuesday","March","18:53:00",1,"TRENTON PD","NORTH #3",0,0,1,0,0,"Injury","At Intersection","No","No","Animal",1,"US 1","North",1,"","00000001",2.87,"State Highway","Straight and Grade","Blacktop","Wet","Daylight","Rain","Barrier Median","None",NA,"At","North","US 1 BUSINESS / STRAWBERRY ST","NULL","","NULL",45,45,40.24019,-74.73896,"No","","446",425418.32223,512499.458906,NA,"DVRPC",0,"Moderate Injury",10065456
3448203,"2010111110004851","10004851",2010,"MERCER","Trenton City","2010-03-30","Tuesday","March","20:57:00",1,"TRENTON PD","EAST",0,0,0,0,0,"Property Damage","At Intersection","No","No","Same Direction - Rear End",2,"MERCER COUNTY 622","North",622,"","11000622",2.66,"County","Straight and Level","Blacktop","Wet","Dark (Street Lights On/ continuous)","Rain","None","None",NA,"At","NULL","NJ 33","NULL","","NULL",25,25,40.22369,-74.73675,"No","","596",426019.129727,506486.908691,NA,"DVRPC",0,"PDO",10065455
3448785,"2010111110008485","10008485",2010,"MERCER","Trenton City","2010-06-02","Wednesday","June","08:39:00",1,"TRENTON PD","SOUTH-PATROL",0,0,0,0,0,"Property Damage","Not At Intersection","No","No","Same Direction - Rear End",2,"US 1","North",1,"","00000001",3.2,"State Highway","Straight and Grade","Blacktop","Dry","Daylight","Clear","None","NULL",NA,"NULL","NULL","","NULL","","NULL",25,NA,40.24379,-74.73489,"No","","465",426557.3,513806.06,NA,"DVRPC",0,"PDO",10125886
3448843,"201011111000882","1000882",2010,"MERCER","Trenton City","2010-01-18","Monday","January","14:22:00",1,"TRENTON PD","PATROL-SOUTH",0,0,0,0,0,"Property Damage","At Intersection","No","No","Right Angle",2,"CENTER ST","North",NA,"","11111528",0.2,"Municipal","Straight and Level","Blacktop","Dry","Daylight","Clear","None","None",NA,"At","NULL","BRIDGE ST","NULL","","NULL",25,25,40.21135,-74.75991,"No","","164",419539.770003,502009.487585,NA,"DVRPC",0,"PDO",10004713
3448938,"2010111110009324","10009324",2010,"MERCER","Trenton City","2010-06-16","Wednesday","June","07:05:00",1,"TRENTON PD","EAST",0,0,2,0,0,"Injury","Not At Intersection","No","No","Opposite Direction - Head On/Angular",2,"S CLINTON AVE","North",NA,"","11031969",2.96,"Municipal","Straight and Level","Blacktop","Dry","Daylight","Clear","None","None",200,"Foot","South","MOTT ST","NULL","","NULL",25,25,40.21065,-74.75254,"No","","315",421596.674527,501746.406676,NA,"DVRPC",0,"Pain",10141190
3448941,"2010111110009340","10009340",2010,"MERCER","Trenton City","2010-06-16","Wednesday","June","10:03:00",1,"TRENTON PD","SOUTH",0,0,0,0,0,"Property Damage","Not At Intersection","No","No","Struck Parked Vehicle",2,"US 206","NULL",206,"","00000206",45.01,"State Highway","Straight and Level","Blacktop","Dry","Daylight","Clear","Painted Median","None",NA,"NULL","NULL","","NULL","","NULL",25,NA,40.24479,-74.74281,"No","","517",424346.553529,514177.252108,NA,"DVRPC",0,"PDO",10141193
3448944,"2010111110009362","10009362",2010,"MERCER","Trenton City","2010-06-16","Wednesday","June","15:06:00",1,"TRENTON PD","NORTH",0,0,0,0,0,"Property Damage","Not At Intersection","No","No","Same Direction - Rear End",2,"US 206","North",206,"","00000206",45.01,"State Highway","Straight and Level","Blacktop","Dry","Daylight","Clear","None","None",NA,"NULL","NULL","","NULL","","NULL",25,NA,40.24479,-74.74281,"No","","541",424346.553529,514177.252108,NA,"DVRPC",0,"PDO",10141196
3448945,"2010111110009365","10009365",2010,"MERCER","Trenton City","2010-06-16","Wednesday","June","16:04:00",1,"TRENTON PD","PATROL/SOUTH",0,0,0,0,0,"Property Damage","Not At Intersection","No","No","Same Direction - Rear End",2,"NJ 129","North",129,"","00000129",1.65,"State Highway","Straight and Level","Blacktop","Dry","Daylight","Clear","Grass Median","None",200,"Foot","North","CASS ST","NULL","","NULL",40,25,40.20689,-74.7548,"No","","499",420962.046159,500380.715815,NA,"DVRPC",0,"PDO",10141197
3448947,"2010111110009398","10009398",2010,"MERCER","Trenton City","2010-06-17","Thursday","June","07:58:00",1,"TRENTON PD","PATROL/SOUTH",0,0,0,0,0,"Property Damage","At Intersection","No","No","Struck Parked Vehicle",2,"LIBERTY ST","South",NA,"","11112004",0.23,"Municipal","Straight and Level","Blacktop","Dry","Daylight","Clear","None","None",NA,"At","NULL","SMITH AVE","NULL","","NULL",25,25,40.20197,-74.74427,"No","","499",423896.754387,498578.547727,NA,"DVRPC",0,"PDO",10141199
3448948,"2010111110009408","10009408",2010,"MERCER","Trenton City","2010-06-17","Thursday","June","12:03:00",1,"TRENTON PD","SOUTH",0,0,0,0,0,"Property Damage","Not At Intersection","No","No","Same Direction - Rear End",2,"NJ 129","NULL",129,"","00000129",2.14,"State Highway","Straight and Level","Blacktop","Dry","Daylight","Clear","Painted Median","None",NA,"NULL","NULL","CR 606 / HAMILTON AVE","NULL","","NULL",25,25,40.21399,-74.75647,"No","","517",420501.763748,502966.212691,NA,"DVRPC",0,"PDO",10141200
3448950,"2010111110009430","10009430",2010,"MERCER","Trenton City","2010-06-17","Thursday","June","21:20:00",1,"TRENTON PD","PATROL",0,0,0,0,0,"Property Damage","Not At Intersection","No","No","Same Direction - Rear End",2,"US 1","North",1,"","00000001",2.72,"State Highway","Straight and Level","Blacktop","Dry","Dark (Street Lights On/ continuous)","Clear","None","Construction Zone",NA,"NULL","NULL","MULBERRY ST","NULL","","NULL",50,NA,40.23885,-74.74117,"No","","596",424799.66917,512010.735327,NA,"DVRPC",0,"PDO",10141202
3448953,"2010111110009474","10009474",2010,"MERCER","Trenton City","2010-06-18","Friday","June","15:33:00",1,"TRENTON PD","NORTH",0,0,0,0,0,"Property Damage","At Intersection","No","No","Same Direction - Rear End",2,"PERRY ST","East",NA,"","11111556",0.17,"Municipal","Straight and Level","Blacktop","Dry","Daylight","Clear","None","None",NA,"At","NULL","N MONTGOMERY ST","NULL","","NULL",25,25,40.22328,-74.76236,"No","","053",418867.632866,506357.159289,NA,"DVRPC",0,"PDO",10138071
3448954,"2010111110009475","10009475",2010,"MERCER","Trenton City","2010-06-18","Friday","June","03:40:00",1,"TRENTON PD","PATROL WEST",0,0,0,0,0,"Property Damage","Not At Intersection","No","No","Right Angle",2,"ROUTE 579","East",579,"","00000579",0.04,"County","Straight and Level","Blacktop","Dry","Daylight","Clear","None","None",5,"Foot","East","EDGEWOOD AVE","NULL","","NULL",25,25,40.23809,-74.80309,"No","","052",407513.03,511785.78,NA,"DVRPC",0,"PDO",10138072
3448957,"2010111110009483","10009483",2010,"MERCER","Trenton City","2010-06-18","Friday","June","17:11:00",1,"TRENTON PD","TRENTON POLICE?",0,0,0,0,0,"Property Damage","At Intersection","No","No","Same Direction - Rear End",2,"NJ 29","North",29,"","00000029",2.94,"State Highway","Straight and Level","Blacktop","Dry","Daylight","Clear","Barrier Median","None",NA,"At","NULL","CASS ST / THUNDER RD","NULL","","NULL",40,25,40.2056,-74.76077,"No","","555",419292.405095,499914.422494,NA,"DVRPC",0,"PDO",10138075
3448960,"2010111110009501","10009501",2010,"MERCER","Trenton City","2010-06-18","Friday","June","21:40:00",1,"TRENTON PD","EAST",0,0,0,0,0,"Property Damage","Not At Intersection","No","No","Opposite Direction - Side Swipe",2,"LIBERTY ST","North",NA,"","11112004",0.66,"Municipal","Straight and Level","Blacktop","Dry","Dark (Street Lights On/ continuous)","Clear","None","None",NA,"NULL","NULL","RUSLING ST","NULL","","NULL",25,25,40.20714,-74.73978,"No","","624",425155.211507,500458.214403,NA,"DVRPC",0,"PDO",10138078
3448962,"2010111110009511","10009511",2010,"MERCER","Trenton City","2010-06-18","Friday","June","23:35:00",1,"TRENTON PD","SOUTH/TRENTON",0,0,0,0,0,"Property Damage","At Intersection","No","No","Same Direction - Side Swipe",2,"CENTER ST","NULL",NA,"","11111528",0.82,"Municipal","Straight and Level","Blacktop","Dry","Dark (Street Lights On/ continuous)","Clear","Painted Median","NULL",NA,"At","NULL","CASS ST","NULL","","NULL",25,NA,40.20252,-74.75764,"No","","609",420162.246768,498790.323263,NA,"DVRPC",0,"PDO",10138080
3448967,"2010111110009535","10009535",2010,"MERCER","Trenton City","2010-06-19","Saturday","June","09:47:00",1,"TRENTON PD","EAST-PATROL",0,0,0,0,0,"Property Damage","Not At Intersection","No","No","Same Direction - Side Swipe",2,"NJ 33","NULL",33,"","00000033",0.2,"County","Straight and Level","Blacktop","Dry","Daylight","Clear","None","None",100,"Foot","East","S CLINTON AVE","NULL","","NULL",25,25,40.21684,-74.75435,"No","","518",421096.462306,504003.004528,NA,"DVRPC",0,"PDO",10138085