"ID","DOT_WEB_ID","CASE_NUMBER","CRASH_YEAR","COUNTY","MUNICIPALITY","CRASH_DATE","CRASH_DAY_OF_WEEK","CRASH_MONTH","CRASH_TIME","POLICE_DEPT_CODE","POLICE_DEPARTMENT","POLICE_STATION","TOTAL_KILLED","TOTAL_INCAPACITATED","TOTAL_INJURED","PEDESTRIANS_KILLED","PEDESTRIANS_INJURED","SEVERITY","INTERSECTION","ALCOHOL_INVOLVED","HAZMAT_INVOLVED","CRASH_TYPE","TOTAL_VEHICLES_INVOLVED","CRASH_LOCATION","LOCATION_DIRECTION","ROUTE","ROUTE_SUFFIX","SRI","MILEPOST","ROAD_SYSTEM","ROAD_CHARACTER","ROAD_SURFACE_TYPE","SURFACE_CONDITION","LIGHT_CONDITION","ENVIRONMENTAL_CONDITION","ROAD_DIVIDED_BY","TEMP_TRAFFIC_CONTROL_ZONE","DISTANCE_TO_CROSS_STREET","UNIT_OF_MEASUREMENT","DIRECTION_FROM_CROSS_STREET","CROSS_STREET_NAME","IS_RAMP","RAMP_TO_FROM_ROUTE_NAME","RAMP_TO_FROM_ROUTE_DIRECTION","POSTED_SPEED","POSTED_SPEED_CROSS_STREET","LATITUDE","LONGITUDE","CELL_PHONE_IN_USE","OTHER_PROPERTY_DAMAGE","REPORTING_BADGE_NO","X","Y","CRASH_NARRATIVE","MPO","TOTAL_PEDESTRIANS_INVOLVED","EPDO","DLN"
3448971,"2010111110009551","10009551",2010,"MERCER","Trenton City","2010-06-19","Saturday","June","15:39:00",1,"TRENTON PD","PATROL",0,0,0,0,0,"Property Damage","Not At Intersection","No","No","Same Direction - Side Swipe",2,"NJ 29","North",29,"","00000029",3.22,"State Highway","Straight and Level","Blacktop","Dry","Daylight","Clear","None","NULL",NA,"NULL","NULL","S WARREN ST","NULL","","NULL",NA,NA,40.2081,-74.76483,"No","","445",418160.241045,500827.301751,NA,"DVRPC",0,"PDO",10139589
3448976,"2010111110009576","10009576",2010,"MERCER","Trenton City","2010-06-19","Saturday","June","22:28:00",1,"TRENTON PD","EAST PATROL",0,0,0,0,0,"Property Damage","At Intersection","No","No","Right Angle",2,"ROEBLING AVE","NULL",NA,"","11111538",0.46,"Municipal","Straight and Level","Blacktop","Dry","Dark (Street Lights On/ continuous)","Clear","None","None",NA,"At","NULL","WHITTAKER AVE","NULL","","NULL",25,25,40.21054,-74.74795,"No","","625",422876.58,501704.48,NA,"DVRPC",0,"PDO",10139594
3448979,"2010111110009592","10009592",2010,"MERCER","Trenton City","2010-06-20","Sunday","June","02:11:00",1,"TRENTON PD","NORTH",0,0,0,0,0,"Property Damage","Not At Intersection","No","No","Struck Parked Vehicle",2,"GRAND ST","NULL",NA,"","11111534",0.2,"Municipal","Straight and Level","Blacktop","Dry","Dark (Street Lights On/ continuous)","Clear","None","None",NA,"NULL","NULL","MALONE ST","NULL","","NULL",25,NA,40.20489,-74.74887,"No","","595",422614.399012,499646.20299,NA,"DVRPC",0,"PDO",10139885
3448982,"2010111110009605","10009605",2010,"MERCER","Trenton City","2010-06-20","Sunday","June","10:30:00",1,"TRENTON PD","",0,0,2,0,0,"Injury","At Intersection","No","No","Opposite Direction - Head On/Angular",2,"NEW YORK AVE","NULL",NA,"","11111545",0.3,"Municipal","Straight and Level","Blacktop","Dry","Daylight","Clear","None","None",NA,"At","NULL","CR 622","NULL","","NULL",25,NA,40.2364,-74.74738,"No","","618",423062.74,511124.03,NA,"DVRPC",0,"Pain",10139888
3448984,"2010111110009626","10009626",2010,"MERCER","Trenton City","2010-06-20","Sunday","June","18:38:00",1,"TRENTON PD","NORTH",0,0,0,0,0,"Property Damage","Not At Intersection","No","No","Struck Parked Vehicle",2,"US 206","North",206,"","00000206",43.35,"Municipal","Straight and Level","Blacktop","Dry","Daylight","Clear","None","None",NA,"NULL","NULL","VIOLET ST","NULL","","NULL",25,25,40.22696,-74.76287,"No","","585",418729.657628,507696.197269,NA,"DVRPC",0,"PDO",10139890
3449130,"2010111110010531","10010531",2010,"MERCER","Trenton City","2010-07-06","Tuesday","July","09:36:00",1,"TRENTON PD","EAST DISTRICT",0,0,0,0,0,"Property Damage","Not At Intersection","No","No","Struck Parked Vehicle",2,"MERCER COUNTY 626","NULL",626,"","11000626",1.65,"County","Curve and Level","Blacktop","Dry","Daylight","Clear","Curbed Median","None",NA,"NULL","NULL","","NULL","","NULL",NA,NA,40.20338,-74.73257,"No","","463",427165.75,499083.29,NA,"DVRPC",0,"PDO",10142225
3449132,"2010111110010539","10010539",2010,"MERCER","Trenton City","2010-07-06","Tuesday","July","12:15:00",1,"TRENTON PD","EAST",0,0,1,0,0,"Injury","Not At Intersection","No","No","Struck Parked Vehicle",2,"MERCER COUNTY 606","NULL",606,"","11000606",1.49,"County","Straight and Level","Blacktop","Dry","Daylight","Clear","Painted Median","None",150,"Foot","North","CR 622","NULL","","NULL",25,25,40.21985,-74.73223,"No","","608",427277.117616,505084.831909,NA,"DVRPC",0,"Pain",10142227
3449133,"2010111110010550","10010550",2010,"MERCER","Trenton City","2010-07-06","Tuesday","July","15:40:00",1,"TRENTON PD","SOUTH-PATROL",0,0,0,0,0,"Property Damage","At Intersection","No","No","Same Direction - Rear End",3,"CASS ST","East",NA,"","11111527",0.3,"Municipal","Straight and Level","Blacktop","Dry","Daylight","Clear","Painted Median","None",NA,"At","NULL","NJ 129","NULL","","NULL",25,40,40.20589,-74.75518,"No","","465",420852.652375,500014.411296,NA,"DVRPC",0,"PDO",10142339
3449134,"2010111110010554","10010554",2010,"MERCER","Trenton City","2010-07-06","Tuesday","July","17:20:00",1,"TRENTON PD","",0,0,0,0,0,"Property Damage","At Intersection","No","No","Same Direction - Side Swipe",2,"NJ 29","North",29,"","00000029",4.34,"State Highway","Straight and Level","Blacktop","Dry","Daylight","Clear","Barrier Median","None",NA,"At","NULL","CALHOUN ST","NULL","","NULL",45,15,40.22156,-74.77564,"No","","603",415156.529256,505740.795382,NA,"DVRPC",0,"PDO",10142340
3449138,"2010111110010606","10010606",2010,"MERCER","Trenton City","2010-07-07","Wednesday","July","19:03:00",1,"TRENTON PD","PATROL",0,0,0,0,0,"Property Damage","Not At Intersection","No","No","Non-fixed Object",1,"US 206","North",206,"","00000206",45.01,"State Highway","Straight and Level","Concrete","Dry","Daylight","Clear","Painted Median","None",NA,"NULL","NULL","","NULL","","NULL",25,NA,40.24479,-74.74281,"No","JOHN-REITHER SIGN 1570 PRINCETON AVE EWG NJ","625",424346.553529,514177.252108,NA,"DVRPC",0,"PDO",10142400
3449144,"2010111110010653","10010653",2010,"MERCER","Trenton City","2010-07-08","Thursday","July","13:54:00",1,"TRENTON PD","PATROL-EAST",0,0,1,0,0,"Injury","At Intersection","No","No","Opposite Direction - Head On/Angular",2,"CHESTNUT AVE","South",NA,"","11111537",0.44,"Municipal","Straight and Level","Blacktop","Dry","Daylight","Clear","None","None",NA,"At","NULL","CR 606","NULL","","NULL",25,25,40.21577,-74.74819,"No","","436",422817.14,503610.16,NA,"DVRPC",0,"Moderate Injury",10142406
3449146,"2010111110010659","10010659",2010,"MERCER","Trenton City","2010-07-08","Thursday","July","16:01:00",1,"TRENTON PD","PATROL/SOUTH",0,0,0,0,0,"Property Damage","At Intersection","No","No","Same Direction - Rear End",2,"NJ 129","South",129,"","00000129",1.08,"State Highway","NULL","NULL","NULL","NULL","NULL","NULL","NULL",NA,"At","NULL","CR 650 / LALOR ST","NULL","","NULL",40,25,40.19862,-74.75292,"No","","446",421478.30628,497365.674937,NA,"DVRPC",0,"PDO",10142408
3449147,"2010111110010661","10010661",2010,"MERCER","Trenton City","2010-07-08","Thursday","July","17:29:00",1,"TRENTON PD","PATROL",0,0,0,0,0,"Property Damage","At Intersection","No","No","Same Direction - Side Swipe",2,"MONTGOMERY ST","East",NA,"","11111557",0.4,"Municipal","Straight and Level","Blacktop","Dry","Daylight","Clear","None","None",NA,"At","NULL","E STATE ST","NULL","","NULL",25,25,40.22095,-74.76201,"No","","596",418962.283339,505507.226636,NA,"DVRPC",0,"PDO",10142409
3449149,"2010111110010675","10010675",2010,"MERCER","Trenton City","2010-07-08","Thursday","July","21:06:00",1,"TRENTON PD","TRENTON",0,0,0,0,0,"Property Damage","At Intersection","No","No","Same Direction - Rear End",3,"CHESTNUT AVE","NULL",NA,"","11111537",0.44,"Municipal","Straight and Level","Blacktop","Dry","Dark (Street Lights On/ continuous)","Clear","Painted Median","None",NA,"At","NULL","CR 606","NULL","","NULL",25,25,40.21577,-74.74819,"No","","618",422817.14,503610.16,NA,"DVRPC",0,"PDO",10142411
3449150,"2010111110010687","10010687",2010,"MERCER","Trenton City","2010-07-09","Friday","July","01:31:00",1,"TRENTON PD","SOUTH",0,0,0,0,0,"Property Damage","Not At Intersection","No","No","Struck Parked Vehicle",2,"GRAND ST","East",NA,"","11111534",0.27,"Municipal","Straight and Level","Blacktop","Dry","Dark (Street Lights On/ continuous)","Clear","None","None",NA,"NULL","NULL","CHESTNUT AVE","NULL","","NULL",25,25,40.20436,-74.74769,"No","","542",422945.03,499454.38,NA,"DVRPC",0,"PDO",10144223
3449153,"2010111110010698","10010698",2010,"MERCER","Trenton City","2010-07-09","Friday","July","10:12:00",1,"TRENTON PD","NORTH",0,0,0,0,0,"Property Damage","At Intersection","No","No","Same Direction - Rear End",2,"E STATE ST","West",NA,"","11111547",0.11,"Municipal","Straight and Level","Blacktop","Dry","Daylight","Overcast","None","None",NA,"At","NULL","N STOCKTON ST","NULL","","NULL",25,25,40.22058,-74.75978,"No","","541",419585.176723,505369.124336,NA,"DVRPC",0,"PDO",10144226
3449154,"2010111110010708","10010708",2010,"MERCER","Trenton City","2010-07-09","Friday","July","12:07:00",1,"TRENTON PD","PATROL-EAST",0,0,1,0,0,"Injury","At Intersection","No","No","Right Angle",2,"CHESTNUT AVE","East",NA,"","11111537",1.03,"Municipal","Straight and Level","Blacktop","Wet","Daylight","Rain","None","None",NA,"At","NULL","RUSLING ST","NULL","","NULL",25,25,40.20747,-74.74549,"No","","436",423561.247245,500583.242911,NA,"DVRPC",0,"Pain",10144227
3449155,"2010111110010713","10010713",2010,"MERCER","Trenton City","2010-07-09","Friday","July","13:33:00",1,"TRENTON PD","PATROL",0,0,1,0,0,"Injury","Not At Intersection","No","No","Overturned",1,"NJ 29","South",29,"","00000029",5.45,"State Highway","Straight and Level","Blacktop","Wet","Daylight","Overcast","Barrier Median","None",NA,"NULL","NULL","PARKSIDE AVE","NULL","","NULL",50,NA,40.23068,-74.79293,"No","","135",410340.922371,509079.066724,NA,"DVRPC",0,"Pain",10144228
3449156,"2010111110010715","10010715",2010,"MERCER","Trenton City","2010-07-09","Friday","July","13:24:00",1,"TRENTON PD","PATROL",0,0,0,0,0,"Property Damage","At Intersection","No","No","Right Angle",2,"S CLINTON AVE","South",NA,"","11031969",2.41,"Municipal","Straight and Level","Blacktop","Dry","Daylight","Clear","None","None",NA,"At","NULL","DIVISION ST","NULL","","NULL",25,25,40.20632,-74.74415,"No","","498",423935.670343,500165.302626,NA,"DVRPC",0,"PDO",10144229
3449158,"2010111110010721","10010721",2010,"MERCER","Trenton City","2010-07-09","Friday","July","16:42:00",1,"TRENTON PD","EAST/PATROL",0,0,1,0,1,"Injury","Not At Intersection","No","No","Pedestrian",1,"MERCER COUNTY 606","West",606,"","11000606",1.67,"County","Straight and Level","Blacktop","Dry","Daylight","Clear","Painted Median","None",NA,"NULL","NULL","","NULL","","NULL",25,NA,40.22072,-74.729,"No","","595",428180.109156,505398.564615,NA,"DVRPC",1,"Pain",10144231
3449159,"2010111110010726","10010726",2010,"MERCER","Trenton City","2010-07-09","Friday","July","19:02:00",1,"TRENTON PD","SOUTH",0,0,0,0,0,"Property Damage","Not At Intersection","No","No","Same Direction - Rear End",2,"US 1","North",1,"","00000001",0.76,"State Highway","Straight and Level","Blacktop","Dry","Daylight","Clear","None","None",NA,"NULL","NULL","NJ 33 / NJ 129","NULL","","NULL",55,40,40.21662,-74.75745,"No","","542",420232.573836,503924.956105,NA,"DVRPC",0,"PDO",10144232
3449160,"2010111110010729","10010729",2010,"MERCER","Trenton City","2010-07-09","Friday","July","19:19:00",1,"TRENTON PD","EAST",0,0,0,0,0,"Property Damage","At Intersection","No","No","Struck Parked Vehicle",2,"S CLINTON AVE","North",NA,"","11031969",2.02,"Municipal","Straight and Level","Blacktop","Dry","Daylight","Clear","Painted Median","None",NA,"At","NULL","REMSEN ST","NULL","","NULL",25,25,40.20364,-74.73765,"No","","603",425746.72932,499183.93149,NA,"DVRPC",0,"PDO",10144233
3449161,"2010111110010730","10010730",2010,"MERCER","Trenton City","2010-07-09","Friday","July","19:26:00",1,"TRENTON PD","PATROL",0,0,1,0,0,"Injury","At Intersection","No","No","Overturned",1,"US 1","North",1,"","00000001",0.76,"State Highway","Straight and Level","Blacktop","Dry","Daylight","Clear","Curbed Median","None",NA,"At","NULL","NJ 33 / NJ 129","NULL","","NULL",40,40,40.21662,-74.75745,"No","","617",420232.573836,503924.956105,NA,"DVRPC",0,"Pain",10144234
3449166,"2010111110010756","10010756",2010,"MERCER","Trenton City","2010-07-10","Saturday","July","02:17:00",1,"TRENTON PD","PATROL SOUTH",0,0,2,0,0,"Injury","At Intersection","Yes","No","Encroachment",4,"LIBERTY ST","West",NA,"","11112004",0.28,"Municipal","Straight and Level","Blacktop","Dry","Dark (Street Lights On/ continuous)","Clear","None","None",NA,"At","NULL","GRAND ST","NULL","","NULL",25,25,40.20256,-74.74375,"No","","625",424041.995003,498795.881672,NA,"DVRPC",0,"Moderate Injury",10144239
3449169,"2010111110010767","10010767",2010,"MERCER","Trenton City","2010-07-10","Saturday","July","08:53:00",1,"TRENTON PD","NORTH",0,0,1,0,0,"Injury","At Intersection","No","No","Right Angle",2,"US 206","NULL",206,"","00000206",44.42,"Municipal","Straight and Level","Blacktop","Dry","Daylight","Overcast","None","None",NA,"At","NULL","CR 622 / NORTH OLDEN AVE","NULL","","NULL",25,25,40.23875,-74.7504,"No","","389",422223.668209,511980.706465,NA,"DVRPC",0,"Pain",10144242
3449170,"2010111110010771","10010771",2010,"MERCER","Trenton City","2010-07-10","Saturday","July","10:24:00",1,"TRENTON PD","PATROL",0,0,0,0,0,"Property Damage","Not At Intersection","No","No","Fixed Object",1,"NJ 29","South",29,"","00000029",5.45,"State Highway","Straight and Level","Blacktop","Wet","Daylight","Rain","Barrier Median","None",NA,"NULL","NULL","PARKSIDE AVE","NULL","","NULL",50,NA,40.23068,-74.79293,"No","","135",410340.922371,509079.066724,NA,"DVRPC",0,"PDO",10144243
3449171,"2010111110010779","10010779",2010,"MERCER","Trenton City","2010-07-10","Saturday","July","12:54:00",1,"TRENTON PD","PATROL/SOUTH",0,0,0,0,0,"Property Damage","Not At Intersection","No","No","Struck Parked Vehicle",2,"US 206","NULL",206,"","00000206",45.01,"State Highway","Straight and Level","Blacktop","Wet","Daylight","Rain","None","None",NA,"NULL","NULL","","NULL","","NULL",25,NA,40.24479,-74.74281,"No","","446",424346.553529,514177.252108,NA,"DVRPC",0,"PDO",10144244
3449172,"2010111110010780","10010780",2010,"MERCER","Trenton City","2010-07-10","Saturday","July","13:29:00",1,"TRENTON PD","NORTH",0,0,1,0,0,"Injury","Not At Intersection","No","No","Overturned",1,"US 1","North",1,"","00000001",1.43,"State Highway","Curve and Grade","Blacktop","Wet","Daylight","Rain","Barrier Median","None",500,"Foot","North","PERRY ST","NULL","","NULL",50,25,40.22624,-74.75895,"No","","389",419822.92,507431.06,NA,"DVRPC",0,"Pain",10144245
3449175,"2010111110010787","10010787",2010,"MERCER","Trenton City","2010-07-10","Saturday","July","19:28:00",1,"TRENTON PD","PATROL WEST",0,0,0,0,0,"Property Damage","At Intersection","No","No","Same Direction - Rear End",2,"MERCER COUNTY 636","West",636,"","11000636",0.07,"County","Straight and Level","Blacktop","Dry","Daylight","Clear","Curbed Median","None",NA,"At","NULL","CARTERET AVE","NULL","","NULL",25,25,40.23311,-74.79024,"No","","626",411094.822501,509961.317501,NA,"DVRPC",0,"PDO",10144248
3449181,"2010111110010816","10010816",2010,"MERCER","Trenton City","2010-07-11","Sunday","July","05:54:00",1,"TRENTON PD","EAST",0,0,0,0,0,"Property Damage","At Intersection","No","No","Struck Parked Vehicle",2,"LIBERTY ST","East",NA,"","11112004",1.01,"Municipal","Straight and Level","Blacktop","Dry","Daylight","Clear","Painted Median","None",NA,"At","NULL","WOOLSEY ST","NULL","","NULL",25,25,40.21117,-74.73581,"No","","608",426269.671968,501925.639962,NA,"DVRPC",0,"PDO",10143765
3449186,"2010111110010836","10010836",2010,"MERCER","Trenton City","2010-07-11","Sunday","July","17:16:00",1,"TRENTON PD","WEST DISTRICT",0,0,0,0,0,"Property Damage","At Intersection","No","No","Right Angle",2,"HOFFMAN AVE","North",NA,"","11111564",0.27,"Municipal","Straight and Level","Blacktop","Dry","Daylight","Clear","None","None",NA,"At","NULL","OAKLAND ST","NULL","","NULL",25,25,40.23704,-74.77886,"No","","342",414276.311245,511382.262868,NA,"DVRPC",0,"PDO",10143793
3449194,"2010111110010895","10010895",2010,"MERCER","Trenton City","2010-07-12","Monday","July","18:06:00",1,"TRENTON PD","MERCER",0,0,3,0,0,"Injury","At Intersection","No","No","Opposite Direction - Head On/Angular",2,"NJ 29","South",29,"","00000029",5.9,"State Highway","Straight and Level","Blacktop","Dry","Daylight","Clear","Curbed Median","None",NA,"At","NULL","LEE AVENUE / MT VERNON AVE","NULL","","NULL",40,25,40.235,-74.79929,"No","","295",408571.278018,510659.635125,NA,"DVRPC",0,"Moderate Injury",10143800
3449196,"2010111110010906","10010906",2010,"MERCER","Trenton City","2010-07-12","Monday","July","20:27:00",1,"TRENTON PD","",0,0,0,0,0,"Property Damage","Not At Intersection","No","No","Fixed Object",1,"NJ 29","South",29,"","00000029",5.45,"State Highway","Curve and Grade","Blacktop","Wet","Dusk","Rain","Barrier Median","None",NA,"NULL","NULL","PARKSIDE AVE","NULL","","NULL",45,45,40.23068,-74.79293,"No","","595",410340.922371,509079.066724,NA,"DVRPC",0,"PDO",10143797
3449197,"2010111110010910","10010910",2010,"MERCER","Trenton City","2010-07-12","Monday","July","22:17:00",1,"TRENTON PD","NORTH",0,0,0,0,0,"Property Damage","Not At Intersection","No","No","Fixed Object",1,"US 1","South",1,"","00000001",1.31,"State Highway","Curve and Level","Blacktop","Wet","Dark (Street Lights On/ continuous)","Rain","Barrier Median","None",150,"Foot","South","PERRY ST","NULL","","NULL",50,15,40.22449,-74.75886,"No","","123",419846.870048,506794.621696,NA,"DVRPC",0,"PDO",10143796
3449198,"2010111110010912","10010912",2010,"MERCER","Trenton City","2010-07-12","Monday","July","23:19:00",1,"TRENTON PD","NORTH",0,0,1,0,0,"Injury","Not At Intersection","No","No","Fixed Object",1,"US 1","North",1,"","00000001",1.4,"State Highway","Curve and Level","Blacktop","Wet","Dark (Street Lights On/ continuous)","Rain","Barrier Median","NULL",300,"Foot","North","PERRY ST","NULL","","NULL",50,50,40.2258,-74.75903,"No","","123",419800.79,507270.9,NA,"DVRPC",0,"Pain",10143795
3449199,"2010111110010913","10010913",2010,"MERCER","Trenton City","2010-07-12","Monday","July","23:28:00",1,"TRENTON PD","EAST",0,0,0,0,0,"Property Damage","At Intersection","No","No","Fixed Object",1,"ROEBLING AVE","NULL",NA,"","11111538",0.46,"Municipal","Straight and Level","Blacktop","Wet","Dark (Street Lights On/ continuous)","Rain","None","None",NA,"At","NULL","WHITTAKER AVE","NULL","","NULL",25,25,40.21054,-74.74795,"No","NO PARKING CITY OF TRENTON 319 E STATE ST TRENTON NJ 08618","597",422876.58,501704.48,NA,"DVRPC",0,"PDO",10143794
3449200,"2010111110010938","10010938",2010,"MERCER","Trenton City","2010-07-13","Tuesday","July","11:14:00",1,"TRENTON PD","NORTH#1",0,0,0,0,0,"Property Damage","Not At Intersection","No","No","Same Direction - Rear End",2,"US 1","North",1,"","00000001",1.34,"State Highway","Curve and Level","Blacktop","Wet","Daylight","Rain","Barrier Median","None",NA,"NULL","North","PERRY ST","NULL","","NULL",55,55,40.2249,-74.75894,"No","","446",419824.22,506945.38,NA,"DVRPC",0,"PDO",10143807
3449201,"2010111110010939","10010939",2010,"MERCER","Trenton City","2010-07-13","Tuesday","July","11:54:00",1,"TRENTON PD","NORTH4",0,0,0,0,0,"Property Damage","Not At Intersection","No","No","Same Direction - Rear End",2,"US 1","North",1,"","00000001",2.37,"State Highway","Curve and Grade","Blacktop","Wet","Daylight","Clear","Barrier Median","None",NA,"NULL","North","CR 622 / OLDEN AVE","NULL","","NULL",55,NA,40.23567,-74.74633,"No","","446",423354.670311,510857.443445,NA,"DVRPC",0,"PDO",10143808
3449202,"2010111110010942","10010942",2010,"MERCER","Trenton City","2010-07-13","Tuesday","July","12:41:00",1,"TRENTON PD","PATROL",0,0,0,0,0,"Property Damage","Not At Intersection","No","No","Same Direction - Rear End",2,"US 1","South",1,"","00000001",1.34,"State Highway","Curve and Level","Blacktop","Dry","Daylight","Rain","Barrier Median","None",NA,"NULL","NULL","PERRY ST","NULL","","NULL",50,NA,40.2249,-74.75894,"No","","531",419824.22,506945.38,NA,"DVRPC",0,"PDO",10143809
3449203,"2010111110010961","10010961",2010,"MERCER","Trenton City","2010-07-13","Tuesday","July","18:13:00",1,"TRENTON PD","TRENTON/SOUTH",0,0,0,0,0,"Property Damage","At Intersection","No","No","Same Direction - Rear End",2,"CASS ST","West",NA,"","11111527",0.3,"Municipal","Straight and Level","Blacktop","Dry","Daylight","Clear","Painted Median","None",NA,"At","NULL","NJ 129","NULL","","NULL",25,40,40.20589,-74.75518,"No","","609",420852.652375,500014.411296,NA,"DVRPC",0,"PDO",10143810
3449205,"2010111110010970","10010970",2010,"MERCER","Trenton City","2010-07-13","Tuesday","July","20:00:00",1,"TRENTON PD","NORTH PATROL",0,0,1,0,0,"Injury","Not At Intersection","No","No","Fixed Object",1,"US 1","South",1,"","00000001",1.34,"State Highway","Straight and Level","Blacktop","Wet","Dusk","Rain","Barrier Median","None",NA,"NULL","NULL","PERRY ST","NULL","","NULL",50,NA,40.2249,-74.75894,"No","","608",419824.22,506945.38,NA,"DVRPC",0,"Pain",10143812
3449206,"2010111110010972","10010972",2010,"MERCER","Trenton City","2010-07-13","Tuesday","July","20:16:00",1,"TRENTON PD","NORTH PATROL",0,0,0,0,0,"Property Damage","Not At Intersection","No","No","Same Direction - Rear End",2,"US 1","South",1,"","00000001",1.3,"State Highway","Straight and Level","Blacktop","Wet","Dusk","Rain","Barrier Median","None",NA,"NULL","NULL","","From","PERRY ST","East Bound",50,NA,40.22434,-74.75883,"No","","608",419855.19004,506741.513747,NA,"DVRPC",0,"PDO",10143813
3449209,"2010111110010997","10010997",2010,"MERCER","Trenton City","2010-07-14","Wednesday","July","08:17:00",1,"TRENTON PD","WEST/PATROL 1",0,0,1,0,0,"Injury","Not At Intersection","No","No","Overturned",1,"NJ 29","South",29,"","00000029",6.93,"State Highway","Curve and Level","Blacktop","Wet","Daylight","Overcast","Grass Median","None",NA,"NULL","NULL","","NULL","","NULL",40,NA,40.24088,-74.81672,"No","","331",403711.348905,512818.379286,NA,"DVRPC",0,"Moderate Injury",10149348
3449211,"2010111110011016","10011016",2010,"MERCER","Trenton City","2010-07-14","Wednesday","July","13:59:00",1,"TRENTON PD","PATROL",0,0,0,0,0,"Property Damage","At Intersection","No","No","Same Direction - Side Swipe",2,"MULBERRY ST","North",NA,"","11111546",0,"Municipal","Straight and Grade","Blacktop","Dry","Daylight","Clear","None","None",NA,"At","NULL","BRUNSWICK AVE","NULL","","NULL",25,25,40.24199,-74.74611,"No","","518",423424.68,513157.95,NA,"DVRPC",0,"PDO",10149346
3449212,"2010111110011025","10011025",2010,"MERCER","Trenton City","2010-07-14","Wednesday","July","15:50:00",1,"TRENTON PD","PATROL",0,0,3,0,0,"Injury","At Intersection","No","No","Right Angle",2,"CHESTNUT AVE","NULL",NA,"","11111537",0.44,"Municipal","Straight and Level","Blacktop","Wet","Daylight","Rain","None","None",NA,"At","NULL","CR 606","NULL","","NULL",25,25,40.21577,-74.74819,"No","","531",422817.14,503610.16,NA,"DVRPC",0,"Pain",10149345
3449214,"2010111110011042","10011042",2010,"MERCER","Trenton City","2010-07-14","Wednesday","July","20:13:00",1,"TRENTON PD","EAST",0,0,0,0,0,"Property Damage","At Intersection","No","No","Struck Parked Vehicle",3,"S CLINTON AVE","South",NA,"","11031969",3.22,"Municipal","Straight and Level","Blacktop","Dry","Dusk","Overcast","Painted Median","None",NA,"At","NULL","CR 606","NULL","","NULL",25,25,40.21422,-74.75409,"No","","596",421166.159967,503049.250142,NA,"DVRPC",0,"PDO",10149343
3449215,"2010111110011047","10011047",2010,"MERCER","Trenton City","2010-07-14","Wednesday","July","23:19:00",1,"TRENTON PD","TRENTON PD",0,0,0,0,0,"Property Damage","Not At Intersection","Yes","No","Same Direction - Side Swipe",3,"FERRY ST","West",NA,"","11111531",0.08,"Municipal","Straight and Level","Blacktop","Dry","Dark (Street Lights On/ continuous)","Clear","None","None",NA,"NULL","NULL","BRIDGE ST","NULL","","NULL",25,25,40.21109,-74.7624,"No","","555",418843.767993,501915.396993,NA,"DVRPC",0,"PDO",10149342
3449219,"2010111110011091","10011091",2010,"MERCER","Trenton City","2010-07-15","Thursday","July","19:40:00",1,"TRENTON PD","WEST",0,0,0,0,0,"Property Damage","At Intersection","No","No","Struck Parked Vehicle",2,"STUYVESANT AVE","NULL",NA,"","11111568",0.36,"Municipal","Straight and Level","Blacktop","Dry","Daylight","Clear","None","None",NA,"At","NULL","N HERMITAGE AVE","NULL","","NULL",25,25,40.23392,-74.77966,"No","","295",414048.239942,510246.973377,NA,"DVRPC",0,"PDO",10149338
3449220,"2010111110011104","10011104",2010,"MERCER","Trenton City","2010-07-16","Friday","July","00:15:00",1,"TRENTON PD","SOUTH",0,0,0,0,0,"Property Damage","Not At Intersection","No","No","Fixed Object",1,"NJ 29","NULL",29,"","00000029",3.63,"State Highway","Curve and Hillcrest","Blacktop","Dry","Dark (Street Lights On/ continuous)","Clear","Grass Median","None",NA,"NULL","NULL","MARKET ST","NULL","","NULL",25,25,40.2136,-74.76765,"No","LIGHT POLE (15-3)","595",417380.766152,502834.235863,NA,"DVRPC",0,"PDO",10149337
3449221,"2010111110011109","10011109",2010,"MERCER","Trenton City","2010-07-16","Friday","July","01:02:00",1,"TRENTON PD","EAST DISTRICT",0,0,0,0,0,"Property Damage","At Intersection","No","No","Same Direction - Side Swipe",3,"S CLINTON AVE","North",NA,"","11031969",2.25,"Municipal","Straight and Level","Blacktop","Dry","Dark (Street Lights On/ continuous)","Clear","None","NULL",NA,"At","NULL","LIBERTY ST","NULL","","NULL",25,25,40.20522,-74.74149,"No","","529",424686.74,499757.87,NA,"DVRPC",0,"PDO",10149336
3449222,"2010111110011117","10011117",2010,"MERCER","Trenton City","2010-07-16","Friday","July","02:02:00",1,"TRENTON PD","225 N CLINTON ?",0,0,1,0,0,"Injury","At Intersection","No","No","Right Angle",2,"LIBERTY ST","East",NA,"","11112004",0.38,"Municipal","Straight and Level","Blacktop","Dry","Dark (Street Lights On/ continuous)","Clear","Painted Median","None",NA,"At","NULL","S BROAD ST","NULL","","NULL",25,25,40.20377,-74.74271,"No","","555",424335.372487,499235.904979,NA,"DVRPC",0,"Pain",10149335