"ID","DOT_WEB_ID","CASE_NUMBER","CRASH_YEAR","COUNTY","MUNICIPALITY","CRASH_DATE","CRASH_DAY_OF_WEEK","CRASH_MONTH","CRASH_TIME","POLICE_DEPT_CODE","POLICE_DEPARTMENT","POLICE_STATION","TOTAL_KILLED","TOTAL_INCAPACITATED","TOTAL_INJURED","PEDESTRIANS_KILLED","PEDESTRIANS_INJURED","SEVERITY","INTERSECTION","ALCOHOL_INVOLVED","HAZMAT_INVOLVED","CRASH_TYPE","TOTAL_VEHICLES_INVOLVED","CRASH_LOCATION","LOCATION_DIRECTION","ROUTE","ROUTE_SUFFIX","SRI","MILEPOST","ROAD_SYSTEM","ROAD_CHARACTER","ROAD_SURFACE_TYPE","SURFACE_CONDITION","LIGHT_CONDITION","ENVIRONMENTAL_CONDITION","ROAD_DIVIDED_BY","TEMP_TRAFFIC_CONTROL_ZONE","DISTANCE_TO_CROSS_STREET","UNIT_OF_MEASUREMENT","DIRECTION_FROM_CROSS_STREET","CROSS_STREET_NAME","IS_RAMP","RAMP_TO_FROM_ROUTE_NAME","RAMP_TO_FROM_ROUTE_DIRECTION","POSTED_SPEED","POSTED_SPEED_CROSS_STREET","LATITUDE","LONGITUDE","CELL_PHONE_IN_USE","OTHER_PROPERTY_DAMAGE","REPORTING_BADGE_NO","X","Y","CRASH_NARRATIVE","MPO","TOTAL_PEDESTRIANS_INVOLVED","EPDO","DLN"
3449223,"2010111110011125","10011125",2010,"MERCER","Trenton City","2010-07-16","Friday","July","07:46:00",1,"TRENTON PD","NORTH",0,0,0,0,0,"Property Damage","At Intersection","No","No","Same Direction - Side Swipe",2,"MERCER COUNTY 653","West",653,"","11000653",0.99,"County","Straight and Level","Blacktop","Dry","Daylight","Clear","None","None",NA,"At","NULL","SOUTHARD STREET","NULL","","NULL",25,25,40.23396,-74.76355,"No","","389",418546.716346,510247.294776,NA,"DVRPC",0,"PDO",10149334
3449224,"2010111110011133","10011133",2010,"MERCER","Trenton City","2010-07-16","Friday","July","11:45:00",1,"TRENTON PD","PATROL",0,0,0,0,0,"Property Damage","At Intersection","No","No","Same Direction - Rear End",2,"US 1","North",1,"","00000001",1.34,"State Highway","Straight and Level","Blacktop","Dry","Daylight","Clear","Barrier Median","None",NA,"At","NULL","PERRY ST","NULL","","NULL",50,NA,40.2249,-74.75894,"No","","566",419824.22,506945.38,NA,"DVRPC",0,"PDO",10149333
3449227,"2010111110011153","10011153",2010,"MERCER","Trenton City","2010-07-16","Friday","July","16:19:00",1,"TRENTON PD","WEST",0,0,0,0,0,"Property Damage","At Intersection","No","No","Same Direction - Rear End",2,"PROSPECT ST","North",NA,"","11111562",0.04,"Municipal","Straight and Level","Blacktop","Dry","Daylight","Clear","None","None",NA,"At","NULL","SPRING ST","NULL","","NULL",25,25,40.22649,-74.77813,"No","","453",414468.124442,507539.712219,NA,"DVRPC",0,"PDO",10149330
3449230,"2010111110011184","10011184",2010,"MERCER","Trenton City","2010-07-17","Saturday","July","01:09:00",1,"TRENTON PD","PATROL",0,0,1,0,0,"Injury","At Intersection","Yes","No","Fixed Object",1,"NJ 29","South",29,"","00000029",3.63,"State Highway","Curve and Hillcrest","Blacktop","Dry","Dark (Street LIghts On/ spot)","Clear","None","None",NA,"At","NULL","MARKET ST","NULL","","NULL",50,25,40.2136,-74.76765,"No","","445",417380.766152,502834.235863,NA,"DVRPC",0,"Pain",10149326
3449233,"2010111110011203","10011203",2010,"MERCER","Trenton City","2010-07-17","Saturday","July","12:50:00",1,"TRENTON PD","TRENTON",0,0,0,0,0,"Property Damage","Not At Intersection","No","No","Same Direction - Side Swipe",2,"NJ 129","South",129,"","00000129",2.13,"State Highway","Curve and Hillcrest","Blacktop","Dry","Daylight","Clear","Barrier Median","None",50,"Foot","South","CR 606 / HAMILTON AVE","NULL","","NULL",50,45,40.21384,-74.75644,"No","","453",420511.338317,502913.441653,NA,"DVRPC",0,"PDO",10149323
3449235,"2010111110011207","10011207",2010,"MERCER","Trenton City","2010-07-17","Saturday","July","13:20:00",1,"TRENTON PD","PATROL",0,0,1,0,0,"Injury","Not At Intersection","No","No","Same Direction - Side Swipe",2,"US 1","North",1,"","00000001",1.34,"State Highway","Curve and Level","Blacktop","Dry","Daylight","Clear","Barrier Median","None",NA,"NULL","NULL","PERRY ST","NULL","","NULL",55,NA,40.2249,-74.75894,"No","","498",419824.22,506945.38,NA,"DVRPC",0,"Pain",10150485
3449236,"2010111110011209","10011209",2010,"MERCER","Trenton City","2010-07-17","Saturday","July","15:15:00",1,"TRENTON PD","PATROL/SOUTH",0,0,1,0,0,"Injury","Not At Intersection","No","No","Right Angle",2,"CENTER ST","South",NA,"","11111528",0.77,"Municipal","Straight and Level","Blacktop","Dry","Daylight","Clear","None","None",200,"Foot","South","LANDING ST","NULL","","NULL",25,25,40.20324,-74.75782,"No","","499",420115.044133,499053.222098,NA,"DVRPC",0,"Pain",10150484
3449237,"2010111110011217","10011217",2010,"MERCER","Trenton City","2010-07-17","Saturday","July","20:24:00",1,"TRENTON PD","WEST",0,0,2,0,0,"Injury","At Intersection","No","No","Opposite Direction - Head On/Angular",2,"PROSPECT ST","North",NA,"","11111562",0.66,"Municipal","Straight and Level","Blacktop","Dry","Dusk","Clear","Painted Median","None",NA,"At","NULL","OAKLAND ST","NULL","","NULL",25,25,40.23397,-74.77251,"No","","626",416044.269407,510260.312705,NA,"DVRPC",0,"Pain",10150483
3449240,"2010111110011249","10011249",2010,"MERCER","Trenton City","2010-07-18","Sunday","July","10:05:00",1,"TRENTON PD","NORTH",0,0,1,0,0,"Injury","At Intersection","No","No","Right Angle",2,"MERCER COUNTY 622","South",622,"","11000622",3.73,"County","Straight and Grade","Blacktop","Dry","Daylight","Clear","None","None",NA,"At","NULL","NEW YORK AVE","NULL","","NULL",25,25,40.2365,-74.74744,"No","","389",423045.406625,511160.814088,NA,"DVRPC",0,"Pain",10150481
3449241,"2010111110011250","10011250",2010,"MERCER","Trenton City","2010-07-18","Sunday","July","10:10:00",1,"TRENTON PD","WEST",0,0,0,0,0,"Property Damage","At Intersection","No","No","Right Angle",2,"HILLCREST AVE","NULL",NA,"","11111566",0.18,"Municipal","Straight and Level","Blacktop","Dry","Daylight","Clear","None","None",NA,"At","NULL","HOMAN AVE","NULL","","NULL",25,25,40.2421,-74.78506,"No","","609",412551.079977,513230.368304,NA,"DVRPC",0,"PDO",10150480
3449242,"2010111110011258","10011258",2010,"MERCER","Trenton City","2010-07-18","Sunday","July","14:46:00",1,"TRENTON PD","PATROL/SOUTH",0,0,0,0,0,"Property Damage","Not At Intersection","No","No","Struck Parked Vehicle",2,"GRAND ST","North",NA,"","11111534",0.21,"Municipal","Straight and Level","Blacktop","Dry","Daylight","Clear","None","None",40,"Foot","North","MALONE ST","NULL","","NULL",25,NA,40.2048,-74.74872,"No","","499",422657.497616,499614.331782,NA,"DVRPC",0,"PDO",10150479
3449243,"2010111110011271","10011271",2010,"MERCER","Trenton City","2010-07-18","Sunday","July","19:02:00",1,"TRENTON PD","EAST",0,0,0,0,0,"Property Damage","Not At Intersection","No","No","Same Direction - Rear End",2,"MERCER COUNTY 606","East",606,"","11000606",1.67,"County","Straight and Level","Blacktop","Dry","Daylight","Clear","Painted Median","None",NA,"NULL","NULL","","NULL","","NULL",25,NA,40.22072,-74.729,"No","","565",428180.109156,505398.564615,NA,"DVRPC",0,"PDO",10150478
3449246,"2010111110011327","10011327",2010,"MERCER","Trenton City","2010-07-19","Monday","July","19:31:00",1,"TRENTON PD","PATROL",0,0,0,0,0,"Property Damage","At Intersection","No","No","Same Direction - Rear End",2,"LIBERTY ST","West",NA,"","11112004",0.5,"Municipal","Straight and Level","Blacktop","Dry","Daylight","Clear","None","None",NA,"At","NULL","S CLINTON AVE","NULL","","NULL",25,25,40.20521,-74.74145,"No","","135",424686.74,499757.87,NA,"DVRPC",0,"PDO",10150788
3449249,"2010111110011351","10011351",2010,"MERCER","Trenton City","2010-07-20","Tuesday","July","10:16:00",1,"TRENTON PD","PATROL",0,0,0,0,0,"Property Damage","At Intersection","No","No","Struck Parked Vehicle",2,"MULBERRY ST","NULL",NA,"","11111546",0.47,"Municipal","Straight and Level","Blacktop","Dry","Daylight","Clear","None","None",NA,"At","NULL","KLAGG STREET","NULL","","NULL",NA,NA,40.237,-74.73995,"No","","445",425137.719087,511336.506369,NA,"DVRPC",0,"PDO",10150785
3449254,"2010111110011367","10011367",2010,"MERCER","Trenton City","2010-07-20","Tuesday","July","15:52:00",1,"TRENTON PD","EAST DISTRICT",0,0,0,0,0,"Property Damage","At Intersection","No","No","Same Direction - Rear End",2,"LIBERTY ST","East",NA,"","11112004",1.08,"Municipal","Straight and Level","Blacktop","Dry","Daylight","Clear","None","None",NA,"At","NULL","REVERE AVE","NULL","","NULL",25,25,40.21198,-74.73493,"No","","463",426516.21,502218.8,NA,"DVRPC",0,"PDO",10150780
3449256,"2010111110011381","10011381",2010,"MERCER","Trenton City","2010-07-20","Tuesday","July","22:23:00",1,"TRENTON PD","PATROL-EAST",0,0,1,0,0,"Injury","Not At Intersection","No","No","Backing",2,"MERCER COUNTY 626","NULL",626,"","11000626",1.65,"County","Straight and Level","Blacktop","Dry","Dark (Street Lights On/ continuous)","Clear","None","None",NA,"NULL","NULL","","NULL","","NULL",15,NA,40.20338,-74.73257,"No","","617",427165.75,499083.29,NA,"DVRPC",0,"Pain",10150778
3449257,"2010111110011382","10011382",2010,"MERCER","Trenton City","2010-07-20","Tuesday","July","23:20:00",1,"TRENTON PD","EAST DISTRICT",0,0,0,0,0,"Property Damage","At Intersection","No","No","Right Angle",2,"MERCER COUNTY 626","South",626,"","11000626",0.9,"County","Straight and Level","Blacktop","Dry","Dark (Street Lights On/ continuous)","Clear","None","None",NA,"At","NULL","ROEBLING AVE","NULL","","NULL",25,25,40.21305,-74.73995,"No","","529",425113.615491,502610.88826,NA,"DVRPC",0,"PDO",10150777
3449261,"2010111110011410","10011410",2010,"MERCER","Trenton City","2010-07-21","Wednesday","July","13:09:00",1,"TRENTON PD","PATROL",0,0,0,0,0,"Property Damage","Not At Intersection","No","No","Fixed Object",1,"US 1","South",1,"","00000001",2.37,"State Highway","Straight and Level","Blacktop","Dry","Daylight","Clear","None","None",NA,"NULL","NULL","CR 622 / OLDEN AVE","NULL","","NULL",50,NA,40.23567,-74.74633,"No","","531",423354.670311,510857.443445,NA,"DVRPC",0,"PDO",10161126
3449263,"2010111110011450","10011450",2010,"MERCER","Trenton City","2010-07-22","Thursday","July","00:45:00",1,"TRENTON PD","NORTH DISTRICT",0,0,0,0,0,"Property Damage","Not At Intersection","No","No","Non-fixed Object",1,"PERRY ST","North",NA,"","11111556",0.37,"Municipal","Straight and Level","Blacktop","Wet","Dark (Street Lights On/ continuous)","Rain","Barrier Median","None",NA,"NULL","NULL","OFF RAMP RT 1 S AT PERRY ST","NULL","","NULL",50,NA,40.22429,-74.75876,"No","","595",419874.756388,506720.707282,NA,"DVRPC",0,"PDO",10161124
3449264,"2010111110011462","10011462",2010,"MERCER","Trenton City","2010-07-22","Thursday","July","08:02:00",1,"TRENTON PD","PATROL-EAST",0,0,2,0,0,"Injury","At Intersection","No","No","Same Direction - Rear End",2,"MERCER COUNTY 606","West",606,"","11000606",1.47,"County","Straight and Level","Blacktop","Dry","Daylight","Clear","None","None",NA,"At","NULL","S OLDEN AVE","NULL","","NULL",25,25,40.21976,-74.73259,"No","","398",427177.123246,505052.277287,NA,"DVRPC",0,"Pain",10161120
3449266,"2010111110011474","10011474",2010,"MERCER","Trenton City","2010-07-22","Thursday","July","12:08:00",1,"TRENTON PD","EAST DISTRICT",0,0,0,0,0,"Property Damage","At Intersection","No","No","Opposite Direction - Side Swipe",2,"LIBERTY ST","West",NA,"","11112004",0.6,"Municipal","Straight and Level","Blacktop","Dry","Daylight","Clear","None","None",NA,"At","NULL","WOODLAND ST","NULL","","NULL",25,NA,40.20641,-74.74041,"No","","414",424980.080392,500194.988814,NA,"DVRPC",0,"PDO",10161123
3449274,"2010111110011530","10011530",2010,"MERCER","Trenton City","2010-07-23","Friday","July","15:12:00",1,"TRENTON PD","SOUTH",0,0,0,0,0,"Property Damage","At Intersection","No","No","Same Direction - Rear End",2,"MARKET STREET","South",NA,"","11111526",0.44,"Municipal","Straight and Grade","Blacktop","Dry","Daylight","Clear","Painted Median","None",NA,"At","NULL","JACKSON ST","NULL","","NULL",25,25,40.21603,-74.76151,"No","","465",419095.889989,503714.488391,NA,"DVRPC",0,"PDO",10161148
3449275,"2010111110011531","10011531",2010,"MERCER","Trenton City","2010-07-23","Friday","July","15:09:00",1,"TRENTON PD","PATROL",0,0,1,0,0,"Injury","Not At Intersection","No","No","Struck Parked Vehicle",3,"US 206","West",206,"","00000206",45.01,"State Highway","Straight and Level","Blacktop","Dry","Daylight","Clear","None","None",NA,"NULL","NULL","","NULL","","NULL",25,NA,40.24479,-74.74281,"No","","531",424346.553529,514177.252108,NA,"DVRPC",0,"Pain",10161147
3449276,"2010111110011532","10011532",2010,"MERCER","Trenton City","2010-07-23","Friday","July","15:56:00",1,"TRENTON PD","NORTH#2",0,0,0,0,0,"Property Damage","Not At Intersection","No","No","Same Direction - Side Swipe",2,"US 206","West",206,"","00000206",44.12,"Municipal","Straight and Level","Blacktop","Dry","Daylight","Clear","None","None",NA,"NULL","West","FULD ST","NULL","","NULL",25,25,40.23506,-74.75327,"No","","446",421416.767717,510639.245947,NA,"DVRPC",0,"PDO",10161146
3449279,"2010111110011551","10011551",2010,"MERCER","Trenton City","2010-07-23","Friday","July","21:13:00",1,"TRENTON PD","EAST DISTRICT",0,0,0,0,0,"Property Damage","Not At Intersection","No","No","Struck Parked Vehicle",2,"MERCER COUNTY 626","North",626,"","11000626",1.65,"County","Straight and Level","Blacktop","Dry","Dark (Street Lights On/ continuous)","Clear","None","None",NA,"NULL","NULL","","NULL","","NULL",25,NA,40.20338,-74.73257,"No","","565",427165.75,499083.29,NA,"DVRPC",0,"PDO",10161143
3449281,"2010111110011556","10011556",2010,"MERCER","Trenton City","2010-07-23","Friday","July","22:58:00",1,"TRENTON PD","TRENTON",0,0,0,0,0,"Property Damage","At Intersection","No","No","Opposite Direction - Head On/Angular",2,"W HANOVER ST","NULL",NA,"","11111553",0.31,"Municipal","Straight and Level","Blacktop","Dry","Dark (Street Lights On/ continuous)","Clear","None","None",NA,"At","NULL","CR 653","NULL","","NULL",25,25,40.22345,-74.77416,"No","","625",415572.981678,506428.821661,NA,"DVRPC",0,"PDO",10161141
3449282,"2010111110011559","10011559",2010,"MERCER","Trenton City","2010-07-23","Friday","July","23:45:00",1,"TRENTON PD","NORTH",0,0,1,0,0,"Injury","Not At Intersection","No","No","Fixed Object",1,"US 1","North",1,"","00000001",1.34,"State Highway","Curve and Level","Blacktop","Dry","Dark (Street LIghts On/ spot)","Clear","Barrier Median","None",NA,"NULL","NULL","PERRY ST","NULL","","NULL",45,45,40.2249,-74.75894,"No","","626",419824.22,506945.38,NA,"DVRPC",0,"Moderate Injury",10161140
3449286,"2010111110011582","10011582",2010,"MERCER","Trenton City","2010-07-24","Saturday","July","15:14:00",1,"TRENTON PD","SOUTH",0,0,0,0,0,"Property Damage","Not At Intersection","No","No","Same Direction - Side Swipe",2,"US 1","NULL",1,"","00000001",1.34,"State Highway","Straight and Level","Blacktop","Dry","Daylight","Clear","Barrier Median","None",NA,"NULL","NULL","PERRY ST","NULL","","NULL",50,35,40.2249,-74.75894,"No","","517",419824.22,506945.38,NA,"DVRPC",0,"PDO",10161136
3449292,"2010111110011603","10011603",2010,"MERCER","Trenton City","2010-07-24","Saturday","July","23:57:00",1,"TRENTON PD","",0,0,0,0,0,"Property Damage","Not At Intersection","No","No","Fixed Object",1,"NJ 29","North",29,"","00000029",3.63,"State Highway","Curve and Level","Blacktop","Dry","Dark (Street Lights On/ continuous)","Clear","None","None",NA,"NULL","NULL","MARKET ST","NULL","","NULL",25,25,40.2136,-74.76765,"No","","542",417380.766152,502834.235863,NA,"DVRPC",0,"PDO",10161130
3449294,"2010111110011621","10011621",2010,"MERCER","Trenton City","2010-07-25","Sunday","July","10:08:00",1,"TRENTON PD","PATROL-EAST",0,0,2,0,0,"Injury","At Intersection","No","No","Right Angle",2,"S CLINTON AVE","North",NA,"","11031969",3.41,"Municipal","Straight and Level","Blacktop","Dry","Daylight","Clear","None","None",NA,"At","NULL","GREENWOOD AVE","NULL","","NULL",25,25,40.21694,-74.75465,"No","","436",421013.9335,504042.620451,NA,"DVRPC",0,"Pain",10164474
3449296,"2010111110011634","10011634",2010,"MERCER","Trenton City","2010-07-25","Sunday","July","17:23:00",1,"TRENTON PD","NORTH",0,0,2,0,0,"Injury","Not At Intersection","No","No","Fixed Object",1,"US 1","South",1,"","00000001",1.34,"State Highway","Curve and Level","Blacktop","Wet","Daylight","Rain","Barrier Median","None",NA,"NULL","NULL","PERRY ST","NULL","","NULL",50,50,40.2249,-74.75894,"No","","603",419824.22,506945.38,NA,"DVRPC",0,"Pain",10164476
3449299,"2010111110011662","10011662",2010,"MERCER","Trenton City","2010-07-26","Monday","July","08:18:00",1,"TRENTON PD","NORTH",0,0,1,0,0,"Injury","Not At Intersection","No","No","Struck Parked Vehicle",2,"US 206","West",206,"","00000206",45.01,"State Highway","Straight and Level","Blacktop","Dry","Daylight","Clear","None","None",NA,"NULL","NULL","","NULL","","NULL",25,NA,40.24479,-74.74281,"No","","541",424346.553529,514177.252108,NA,"DVRPC",0,"Pain",10164479
3449301,"2010111110011680","10011680",2010,"MERCER","Trenton City","2010-07-26","Monday","July","15:58:00",1,"TRENTON PD","NORTH",0,0,0,0,0,"Property Damage","At Intersection","No","No","Left Turn / U Turn",3,"BELLEVUE AVE","East",NA,"","11111560",1.25,"Municipal","Straight and Level","Blacktop","Dry","Daylight","Clear","None","None",NA,"At","NULL","FOWLER ST","NULL","","NULL",25,25,40.22534,-74.76853,"No","","414",417147.518462,507111.105,NA,"DVRPC",0,"PDO",10164481
3449306,"2010111110011690","10011690",2010,"MERCER","Trenton City","2010-07-26","Monday","July","20:40:00",1,"TRENTON PD","NORTH",0,0,0,0,0,"Property Damage","At Intersection","No","No","Same Direction - Rear End",2,"MERCER COUNTY 622","South",622,"","11000622",3.48,"County","Straight at Hillcrest","Blacktop","Dry","Dark (Street Lights On/ continuous)","Clear","Painted Median","None",NA,"At","NULL","ST JOES AVE","NULL","","NULL",25,NA,40.23334,-74.74541,"No","","624",423611.139948,510006.270087,NA,"DVRPC",0,"PDO",10164486
3449307,"2010111110011697","10011697",2010,"MERCER","Trenton City","2010-07-26","Monday","July","21:39:00",1,"TRENTON PD","EAST",0,0,0,0,0,"Property Damage","Not At Intersection","No","No","Same Direction - Side Swipe",2,"MERCER COUNTY 622","South",622,"","11000622",4.1,"County","Straight and Level","Blacktop","Dry","Dark (Street Lights On/ continuous)","Clear","None","None",NA,"NULL","NULL","","NULL","","NULL",25,NA,40.24012,-74.75201,"No","","565",421775.07,512481.89,NA,"DVRPC",0,"PDO",10164487
3449308,"2010111110011720","10011720",2010,"MERCER","Trenton City","2010-07-27","Tuesday","July","14:37:00",1,"TRENTON PD","NORTH-PATROL",0,0,0,0,0,"Property Damage","At Intersection","No","No","Same Direction - Rear End",2,"US 206","NULL",206,"","00000206",45.01,"State Highway","Curve and Level","Blacktop","Dry","Daylight","Clear","Curbed Median","None",NA,"At","NULL","US 1B / CR 645 / STRAWBERRY ST","NULL","","NULL",25,40,40.24479,-74.74281,"No","","518",424346.553529,514177.252108,NA,"DVRPC",0,"PDO",10164488
3449321,"2010111110011861","10011861",2010,"MERCER","Trenton City","2010-07-29","Thursday","July","21:20:00",1,"TRENTON PD","TRENTON POLICE?",0,0,1,0,0,"Injury","At Intersection","Yes","No","Same Direction - Rear End",2,"FERRY ST","East",NA,"","11111531",0.3,"Municipal","Straight at Hillcrest","Blacktop","Dry","Dark (Street Lights On/ continuous)","Clear","None","None",NA,"At","NULL","S BROAD ST","NULL","","NULL",25,25,40.21326,-74.75947,"No","","575",419664.21,502705.95,NA,"DVRPC",0,"Pain",10165823
3449323,"2010111110011879","10011879",2010,"MERCER","Trenton City","2010-07-30","Friday","July","03:22:00",1,"TRENTON PD","NORTH",0,0,0,0,0,"Property Damage","At Intersection","No","No","Right Angle",2,"MERCER COUNTY 622","West",622,"","11000622",3.73,"County","Straight and Level","Blacktop","Dry","Dark (Street Lights On/ continuous)","Clear","Painted Median","NULL",NA,"At","NULL","NEW YORK AVE","NULL","","NULL",25,25,40.2365,-74.74744,"No","","123",423045.406625,511160.814088,NA,"DVRPC",0,"PDO",10165825
3449326,"2010111110011894","10011894",2010,"MERCER","Trenton City","2010-07-30","Friday","July","12:17:00",1,"TRENTON PD","EAST",0,0,0,0,0,"Property Damage","At Intersection","No","No","Same Direction - Side Swipe",2,"MERCER COUNTY 606","NULL",606,"","11000606",0.8,"County","Straight and Level","Blacktop","Dry","Daylight","Clear","Painted Median","None",NA,"At","NULL","FRANKLIN ST","NULL","","NULL",25,25,40.21659,-74.74464,"No","","609",423807.333538,503905.384368,NA,"DVRPC",0,"PDO",10165828
3449327,"2010111110011896","10011896",2010,"MERCER","Trenton City","2010-07-30","Friday","July","14:01:00",1,"TRENTON PD","PATROL",0,0,0,0,0,"Property Damage","Not At Intersection","No","No","Struck Parked Vehicle",2,"ADELINE ST","North",NA,"","11111533",0.64,"Municipal","Straight and Level","Blacktop","Dry","Daylight","Clear","None","None",100,"Foot","North","CHESTNUT AVE","NULL","","NULL",25,25,40.20511,-74.74753,"No","","482",422989.964067,499726.916963,NA,"DVRPC",0,"PDO",10165829
3449328,"2010111110011897","10011897",2010,"MERCER","Trenton City","2010-07-30","Friday","July","14:00:00",1,"TRENTON PD","PATROL WEST",0,0,0,0,0,"Property Damage","Not At Intersection","No","No","Fixed Object",1,"HOMAN AVE","East",NA,"","11111565",0.73,"Municipal","Straight and Level","Blacktop","Dry","Daylight","Clear","None","None",100,"Foot","East","MELLON ST","NULL","","NULL",25,25,40.23474,-74.77538,"No","CHAIN LINK FENCE 64 OAKLAND ST TRENTON NJ 08618","052",415244.230337,510540.31118,NA,"DVRPC",0,"PDO",10165830
3449331,"2010111110011909","10011909",2010,"MERCER","Trenton City","2010-07-30","Friday","July","00:00:00",1,"TRENTON PD","EAST",0,0,0,0,0,"Property Damage","At Intersection","No","No","Same Direction - Rear End",2,"MERCER COUNTY 606","East",606,"","11000606",1.34,"County","Straight and Level","Blacktop","Dry","Daylight","Clear","Painted Median","None",NA,"At","NULL","CUYLER AVE","NULL","","NULL",25,25,40.21915,-74.73492,"No","","624",426524.517464,504829.118165,NA,"DVRPC",0,"PDO",10165833
3449332,"2010111110011917","10011917",2010,"MERCER","Trenton City","2010-07-30","Friday","July","21:22:00",1,"TRENTON PD","PATROL",0,0,0,0,0,"Property Damage","Not At Intersection","No","No","Same Direction - Rear End",2,"US 1","South",1,"","00000001",0.88,"State Highway","Curve and Grade","Blacktop","Dry","Dusk","Clear","Painted Median","None",100,"Foot","South","MARKET ST","NULL","","NULL",45,45,40.21835,-74.75749,"No","","575",420222.479463,504555.921596,NA,"DVRPC",0,"PDO",10165834
3449335,"2010111110011952","10011952",2010,"MERCER","Trenton City","2010-07-31","Saturday","July","17:23:00",1,"TRENTON PD","NORTH",0,0,0,0,0,"Property Damage","Not At Intersection","No","No","Struck Parked Vehicle",2,"US 206","North",206,"","00000206",43.51,"Municipal","Straight and Level","Blacktop","Dry","Daylight","Clear","Painted Median","None",NA,"NULL","NULL","BOND ST","NULL","","NULL",25,25,40.22847,-74.76057,"No","","609",419372.073436,508246.269261,NA,"DVRPC",0,"PDO",10165837
3449338,"2010111110011967","10011967",2010,"MERCER","Trenton City","2010-07-31","Saturday","July","20:35:00",1,"TRENTON PD","PATROL-EAST",0,0,0,0,0,"Property Damage","At Intersection","No","No","Same Direction - Rear End",2,"MERCER COUNTY 626","NULL",626,"","11000626",0.9,"County","Straight and Level","Blacktop","Dry","Dusk","Clear","None","None",NA,"At","NULL","ROEBLING AVE","NULL","","NULL",NA,NA,40.21305,-74.73995,"No","","617",425113.615491,502610.88826,NA,"DVRPC",0,"PDO",10165840
3449342,"2010111110012000","10012000",2010,"MERCER","Trenton City","2010-08-01","Sunday","August","10:48:00",1,"TRENTON PD","NORTH",0,0,0,0,0,"Property Damage","Not At Intersection","No","No","Same Direction - Rear End",2,"MERCER COUNTY 622","South",622,"","11000622",4.1,"County","Straight and Level","Blacktop","Wet","Daylight","Rain","None","None",NA,"NULL","NULL","","NULL","","NULL",25,NA,40.24012,-74.75201,"No","","541",421775.07,512481.89,NA,"DVRPC",0,"PDO",10165844
3449345,"2010111110012008","10012008",2010,"MERCER","Trenton City","2010-08-01","Sunday","August","14:46:00",1,"TRENTON PD","PATROL",0,0,0,0,0,"Property Damage","At Intersection","No","No","Same Direction - Rear End",2,"NJ 129","South",129,"","00000129",2.14,"State Highway","Curve and Grade","Blacktop","Wet","Daylight","Rain","Curbed Median","None",NA,"At","NULL","CR 606 / HAMILTON AVE","NULL","","NULL",NA,25,40.21399,-74.75647,"No","","246",420501.763748,502966.212691,NA,"DVRPC",0,"PDO",10165847
3449350,"2010111110012027","10012027",2010,"MERCER","Trenton City","2010-08-02","Monday","August","02:08:00",1,"TRENTON PD","EAST/PATROL",0,0,0,0,0,"Property Damage","Not At Intersection","No","No","Same Direction - Rear End",3,"MERCER COUNTY 626","East",626,"","11000626",0.34,"County","Straight and Level","Blacktop","Dry","Dark (Street Lights On/ continuous)","Clear","Painted Median","None",75,"Foot","East","NJ 33","NULL","","NULL",25,25,40.2203,-74.74536,"No","","554",423609.79751,505258.588555,NA,"DVRPC",0,"PDO",10165854
3449351,"2010111110012045","10012045",2010,"MERCER","Trenton City","2010-08-02","Monday","August","11:15:00",1,"TRENTON PD","WEST",0,0,0,0,0,"Property Damage","At Intersection","No","No","Same Direction - Rear End",2,"MERCER COUNTY 636","West",636,"","11000636",0.75,"County","Straight and Grade","Blacktop","Dry","Daylight","Clear","Painted Median","None",NA,"At","NULL","HOMAN AVE","NULL","","NULL",25,25,40.24046,-74.7823,"No","","465",413320.17,512633.3,NA,"DVRPC",0,"PDO",10165855
3449352,"2010111110012050","10012050",2010,"MERCER","Trenton City","2010-08-02","Monday","August","11:58:00",1,"TRENTON PD","WEST",0,0,0,0,0,"Property Damage","At Intersection","No","No","Right Angle",2,"W STATE ST","East",NA,"","11111552",1.81,"Municipal","Straight and Grade","Blacktop","Dry","Daylight","Clear","Barrier Median","None",NA,"At","NULL","CALHOUN ST","NULL","","NULL",25,25,40.22245,-74.77492,"No","","465",415358.46309,506064.210201,NA,"DVRPC",0,"PDO",10165856
3449356,"2010111110012068","10012068",2010,"MERCER","Trenton City","2010-08-02","Monday","August","17:40:00",1,"TRENTON PD","NORTH",0,0,0,0,0,"Property Damage","At Intersection","No","No","Same Direction - Rear End",2,"MERCER COUNTY 622","South",622,"","11000622",4.03,"County","Straight and Level","Blacktop","Dry","Daylight","Clear","Painted Median","None",NA,"At","NULL","ELLIS AVE","NULL","","NULL",25,25,40.23955,-74.75108,"No","","624",422034.84307,512273.230638,NA,"DVRPC",0,"PDO",10165860