"ID","DOT_WEB_ID","CASE_NUMBER","CRASH_YEAR","COUNTY","MUNICIPALITY","CRASH_DATE","CRASH_DAY_OF_WEEK","CRASH_MONTH","CRASH_TIME","POLICE_DEPT_CODE","POLICE_DEPARTMENT","POLICE_STATION","TOTAL_KILLED","TOTAL_INCAPACITATED","TOTAL_INJURED","PEDESTRIANS_KILLED","PEDESTRIANS_INJURED","SEVERITY","INTERSECTION","ALCOHOL_INVOLVED","HAZMAT_INVOLVED","CRASH_TYPE","TOTAL_VEHICLES_INVOLVED","CRASH_LOCATION","LOCATION_DIRECTION","ROUTE","ROUTE_SUFFIX","SRI","MILEPOST","ROAD_SYSTEM","ROAD_CHARACTER","ROAD_SURFACE_TYPE","SURFACE_CONDITION","LIGHT_CONDITION","ENVIRONMENTAL_CONDITION","ROAD_DIVIDED_BY","TEMP_TRAFFIC_CONTROL_ZONE","DISTANCE_TO_CROSS_STREET","UNIT_OF_MEASUREMENT","DIRECTION_FROM_CROSS_STREET","CROSS_STREET_NAME","IS_RAMP","RAMP_TO_FROM_ROUTE_NAME","RAMP_TO_FROM_ROUTE_DIRECTION","POSTED_SPEED","POSTED_SPEED_CROSS_STREET","LATITUDE","LONGITUDE","CELL_PHONE_IN_USE","OTHER_PROPERTY_DAMAGE","REPORTING_BADGE_NO","X","Y","CRASH_NARRATIVE","MPO","TOTAL_PEDESTRIANS_INVOLVED","EPDO","DLN"
3449357,"2010111110012091","10012091",2010,"MERCER","Trenton City","2010-08-03","Tuesday","August","08:52:00",1,"TRENTON PD","PATROL/SOUTH",0,0,0,0,0,"Property Damage","At Intersection","No","No","Same Direction - Side Swipe",2,"MARKET STREET","South",NA,"","11111526",0.52,"Municipal","Curve and Grade","Blacktop","Dry","Daylight","Clear","None","None",NA,"At","NULL","S STOCKTON ST","NULL","","NULL",25,25,40.21676,-74.76011,"No","","499",419488.399139,503979.463775,NA,"DVRPC",0,"PDO",10165861
3449359,"2010111110012114","10012114",2010,"MERCER","Trenton City","2010-08-03","Tuesday","August","17:52:00",1,"TRENTON PD","WEST",0,0,1,0,0,"Injury","At Intersection","No","No","Right Angle",2,"PROSPECT ST","East",NA,"","11111562",0.76,"Municipal","Straight and Level","Blacktop","Dry","Daylight","Clear","Painted Median","None",NA,"At","NULL","PENNINGTON AVE","NULL","","NULL",25,25,40.23522,-74.77176,"No","","608",416256.77,510713.29,NA,"DVRPC",0,"Pain",10165863
3449360,"2010111110012117","10012117",2010,"MERCER","Trenton City","2010-08-03","Tuesday","August","17:37:00",1,"TRENTON PD","EAST DISTRICT",0,1,1,0,0,"Injury","At Intersection","No","No","Fixed Object",1,"E STATE ST","East",NA,"","11111547",0,"Municipal","Straight at Hillcrest","Blacktop","Dry","Daylight","Clear","Barrier Median","None",NA,"At","NULL","MONMOUTH ST","NULL","","NULL",25,25,40.22032,-74.76186,"No","","565",419003.89,505277.25,NA,"DVRPC",0,"Incapacitating Injury",10165864
3449364,"2010111110012147","10012147",2010,"MERCER","Trenton City","2010-08-04","Wednesday","August","08:54:00",1,"TRENTON PD","PATROL WEST",0,0,0,0,0,"Property Damage","Not At Intersection","No","No","Struck Parked Vehicle",2,"MERCER COUNTY 636","NULL",636,"","11000636",0.91,"County","Straight and Level","Blacktop","Dry","Daylight","Clear","None","None",NA,"NULL","NULL","","NULL","","NULL",25,NA,40.24226,-74.78037,"No","","413",413859.801038,513286.807247,NA,"DVRPC",0,"PDO",10165869
3449365,"2010111110012149","10012149",2010,"MERCER","Trenton City","2010-08-04","Wednesday","August","09:50:00",1,"TRENTON PD","PATROL",0,0,0,0,0,"Property Damage","Not At Intersection","No","No","Struck Parked Vehicle",3,"HILLCREST AVE","West",NA,"","11111566",0.17,"Municipal","Straight and Level","Blacktop","Dry","Daylight","Clear","None","None",250,"Foot","West","STACEY AVE","NULL","","NULL",25,25,40.24221,-74.78494,"No","","135",412583.432494,513272.269992,NA,"DVRPC",0,"PDO",10165870
3449366,"2010111110012155","10012155",2010,"MERCER","Trenton City","2010-08-04","Wednesday","August","11:03:00",1,"TRENTON PD","EAST DISTRICT",0,0,0,0,0,"Property Damage","At Intersection","No","No","Opposite Direction - Head On/Angular",2,"LIBERTY ST","East",NA,"","11112004",0.87,"Municipal","Straight and Level","Blacktop","Dry","Daylight","Clear","None","None",NA,"At","NULL","CHAMBERS ST","NULL","","NULL",25,25,40.20963,-74.73752,"No","","565",425790.920017,501365.63002,NA,"DVRPC",0,"PDO",10165871
3449367,"2010111110012171","10012171",2010,"MERCER","Trenton City","2010-08-04","Wednesday","August","17:46:00",1,"TRENTON PD","SOUTH",0,0,0,0,0,"Property Damage","At Intersection","No","No","Same Direction - Side Swipe",2,"LIBERTY ST","West",NA,"","11112004",0.16,"Municipal","Straight and Level","Blacktop","Dry","Daylight","Clear","None","None",NA,"At","NULL","VIRGINIA AVE","NULL","","NULL",25,25,40.20112,-74.74501,"No","","542",423688.152489,498269.357484,NA,"DVRPC",0,"PDO",10165872
3449371,"2010111110012207","10012207",2010,"MERCER","Trenton City","2010-08-05","Thursday","August","12:42:00",1,"TRENTON PD","PATROL",0,0,0,0,0,"Property Damage","At Intersection","No","No","Struck Parked Vehicle",2,"US 206","North",206,"","00000206",42.88,"Municipal","Straight and Level","Blacktop","Dry","Daylight","Clear","Painted Median","None",NA,"At","NULL","EAST HANOVER ST","NULL","","NULL",25,25,40.22072,-74.76423,"No","","531",418342.079,505426.089763,NA,"DVRPC",0,"PDO",10175099
3449372,"2010111110012211","10012211",2010,"MERCER","Trenton City","2010-08-05","Thursday","August","13:59:00",1,"TRENTON PD","WEST",0,0,1,0,1,"Injury","At Intersection","No","No","Pedestrian",1,"ROUTE 579","NULL",579,"","00000579",0.04,"County","Straight and Level","Blacktop","Dry","Daylight","Clear","None","None",NA,"At","NULL","EDGEWOOD AVE","NULL","","NULL",25,25,40.23809,-74.80309,"No","","463",407513.03,511785.78,NA,"DVRPC",1,"Moderate Injury",10175100
3449373,"2010111110012214","10012214",2010,"MERCER","Trenton City","2010-08-05","Thursday","August","14:51:00",1,"TRENTON PD","PATROL SOUTH",0,0,0,0,0,"Property Damage","At Intersection","No","No","Same Direction - Side Swipe",2,"W STATE ST","East",NA,"","11111552",2.3,"Municipal","Straight and Level","Blacktop","Dry","Daylight","Clear","None","None",NA,"At","NULL","US 206 SOUTHBOUND","NULL","","NULL",25,25,40.2203,-74.7659,"No","","164",417875.93,505275.3,NA,"DVRPC",0,"PDO",10175101
3449374,"2010111110012218","10012218",2010,"MERCER","Trenton City","2010-08-05","Thursday","August","16:04:00",1,"TRENTON PD","NORTH #4",0,0,0,0,0,"Property Damage","Not At Intersection","No","No","Same Direction - Rear End",2,"US 1","North",1,"","00000001",1.34,"State Highway","Straight and Level","Concrete","Dry","Daylight","Clear","Barrier Median","None",NA,"NULL","North","PERRY ST","NULL","","NULL",25,25,40.2249,-74.75894,"No","","446",419824.22,506945.38,NA,"DVRPC",0,"PDO",10175102
3449375,"2010111110012219","10012219",2010,"MERCER","Trenton City","2010-08-05","Thursday","August","16:31:00",1,"TRENTON PD","EAST DISTRICT",0,0,0,0,0,"Property Damage","Not At Intersection","No","No","Same Direction - Rear End",2,"MERCER COUNTY 606","West",606,"","11000606",1.67,"County","Straight and Level","Blacktop","Dry","Daylight","Clear","None","None",NA,"NULL","NULL","","NULL","","NULL",25,NA,40.22072,-74.729,"No","","463",428180.109156,505398.564615,NA,"DVRPC",0,"PDO",10175103
3449381,"2010111110012242","10012242",2010,"MERCER","Trenton City","2010-08-05","Thursday","August","22:46:00",1,"TRENTON PD","EAST",0,0,0,0,0,"Property Damage","Not At Intersection","No","No","Same Direction - Side Swipe",2,"MERCER COUNTY 606","East",606,"","11000606",0.9,"County","Straight and Level","Blacktop","Dry","Dark (No Street Lights)","Clear","Painted Median","None",25,"Foot","East","CR 626","NULL","","NULL",25,25,40.21706,-74.74285,"No","","624",424309.501697,504075.033595,NA,"DVRPC",0,"PDO",10175109
3449383,"2010111110012268","10012268",2010,"MERCER","Trenton City","2010-08-06","Friday","August","12:57:00",1,"TRENTON PD","PATROL",0,0,2,0,0,"Injury","At Intersection","No","No","Opposite Direction - Head On/Angular",2,"MULBERRY ST","South",NA,"","11111546",0.73,"Municipal","Curve and Level","Blacktop","Dry","Daylight","Clear","Curbed Median","NULL",NA,"At","NULL","NOTTINGHAM WAY","NULL","","NULL",25,25,40.23364,-74.73985,"No","","518",425161.73,510111.51,NA,"DVRPC",0,"Pain",10175111
3449385,"2010111110012272","10012272",2010,"MERCER","Trenton City","2010-08-06","Friday","August","14:25:00",1,"TRENTON PD","NORTH/PATROL",0,0,0,0,0,"Property Damage","Not At Intersection","No","No","Opposite Direction - Head On/Angular",2,"MERCER COUNTY 622","East",622,"","11000622",3.73,"County","Straight and Level","Blacktop","Dry","Daylight","Clear","None","NULL",200,"Foot","NULL","NEW YORK AVE","NULL","","NULL",25,25,40.2365,-74.74744,"No","","517",423045.406625,511160.814088,NA,"DVRPC",0,"PDO",10175113
3449386,"2010111110012275","10012275",2010,"MERCER","Trenton City","2010-08-06","Friday","August","14:46:00",1,"TRENTON PD","SOUTH/436",0,0,0,0,0,"Property Damage","Not At Intersection","No","No","Same Direction - Rear End",2,"S CLINTON AVE","East",NA,"","11031969",2.41,"Municipal","Straight and Level","Blacktop","Dry","Daylight","Clear","None","None",NA,"NULL","West","DIVISION ST","NULL","","NULL",25,25,40.20632,-74.74415,"No","","331",423935.670343,500165.302626,NA,"DVRPC",0,"PDO",10175114
3449387,"2010111110012283","10012283",2010,"MERCER","Trenton City","2010-08-06","Friday","August","18:00:00",1,"TRENTON PD","TPD",0,0,0,0,0,"Property Damage","Not At Intersection","No","No","Same Direction - Rear End",2,"MERCER COUNTY 650","West",650,"","11000650",0.55,"County","Straight and Level","Blacktop","Dry","Daylight","Clear","Painted Median","None",NA,"NULL","NULL","HOME AVE","NULL","","NULL",25,25,40.19909,-74.7474,"No","","603",423020.055061,497532.392512,NA,"DVRPC",0,"PDO",10175115
3449389,"2010111110012288","10012288",2010,"MERCER","Trenton City","2010-08-06","Friday","August","19:39:00",1,"TRENTON PD","PATROL",0,0,0,0,0,"Property Damage","Not At Intersection","No","No","Same Direction - Side Swipe",2,"US 1","South",1,"","00000001",0.1,"State/Interstate Authority","Straight and Grade","Blacktop","Dry","Dusk","Clear","Barrier Median","None",NA,"NULL","NULL","NJ 29","NULL","","NULL",45,45,40.2099,-74.76601,"No","","575",417833.34,501484.45,NA,"DVRPC",0,"PDO",10175117
3449391,"2010111110012305","10012305",2010,"MERCER","Trenton City","2010-08-07","Saturday","August","02:09:00",1,"TRENTON PD","PATROL",0,0,2,0,0,"Injury","Not At Intersection","No","No","Same Direction - Rear End",2,"US 1","North",1,"","00000001",0.84,"State Highway","Straight and Grade","Blacktop","Dry","Dark (Street Lights On/ continuous)","Clear","Barrier Median","None",300,"Foot","South","MARKET ST","NULL","","NULL",50,35,40.21777,-74.75739,"No","","575",420248.18268,504347.121201,NA,"DVRPC",0,"Pain",10174931
3449393,"2010111110012314","10012314",2010,"MERCER","Trenton City","2010-08-07","Saturday","August","07:41:00",1,"TRENTON PD","PATROL",0,0,0,0,0,"Property Damage","At Intersection","No","No","Right Angle",2,"WALNUT AVE","South",NA,"","11111541",0.5,"Municipal","Straight and Level","Blacktop","Dry","Daylight","Clear","Painted Median","None",NA,"At","NULL","NJ 33","NULL","","NULL",25,25,40.21719,-74.75299,"Yes","","554",421476.52,504131.19,NA,"DVRPC",0,"PDO",10174933
3449396,"2010111110012327","10012327",2010,"MERCER","Trenton City","2010-08-07","Saturday","August","13:11:00",1,"TRENTON PD","PATROL",0,0,1,0,0,"Injury","At Intersection","No","No","Same Direction - Rear End",2,"MERCER COUNTY 626","North",626,"","11000626",0.45,"County","Straight and Level","Blacktop","Dry","Daylight","Clear","Painted Median","None",NA,"At","NULL","TYLER ST","NULL","","NULL",25,25,40.21888,-74.74429,"Yes","","554",423909.016438,504740.415939,NA,"DVRPC",0,"Pain",10174936
3449398,"2010111110012340","10012340",2010,"MERCER","Trenton City","2010-08-07","Saturday","August","17:08:00",1,"TRENTON PD","SOUTH",0,0,1,0,0,"Injury","At Intersection","No","No","Opposite Direction - Head On/Angular",2,"BRIDGE ST","West",NA,"","11111535",0.16,"Municipal","Straight and Grade","Blacktop","Dry","Daylight","Clear","None","None",NA,"At","NULL","LAMBERTON ST","NULL","","NULL",25,25,40.21119,-74.76114,"No","","482",419195.95,501951.15,NA,"DVRPC",0,"Pain",10174938
3449399,"2010111110012341","10012341",2010,"MERCER","Trenton City","2010-08-07","Saturday","August","17:16:00",1,"TRENTON PD","PATROL",0,0,0,0,0,"Property Damage","At Intersection","No","No","Struck Parked Vehicle",2,"W STATE ST","West",NA,"","11111552",2.3,"Municipal","Straight at Hillcrest","Blacktop","Dry","Daylight","Clear","Painted Median","None",NA,"At","NULL","US 206 SOUTHBOUND","NULL","","NULL",25,25,40.2203,-74.7659,"No","","555",417875.93,505275.3,NA,"DVRPC",0,"PDO",10174939
3449404,"2010111110012387","10012387",2010,"MERCER","Trenton City","2010-08-08","Sunday","August","13:35:00",1,"TRENTON PD","PATROL",0,0,0,0,0,"Property Damage","Not At Intersection","No","No","Struck Parked Vehicle",2,"MERCER COUNTY 622","South",622,"","11000622",4.1,"County","Straight and Level","Blacktop","Dry","Daylight","Clear","Painted Median","None",NA,"NULL","NULL","","NULL","","NULL",25,NA,40.24012,-74.75201,"No","","531",421775.07,512481.89,NA,"DVRPC",0,"PDO",10174944
3449406,"2010111110012392","10012392",2010,"MERCER","Trenton City","2010-08-08","Sunday","August","16:19:00",1,"TRENTON PD","TRENTON",0,0,0,0,0,"Property Damage","At Intersection","No","No","Opposite Direction - Head On/Angular",2,"W STATE ST","West",NA,"","11111552",2.19,"Municipal","Straight and Level","Blacktop","Dry","Daylight","Clear","Painted Median","None",NA,"At","NULL","BARRACKS ST","NULL","","NULL",25,25,40.22051,-74.76802,"No","","584",417284.828884,505350.825659,NA,"DVRPC",0,"PDO",10174945
3449409,"2010111110012425","10012425",2010,"MERCER","Trenton City","2010-08-09","Monday","August","07:12:00",1,"TRENTON PD","TRENTON WEST",0,0,0,0,0,"Property Damage","At Intersection","No","No","Right Angle",2,"PROSPECT ST","NULL",NA,"","11111562",0.04,"Municipal","Straight and Level","Blacktop","Dry","Daylight","Clear","Painted Median","None",NA,"At","NULL","SPRING ST","NULL","","NULL",25,25,40.22649,-74.77813,"No","","413",414468.124442,507539.712219,NA,"DVRPC",0,"PDO",10174949
3449410,"2010111110012427","10012427",2010,"MERCER","Trenton City","2010-08-09","Monday","August","08:22:00",1,"TRENTON PD","EAST DISTRICT",0,0,0,0,0,"Property Damage","At Intersection","No","No","Same Direction - Side Swipe",2,"MERCER COUNTY 622","North",622,"","11000622",2.31,"County","Straight and Level","Blacktop","Dry","Daylight","Clear","Painted Median","None",NA,"At","NULL","CR 606","NULL","","NULL",25,25,40.21971,-74.73282,"No","","137",427112.28,505031.54,NA,"DVRPC",0,"PDO",10174950
3449413,"2010111110012433","10012433",2010,"MERCER","Trenton City","2010-08-09","Monday","August","11:20:00",1,"TRENTON PD","EAST",0,0,0,0,0,"Property Damage","Not At Intersection","No","No","Same Direction - Side Swipe",2,"MERCER COUNTY 606","East",606,"","11000606",0.79,"County","Straight and Level","Blacktop","Dry","Daylight","Clear","None","None",75,"Foot","West","ANDERSON ST","NULL","","NULL",25,25,40.21654,-74.74483,"No","","315",423756.466425,503888.37951,NA,"DVRPC",0,"PDO",10174953
3449415,"2010111110012450","10012450",2010,"MERCER","Trenton City","2010-08-09","Monday","August","16:27:00",1,"TRENTON PD","EAST DISTRICT",0,0,0,0,0,"Property Damage","Not At Intersection","No","No","Opposite Direction - Head On/Angular",2,"NJ 33","East",33,"","00000033",0.11,"State Highway","Straight and Level","Blacktop","Dry","Daylight","Clear","Painted Median","None",NA,"NULL","NULL","","NULL","","NULL",25,NA,40.21751,-74.75574,"No","","137",420709.950202,504250.073676,NA,"DVRPC",0,"PDO",10174955
3449425,"2010111110012551","10012551",2010,"MERCER","Trenton City","2010-08-11","Wednesday","August","18:20:00",1,"TRENTON PD","PATROL SOUTH",0,0,0,0,0,"Property Damage","At Intersection","No","No","Same Direction - Side Swipe",2,"US 206","North",206,"","00000206",45.01,"State Highway","Straight and Level","Blacktop","Dry","Daylight","Clear","Painted Median","None",NA,"At","NULL","FURMAN ST","NULL","","NULL",25,25,40.24479,-74.74281,"No","NISSAN HUB CAP","602",424346.553529,514177.252108,NA,"DVRPC",0,"PDO",10174965
3449429,"2010111110012584","10012584",2010,"MERCER","Trenton City","2010-08-12","Thursday","August","05:44:00",1,"TRENTON PD","WEST",0,0,0,0,0,"Property Damage","At Intersection","No","No","Same Direction - Rear End",2,"MERCER COUNTY 634","West",634,"","11000634",4.76,"County","Straight and Level","Blacktop","Dry","Dusk","Clear","Painted Median","None",NA,"At","NULL","PROSPECT ST","NULL","","NULL",25,25,40.23719,-74.77006,"No","","541",416731.668063,511428.559298,NA,"DVRPC",0,"PDO",10177721
3449430,"2010111110012587","10012587",2010,"MERCER","Trenton City","2010-08-12","Thursday","August","08:22:00",1,"TRENTON PD","EAST DISTRICT",0,0,0,0,0,"Property Damage","Not At Intersection","No","No","Struck Parked Vehicle",2,"NJ 33","NULL",33,"","00000033",0.11,"State Highway","Straight and Level","Blacktop","Dry","Dark (Street Lights On/ continuous)","Clear","None","None",NA,"NULL","NULL","","NULL","","NULL",25,NA,40.21751,-74.75574,"No","","137",420709.950202,504250.073676,NA,"DVRPC",0,"PDO",10177720
3449431,"2010111110012590","10012590",2010,"MERCER","Trenton City","2010-08-12","Thursday","August","09:11:00",1,"TRENTON PD","PATROL WEST",0,0,0,0,0,"Property Damage","Not At Intersection","No","No","Same Direction - Rear End",2,"PROSPECT ST","West",NA,"","11111562",0.35,"Municipal","Straight and Level","Blacktop","Wet","Daylight","Rain","None","None",10,"Foot","West","RUTHERFORD AVE","NULL","","NULL",25,25,40.22997,-74.7747,"No","","413",415428.034988,508802.438973,NA,"DVRPC",0,"PDO",10177719
3449432,"2010111110012591","10012591",2010,"MERCER","Trenton City","2010-08-12","Thursday","August","09:16:00",1,"TRENTON PD","PATROL/SOUTH",0,0,0,0,0,"Property Damage","Not At Intersection","No","No","Same Direction - Side Swipe",2,"MARKET STREET","South",NA,"","11111526",0.14,"Municipal","Straight at Hillcrest","Blacktop","Wet","Daylight","Overcast","None","None",75,"Foot","NULL","S STOCKTON ST","NULL","","NULL",25,25,40.21356,-74.76685,"No","","498",417602.145004,502821.435,NA,"DVRPC",0,"PDO",10177718
3449434,"2010111110012615","10012615",2010,"MERCER","Trenton City","2010-08-12","Thursday","August","20:20:00",1,"TRENTON PD","PATROL",0,0,0,0,0,"Property Damage","Not At Intersection","No","No","Same Direction - Rear End",2,"MONMOUTH ST","East",NA,"","11111544",0.57,"Municipal","Straight and Level","Gravel","Wet","Dark (Street Lights On/ continuous)","Rain","None","None",NA,"NULL","NULL","NJ 33","NULL","","NULL",25,25,40.21895,-74.74761,"No","","619",422981.71,504767.71,NA,"DVRPC",0,"PDO",10177716
3449435,"2010111110012631","10012631",2010,"MERCER","Trenton City","2010-08-12","Thursday","August","23:59:00",1,"TRENTON PD","PATROL",0,0,0,0,0,"Property Damage","Not At Intersection","No","No","Struck Parked Vehicle",2,"MERCER COUNTY 653","West",653,"","11000653",0.15,"County","Straight and Level","Blacktop","Wet","Dark (Street Lights On/ continuous)","Rain","Painted Median","None",100,"Foot","NULL","PASSAIC ST","NULL","","NULL",25,25,40.22419,-74.77322,"No","","615",415835.020019,506698.080026,NA,"DVRPC",0,"PDO",10177715
3449438,"2010111110012642","10012642",2010,"MERCER","Trenton City","2010-08-13","Friday","August","08:33:00",1,"TRENTON PD","PATROL/WEST 1",0,0,0,0,0,"Property Damage","Not At Intersection","No","No","Backing",2,"STUYVESANT AVE","West",NA,"","11111568",1.37,"Municipal","Straight and Grade","Blacktop","Dry","Daylight","Overcast","None","None",500,"Foot","East","CADWALADER DR","NULL","","NULL",25,25,40.24305,-74.79449,"No","","331",409919.567181,513585.398416,NA,"DVRPC",0,"PDO",10177724
3449441,"2010111110012646","10012646",2010,"MERCER","Trenton City","2010-08-13","Friday","August","08:53:00",1,"TRENTON PD","NORTH",0,0,0,0,0,"Property Damage","Not At Intersection","No","No","Same Direction - Rear End",2,"E STATE ST","NULL",NA,"","11111547",0.34,"Municipal","Straight and Level","Blacktop","Dry","Daylight","Overcast","Painted Median","None",NA,"NULL","NULL","N CLINTON AVE","NULL","","NULL",25,25,40.22109,-74.75545,"No","","529",420795.18,505554.77,NA,"DVRPC",0,"PDO",10177727
3449443,"2010111110012659","10012659",2010,"MERCER","Trenton City","2010-08-13","Friday","August","12:48:00",1,"TRENTON PD","PATROL N4",0,0,0,0,0,"Property Damage","Not At Intersection","No","No","Struck Parked Vehicle",2,"LINCOLN AVE","West",NA,"","11111542",0.09,"Municipal","Straight and Level","Blacktop","Dry","Daylight","Clear","None","None",25,"Foot","East","SEWARD AVE","NULL","","NULL",25,25,40.22539,-74.75247,"No","","465",421629.888288,507115.644133,NA,"DVRPC",0,"PDO",10177729
3449444,"2010111110012671","10012671",2010,"MERCER","Trenton City","2010-08-13","Friday","August","17:21:00",1,"TRENTON PD","",0,0,0,0,0,"Property Damage","At Intersection","No","No","Opposite Direction - Head On/Angular",2,"S CLINTON AVE","South",NA,"","11031969",2.32,"Municipal","Straight and Level","Blacktop","Dry","Daylight","Clear","None","None",NA,"At","NULL","ANDERSON ST","NULL","","NULL",25,25,40.2057,-74.74265,"No","","624",424351.991678,499938.351194,NA,"DVRPC",0,"PDO",10177730
3449445,"2010111110012672","10012672",2010,"MERCER","Trenton City","2010-08-13","Friday","August","16:57:00",1,"TRENTON PD","WEST",0,0,0,0,0,"Property Damage","Not At Intersection","No","No","Same Direction - Rear End",2,"PROSPECT ST","NULL",NA,"","11111562",0.04,"Municipal","Straight and Level","Blacktop","Dry","Daylight","Clear","None","NULL",NA,"NULL","NULL","SPRING ST","NULL","","NULL",NA,25,40.22649,-74.77813,"No","","617",414468.124442,507539.712219,NA,"DVRPC",0,"PDO",10177731
3449454,"2010111110012745","10012745",2010,"MERCER","Trenton City","2010-08-14","Saturday","August","22:53:00",1,"TRENTON PD","PATROL",0,0,0,0,0,"Property Damage","Not At Intersection","No","No","Same Direction - Rear End",3,"PROSPECT ST","NULL",NA,"","11111562",0.66,"Municipal","Straight and Level","Blacktop","Dry","Dark (Street Lights On/ continuous)","Clear","None","None",NA,"NULL","NULL","OAKLAND ST","NULL","","NULL",25,25,40.23397,-74.77251,"No","","609",416044.269407,510260.312705,NA,"DVRPC",0,"PDO",10177740
3449458,"2010111110012765","10012765",2010,"MERCER","Trenton City","2010-08-15","Sunday","August","14:36:00",1,"TRENTON PD","SOUTH-PATROL",0,0,0,0,0,"Property Damage","At Intersection","Yes","No","Fixed Object",1,"NJ 129","South",129,"","00000129",2.14,"State Highway","Straight and Level","Blacktop","Dry","Daylight","Clear","Barrier Median","None",NA,"At","NULL","CR 606 / HAMILTON AVE","NULL","","NULL",45,25,40.21399,-74.75647,"No","","465",420501.763748,502966.212691,NA,"DVRPC",0,"PDO",10177744
3449463,"2010111110012791","10012791",2010,"MERCER","Trenton City","2010-08-16","Monday","August","05:46:00",1,"TRENTON PD","PATROL",0,0,1,0,0,"Injury","Not At Intersection","No","No","Right Angle",2,"MERCER COUNTY 626","South",626,"","11000626",0.95,"County","Straight and Level","Blacktop","Dry","Dawn","Clear","None","None",NA,"NULL","NULL","EMORY AVE","NULL","","NULL",25,25,40.2124,-74.73947,"No","","583",425248.102526,502376.130056,NA,"DVRPC",0,"Pain",10177749
3449464,"2010111110012796","10012796",2010,"MERCER","Trenton City","2010-08-16","Monday","August","07:42:00",1,"TRENTON PD","PATROL",0,0,1,0,0,"Injury","Not At Intersection","No","No","Fixed Object",1,"US 1","North",1,"","00000001",2.72,"State Highway","Straight and Level","Blacktop","Dry","Daylight","Clear","Curbed Median","NULL",150,"Foot","NULL","MULBERRY ST","NULL","","NULL",50,25,40.23885,-74.74117,"No","","518",424799.66917,512010.735327,NA,"DVRPC",0,"Pain",10177750
3449469,"2010111110012818","10012818",2010,"MERCER","Trenton City","2010-08-16","Monday","August","18:08:00",1,"TRENTON PD","PATROL-EAST",0,0,0,0,0,"Property Damage","At Intersection","No","No","Right Angle",2,"ROEBLING AVE","NULL",NA,"","11111538",0.38,"Municipal","Straight and Level","Blacktop","Dry","Daylight","Clear","None","None",NA,"At","NULL","CHESTNUT AVE","NULL","","NULL",NA,NA,40.2109,-74.74654,"No","","617",423271.661404,501834.48518,NA,"DVRPC",0,"PDO",10177755
3449471,"2010111110012822","10012822",2010,"MERCER","Trenton City","2010-08-16","Monday","August","19:30:00",1,"TRENTON PD","NORTH PATROL",0,0,0,0,0,"Property Damage","At Intersection","No","No","Same Direction - Rear End",2,"PERRY ST","West",NA,"","11111556",0.69,"Municipal","Straight and Level","Blacktop","Dry","Dusk","Overcast","Painted Median","None",NA,"At","NULL","N CLINTON AVE","NULL","","NULL",25,25,40.22601,-74.75303,"No","","608",421475.4,507344.83,NA,"DVRPC",0,"PDO",10177757
3449472,"2010111110012829","10012829",2010,"MERCER","Trenton City","2010-08-16","Monday","August","23:41:00",1,"TRENTON PD","PATROL",0,0,0,0,0,"Property Damage","At Intersection","No","No","Right Angle",2,"BELLEVUE AVE","NULL",NA,"","11111560",0.42,"Municipal","Straight and Grade","Blacktop","Wet","Dark (Street Lights On/ continuous)","Rain","Painted Median","None",NA,"At","NULL","N HERMITAGE AVE","NULL","","NULL",25,25,40.23214,-74.78139,"No","","517",413563.39,509599.43,NA,"DVRPC",0,"PDO",10177758
3449476,"2010111110012861","10012861",2010,"MERCER","Trenton City","2010-08-18","Wednesday","August","09:57:00",1,"TRENTON PD","SOUTH",0,0,0,0,0,"Property Damage","Not At Intersection","No","No","Same Direction - Rear End",2,"CASS ST","NULL",NA,"","11111527",0,"Municipal","Straight and Level","Blacktop","Dry","Daylight","Clear","Curbed Median","None",NA,"NULL","NULL","NJ 29","NULL","","NULL",25,50,40.2047,-74.76105,"No","","517",419213.07,499585.98,NA,"DVRPC",0,"PDO",10184246
3449477,"2010111110012868","10012868",2010,"MERCER","Trenton City","2010-08-17","Tuesday","August","19:14:00",1,"TRENTON PD","PATROL",0,0,0,0,0,"Property Damage","Not At Intersection","No","No","Same Direction - Side Swipe",2,"BRIDGE ST","East",NA,"","11111535",0.34,"Municipal","Straight and Level","Blacktop","Dry","Daylight","Clear","None","None",NA,"NULL","NULL","S BROAD ST","NULL","","NULL",25,25,40.21148,-74.75762,"No","","596",420179.35,502055.47,NA,"DVRPC",0,"PDO",10177762
3449478,"2010111110012876","10012876",2010,"MERCER","Trenton City","2010-08-17","Tuesday","August","22:53:00",1,"TRENTON PD","NORTH/PATROL",0,0,0,0,0,"Property Damage","At Intersection","No","No","Same Direction - Rear End",2,"MERCER COUNTY 622","West",622,"","11000622",3.03,"County","Straight and Grade","Blacktop","Dry","Dark (Street Lights On/ continuous)","Clear","None","None",NA,"At","NULL","PARKER AVE","NULL","","NULL",25,NA,40.2279,-74.74091,"No","","603",424862.11,508021.73,NA,"DVRPC",0,"PDO",10177763