"ID","DOT_WEB_ID","CASE_NUMBER","CRASH_YEAR","COUNTY","MUNICIPALITY","CRASH_DATE","CRASH_DAY_OF_WEEK","CRASH_MONTH","CRASH_TIME","POLICE_DEPT_CODE","POLICE_DEPARTMENT","POLICE_STATION","TOTAL_KILLED","TOTAL_INCAPACITATED","TOTAL_INJURED","PEDESTRIANS_KILLED","PEDESTRIANS_INJURED","SEVERITY","INTERSECTION","ALCOHOL_INVOLVED","HAZMAT_INVOLVED","CRASH_TYPE","TOTAL_VEHICLES_INVOLVED","CRASH_LOCATION","LOCATION_DIRECTION","ROUTE","ROUTE_SUFFIX","SRI","MILEPOST","ROAD_SYSTEM","ROAD_CHARACTER","ROAD_SURFACE_TYPE","SURFACE_CONDITION","LIGHT_CONDITION","ENVIRONMENTAL_CONDITION","ROAD_DIVIDED_BY","TEMP_TRAFFIC_CONTROL_ZONE","DISTANCE_TO_CROSS_STREET","UNIT_OF_MEASUREMENT","DIRECTION_FROM_CROSS_STREET","CROSS_STREET_NAME","IS_RAMP","RAMP_TO_FROM_ROUTE_NAME","RAMP_TO_FROM_ROUTE_DIRECTION","POSTED_SPEED","POSTED_SPEED_CROSS_STREET","LATITUDE","LONGITUDE","CELL_PHONE_IN_USE","OTHER_PROPERTY_DAMAGE","REPORTING_BADGE_NO","X","Y","CRASH_NARRATIVE","MPO","TOTAL_PEDESTRIANS_INVOLVED","EPDO","DLN"
3449479,"2010111110012887","10012887",2010,"MERCER","Trenton City","2010-08-18","Wednesday","August","07:03:00",1,"TRENTON PD","NORTH/PATROL",0,0,0,0,0,"Property Damage","At Intersection","No","No","Struck Parked Vehicle",2,"MERCER COUNTY 622","West",622,"","11000622",3.78,"County","Straight and Level","Blacktop","Dry","Daylight","Clear","Painted Median","None",NA,"At","NULL","PENNSYLVANIA AVE","NULL","","NULL",25,NA,40.23708,-74.74799,"No","","603",422893.81,511372.5,NA,"DVRPC",0,"PDO",10184247
3449480,"2010111110012888","10012888",2010,"MERCER","Trenton City","2010-08-18","Wednesday","August","07:30:00",1,"TRENTON PD","PATROL",0,0,0,0,0,"Property Damage","Not At Intersection","No","No","Struck Parked Vehicle",2,"BELLEVUE AVE","NULL",NA,"","11111560",0.86,"Municipal","Straight and Level","Blacktop","Dry","Daylight","Clear","None","None",300,"Foot","North","PROSPECT ST","NULL","","NULL",25,25,40.22815,-74.77487,"No","","135",415380.551867,508140.925737,NA,"DVRPC",0,"PDO",10184248
3449481,"2010111110012891","10012891",2010,"MERCER","Trenton City","2010-08-18","Wednesday","August","09:03:00",1,"TRENTON PD","PATROL/NORHT 2",0,0,4,0,0,"Injury","At Intersection","No","No","Opposite Direction - Head On/Angular",3,"US 206","South",206,"","00000206",44.5,"State Highway","Straight and Level","Blacktop","Dry","Daylight","Overcast","None","NULL",NA,"At","NULL","CR 622 / NORTH OLDEN AVE","NULL","","NULL",25,25,40.23954,-74.7493,"No","","331",422529.874911,512268.316177,NA,"DVRPC",0,"Moderate Injury",10184249
3449484,"2010111110012923","10012923",2010,"MERCER","Trenton City","2010-08-18","Wednesday","August","18:48:00",1,"TRENTON PD","EAST",0,0,0,0,0,"Property Damage","Not At Intersection","No","No","Backing",2,"MERCER COUNTY 606","NULL",606,"","11000606",1.67,"County","Straight and Level","Blacktop","Dry","Daylight","Clear","None","None",NA,"NULL","NULL","","NULL","","NULL",NA,NA,40.22072,-74.729,"No","","596",428180.109156,505398.564615,NA,"DVRPC",0,"PDO",10185664
3449486,"2010111110012952","10012952",2010,"MERCER","Trenton City","2010-08-19","Thursday","August","08:08:00",1,"TRENTON PD","PATROL/EAST",0,0,1,0,1,"Injury","Not At Intersection","No","No","Backing",1,"S CLINTON AVE","NULL",NA,"","11031969",3.62,"Municipal","Straight and Level","Blacktop","Dry","Daylight","Clear","None","None",50,"Foot","NULL","YARD AVE","NULL","","NULL",25,15,40.21995,-74.75521,"No","","498",420859.768089,505138.081403,NA,"DVRPC",1,"Pain",10185666
3449489,"2010111110012977","10012977",2010,"MERCER","Trenton City","2010-08-19","Thursday","August","14:58:00",1,"TRENTON PD","NORTH/PATROL",0,0,0,0,0,"Property Damage","Not At Intersection","No","No","Same Direction - Rear End",2,"NEW YORK AVE","South",NA,"","11111545",0.3,"Municipal","Straight and Level","Blacktop","Dry","Daylight","Clear","Painted Median","NULL",300,"Foot","North","CR 622","NULL","","NULL",25,25,40.2364,-74.74738,"No","","517",423062.74,511124.03,NA,"DVRPC",0,"PDO",10185669
3449493,"2010111110013037","10013037",2010,"MERCER","Trenton City","2010-08-20","Friday","August","16:06:00",1,"TRENTON PD","PATROL",0,0,1,0,0,"Injury","At Intersection","No","No","Right Angle",2,"MERCER COUNTY 622","South",622,"","11000622",4.1,"County","Straight and Level","Blacktop","Dry","Daylight","Clear","None","None",NA,"At","NULL","","NULL","","NULL",25,NA,40.24012,-74.75201,"No","","482",421775.07,512481.89,NA,"DVRPC",0,"Moderate Injury",10185673
3449499,"2010111110013082","10013082",2010,"MERCER","Trenton City","2010-08-21","Saturday","August","14:45:00",1,"TRENTON PD","NORTH",0,0,0,0,0,"Property Damage","At Intersection","No","No","Right Angle",2,"MERCER COUNTY 622","South",622,"","11000622",4.03,"County","Straight and Level","Blacktop","Dry","Daylight","Clear","None","None",NA,"At","NULL","ELLIS AVE","NULL","","NULL",25,25,40.23955,-74.75108,"No","","053",422034.84307,512273.230638,NA,"DVRPC",0,"PDO",10185681
3449501,"2010111110013094","10013094",2010,"MERCER","Trenton City","2010-08-21","Saturday","August","20:39:00",1,"TRENTON PD","PATROL",0,0,0,0,0,"Property Damage","Not At Intersection","No","No","Right Angle",2,"US 206","North",206,"","00000206",45.01,"State Highway","NULL","NULL","NULL","NULL","NULL","NULL","NULL",NA,"NULL","NULL","","NULL","","NULL",25,NA,40.24479,-74.74281,"No","","555",424346.553529,514177.252108,NA,"DVRPC",0,"PDO",10185675
3449504,"2010111110013115","10013115",2010,"MERCER","Trenton City","2010-08-22","Sunday","August","03:36:00",1,"TRENTON PD","TRENTON",0,0,0,0,0,"Property Damage","Not At Intersection","No","No","Fixed Object",1,"US 1","North",1,"","00000001",3.2,"State Highway","Straight and Grade","Blacktop","Wet","Dark (Street Lights On/ continuous)","Rain","Barrier Median","None",NA,"NULL","NULL","","NULL","","NULL",50,NA,40.24379,-74.73489,"No","","529",426557.3,513806.06,NA,"DVRPC",0,"PDO",10185685
3449505,"2010111110013116","10013116",2010,"MERCER","Trenton City","2010-08-22","Sunday","August","06:26:00",1,"TRENTON PD","WEST/PATROL",0,0,1,0,0,"Injury","Not At Intersection","No","No","Fixed Object",1,"MERCER COUNTY 636","North",636,"","11000636",0.75,"County","Straight and Level","Blacktop","Dry","Dawn","Clear","Painted Median","None",100,"Foot","NULL","OAKLAND ST","NULL","","NULL",25,25,40.24046,-74.7823,"No","","603",413320.17,512633.3,NA,"DVRPC",0,"Pain",10185686
3449506,"2010111110013118","10013118",2010,"MERCER","Trenton City","2010-08-22","Sunday","August","07:47:00",1,"TRENTON PD","NORTH",0,0,0,0,0,"Property Damage","Not At Intersection","No","No","Non-fixed Object",1,"US 1","North",1,"","00000001",1.36,"State Highway","Curve and Level","Concrete","Wet","Daylight","Rain","Barrier Median","None",100,"Foot","North","PERRY ST","NULL","","NULL",50,15,40.22521,-74.75899,"No","","053",419808.993838,507057.361613,NA,"DVRPC",0,"PDO",10185687
3449507,"2010111110013120","10013120",2010,"MERCER","Trenton City","2010-08-22","Sunday","August","07:40:00",1,"TRENTON PD","NORTH",0,0,0,0,0,"Property Damage","Not At Intersection","No","No","Non-fixed Object",1,"PERRY ST","North",NA,"","11111556",0.37,"Municipal","Straight and Level","Concrete","Wet","Daylight","Rain","Barrier Median","None",150,"Foot","North","US 1","NULL","","NULL",50,15,40.22429,-74.75876,"No","","053",419874.756388,506720.707282,NA,"DVRPC",0,"PDO",10185688
3449508,"2010111110013123","10013123",2010,"MERCER","Trenton City","2010-08-22","Sunday","August","10:32:00",1,"TRENTON PD","NORTH",0,0,0,0,0,"Property Damage","Not At Intersection","No","No","Fixed Object",1,"US 1","South",1,"","00000001",1.35,"State Highway","Curve and Level","Concrete","Wet","Daylight","Rain","Barrier Median","None",75,"Foot","North","PERRY ST","NULL","","NULL",50,15,40.2251,-74.75898,"No","","053",419813.8,507015.7,NA,"DVRPC",0,"PDO",10185689
3449509,"2010111110013125","10013125",2010,"MERCER","Trenton City","2010-08-22","Sunday","August","10:53:00",1,"TRENTON PD","WEST-PATROL",0,0,0,0,0,"Property Damage","Not At Intersection","No","No","Struck Parked Vehicle",2,"STUYVESANT AVE","NULL",NA,"","11111568",1.43,"Municipal","Straight and Level","Blacktop","Wet","Dark (Street Lights On/ continuous)","Rain","None","None",25,"Foot","South","KENSINGTON AVE","NULL","","NULL",25,25,40.24361,-74.79535,"No","","518",409680.923738,513792.477269,NA,"DVRPC",0,"PDO",10185690
3449514,"2010111110013152","10013152",2010,"MERCER","Trenton City","2010-08-22","Sunday","August","22:16:00",1,"TRENTON PD","TRENTON",0,0,1,0,0,"Injury","Not At Intersection","No","No","Right Angle",2,"SOUTHARD ST","NULL",NA,"","11111558",0.32,"Municipal","Straight and Level","Blacktop","Wet","Dark (Street Lights On/ continuous)","Overcast","Painted Median","None",NA,"NULL","NULL","OXFORD ST","NULL","","NULL",25,25,40.22928,-74.75795,"No","NATIONAL CERAMIC CO FENCE 500 SOUTHARD ST TRENTON NJ","625",420105.8,508537.57,NA,"DVRPC",0,"Pain",10185695
3449515,"2010111110013166","10013166",2010,"MERCER","Trenton City","2010-08-23","Monday","August","07:19:00",1,"TRENTON PD","PATROL/WEST 1",0,0,0,0,0,"Property Damage","Not At Intersection","No","No","Overturned",1,"ROUTE 579","West",579,"","00000579",0.32,"County","Curve and Grade","Blacktop","Dry","Daylight","Clear","None","NULL",150,"Foot","South","HILLVISTA BLVD","NULL","","NULL",25,25,40.24135,-74.80568,"No","","331",406794.505291,512976.449185,NA,"DVRPC",0,"PDO",10185696
3449519,"2010111110013185","10013185",2010,"MERCER","Trenton City","2010-08-23","Monday","August","15:45:00",1,"TRENTON PD","PATROL-SOUTH",0,0,0,0,0,"Property Damage","At Intersection","No","No","Opposite Direction - Side Swipe",2,"BRIDGE ST","East",NA,"","11111535",0.1,"Municipal","Curve and Grade","Blacktop","Wet","Daylight","Rain","None","None",NA,"At","NULL","FERRY ST","NULL","","NULL",25,25,40.21108,-74.76231,"No","","164",418867.050009,501911.28182,NA,"DVRPC",0,"PDO",10185838
3449520,"2010111110013187","10013187",2010,"MERCER","Trenton City","2010-08-23","Monday","August","16:40:00",1,"TRENTON PD","EAST",0,0,0,0,0,"Property Damage","At Intersection","No","No","Same Direction - Rear End",2,"BARLOW ST","North",NA,"","11111422",0,"Municipal","Straight and Level","Blacktop","Wet","Daylight","Rain","Painted Median","None",NA,"At","NULL","S CLINTON AVE","NULL","","NULL",25,25,40.21891,-74.75501,"No","","618",420915.03,504759.59,NA,"DVRPC",0,"PDO",10185839
3449522,"2010111110013192","10013192",2010,"MERCER","Trenton City","2010-08-23","Monday","August","17:49:00",1,"TRENTON PD","TRENTON",0,0,0,0,0,"Property Damage","Not At Intersection","No","No","Non-fixed Object",1,"US 1","North",1,"","00000001",1.34,"State Highway","Curve and Level","Concrete","Wet","Dawn","Rain","Barrier Median","None",NA,"NULL","NULL","PERRY ST","NULL","","NULL",50,NA,40.2249,-74.75894,"Yes","","618",419824.22,506945.38,NA,"DVRPC",0,"PDO",10185841
3449524,"2010111110013196","10013196",2010,"MERCER","Trenton City","2010-08-23","Monday","August","19:37:00",1,"TRENTON PD","WEST",0,0,0,0,0,"Property Damage","Not At Intersection","No","No","Right Angle",2,"W STATE ST","West",NA,"","11111552",0.91,"Municipal","Straight and Level","Blacktop","Wet","Dark (Street Lights On/ continuous)","Rain","None","None",400,"Foot","West","N OVERBROOK AVE","NULL","","NULL",25,25,40.23071,-74.78801,"No","","295",411715.36,509084.29,NA,"DVRPC",0,"PDO",10185843
3449526,"2010111110013200","10013200",2010,"MERCER","Trenton City","2010-08-23","Monday","August","22:05:00",1,"TRENTON PD","MERCER",0,0,0,0,0,"Property Damage","Not At Intersection","No","No","Fixed Object",1,"ROUTE 579","South",579,"","00000579",0.15,"County","Curve and Grade","Blacktop","Wet","Dark (Street Lights On/ continuous)","Overcast","None","None",80,"Foot","North","HILLVISTA BLVD","NULL","","NULL",25,NA,40.23964,-74.80334,"No","","295",407444.179975,512351.755022,NA,"DVRPC",0,"PDO",10185845
3449529,"2010111110013224","10013224",2010,"MERCER","Trenton City","2010-08-24","Tuesday","August","14:44:00",1,"TRENTON PD","NORTH #4",0,0,0,0,0,"Property Damage","Not At Intersection","No","No","Same Direction - Rear End",2,"LINCOLN AVE","East",NA,"","11111542",0,"Municipal","Straight and Grade","Blacktop","Wet","Daylight","Rain","None","None",NA,"NULL","East","N CLINTON AVE","NULL","","NULL",25,25,40.2258,-74.75355,"No","","446",421329.47,507269.01,NA,"DVRPC",0,"PDO",10185848
3449532,"2010111110013234","10013234",2010,"MERCER","Trenton City","2010-08-24","Tuesday","August","00:00:00",1,"TRENTON PD","EAST DISTRICT",0,0,0,0,0,"Property Damage","Not At Intersection","No","No","Right Angle",2,"NJ 33","East",33,"","00000033",0.11,"State Highway","Straight and Level","Blacktop","Wet","Dusk","Clear","None","None",NA,"NULL","NULL","","NULL","","NULL",25,NA,40.21751,-74.75574,"No","","565",420709.950202,504250.073676,NA,"DVRPC",0,"PDO",10185851
3449535,"2010111110013269","10013269",2010,"MERCER","Trenton City","2010-08-25","Wednesday","August","11:12:00",1,"TRENTON PD","PATROL/SOUTH",0,0,1,0,0,"Injury","At Intersection","No","No","Pedalcyclist",1,"US 206","North",206,"","00000206",42.26,"Municipal","Straight and Level","Blacktop","Dry","Daylight","Overcast","None","None",NA,"At","NULL","FERRY ST","NULL","","NULL",25,25,40.21303,-74.75922,"No","","446",419732.494624,502619.008885,NA,"DVRPC",0,"Pain",10195724
3449539,"2010111110013293","10013293",2010,"MERCER","Trenton City","2010-08-25","Wednesday","August","23:43:00",1,"TRENTON PD","EAST",0,0,1,0,1,"Injury","Not At Intersection","No","No","Pedestrian",1,"MERCER COUNTY 606","South",606,"","11000606",1.67,"County","Straight and Level","Blacktop","Dry","Dark (Street Lights On/ continuous)","Clear","None","None",NA,"NULL","NULL","","NULL","","NULL",25,NA,40.22072,-74.729,"No","","596",428180.109156,505398.564615,NA,"DVRPC",1,"Pain",10196005
3449540,"2010111110013302","10013302",2010,"MERCER","Trenton City","2010-08-26","Thursday","August","08:17:00",1,"TRENTON PD","PATROL-EAST",0,0,0,0,0,"Property Damage","At Intersection","No","No","Right Angle",2,"NJ 33","East",33,"","00000033",0.28,"County","Straight and Level","Blacktop","Dry","Daylight","Clear","None","None",NA,"At","NULL","HUDSON ST / WALNUT AVE","NULL","","NULL",25,25,40.21718,-74.75291,"No","","436",421499.507073,504128.085695,NA,"DVRPC",0,"PDO",10196006
3449541,"2010111110013310","10013310",2010,"MERCER","Trenton City","2010-08-26","Thursday","August","12:08:00",1,"TRENTON PD","PATROL",0,0,0,0,0,"Property Damage","At Intersection","No","No","Same Direction - Rear End",2,"MARKET STREET","South",NA,"","11111526",0.14,"Municipal","Curve and Hillcrest","Blacktop","Dry","Daylight","Clear","Curbed Median","None",NA,"At","NULL","S STOCKTON ST","NULL","","NULL",25,25,40.21356,-74.76685,"No","","246",417602.145004,502821.435,NA,"DVRPC",0,"PDO",10195602
3449542,"2010111110013325","10013325",2010,"MERCER","Trenton City","2010-08-26","Thursday","August","17:04:00",1,"TRENTON PD","PATROL",0,0,0,0,0,"Property Damage","Not At Intersection","No","No","Struck Parked Vehicle",2,"MERCER COUNTY 622","North",622,"","11000622",3.32,"County","Straight and Level","Blacktop","Dry","Daylight","Clear","None","None",NA,"NULL","NULL","DICKINSON ST","NULL","","NULL",25,25,40.23132,-74.74399,"No","","541",424003.293507,509270.895698,NA,"DVRPC",0,"PDO",10195604
3449547,"2010111110013337","10013337",2010,"MERCER","Trenton City","2010-08-26","Thursday","August","19:28:00",1,"TRENTON PD","WEST DISTRICT",0,0,0,0,0,"Property Damage","Not At Intersection","No","No","Struck Parked Vehicle",2,"W STATE ST","West",NA,"","11111552",1.5,"Municipal","Straight and Level","Blacktop","Dry","Dark (Street Lights On/ continuous)","Clear","None","None",75,"Foot","East","RICHIEY PL","NULL","","NULL",25,25,40.22605,-74.77858,"No","","342",414336.36,507388.596,NA,"DVRPC",0,"PDO",10195609
3449549,"2010111110013346","10013346",2010,"MERCER","Trenton City","2010-08-26","Thursday","August","22:25:00",1,"TRENTON PD","WEST",0,0,1,0,0,"Injury","Not At Intersection","No","No","Struck Parked Vehicle",2,"MERCER COUNTY 636","South",636,"","11000636",0.91,"County","Straight and Level","Blacktop","Dry","Dark (Street Lights On/ continuous)","Clear","Painted Median","None",NA,"NULL","NULL","","NULL","","NULL",25,NA,40.24226,-74.78037,"No","","609",413859.801038,513286.807247,NA,"DVRPC",0,"Moderate Injury",10195610
3449555,"2010111110013373","10013373",2010,"MERCER","Trenton City","2010-08-27","Friday","August","10:50:00",1,"TRENTON PD","TRENTON",0,0,0,0,0,"Property Damage","Not At Intersection","No","No","Same Direction - Side Swipe",2,"US 1","South",1,"","00000001",1.34,"State Highway","Straight and Grade","Concrete","Dry","Daylight","Clear","Barrier Median","None",NA,"NULL","NULL","PERRY ST","NULL","","NULL",55,NA,40.2249,-74.75894,"No","","453",419824.22,506945.38,NA,"DVRPC",0,"PDO",10195617
3449556,"2010111110013378","10013378",2010,"MERCER","Trenton City","2010-08-27","Friday","August","11:38:00",1,"TRENTON PD","WEST",0,0,0,0,0,"Property Damage","Not At Intersection","No","No","Same Direction - Rear End",2,"NJ 33","NULL",33,"","00000033",0.11,"State Highway","Straight and Level","Blacktop","Dry","Daylight","Clear","Painted Median","None",NA,"NULL","NULL","","NULL","","NULL",25,NA,40.21751,-74.75574,"No","","517",420709.950202,504250.073676,NA,"DVRPC",0,"PDO",10195618
3449562,"2010111110013461","10013461",2010,"MERCER","Trenton City","2010-08-28","Saturday","August","21:00:00",1,"TRENTON PD","EAST",0,0,0,0,0,"Property Damage","At Intersection","No","No","Struck Parked Vehicle",2,"LIBERTY ST","North",NA,"","11112004",0.82,"Municipal","Straight and Level","Blacktop","Dry","Dusk","Clear","None","None",NA,"At","NULL","FRANKLIN ST","NULL","","NULL",25,25,40.20907,-74.7381,"No","","625",425628.058868,501161.856636,NA,"DVRPC",0,"PDO",10195624
3449564,"2010111110013468","10013468",2010,"MERCER","Trenton City","2010-08-28","Saturday","August","23:33:00",1,"TRENTON PD","PATROL",0,0,0,0,0,"Property Damage","Not At Intersection","No","No","Struck Parked Vehicle",2,"US 206","South",206,"","00000206",45.01,"State Highway","Straight and Level","Blacktop","Dry","Dark (Street Lights On/ continuous)","Clear","None","None",NA,"NULL","NULL","","NULL","","NULL",25,NA,40.24479,-74.74281,"No","","596",424346.553529,514177.252108,NA,"DVRPC",0,"PDO",10195626
3449567,"2010111110013487","10013487",2010,"MERCER","Trenton City","2010-08-29","Sunday","August","06:26:00",1,"TRENTON PD","EAST",0,0,0,0,0,"Property Damage","At Intersection","No","No","Struck Parked Vehicle",2,"CHESTNUT AVE","South",NA,"","11111537",0.25,"Municipal","Straight and Level","Blacktop","Dry","Dark (Street Lights On/ continuous)","Clear","Painted Median","None",NA,"At","NULL","NJ 33","NULL","","NULL",25,25,40.21833,-74.7495,"No","","608",422447.63,504553.17,NA,"DVRPC",0,"PDO",10195629
3449571,"2010111110013522","10013522",2010,"MERCER","Trenton City","2010-08-30","Monday","August","01:29:00",1,"TRENTON PD","WEST/PATROL",0,0,0,0,0,"Property Damage","At Intersection","No","No","Fixed Object",1,"MERCER COUNTY 636","North",636,"","11000636",0.46,"County","Curve and Grade","Blacktop","Dry","Dark (Street Lights On/ continuous)","Clear","Painted Median","None",NA,"At","NULL","STUYVESANT AVE","NULL","","NULL",25,25,40.23706,-74.7852,"No","FIRE HYDRANT CITY-TRENTON 319 E STATE ST TRENTON NJ 08610","603",412505.406692,511396.280034,NA,"DVRPC",0,"PDO",10195633
3449572,"2010111110013530","10013530",2010,"MERCER","Trenton City","2010-08-30","Monday","August","07:19:00",1,"TRENTON PD","PATROL-SOUTH",0,0,0,0,0,"Property Damage","Not At Intersection","No","No","Same Direction - Rear End",2,"NJ 29","South",29,"","00000029",2.95,"State Highway","Straight and Level","Blacktop","Dry","Daylight","Clear","Barrier Median","None",50,"Foot","North","CASS ST / THUNDER RD","NULL","","NULL",45,25,40.20572,-74.76087,"No","","164",419264.298017,499959.046648,NA,"DVRPC",0,"PDO",10195634
3449573,"2010111110013556","10013556",2010,"MERCER","Trenton City","2010-08-30","Monday","August","14:41:00",1,"TRENTON PD","WEST",0,0,0,0,0,"Property Damage","Not At Intersection","No","No","Same Direction - Rear End",2,"NJ 29","South",29,"","00000029",4.34,"State Highway","Straight and Level","Concrete","Dry","Daylight","Clear","Barrier Median","None",NA,"NULL","NULL","CALHOUN ST","NULL","","NULL",25,NA,40.22156,-74.77564,"No","","617",415156.529256,505740.795382,NA,"DVRPC",0,"PDO",10195635
3449574,"2010111110013565","10013565",2010,"MERCER","Trenton City","2010-08-30","Monday","August","16:33:00",1,"TRENTON PD","PATROL",0,0,0,0,0,"Property Damage","At Intersection","No","No","Same Direction - Side Swipe",2,"S CLINTON AVE","South",NA,"","11031969",3.27,"Municipal","Straight and Level","Blacktop","Dry","Daylight","Clear","None","None",NA,"At","NULL","PEARL ST","NULL","","NULL",25,25,40.21493,-74.75423,"No","","445",421127.7543,503307.365615,NA,"DVRPC",0,"PDO",10195636
3449580,"2010111110013597","10013597",2010,"MERCER","Trenton City","2010-08-31","Tuesday","August","07:42:00",1,"TRENTON PD","EAST",0,0,0,0,0,"Property Damage","Not At Intersection","No","No","Struck Parked Vehicle",2,"QUINTIN AVE","North",NA,"","11111539",0.21,"Municipal","Straight and Level","Blacktop","Dry","Daylight","Clear","None","None",50,"Foot","South","FARRAGUT AVE","NULL","","NULL",25,NA,40.21921,-74.73935,"No","","414",425279.391875,504850.939375,NA,"DVRPC",0,"PDO",10195642
3449584,"2010111110013626","10013626",2010,"MERCER","Trenton City","2010-08-31","Tuesday","August","19:30:00",1,"TRENTON PD","NORTH PATROL",0,0,0,0,0,"Property Damage","At Intersection","No","No","Right Angle",2,"MERCER COUNTY 622","West",622,"","11000622",3.96,"County","Straight and Level","Blacktop","Dry","Dusk","Clear","Painted Median","None",NA,"At","NULL","US 206","NULL","","NULL",25,25,40.23894,-74.75015,"No","","608",422291.67,512049.57,NA,"DVRPC",0,"PDO",10195646
3449586,"2010111110013641","10013641",2010,"MERCER","Trenton City","2010-09-01","Wednesday","September","04:41:00",1,"TRENTON PD","EAST DISTRICT",0,0,0,0,0,"Property Damage","Not At Intersection","No","No","Struck Parked Vehicle",2,"MERCER COUNTY 626","South",626,"","11000626",0.88,"County","Straight and Level","Blacktop","Dry","Dark (Street Lights On/ continuous)","Clear","None","NULL",100,"Foot","South","ROEBLING AVE","NULL","","NULL",25,25,40.2133,-74.74015,"No","","529",425059.717364,502704.690842,NA,"DVRPC",0,"PDO",10195648
3449587,"2010111110013646","10013646",2010,"MERCER","Trenton City","2010-09-01","Wednesday","September","08:13:00",1,"TRENTON PD","PATROL-SOUTH",0,0,0,0,0,"Property Damage","Not At Intersection","No","No","Same Direction - Rear End",3,"US 1","North",1,"","00000001",0.77,"State Highway","Straight and Level","Blacktop","Dry","Daylight","Clear","Barrier Median","None",40,"Foot","North","NJ 33 / NJ 129","NULL","","NULL",55,35,40.21676,-74.75741,"No","","164",420241.667985,503977.157899,NA,"DVRPC",0,"PDO",10195649
3449590,"2010111110013654","10013654",2010,"MERCER","Trenton City","2010-09-01","Wednesday","September","09:52:00",1,"TRENTON PD","EAST",0,0,0,0,0,"Property Damage","Not At Intersection","No","No","Struck Parked Vehicle",2,"MERCER COUNTY 606","East",606,"","11000606",0.59,"County","Straight and Level","Blacktop","Dry","Dark (Street Lights Off)","Clear","None","None",100,"Foot","West","CHESTNUT AVE","NULL","","NULL",NA,NA,40.2156,-74.74844,"No","","414",422746.799201,503549.504622,NA,"DVRPC",0,"PDO",10195652
3449593,"2010111110013665","10013665",2010,"MERCER","Trenton City","2010-09-01","Wednesday","September","12:58:00",1,"TRENTON PD","CITY OF TRENTO?",0,0,3,0,0,"Injury","At Intersection","No","No","Right Angle",3,"PROSPECT ST","NULL",NA,"","11111562",0.35,"Municipal","Straight and Level","Blacktop","Dry","Daylight","Clear","None","None",NA,"At","NULL","RUTHERFORD AVE","NULL","","NULL",25,25,40.22997,-74.7747,"No","","463",415428.034988,508802.438973,NA,"DVRPC",0,"Pain",10195655
3449594,"2010111110013680","10013680",2010,"MERCER","Trenton City","2010-09-01","Wednesday","September","18:31:00",1,"TRENTON PD","NORTH PATROL",0,0,0,0,0,"Property Damage","At Intersection","No","No","Same Direction - Side Swipe",2,"MULBERRY ST","South",NA,"","11111546",0.41,"Municipal","Straight and Level","Blacktop","Dry","Daylight","Clear","Painted Median","None",NA,"At","NULL","CORTLAND ST","NULL","","NULL",25,25,40.23769,-74.74068,"No","","608",424935.111806,511587.343651,NA,"DVRPC",0,"PDO",10195657
3449595,"2010111110013705","10013705",2010,"MERCER","Trenton City","2010-09-02","Thursday","September","07:52:00",1,"TRENTON PD","NORTH",0,0,0,0,0,"Property Damage","At Intersection","No","No","Backing",2,"MULBERRY ST","NULL",NA,"","11111546",0.41,"Municipal","Straight and Grade","Blacktop","Dry","Daylight","Clear","None","None",NA,"At","NULL","CORTLAND ST","NULL","","NULL",NA,NA,40.23769,-74.74068,"No","","414",424935.111806,511587.343651,NA,"DVRPC",0,"PDO",10195658
3449596,"2010111110013707","10013707",2010,"MERCER","Trenton City","2010-09-02","Thursday","September","08:57:00",1,"TRENTON PD","PATROL-EAST",0,0,0,0,0,"Property Damage","At Intersection","No","No","Same Direction - Side Swipe",2,"MERCER COUNTY 626","South",626,"","11000626",0.1,"County","Straight and Level","Blacktop","Dry","Daylight","Clear","None","None",NA,"At","NULL","MERCER COUNTY 635","NULL","","NULL",25,25,40.22334,-74.74781,"No","","436",422930.683083,506367.576148,NA,"DVRPC",0,"PDO",10195659
3449600,"2010111110013743","10013743",2010,"MERCER","Trenton City","2010-09-02","Thursday","September","21:31:00",1,"TRENTON PD","PATROL",0,0,0,0,0,"Property Damage","Not At Intersection","No","No","Same Direction - Rear End",2,"HUDSON ST","East",NA,"","11111536",0.1,"Municipal","Straight and Level","Blacktop","Dry","Dark (Street Lights On/ continuous)","Clear","None","None",NA,"NULL","NULL","S BROAD ST","NULL","","NULL",25,25,40.20783,-74.75184,"No","","596",421788.004114,500721.323522,NA,"DVRPC",0,"PDO",10195663
3449614,"2010111110013840","10013840",2010,"MERCER","Trenton City","2010-09-04","Saturday","September","14:36:00",1,"TRENTON PD","WEST PRECINCT",0,0,0,0,0,"Property Damage","At Intersection","No","No","Fixed Object",1,"PROSPECT ST","West",NA,"","11111562",0.48,"Municipal","Straight and Level","Blacktop","Dry","Daylight","Clear","None","None",NA,"At","NULL","FRAZIER ST","NULL","","NULL",25,25,40.23165,-74.77379,"No","UTILITY POLE 771 PARKWAY AVE EWING NJ 08618","585",415684.978161,509413.467404,NA,"DVRPC",0,"PDO",10199934