"ID","DOT_WEB_ID","CASE_NUMBER","CRASH_YEAR","COUNTY","MUNICIPALITY","CRASH_DATE","CRASH_DAY_OF_WEEK","CRASH_MONTH","CRASH_TIME","POLICE_DEPT_CODE","POLICE_DEPARTMENT","POLICE_STATION","TOTAL_KILLED","TOTAL_INCAPACITATED","TOTAL_INJURED","PEDESTRIANS_KILLED","PEDESTRIANS_INJURED","SEVERITY","INTERSECTION","ALCOHOL_INVOLVED","HAZMAT_INVOLVED","CRASH_TYPE","TOTAL_VEHICLES_INVOLVED","CRASH_LOCATION","LOCATION_DIRECTION","ROUTE","ROUTE_SUFFIX","SRI","MILEPOST","ROAD_SYSTEM","ROAD_CHARACTER","ROAD_SURFACE_TYPE","SURFACE_CONDITION","LIGHT_CONDITION","ENVIRONMENTAL_CONDITION","ROAD_DIVIDED_BY","TEMP_TRAFFIC_CONTROL_ZONE","DISTANCE_TO_CROSS_STREET","UNIT_OF_MEASUREMENT","DIRECTION_FROM_CROSS_STREET","CROSS_STREET_NAME","IS_RAMP","RAMP_TO_FROM_ROUTE_NAME","RAMP_TO_FROM_ROUTE_DIRECTION","POSTED_SPEED","POSTED_SPEED_CROSS_STREET","LATITUDE","LONGITUDE","CELL_PHONE_IN_USE","OTHER_PROPERTY_DAMAGE","REPORTING_BADGE_NO","X","Y","CRASH_NARRATIVE","MPO","TOTAL_PEDESTRIANS_INVOLVED","EPDO","DLN"
3449623,"2010111110013886","10013886",2010,"MERCER","Trenton City","2010-09-05","Sunday","September","02:12:00",1,"TRENTON PD","WEST",0,0,1,0,0,"Injury","Not At Intersection","No","No","Fixed Object",1,"NJ 29","South",29,"","00000029",4.34,"State Highway","Straight and Level","Blacktop","Dry","Dark (Street Lights On/ continuous)","Clear","Barrier Median","Construction Zone",NA,"NULL","NULL","CALHOUN ST","NULL","","NULL",50,NA,40.22156,-74.77564,"No","","609",415156.529256,505740.795382,NA,"DVRPC",0,"Pain",10200019
3449626,"2010111110013914","10013914",2010,"MERCER","Trenton City","2010-09-05","Sunday","September","21:31:00",1,"TRENTON PD","WEST",0,0,0,0,0,"Property Damage","Not At Intersection","No","No","Struck Parked Vehicle",2,"PROSPECT ST","North",NA,"","11111562",0.35,"Municipal","Straight and Level","Blacktop","Dry","Dark (Street Lights On/ continuous)","Clear","None","None",10,"Foot","North","RUTHERFORD AVE","NULL","","NULL",25,25,40.22997,-74.7747,"No","","596",415428.034988,508802.438973,NA,"DVRPC",0,"PDO",10200022
3449627,"2010111110013915","10013915",2010,"MERCER","Trenton City","2010-09-05","Sunday","September","22:09:00",1,"TRENTON PD","PATROL",0,0,0,0,0,"Property Damage","Not At Intersection","No","No","Struck Parked Vehicle",2,"MERCER COUNTY 622","NULL",622,"","11000622",3.85,"County","Straight and Level","Blacktop","Dry","Dark (Street Lights On/ continuous)","Clear","None","NULL",75,"Foot","East","OHIO AVE","NULL","","NULL",NA,NA,40.2378,-74.74882,"No","","315",422663.123111,511633.911272,NA,"DVRPC",0,"PDO",10200023
3449629,"2010111110013920","10013920",2010,"MERCER","Trenton City","2010-09-06","Monday","September","00:03:00",1,"TRENTON PD","TRENTON",0,0,1,0,0,"Injury","Not At Intersection","No","No","Struck Parked Vehicle",2,"MERCER COUNTY 626","NULL",626,"","11000626",1.65,"County","Straight and Level","Blacktop","Dry","Dark (Street Lights On/ continuous)","Clear","Painted Median","None",NA,"NULL","NULL","","NULL","","NULL",25,NA,40.20338,-74.73257,"No","","618",427165.75,499083.29,NA,"DVRPC",0,"Pain",10200025
3449631,"2010111110013930","10013930",2010,"MERCER","Trenton City","2010-09-06","Monday","September","10:02:00",1,"TRENTON PD","CITY OF TRENTON",0,0,2,0,0,"Injury","At Intersection","No","No","Right Angle",3,"W STATE ST","NULL",NA,"","11111552",0.68,"Municipal","Straight and Level","Blacktop","Dry","Daylight","Clear","None","None",NA,"At","NULL","PARKSIDE AVE","NULL","","NULL",25,25,40.23265,-74.79168,"No","","463",410691.835508,509795.138311,NA,"DVRPC",0,"Pain",10200027
3449632,"2010111110013936","10013936",2010,"MERCER","Trenton City","2010-09-06","Monday","September","12:52:00",1,"TRENTON PD","NORTH#4",0,0,0,0,0,"Property Damage","At Intersection","No","No","Same Direction - Rear End",2,"MERCER COUNTY 622","South",622,"","11000622",3.38,"County","Straight and Level","Blacktop","Dry","Daylight","Clear","None","None",NA,"At","NULL","N CLINTON AVE","NULL","","NULL",25,25,40.23208,-74.74445,"No","","446",423876.59,509548.88,NA,"DVRPC",0,"PDO",10200028
3449637,"2010111110013965","10013965",2010,"MERCER","Trenton City","2010-09-07","Tuesday","September","07:37:00",1,"TRENTON PD","NORTH/PATROL",0,0,0,0,0,"Property Damage","Not At Intersection","No","No","Same Direction - Rear End",2,"US 1","North",1,"","00000001",2.31,"State Highway","Straight and Level","Blacktop","Dry","Daylight","Clear","Barrier Median","NULL",300,"Foot","South","CR 622 / OLDEN AVE","NULL","","NULL",50,NA,40.23506,-74.74721,"No","","517",423110.68,510636.79,NA,"DVRPC",0,"PDO",10199938
3449638,"2010111110013966","10013966",2010,"MERCER","Trenton City","2010-09-07","Tuesday","September","08:31:00",1,"TRENTON PD","WEST-UNIT 136",0,0,0,0,0,"Property Damage","At Intersection","No","No","Same Direction - Side Swipe",2,"PROSPECT ST","South",NA,"","11111562",0.04,"Municipal","Straight and Level","Blacktop","Dry","Daylight","Clear","None","None",NA,"At","NULL","SPRING ST","NULL","","NULL",25,25,40.22649,-74.77813,"No","","331",414468.124442,507539.712219,NA,"DVRPC",0,"PDO",10199939
3449639,"2010111110013986","10013986",2010,"MERCER","Trenton City","2010-09-07","Tuesday","September","13:23:00",1,"TRENTON PD","EAST",0,0,1,0,0,"Injury","At Intersection","No","No","Opposite Direction - Head On/Angular",2,"ROEBLING AVE","NULL",NA,"","11111538",0.38,"Municipal","Straight and Level","Blacktop","Dry","Daylight","Clear","Painted Median","None",NA,"At","NULL","CHESTNUT AVE","NULL","","NULL",NA,NA,40.2109,-74.74654,"No","","414",423271.661404,501834.48518,NA,"DVRPC",0,"Pain",10199940
3449643,"2010111110014018","10014018",2010,"MERCER","Trenton City","2010-09-08","Wednesday","September","06:03:00",1,"TRENTON PD","NORTH",0,0,0,0,0,"Property Damage","Not At Intersection","No","No","Non-fixed Object",1,"MULBERRY ST","East",NA,"","11111546",0.26,"Municipal","Straight and Level","Blacktop","Dry","Dawn","Clear","None","NULL",30,"Foot","West","NEW YORK AVE","NULL","","NULL",25,25,40.2392,-74.74273,"No","APPROX 50FT OF","123",424363.305587,512140.837534,NA,"DVRPC",0,"PDO",10199944
3449649,"2010111110014036","10014036",2010,"MERCER","Trenton City","2010-09-08","Wednesday","September","16:15:00",1,"TRENTON PD","PATROL-SOUTH",0,0,0,0,0,"Property Damage","At Intersection","No","No","Right Angle",2,"CENTER ST","South",NA,"","11111528",0.31,"Municipal","Straight and Level","Blacktop","Dry","Daylight","Clear","None","None",NA,"At","NULL","FURMAN ST","NULL","","NULL",25,25,40.20976,-74.7595,"No","","164",419650.35,501429.54,NA,"DVRPC",0,"PDO",10199950
3449656,"2010111110014079","10014079",2010,"MERCER","Trenton City","2010-09-09","Thursday","September","16:15:00",1,"TRENTON PD","PATROL WEST",0,0,0,0,0,"Property Damage","Not At Intersection","No","No","Right Angle",2,"NJ 31","North",31,"","00000031",0.37,"County","Straight and Level","Blacktop","Dry","Daylight","Clear","None","None",500,"Foot","North","CR 653 / CALHOUN ST","NULL","","NULL",25,25,40.23028,-74.76906,"No","","052",417004.608415,508913.183183,NA,"DVRPC",0,"PDO",10199957
3449660,"2010111110014101","10014101",2010,"MERCER","Trenton City","2010-09-10","Friday","September","02:25:00",1,"TRENTON PD","NORTH",0,0,0,0,0,"Property Damage","Not At Intersection","No","No","Fixed Object",3,"US 1","North",1,"","00000001",1.15,"State Highway","Curve and Level","Blacktop","Dry","Dark (Street Lights On/ continuous)","Clear","Barrier Median","NULL",1000,"Foot","South","PERRY ST","NULL","","NULL",50,50,40.2222,-74.75835,"No","","123",419986.485252,505961.668493,NA,"DVRPC",0,"PDO",10199961
3449665,"2010111110014115","10014115",2010,"MERCER","Trenton City","2010-09-10","Friday","September","12:18:00",1,"TRENTON PD","PATROL/SOUTH",0,0,0,0,0,"Property Damage","At Intersection","No","No","Same Direction - Rear End",2,"NJ 129","North",129,"","00000129",2.35,"State Highway","Straight and Level","Blacktop","Dry","Daylight","Overcast","Barrier Median","None",NA,"At","NULL","US 1","NULL","","NULL",15,50,40.21704,-74.7572,"No","","446",420302.733659,504078.61672,NA,"DVRPC",0,"PDO",10199966
3449666,"2010111110014117","10014117",2010,"MERCER","Trenton City","2010-09-10","Friday","September","12:31:00",1,"TRENTON PD","PATROL NORTH",0,0,1,0,0,"Injury","Not At Intersection","No","No","Right Angle",2,"MERCER COUNTY 622","NULL",622,"","11000622",3.77,"County","Straight and Level","Blacktop","Dry","Daylight","Clear","None","None",200,"Foot","North","NEW YORK AVE","NULL","","NULL",25,25,40.23696,-74.74786,"No","","531",422930.080968,511329.519928,NA,"DVRPC",0,"Pain",10199967
3449667,"2010111110014123","10014123",2010,"MERCER","Trenton City","2010-09-10","Friday","September","18:20:00",1,"TRENTON PD","EAST DISTRICT",0,0,0,0,0,"Property Damage","At Intersection","No","No","Same Direction - Rear End",3,"MERCER COUNTY 622","North",622,"","11000622",2.92,"County","Straight and Level","Blacktop","Dry","Daylight","Clear","None","None",NA,"At","NULL","E STATE ST","NULL","","NULL",25,25,40.22666,-74.73968,"No","","463",425204.03,507569.45,NA,"DVRPC",0,"PDO",10199968
3449668,"2010111110014124","10014124",2010,"MERCER","Trenton City","2010-09-10","Friday","September","18:45:00",1,"TRENTON PD","WEST DISTRICT",0,0,0,0,0,"Property Damage","Not At Intersection","No","No","Struck Parked Vehicle",2,"BELLEVUE AVE","East",NA,"","11111560",0.23,"Municipal","Straight and Grade","Blacktop","Dry","Daylight","Clear","None","None",50,"Foot","West","ELMHURST","NULL","","NULL",25,25,40.23376,-74.78436,"No","","342",412737.55002,510192.032989,NA,"DVRPC",0,"PDO",10199969
3449674,"2010111110014182","10014182",2010,"MERCER","Trenton City","2010-09-12","Sunday","September","02:21:00",1,"TRENTON PD","EAST",0,0,0,0,0,"Property Damage","At Intersection","No","No","Struck Parked Vehicle",2,"ROEBLING AVE","East",NA,"","11111538",0.38,"Municipal","Straight and Level","Blacktop","Dry","Dark (Street Lights On/ continuous)","Clear","Painted Median","None",NA,"At","NULL","CHESTNUT AVE","NULL","","NULL",25,25,40.2109,-74.74654,"No","","565",423271.661404,501834.48518,NA,"DVRPC",0,"PDO",10199976
3449678,"2010111110014203","10014203",2010,"MERCER","Trenton City","2010-09-12","Sunday","September","17:29:00",1,"TRENTON PD","PATROL",0,0,0,0,0,"Property Damage","Not At Intersection","No","No","Right Angle",2,"LIBERTY ST","NULL",NA,"","11112004",0.44,"Municipal","Straight and Level","Blacktop","Dry","Daylight","Overcast","None","None",NA,"NULL","NULL","GENESEE ST","NULL","","NULL",25,25,40.20449,-74.74209,"No","","626",424509.782602,499497.683902,NA,"DVRPC",0,"PDO",10199981
3449679,"2010111110014205","10014205",2010,"MERCER","Trenton City","2010-09-12","Sunday","September","20:06:00",1,"TRENTON PD","PATROL",0,0,0,0,0,"Property Damage","Not At Intersection","No","No","Pedestrian",1,"S CLINTON AVE","NULL",NA,"","11031969",2.66,"Municipal","Straight and Level","Blacktop","Wet","Dark (Street Lights On/ continuous)","Overcast","None","None",NA,"NULL","NULL","BEATTY ST","NULL","","NULL",25,25,40.20806,-74.74833,"No","","626",422770.4,500800.92,NA,"DVRPC",1,"PDO",10199982
3450045,"201011111001624","1001624",2010,"MERCER","Trenton City","2010-01-31","Sunday","January","00:14:00",1,"TRENTON PD","",0,0,0,0,0,"Property Damage","Not At Intersection","No","No","Same Direction - Side Swipe",2,"NJ 29","South",29,"","00000029",4.34,"State Highway","Curve and Grade","Blacktop","Icy","Dark (Street Lights On/ continuous)","Snow","None","None",NA,"NULL","South","CALHOUN ST","NULL","","NULL",25,25,40.22156,-74.77564,"No","","603",415156.529256,505740.795382,NA,"DVRPC",0,"PDO",10021114
3450504,"2010111110019226","10019226",2010,"MERCER","Trenton City","2010-12-19","Sunday","December","18:38:00",1,"TRENTON PD","SOUTH",0,0,1,0,1,"Injury","At Intersection","No","No","Pedestrian",1,"MERCER COUNTY 650","South",650,"","11000650",1.1,"County","Straight and Level","Blacktop","Dry","Dark (Street Lights On/ continuous)","Clear","None","None",NA,"At","NULL","MARSHALL AVE","NULL","","NULL",25,25,40.20054,-74.73714,"No","","295",425886.760127,498052.570023,NA,"DVRPC",3,"Pain",10300779
3450506,"2010111110019245","10019245",2010,"MERCER","Trenton City","2010-12-20","Monday","December","05:57:00",1,"TRENTON PD","WEST/PATROL",0,0,1,0,0,"Injury","At Intersection","No","No","Same Direction - Rear End",2,"NJ 29","South",29,"","00000029",6.18,"State Highway","Straight and Level","Blacktop","Dry","Dark (Street Lights On/ continuous)","Clear","Curbed Median","None",NA,"At","NULL","ROUTE 579 / MT VERNON AVE / SULLIVA","NULL","","NULL",50,25,40.2376,-74.80333,"No","","603",407445.437595,511610.642569,NA,"DVRPC",0,"Pain",10303983
3450513,"2010111110019270","10019270",2010,"MERCER","Trenton City","2010-12-20","Monday","December","14:15:00",1,"TRENTON PD","NORTH/PATROL",0,0,0,0,0,"Property Damage","At Intersection","No","No","Right Angle",2,"MERCER COUNTY 635","North",635,"","11000635",1.13,"County","Straight and Level","Blacktop","Dry","Daylight","Clear","Painted Median","None",NA,"At","NULL","N LOGAN AVE","NULL","","NULL",25,25,40.22842,-74.737,"No","","517",425954.18,508208.35,NA,"DVRPC",0,"PDO",10300771
3450516,"2010111110019280","10019280",2010,"MERCER","Trenton City","2010-12-20","Monday","December","16:46:00",1,"TRENTON PD","PATROL",0,0,1,0,0,"Injury","Not At Intersection","No","No","Opposite Direction - Head On/Angular",6,"MERCER COUNTY 622","NULL",622,"","11000622",4.1,"County","Straight and Level","Blacktop","Dry","Dark (Street Lights On/ continuous)","Clear","None","None",NA,"NULL","NULL","","NULL","","NULL",25,NA,40.24012,-74.75201,"No","","517",421775.07,512481.89,NA,"DVRPC",0,"Pain",10303975
3450521,"2010111110019303","10019303",2010,"MERCER","Trenton City","2010-12-21","Tuesday","December","05:02:00",1,"TRENTON PD","NORTH",0,0,0,0,0,"Property Damage","Not At Intersection","No","No","Same Direction - Side Swipe",2,"MULBERRY ST","North",NA,"","11111546",0.36,"Municipal","Straight at Hillcrest","Blacktop","Dry","Dark (Street Lights On/ continuous)","Clear","Painted Median","None",NA,"NULL","NULL","US 1","NULL","","NULL",25,45,40.23823,-74.74131,"No","","625",424760.60506,511786.138281,NA,"DVRPC",0,"PDO",10303968
3450522,"2010111110019306","10019306",2010,"MERCER","Trenton City","2010-12-23","Thursday","December","09:08:00",1,"TRENTON PD","PATROL",0,0,0,0,0,"Property Damage","At Intersection","No","No","Same Direction - Side Swipe",2,"EWING ST","North",NA,"","11111559",0.12,"Municipal","Straight and Grade","Blacktop","Dry","Daylight","Clear","None","None",NA,"At","NULL","CROSS ST","NULL","","NULL",25,25,40.2228,-74.75611,"No","","529",420611.656657,506176.75999,NA,"DVRPC",0,"PDO",10303778
3450526,"2010111110019314","10019314",2010,"MERCER","Trenton City","2010-12-21","Tuesday","December","10:34:00",1,"TRENTON PD","NORTH",0,0,1,0,0,"Injury","Not At Intersection","No","No","Struck Parked Vehicle",2,"MERCER COUNTY 653","North",653,"","11000653",1,"County","Straight and Level","Blacktop","Dry","Daylight","Clear","None","None",50,"Foot","North","SOUTHARD ST","NULL","","NULL",25,25,40.23407,-74.76344,"No","","437",418578.368947,510288.584211,NA,"DVRPC",0,"Pain",10303797
3450527,"2010111110019328","10019328",2010,"MERCER","Trenton City","2010-12-21","Tuesday","December","16:00:00",1,"TRENTON PD","EAST",0,0,0,0,0,"Property Damage","At Intersection","No","No","Opposite Direction - Head On/Angular",2,"LIBERTY ST","West",NA,"","11112004",0.72,"Municipal","Straight and Level","Blacktop","Dry","Daylight","Clear","None","None",NA,"At","NULL","HEWITT ST","NULL","","NULL",25,25,40.20788,-74.73913,"No","","609",425337.41,500729.02,NA,"DVRPC",0,"PDO",10300755
3450534,"2010111110019369","10019369",2010,"MERCER","Trenton City","2010-12-22","Wednesday","December","09:35:00",1,"TRENTON PD","EAST",0,0,0,0,0,"Property Damage","At Intersection","No","No","Same Direction - Side Swipe",2,"MERCER COUNTY 622","South",622,"","11000622",2.48,"County","Straight and Level","Blacktop","Dry","Daylight","Clear","None","None",NA,"At","NULL","FARRAGUT AVENUE","NULL","","NULL",25,25,40.22165,-74.73472,"No","","581",426584.079236,505740.487966,NA,"DVRPC",0,"PDO",10300989
3450537,"2010111110019374","10019374",2010,"MERCER","Trenton City","2010-12-22","Wednesday","December","11:58:00",1,"TRENTON PD","PATROL-SOUTH",0,0,0,0,0,"Property Damage","Not At Intersection","No","No","Same Direction - Rear End",2,"NJ 29","South",29,"","00000029",4.34,"State Highway","Straight and Level","Blacktop","Dry","Daylight","Clear","None","None",NA,"NULL","NULL","CALHOUN ST","NULL","","NULL",NA,NA,40.22156,-74.77564,"No","","445",415156.529256,505740.795382,NA,"DVRPC",0,"PDO",10300986
3450543,"2010111110019420","10019420",2010,"MERCER","Trenton City","2010-12-23","Thursday","December","09:59:00",1,"TRENTON PD","PATROL",0,0,0,0,0,"Property Damage","Not At Intersection","No","No","Same Direction - Rear End",2,"MERCER COUNTY 622","South",622,"","11000622",3.26,"County","Straight and Level","Blacktop","Dry","Daylight","Clear","None","None",50,"Foot","NULL","TAYLOR ST","NULL","","NULL",25,25,40.23059,-74.74344,"No","","531",424156.83,509004.23,NA,"DVRPC",0,"PDO",10303777
3450551,"2010111110019453","10019453",2010,"MERCER","Trenton City","2010-12-23","Thursday","December","20:58:00",1,"TRENTON PD","PATROL",0,0,0,0,0,"Property Damage","At Intersection","Yes","No","Struck Parked Vehicle",2,"US 206","North",206,"","00000206",40.83,"Municipal","Straight and Level","Blacktop","Dry","Dark (Street Lights On/ continuous)","Clear","Painted Median","None",NA,"At","NULL","LAKESIDE AVE","NULL","","NULL",25,25,40.20154,-74.7371,"No","","625",425900.122023,498418.628072,NA,"DVRPC",0,"PDO",10303770
3450556,"2010111110019475","10019475",2010,"MERCER","Trenton City","2010-12-24","Friday","December","11:12:00",1,"TRENTON PD","PATROL",0,0,0,0,0,"Property Damage","Not At Intersection","No","No","Backing",2,"MERCER COUNTY 626","NULL",626,"","11000626",1.65,"County","Straight and Level","Blacktop","Dry","Daylight","Clear","None","None",NA,"NULL","NULL","","NULL","","NULL",25,NA,40.20338,-74.73257,"No","","498",427165.75,499083.29,NA,"DVRPC",0,"PDO",10303764
3450557,"2010111110019476","10019476",2010,"MERCER","Trenton City","2010-12-24","Friday","December","11:30:00",1,"TRENTON PD","NORTH",0,0,1,0,0,"Injury","At Intersection","No","No","Pedalcyclist",1,"SOUTHARD ST","South",NA,"","11111558",0,"Municipal","Straight and Level","Blacktop","Dry","Daylight","Clear","Curbed Median","None",NA,"At","NULL","PERRY ST","NULL","","NULL",25,25,40.22544,-74.75483,"No","","389",420973.36,507136.87,NA,"DVRPC",0,"Pain",10303763
3450562,"2010111110019506","10019506",2010,"MERCER","Trenton City","2010-12-25","Saturday","December","01:38:00",1,"TRENTON PD","WEST",0,0,1,0,0,"Injury","At Intersection","No","No","Fixed Object",1,"MERCER COUNTY 636","East",636,"","11000636",0.18,"County","Curve and Grade","Blacktop","Dry","Dark (Street Lights On/ continuous)","Clear","None","None",NA,"At","NULL","OAKLAND STREET","NULL","","NULL",25,25,40.23444,-74.78912,"No","FIRE HYDRANT","518",411407.986272,510443.601697,NA,"DVRPC",0,"Pain",10300569
3450566,"2010111110019536","10019536",2010,"MERCER","Trenton City","2010-12-25","Saturday","December","21:50:00",1,"TRENTON PD","PATROL",0,0,0,0,0,"Property Damage","Not At Intersection","No","No","Same Direction - Side Swipe",2,"LIBERTY ST","NULL",NA,"","11112004",0.87,"Municipal","Straight and Level","Blacktop","Dry","Dark (Street Lights On/ continuous)","Clear","Painted Median","None",NA,"NULL","NULL","CR 626","NULL","","NULL",25,25,40.20963,-74.73752,"No","","618",425790.920017,501365.63002,NA,"DVRPC",0,"PDO",10303755
3450568,"2010111110019548","10019548",2010,"MERCER","Trenton City","2010-12-26","Sunday","December","13:01:00",1,"TRENTON PD","NORTH-PATROL",0,0,0,0,0,"Property Damage","Not At Intersection","No","No","Fixed Object",1,"US 1","North",1,"","00000001",0.55,"State/Interstate Authority","Curve and Hillcrest","Blacktop","Icy","Daylight","Snow","Barrier Median","None",NA,"NULL","West","US 1 BUSINESS / STRAWBERRY ST","NULL","","NULL",NA,NA,40.21413,-74.75958,"No","","518",419633.190044,503020.807543,NA,"DVRPC",0,"PDO",10303753
3450571,"2010111110019551","10019551",2010,"MERCER","Trenton City","2010-12-26","Sunday","December","14:04:00",1,"TRENTON PD","PATROL",0,0,0,0,0,"Property Damage","At Intersection","No","No","Same Direction - Rear End",2,"MERCER COUNTY 636","North",636,"","11000636",0,"County","Straight and Level","Blacktop","Snowy","Daylight","Blowing Snow","Barrier Median","None",NA,"At","NULL","W STATE STREET","NULL","","NULL",25,25,40.23228,-74.79099,"No","","135",410885.27,509660.76,NA,"DVRPC",0,"PDO",10300561
3450578,"2010111110019568","10019568",2010,"MERCER","Trenton City","2010-12-27","Monday","December","10:34:00",1,"TRENTON PD","PATROL",0,0,1,0,0,"Injury","Not At Intersection","No","No","Fixed Object",1,"NJ 29","North",29,"","00000029",3.63,"State Highway","Straight and Level","Blacktop","Snowy","Daylight","Snow","Barrier Median","None",NA,"NULL","NULL","MARKET ST","NULL","","NULL",50,50,40.2136,-74.76765,"No","","531",417380.766152,502834.235863,NA,"DVRPC",0,"Pain",10303743
3450582,"2010111110019579","10019579",2010,"MERCER","Trenton City","2010-12-27","Monday","December","21:48:00",1,"TRENTON PD","PATROL-NORTH",0,0,0,0,0,"Property Damage","Not At Intersection","No","No","Opposite Direction - Head On/Angular",2,"PERRY ST","West",NA,"","11111556",0.06,"Municipal","Straight and Level","Blacktop","Snowy","Dark (Street Lights On/ continuous)","Snow","None","None",NA,"NULL","NULL","N BROAD ST","NULL","","NULL",25,25,40.22273,-74.76438,"No","","625",418301.62,506156.16,NA,"DVRPC",0,"PDO",10303739
3450585,"2010111110019595","10019595",2010,"MERCER","Trenton City","2010-12-28","Tuesday","December","12:57:00",1,"TRENTON PD","PATROL-EAST",0,0,0,0,0,"Property Damage","At Intersection","No","No","Opposite Direction - Side Swipe",2,"ROEBLING AVE","South",NA,"","11111538",0.46,"Municipal","Straight and Level","Blacktop","Snowy","Daylight","Clear","None","None",NA,"At","NULL","WHITTAKER AVENUE","NULL","","NULL",25,25,40.21054,-74.74795,"No","","398",422876.58,501704.48,NA,"DVRPC",0,"PDO",10303469
3450586,"2010111110019597","10019597",2010,"MERCER","Trenton City","2010-12-28","Tuesday","December","13:11:00",1,"TRENTON PD","PATROL",0,0,0,0,0,"Property Damage","At Intersection","No","No","Right Angle",3,"MERCER COUNTY 626","NULL",626,"","11000626",1.15,"County","Straight and Level","Blacktop","Wet","Daylight","Clear","Painted Median","None",NA,"At","NULL","LIBERTY ST","NULL","","NULL",25,25,40.20985,-74.73752,"No","","517",425788.98,501444.24,NA,"DVRPC",0,"PDO",10303468
3450587,"2010111110019605","10019605",2010,"MERCER","Trenton City","2010-12-28","Tuesday","December","15:46:00",1,"TRENTON PD","CITY OF TRENTO?",0,0,3,0,0,"Injury","At Intersection","No","No","Opposite Direction - Side Swipe",3,"MERCER COUNTY 653","NULL",653,"","11000653",0.76,"County","Straight and Level","Blacktop","Wet","Daylight","Clear","None","None",NA,"At","NULL","NEW ROSE ST","NULL","","NULL",25,25,40.23132,-74.76627,"No","","463",417783.95104,509289.558888,NA,"DVRPC",0,"Pain",10303467
3450593,"2010111110019627","10019627",2010,"MERCER","Trenton City","2010-12-29","Wednesday","December","09:01:00",1,"TRENTON PD","TRENTON PD",0,0,0,0,0,"Property Damage","At Intersection","No","No","Left Turn / U Turn",3,"HUDSON ST","NULL",NA,"","11111536",0.1,"Municipal","Straight and Level","Blacktop","Wet","Daylight","Clear","None","None",NA,"At","NULL","US 206","NULL","","NULL",25,25,40.20783,-74.75184,"No","","482",421788.004114,500721.323522,NA,"DVRPC",0,"PDO",10303460
3450601,"2010111110019659","10019659",2010,"MERCER","Trenton City","2010-12-30","Thursday","December","07:28:00",1,"TRENTON PD","WEST 136",0,0,0,0,0,"Property Damage","Not At Intersection","No","No","Fixed Object",1,"NJ 29","North",29,"","00000029",6.7,"State Highway","Curve and Grade","Blacktop","Dry","Daylight","Clear","Grass Median","None",NA,"NULL","NULL","","To","NJ 29","South Bound",50,NA,40.23961,-74.8127,"No","1-TELEPHONE","331",404831.563858,512349.573855,NA,"DVRPC",0,"PDO",10303452
3450602,"2010111110019660","10019660",2010,"MERCER","Trenton City","2010-12-30","Thursday","December","08:33:00",1,"TRENTON PD","PATROL-SOUTH",0,0,0,0,0,"Property Damage","At Intersection","No","No","Same Direction - Rear End",2,"NJ 129","North",129,"","00000129",2.35,"State Highway","Straight and Level","Blacktop","Dry","Daylight","Clear","Barrier Median","None",NA,"At","NULL","US 1","NULL","","NULL",25,45,40.21704,-74.7572,"No","","164",420302.733659,504078.61672,NA,"DVRPC",0,"PDO",10303451
3450603,"2010111110019661","10019661",2010,"MERCER","Trenton City","2010-12-30","Thursday","December","09:02:00",1,"TRENTON PD","PATROL",0,0,0,0,0,"Property Damage","Not At Intersection","No","No","Opposite Direction - Side Swipe",2,"MERCER COUNTY 622","NULL",622,"","11000622",4.1,"County","Straight and Level","Blacktop","Wet","Daylight","Clear","None","None",NA,"NULL","NULL","","NULL","","NULL",25,NA,40.24012,-74.75201,"No","","517",421775.07,512481.89,NA,"DVRPC",0,"PDO",10303450
3450606,"2010111110019675","10019675",2010,"MERCER","Trenton City","2010-12-30","Thursday","December","15:06:00",1,"TRENTON PD","PATROL",0,0,0,0,0,"Property Damage","At Intersection","No","No","Same Direction - Side Swipe",2,"MERCER COUNTY 650","North",650,"","11000650",0.26,"County","Straight and Level","Blacktop","Wet","Daylight","Clear","None","None",NA,"At","NULL","NJ 129","NULL","","NULL",25,NA,40.19833,-74.75285,"No","","465",421497.12,497260.87,NA,"DVRPC",0,"PDO",10303447
3450609,"2010111110019683","10019683",2010,"MERCER","Trenton City","2010-12-30","Thursday","December","17:37:00",1,"TRENTON PD","TRENTON",0,0,0,0,0,"Property Damage","At Intersection","No","No","Opposite Direction - Head On/Angular",2,"S CLINTON AVE","North",NA,"","11031969",2.74,"Municipal","Straight and Level","Blacktop","Dry","Dark (Street Lights On/ continuous)","Clear","Painted Median","None",NA,"At","NULL","ROEBLING AVE","NULL","","NULL",25,NA,40.2086,-74.74962,"No","","583",422409.34,500999.02,NA,"DVRPC",0,"PDO",10303443