"ID","DOT_WEB_ID","CASE_NUMBER","CRASH_YEAR","COUNTY","MUNICIPALITY","CRASH_DATE","CRASH_DAY_OF_WEEK","CRASH_MONTH","CRASH_TIME","POLICE_DEPT_CODE","POLICE_DEPARTMENT","POLICE_STATION","TOTAL_KILLED","TOTAL_INCAPACITATED","TOTAL_INJURED","PEDESTRIANS_KILLED","PEDESTRIANS_INJURED","SEVERITY","INTERSECTION","ALCOHOL_INVOLVED","HAZMAT_INVOLVED","CRASH_TYPE","TOTAL_VEHICLES_INVOLVED","CRASH_LOCATION","LOCATION_DIRECTION","ROUTE","ROUTE_SUFFIX","SRI","MILEPOST","ROAD_SYSTEM","ROAD_CHARACTER","ROAD_SURFACE_TYPE","SURFACE_CONDITION","LIGHT_CONDITION","ENVIRONMENTAL_CONDITION","ROAD_DIVIDED_BY","TEMP_TRAFFIC_CONTROL_ZONE","DISTANCE_TO_CROSS_STREET","UNIT_OF_MEASUREMENT","DIRECTION_FROM_CROSS_STREET","CROSS_STREET_NAME","IS_RAMP","RAMP_TO_FROM_ROUTE_NAME","RAMP_TO_FROM_ROUTE_DIRECTION","POSTED_SPEED","POSTED_SPEED_CROSS_STREET","LATITUDE","LONGITUDE","CELL_PHONE_IN_USE","OTHER_PROPERTY_DAMAGE","REPORTING_BADGE_NO","X","Y","CRASH_NARRATIVE","MPO","TOTAL_PEDESTRIANS_INVOLVED","EPDO","DLN"
3450610,"2010111110019685","10019685",2010,"MERCER","Trenton City","2010-12-30","Thursday","December","16:57:00",1,"TRENTON PD","TRENTON POLICE",0,0,0,0,0,"Property Damage","At Intersection","No","No","Same Direction - Side Swipe",2,"US 1","North",1,"","00000001",2.37,"State Highway","Straight and Level","Blacktop","Snowy","Dusk","Clear","Painted Median","None",NA,"At","NULL","CR 622 / OLDEN AVE","NULL","","NULL",55,35,40.23567,-74.74633,"No","","585",423354.670311,510857.443445,NA,"DVRPC",0,"PDO",10303444
3450613,"2010111110019711","10019711",2010,"MERCER","Trenton City","2010-12-31","Friday","December","08:39:00",1,"TRENTON PD","EAST",0,0,2,0,0,"Injury","At Intersection","No","No","Opposite Direction - Head On/Angular",2,"CHESTNUT AVE","South",NA,"","11111537",0.44,"Municipal","Straight and Level","Blacktop","Wet","Daylight","Clear","None","None",NA,"At","NULL","CR 606","NULL","","NULL",25,25,40.21577,-74.74819,"No","","315",422817.14,503610.16,NA,"DVRPC",0,"Pain",10303440
3450614,"2010111110019714","10019714",2010,"MERCER","Trenton City","2010-12-31","Friday","December","10:40:00",1,"TRENTON PD","PATROL/EAST",0,0,0,0,0,"Property Damage","Not At Intersection","No","No","Struck Parked Vehicle",2,"S CLINTON AVE","North",NA,"","11031969",2.25,"Municipal","Straight and Level","Blacktop","Slush","Daylight","Clear","None","None",350,"Foot","NULL","LIBERTY ST","NULL","","NULL",25,25,40.20522,-74.74149,"No","","498",424686.74,499757.87,NA,"DVRPC",0,"PDO",10303439
3450616,"2010111110019717","10019717",2010,"MERCER","Trenton City","2010-12-31","Friday","December","13:02:00",1,"TRENTON PD","PATROL/SOUTH",0,0,0,0,0,"Property Damage","At Intersection","No","No","Same Direction - Rear End",2,"NJ 129","NULL",129,"","00000129",2.14,"State Highway","Straight and Grade","Blacktop","Dry","Daylight","Clear","Barrier Median","None",NA,"At","NULL","CR 606 / HAMILTON AVE","NULL","","NULL",45,25,40.21399,-74.75647,"No","","609",420501.763748,502966.212691,NA,"DVRPC",0,"PDO",10303436
3450620,"2010111110019729","10019729",2010,"MERCER","Trenton City","2010-12-31","Friday","December","20:27:00",1,"TRENTON PD","WEST DISTRICT",0,0,0,0,0,"Property Damage","Not At Intersection","No","No","Same Direction - Rear End",2,"NJ 29","North",29,"","00000029",6.74,"State Highway","Straight and Level","Blacktop","Dry","Dark (Street Lights On/ continuous)","Clear","Grass Median","None",20,"Foot","North","NJ 175 / SANHICAN DR","NULL","","NULL",50,25,40.23983,-74.81339,"No","","342",404641,512430.58,NA,"DVRPC",0,"PDO",10303433
3450625,"2010111110041380","10041380",2010,"MERCER","Trenton City","2010-03-14","Sunday","March","00:33:00",1,"TRENTON PD","WEST",0,0,0,0,0,"Property Damage","Not At Intersection","No","No","Struck Parked Vehicle",2,"NJ 31","East",31,"","00000031",0.43,"County","Straight at Hillcrest","Blacktop","Wet","Dark (Street Lights On/ continuous)","Rain","Painted Median","None",100,"Foot","East","FRAZIER ST","NULL","","NULL",25,25,40.23113,-74.76935,"No","","596",416923.689123,509221.321531,NA,"DVRPC",0,"PDO",10053815
3450629,"201011111004757","1004757",2010,"MERCER","Trenton City","2010-03-29","Monday","March","08:43:00",1,"TRENTON PD","PATROL",0,0,0,0,0,"Property Damage","Not At Intersection","No","No","Same Direction - Rear End",2,"NJ 29","North",29,"","00000029",3.23,"State Highway","Curve and Grade","Blacktop","Wet","Daylight","Rain","Curbed Median","None",75,"Foot","North","S WARREN ST","NULL","","NULL",40,25,40.20821,-74.76495,"No","","246",418127.088291,500868.228716,NA,"DVRPC",0,"PDO",10065444
3450655,"20101111C010201000236A","C010201000236A",2010,"MERCER","Trenton City","2010-02-26","Friday","February","",2,"NEW JERSEY STATE POLICE","HAMILTON-SUB",0,0,0,0,0,"Property Damage","Not At Intersection","No","No","Fixed Object",1,"NJ 29","South",29,"","00000029",2,"State Highway","Straight and Level","Blacktop","Icy","Dark (Street LIghts On/ spot)","Sleet/Hail/Freezing Rain","Barrier Median","None",NA,"NULL","NULL","","NULL","","NULL",50,NA,40.19259,-74.75608,"No","","708",420588.546766,495171.500082,NA,"DVRPC",0,"PDO",10046748
3450656,"20101111C060-2010-00012A","C060-2010-00012A",2010,"MERCER","Trenton City","2010-01-04","Monday","January","08:38:00",2,"NEW JERSEY STATE POLICE","HAMILTON SUB",0,0,1,0,0,"Injury","Not At Intersection","No","No","Same Direction - Rear End",2,"US 1","North",1,"","00000001",3.2,"State Highway","Straight and Grade","Blacktop","Dry","Daylight","Clear","Barrier Median","None",NA,"NULL","NULL","","NULL","","NULL",40,NA,40.24379,-74.73489,"No","BOX 55: STATE FARM INSURANCE COMPANY","727",426557.3,513806.06,NA,"DVRPC",0,"Pain",10002733
3450657,"20101111C060-2010-00037A","C060-2010-00037A",2010,"MERCER","Trenton City","2010-01-13","Wednesday","January","17:41:00",2,"NEW JERSEY STATE POLICE","HAMILTON-SUB",0,0,0,0,0,"Property Damage","Not At Intersection","No","No","Same Direction - Rear End",4,"US 1","South",1,"","00000001",0.1,"State/Interstate Authority","Straight and Level","Concrete","Dry","Dark (Street Lights On/ continuous)","Clear","Barrier Median","None",NA,"NULL","NULL","","NULL","","NULL",40,NA,40.2099,-74.76601,"No","","697",417833.34,501484.45,NA,"DVRPC",0,"PDO",10012313
3450658,"20101111C060-2010-00092A","C060-2010-00092A",2010,"MERCER","Trenton City","2010-01-27","Wednesday","January","17:36:00",2,"NEW JERSEY STATE POLICE","HAMILTON",0,0,0,0,0,"Property Damage","Not At Intersection","No","No","Same Direction - Rear End",2,"NJ 29","North",29,"","00000029",6.93,"State Highway","Curve and Grade","Blacktop","Dry","Daylight","Clear","Curbed Median","None",NA,"NULL","NULL","","NULL","","NULL",45,NA,40.24088,-74.81672,"No","","697",403711.348905,512818.379286,NA,"DVRPC",0,"PDO",10028991
3450659,"20101111C060-2010-00112A","C060-2010-00112A",2010,"MERCER","Trenton City","2010-02-02","Tuesday","February","08:14:00",2,"NEW JERSEY STATE POLICE","HAMILTON-SUB",0,0,0,0,0,"Property Damage","Not At Intersection","No","No","Same Direction - Rear End",2,"NJ 29","North",29,"","00000029",2.5,"State Highway","Straight and Level","Concrete","Dry","Daylight","Clear","Barrier Median","None",NA,"NULL","NULL","","NULL","","NULL",45,NA,40.19951,-74.75859,"No","","727",419893.982187,497694.580438,NA,"DVRPC",0,"PDO",10028985
3450662,"20101111C060-2010-00220A","C060-2010-00220A",2010,"MERCER","Trenton City","2010-02-23","Tuesday","February","09:01:00",2,"NEW JERSEY STATE POLICE","HAMILTON",0,0,0,0,0,"Property Damage","Not At Intersection","No","No","Same Direction - Rear End",2,"NJ 29","North",29,"","00000029",2.3,"State Highway","Straight and Level","Blacktop","Wet","Daylight","Rain","Barrier Median","None",NA,"NULL","NULL","","NULL","","NULL",45,NA,40.1967,-74.7577,"No","","716",420139.153839,496669.083344,NA,"DVRPC",0,"PDO",10047219
3450663,"20101111C060-2010-00243A","C060-2010-00243A",2010,"MERCER","Trenton City","2010-02-26","Friday","February","09:02:00",2,"NEW JERSEY STATE POLICE","HAMILTON",0,0,0,0,0,"Property Damage","Not At Intersection","No","No","Fixed Object",1,"US 1","North",1,"","00000001",3.2,"State Highway","Straight and Level","Blacktop","Snowy","Daylight","Snow","Barrier Median","None",NA,"NULL","NULL","","NULL","","NULL",40,NA,40.24379,-74.73489,"No","","705",426557.3,513806.06,NA,"DVRPC",0,"PDO",10047233
3450665,"20101111C060-2010-00330A","C060-2010-00330A",2010,"MERCER","Trenton City","2010-03-22","Monday","March","06:51:00",2,"NEW JERSEY STATE POLICE","HAMILTON-SUB",0,0,1,0,0,"Injury","Not At Intersection","No","No","Same Direction - Rear End",3,"NJ 29","North",29,"","00000029",2.9,"State Highway","Straight and Level","Blacktop","Dry","Daylight","Overcast","Barrier Median","None",NA,"NULL","NULL","","NULL","","NULL",45,NA,40.20508,-74.76043,"No","","699",419387.613168,499724.222019,NA,"DVRPC",0,"Pain",10061067
3450666,"20101111C060-2010-00346A","C060-2010-00346A",2010,"MERCER","Trenton City","2010-03-16","Tuesday","March","06:14:00",2,"NEW JERSEY STATE POLICE","HAMILTON SUB",0,0,0,0,0,"Property Damage","Not At Intersection","No","No","Non-fixed Object",2,"US 1","South",1,"","00000001",0.5,"State/Interstate Authority","Straight and Level","Concrete","Dry","Dark (Street Lights On/ continuous)","Clear","Barrier Median","None",NA,"NULL","NULL","","NULL","","NULL",40,NA,40.21362,-74.76026,"No","","697",419442.74875,502836.0175,NA,"DVRPC",0,"PDO",10061060
3450673,"20101111C060-2010-00723A","C060-2010-00723A",2010,"MERCER","Trenton City","2010-06-14","Monday","June","16:54:00",2,"NEW JERSEY STATE POLICE","HAMILTON",0,0,1,0,0,"Injury","Not At Intersection","No","No","Same Direction - Rear End",2,"US 1","South",1,"","00000001",3.2,"State Highway","Straight and Level","Blacktop","Dry","Daylight","Clear","Barrier Median","None",NA,"NULL","NULL","","NULL","","NULL",50,NA,40.24379,-74.73489,"No","","717",426557.3,513806.06,NA,"DVRPC",0,"Moderate Injury",10144058
3450675,"20101111C060-2010-00787A","C060-2010-00787A",2010,"MERCER","Trenton City","2010-07-01","Thursday","July","09:38:00",2,"NEW JERSEY STATE POLICE","HAMILTON",0,0,0,0,0,"Property Damage","Not At Intersection","No","No","Same Direction - Side Swipe",2,"NJ 29","South",29,"","00000029",2,"State Highway","Straight and Level","Blacktop","Dry","Daylight","Clear","Barrier Median","None",NA,"NULL","NULL","","NULL","","NULL",45,NA,40.19259,-74.75608,"No","NONE","667",420588.546766,495171.500082,NA,"DVRPC",0,"PDO",10144675
3450676,"20101111C060-2010-00793A","C060-2010-00793A",2010,"MERCER","Trenton City","2010-07-02","Friday","July","15:14:00",2,"NEW JERSEY STATE POLICE","HAMILTON-SUB",0,0,1,0,0,"Injury","Not At Intersection","No","No","Same Direction - Rear End",2,"US 1","South",1,"","00000001",3.2,"State Highway","Straight and Level","Concrete","Dry","Daylight","Clear","Barrier Median","None",NA,"NULL","NULL","","NULL","","NULL",40,NA,40.24379,-74.73489,"No","","703",426557.3,513806.06,NA,"DVRPC",0,"Pain",10148569
3450677,"20101111C060-2010-00799-A","C060-2010-00799-A",2010,"MERCER","Trenton City","2010-07-03","Saturday","July","16:32:00",2,"NEW JERSEY STATE POLICE","HAMILTON-SUB",0,0,2,0,0,"Injury","Not At Intersection","No","No","Same Direction - Rear End",2,"US 1","West",1,"","00000001",0.6,"State/Interstate Authority","Straight and Level","Steel Grid","Dry","Daylight","Clear","Barrier Median","None",NA,"NULL","NULL","","NULL","","NULL",25,NA,40.21464,-74.75892,"No","","710",419817.527227,503205.617227,NA,"DVRPC",0,"Pain",10148575
3450680,"20101111C060-2010-00870A","C060-2010-00870A",2010,"MERCER","Trenton City","2010-07-15","Thursday","July","08:07:00",2,"NEW JERSEY STATE POLICE","HAMILTON-SUB",0,0,0,0,0,"Property Damage","Not At Intersection","No","No","Same Direction - Rear End",2,"NJ 29","North",29,"","00000029",2,"State Highway","Curve and Level","Blacktop","Dry","Daylight","Overcast","Barrier Median","None",NA,"NULL","NULL","","NULL","","NULL",40,NA,40.19259,-74.75608,"No","","697",420588.546766,495171.500082,NA,"DVRPC",0,"PDO",10159648
3450681,"20101111C060-2010-00965A","C060-2010-00965A",2010,"MERCER","Trenton City","2010-08-06","Friday","August","17:06:00",2,"NEW JERSEY STATE POLICE","HAMILTON-SUB",0,0,0,0,0,"Property Damage","Not At Intersection","No","No","Same Direction - Rear End",3,"NJ 29","South",29,"","00000029",2.8,"State Highway","Straight and Level","Blacktop","Dry","Daylight","Clear","Curbed Median","None",NA,"NULL","NULL","","NULL","","NULL",40,NA,40.20376,-74.75965,"No","","674",419602.192687,499244.094984,NA,"DVRPC",0,"PDO",10182729
3450682,"20101111C060-2010-00984A","C060-2010-00984A",2010,"MERCER","Trenton City","2010-08-12","Thursday","August","07:58:00",2,"NEW JERSEY STATE POLICE","HAMILTON",0,0,0,0,0,"Property Damage","Not At Intersection","No","No","Same Direction - Rear End",2,"NJ 29","North",29,"","00000029",2.5,"State Highway","Straight and Level","Concrete","Dry","Daylight","Clear","Barrier Median","None",NA,"NULL","NULL","","NULL","","NULL",45,NA,40.19951,-74.75859,"No","","725",419893.982187,497694.580438,NA,"DVRPC",0,"PDO",10185639
3450683,"20101111C060-2010-01005A","C060-2010-01005A",2010,"MERCER","Trenton City","2010-08-17","Tuesday","August","17:51:00",2,"NEW JERSEY STATE POLICE","HAMILTON",0,0,0,0,0,"Property Damage","Not At Intersection","No","No","Same Direction - Side Swipe",2,"US 1","South",1,"","00000001",0.2,"State/Interstate Authority","Straight and Level","Concrete","Dry","Daylight","Clear","Barrier Median","None",NA,"NULL","NULL","","NULL","","NULL",40,NA,40.21068,-74.76443,"No","","725",418276.826013,501769.600009,NA,"DVRPC",0,"PDO",10185633
3450685,"20101111C060-2010-01073A","C060-2010-01073A",2010,"MERCER","Trenton City","2010-08-31","Tuesday","August","09:19:00",2,"NEW JERSEY STATE POLICE","HAMILTON",0,0,0,0,0,"Property Damage","Not At Intersection","No","No","Same Direction - Side Swipe",3,"US 1","North",1,"","00000001",0.1,"State/Interstate Authority","Straight and Level","Concrete","Dry","Daylight","Clear","Barrier Median","None",NA,"NULL","NULL","","NULL","","NULL",40,NA,40.2099,-74.76601,"No","","620",417833.34,501484.45,NA,"DVRPC",0,"PDO",10197685
3450705,"20101111C060-2010-01705A","C060-2010-01705A",2010,"MERCER","Trenton City","2010-12-30","Thursday","December","15:13:00",2,"NEW JERSEY STATE POLICE","HAMILTON",0,0,0,0,0,"Property Damage","Not At Intersection","No","No","Same Direction - Rear End",2,"US 1 BUSINESS","North",1,"B","00000001B",0.2,"State Highway","Straight at Hillcrest","Blacktop","Dry","Daylight","Clear","Barrier Median","None",NA,"NULL","NULL","","NULL","","NULL",45,NA,40.24249,-74.73984,"No","","725",425173.434264,513336.469062,NA,"DVRPC",0,"PDO",10301897
3450706,"20101111C060-2010-0199A","C060-2010-0199A",2010,"MERCER","Trenton City","2010-02-18","Thursday","February","10:15:00",2,"NEW JERSEY STATE POLICE","HAMILTON-SUB",0,0,0,0,0,"Property Damage","Not At Intersection","No","No","Fixed Object",1,"NJ 29","South",29,"","00000029",2,"State Highway","Curve and Level","Blacktop","Dry","Dark (Street Lights On/ continuous)","Overcast","Barrier Median","None",NA,"NULL","NULL","","NULL","","NULL",45,NA,40.19259,-74.75608,"No","","699",420588.546766,495171.500082,NA,"DVRPC",0,"PDO",10047211
3450708,"20101111C060201000238A","C060201000238A",2010,"MERCER","Trenton City","2010-02-26","Friday","February","07:30:00",2,"NEW JERSEY STATE POLICE","HAMILTON",0,0,0,0,0,"Property Damage","Not At Intersection","No","No","Fixed Object",1,"NJ 29","South",29,"","00000029",6.93,"State Highway","Curve and Grade","Blacktop","Snowy","Daylight","Snow","Grass Median","None",NA,"NULL","NULL","","NULL","","NULL",45,NA,40.24088,-74.81672,"No","","587",403711.348905,512818.379286,NA,"DVRPC",0,"PDO",10047228
3450715,"20101111C060201001026A","C060201001026A",2010,"MERCER","Trenton City","2010-08-20","Friday","August","16:56:00",2,"NEW JERSEY STATE POLICE","HAMILTON SUB",0,0,1,0,0,"Injury","Not At Intersection","No","No","Same Direction - Rear End",2,"US 1","North",1,"","00000001",1,"State Highway","Straight and Level","Concrete","Dry","Daylight","Clear","Barrier Median","None",NA,"NULL","NULL","","NULL","","NULL",45,NA,40.22007,-74.75786,"No","","701",420119.363939,505183.497879,NA,"DVRPC",0,"Pain",10230346
3450716,"20101111C060201001069A","C060201001069A",2010,"MERCER","Trenton City","2010-08-28","Saturday","August","04:49:00",2,"NEW JERSEY STATE POLICE","HAMILTON-SUB",0,0,0,0,0,"Property Damage","Not At Intersection","No","No","Fixed Object",1,"NJ 29","North",29,"","00000029",1.77,"State Highway","Curve and Grade","Blacktop","Dry","Dark (No Street Lights)","Clear","Barrier Median","None",NA,"NULL","NULL","","NULL","","NULL",45,NA,40.1921,-74.75202,"No","","657",421721.93267,494991.515768,NA,"DVRPC",0,"PDO",10191513
3450724,"20101111C410-2010-00002A","C410-2010-00002A",2010,"MERCER","Trenton City","2010-01-21","Thursday","January","08:40:00",2,"NEW JERSEY STATE POLICE","OSGS/SECURITY",0,0,0,0,0,"Property Damage","At Intersection","No","No","Struck Parked Vehicle",2,"E STATE ST","NULL",NA,"","11111547",0,"Municipal","Straight and Grade","Concrete","Dry","Daylight","Clear","None","None",NA,"At","NULL","MONTGOMERY ST. (SOUTH)","NULL","","NULL",15,25,40.22032,-74.76186,"No","","525",419003.89,505277.25,NA,"DVRPC",0,"PDO",10023460
3450743,"20101111C410-2010-00053A","C410-2010-00053A",2010,"MERCER","Trenton City","2010-08-20","Friday","August","13:16:00",2,"NEW JERSEY STATE POLICE","OSG 5",0,0,0,0,0,"Property Damage","Not At Intersection","No","No","Struck Parked Vehicle",2,"US 206","North",206,"","00000206",45.01,"State Highway","Straight and Level","Blacktop","Dry","Daylight","Clear","None","None",NA,"NULL","NULL","","NULL","","NULL",NA,NA,40.24479,-74.74281,"No","","660",424346.553529,514177.252108,NA,"DVRPC",0,"PDO",10191520
3450781,"20101111I-2010-006118","I-2010-006118",2010,"MERCER","Trenton City","2010-07-01","Thursday","July","09:11:00",3,"MERCER CO SHERIFFS DEPT","",0,0,0,0,0,"Property Damage","Not At Intersection","No","No","Same Direction - Rear End",2,"NJ 129","North",129,"","00000129",1.11,"State Highway","Straight and Level","Blacktop","Dry","Daylight","Clear","Grass Median","None",2640,"Foot","South","CASS ST","NULL","","NULL",40,NA,40.19905,-74.75302,"No","","163",421449.973656,497524.066839,NA,"DVRPC",0,"PDO",10164300
3450784,"20101111I-2010-007295","I-2010-007295",2010,"MERCER","Trenton City","2010-07-12","Monday","July","16:38:00",3,"MERCER CO SHERIFFS DEPT","PATROL",0,0,0,0,0,"Property Damage","At Intersection","No","No","Same Direction - Rear End",2,"S CLINTON AVE","South",NA,"","11031969",3.22,"Municipal","Straight and Level","Blacktop","Dry","Daylight","Clear","None","None",NA,"At","NULL","CR 606","NULL","","NULL",25,25,40.21422,-74.75409,"No","","163",421166.159967,503049.250142,NA,"DVRPC",0,"PDO",10164303
3450790,"20101111I-2010-010946","I-2010-010946",2010,"MERCER","Trenton City","2010-08-11","Wednesday","August","09:03:00",3,"MERCER CO SHERIFFS DEPT","PATROL",0,0,0,0,0,"Property Damage","Not At Intersection","No","No","Same Direction - Rear End",2,"NJ 29","North",29,"","00000029",3.13,"State Highway","Curve and Level","Blacktop","Dry","Daylight","Clear","Barrier Median","None",500,"Foot","South","S WARREN ST","NULL","","NULL",50,25,40.20741,-74.76341,"No","","199",418557.048025,500575.342788,NA,"DVRPC",0,"PDO",10192174
3450791,"20101111I-2010-011081","I-2010-011081",2010,"MERCER","Trenton City","2010-08-12","Thursday","August","08:26:00",3,"MERCER CO SHERIFFS DEPT","PATROL",0,0,0,0,0,"Property Damage","Not At Intersection","No","No","Same Direction - Side Swipe",2,"NJ 129","NULL",129,"","00000129",2.33,"State Highway","Straight and Level","Blacktop","Dry","Daylight","Clear","Grass Median","None",100,"Foot","South","US 1","NULL","","NULL",45,50,40.21676,-74.75714,"No","","163",420319.15,503975.98,NA,"DVRPC",0,"PDO",10192173
3450794,"20101111I-2010-013220","I-2010-013220",2010,"MERCER","Trenton City","2010-08-31","Tuesday","August","09:46:00",3,"MERCER CO SHERIFFS DEPT","PATROL",0,0,1,0,0,"Injury","Not At Intersection","Yes","No","Backing",2,"US 206","North",206,"","00000206",42.46,"Municipal","Straight and Level","Blacktop","Dry","Daylight","Clear","None","None",100,"Foot","South","MARKET ST","NULL","","NULL",25,25,40.2153,-74.76156,"No","NONE","163",419081.903303,503448.665535,NA,"DVRPC",0,"Pain",10192171
3450809,"20101111I-2010-022972","I-2010-022972",2010,"MERCER","Trenton City","2010-08-10","Tuesday","August","13:49:00",1,"EWING TWP PD","SQUAD4 TRAFFIC",0,0,2,0,0,"Injury","At Intersection","No","No","Right Angle",2,"MERCER COUNTY 653","NULL",653,"","11000653",0.99,"County","Straight and Level","Blacktop","Dry","Daylight","Clear","None","None",NA,"At","NULL","SOUTHARD STREET","NULL","","NULL",25,25,40.23396,-74.76355,"No","","163",418546.716346,510247.294776,NA,"DVRPC",0,"Pain",10183359
3450815,"20101111P-3-035-0230","P-3-035-0230",2010,"MERCER","Trenton City","2010-02-04","Thursday","February","09:15:00",3,"MERCER CO SHERIFFS DEPT","PATROL",0,0,1,0,0,"Injury","Not At Intersection","No","No","Same Direction - Side Swipe",2,"NJ 29","North",29,"","00000029",2.9,"State Highway","Straight and Grade","Blacktop","Dry","Daylight","Clear","Curbed Median","None",200,"Foot","South","CASS ST / THUNDER RD","NULL","","NULL",45,NA,40.20508,-74.76043,"No","TREE","163",419387.613168,499724.222019,NA,"DVRPC",0,"Pain",10032857
3450822,"20101111P3-025-0149","P3-025-0149",2010,"MERCER","Trenton City","2010-01-25","Monday","January","15:26:00",3,"MERCER CO SHERIFFS DEPT","PATROL",0,0,0,0,0,"Property Damage","At Intersection","No","No","Right Angle",2,"S CLINTON AVE","NULL",NA,"","11031969",2.32,"Municipal","Straight and Level","Blacktop","Wet","Daylight","Overcast","None","None",NA,"At","NULL","ANDERSON ST.","NULL","","NULL",25,25,40.2057,-74.74265,"No","","152",424351.991678,499938.351194,NA,"DVRPC",0,"PDO",10009545
3450823,"20101111P3-029-0188","P3-029-0188",2010,"MERCER","Trenton City","2010-01-29","Friday","January","14:55:00",3,"MERCER CO SHERIFFS DEPT","PATROL",0,0,0,0,0,"Property Damage","At Intersection","No","No","Left Turn / U Turn",2,"MERCER COUNTY 606","NULL",606,"","11000606",0.72,"County","Straight and Level","Blacktop","Dry","Daylight","Clear","None","None",NA,"At","NULL","MONMOUTH ST.","NULL","","NULL",25,25,40.21621,-74.74609,"No","","152",423402.415141,503767.617546,NA,"DVRPC",0,"PDO",10032860
3450824,"20101111P3-029-0190","P3-029-0190",2010,"MERCER","Trenton City","2010-01-29","Friday","January","16:47:00",3,"MERCER CO SHERIFFS DEPT","PATROL",0,0,1,0,0,"Injury","Not At Intersection","No","No","Right Angle",2,"CENTER ST","NULL",NA,"","11111528",0.03,"Municipal","Straight and Grade","Blacktop","Dry","Daylight","Clear","None","None",100,"Foot","NULL","SHEPPARDS ST.","NULL","","NULL",25,NA,40.21378,-74.76052,"No","","152",419370.34,502893.66,NA,"DVRPC",0,"Pain",10034362
3450825,"20101111P3-034-0244","P3-034-0244",2010,"MERCER","Trenton City","2010-02-03","Wednesday","February","",3,"MERCER CO SHERIFFS DEPT","PATROL",0,0,0,0,0,"Property Damage","At Intersection","No","No","Right Angle",2,"MARKET STREET","NULL",NA,"","11111526",0.38,"Municipal","Straight and Level","Blacktop","Dry","Daylight","Clear","None","None",NA,"At","NULL","SOUTH BROAD","NULL","","NULL",25,25,40.21541,-74.76251,"No","","152",418817.69,503488.86,NA,"DVRPC",0,"PDO",10032858
3450826,"20101111P3-035-0235","P3-035-0235",2010,"MERCER","Trenton City","2010-02-04","Thursday","February","16:00:00",3,"MERCER CO SHERIFFS DEPT","PATROL",0,0,0,0,0,"Property Damage","At Intersection","No","No","Same Direction - Side Swipe",2,"NJ 33","West",33,"","00000033",0.05,"State Highway","Curve and Level","Concrete","Dry","Daylight","Clear","Painted Median","None",NA,"At","NULL","BARLOW ST","NULL","","NULL",25,25,40.21804,-74.75661,"No","","199",420466.287987,504444.531564,NA,"DVRPC",0,"PDO",10032856
3450827,"20101111P3-041-0262","P3-041-0262",2010,"MERCER","Trenton City","2010-02-10","Wednesday","February","13:45:00",3,"MERCER CO SHERIFFS DEPT","PATROL",0,0,0,0,0,"Property Damage","At Intersection","No","No","Opposite Direction - Head On/Angular",2,"LIBERTY ST","NULL",NA,"","11112004",0.38,"Municipal","Straight and Level","Blacktop","Snowy","Daylight","Snow","None","None",NA,"At","NULL","S. BROAD ST","NULL","","NULL",25,25,40.20377,-74.74271,"No","","163",424335.372487,499235.904979,NA,"DVRPC",0,"PDO",10032855
3450828,"20101111P3-041-0284","P3-041-0284",2010,"MERCER","Trenton City","2010-02-10","Wednesday","February","15:30:00",3,"MERCER CO SHERIFFS DEPT","PATROL",0,0,0,0,0,"Property Damage","Not At Intersection","No","No","Same Direction - Side Swipe",2,"NJ 29","North",29,"","00000029",2.44,"State Highway","Straight and Level","Blacktop","Snowy","Daylight","Snow","Barrier Median","None",2640,"Foot","South","CASS ST / THUNDER RD","NULL","","NULL",45,25,40.19866,-74.7584,"Yes","","204",419947.991394,497384.149203,NA,"DVRPC",0,"PDO",10032854
3450830,"20101111P3-083-0497","P3-083-0497",2010,"MERCER","Trenton City","2010-03-24","Wednesday","March","15:45:00",3,"MERCER CO SHERIFFS DEPT","PATROL",0,0,0,0,0,"Property Damage","At Intersection","No","No","Same Direction - Side Swipe",2,"BRIDGE ST","NULL",NA,"","11111535",0.14,"Municipal","Straight and Level","Blacktop","Dry","Daylight","Clear","None","None",NA,"At","NULL","POWER ST.","NULL","","NULL",25,25,40.21115,-74.76154,"No","","152",419083.984786,501939.063044,NA,"DVRPC",0,"PDO",10063558
3450839,"2010111210-31373-AC","10-31373-AC",2010,"MERCER","Washington Twp  (Mercer Co)","2010-08-26","Thursday","August","09:41:00",1,"HOWELL TWP PD","",0,0,0,0,0,"Property Damage","Not At Intersection","Yes","No","Fixed Object",1,"NJ 33","NULL",33,"","00000033",7.01,"State Highway","Straight and Level","Blacktop","Dry","Daylight","Clear","NULL","NULL",NA,"NULL","NULL","","NULL","","NULL",50,NA,40.22048,-74.6343,"No","MADELYN K RIGGLEMAN-989 RT 33 HOWELL TOWNSHIP NJ 07731","600",454622.310528,505255.46847,NA,"DVRPC",0,"PDO",10186337
3450844,"20101112C060-2010-00102A","C060-2010-00102A",2010,"MERCER","Washington Twp  (Mercer Co)","2010-01-30","Saturday","January","18:44:00",2,"NEW JERSEY STATE POLICE","HAMILTON-SUB",0,0,1,0,0,"Injury","Not At Intersection","No","No","Fixed Object",1,"I-195","East",195,"","00000195",5.8,"Interstate","Straight and Level","Blacktop","Snowy","Dark (Street Lights Off)","Snow","Grass Median","None",NA,"NULL","NULL","","NULL","","NULL",65,NA,40.19886,-74.61902,"No","","696",458879.13987,497374.837584,NA,"DVRPC",0,"Pain",10023441