"ID","DOT_WEB_ID","CASE_NUMBER","CRASH_YEAR","COUNTY","MUNICIPALITY","CRASH_DATE","CRASH_DAY_OF_WEEK","CRASH_MONTH","CRASH_TIME","POLICE_DEPT_CODE","POLICE_DEPARTMENT","POLICE_STATION","TOTAL_KILLED","TOTAL_INCAPACITATED","TOTAL_INJURED","PEDESTRIANS_KILLED","PEDESTRIANS_INJURED","SEVERITY","INTERSECTION","ALCOHOL_INVOLVED","HAZMAT_INVOLVED","CRASH_TYPE","TOTAL_VEHICLES_INVOLVED","CRASH_LOCATION","LOCATION_DIRECTION","ROUTE","ROUTE_SUFFIX","SRI","MILEPOST","ROAD_SYSTEM","ROAD_CHARACTER","ROAD_SURFACE_TYPE","SURFACE_CONDITION","LIGHT_CONDITION","ENVIRONMENTAL_CONDITION","ROAD_DIVIDED_BY","TEMP_TRAFFIC_CONTROL_ZONE","DISTANCE_TO_CROSS_STREET","UNIT_OF_MEASUREMENT","DIRECTION_FROM_CROSS_STREET","CROSS_STREET_NAME","IS_RAMP","RAMP_TO_FROM_ROUTE_NAME","RAMP_TO_FROM_ROUTE_DIRECTION","POSTED_SPEED","POSTED_SPEED_CROSS_STREET","LATITUDE","LONGITUDE","CELL_PHONE_IN_USE","OTHER_PROPERTY_DAMAGE","REPORTING_BADGE_NO","X","Y","CRASH_NARRATIVE","MPO","TOTAL_PEDESTRIANS_INVOLVED","EPDO","DLN"
3450845,"20101112C060-2010-00114A","C060-2010-00114A",2010,"MERCER","Washington Twp  (Mercer Co)","2010-02-02","Tuesday","February","08:34:00",2,"NEW JERSEY STATE POLICE","HAMILTON-SUB",0,0,0,0,0,"Property Damage","Not At Intersection","No","No","Same Direction - Rear End",2,"I-195","West",195,"","00000195",5.8,"Interstate","Straight and Level","Blacktop","Dry","Daylight","Clear","Barrier Median","None",NA,"NULL","NULL","","NULL","","NULL",65,NA,40.19886,-74.61902,"No","","667",458879.13987,497374.837584,NA,"DVRPC",0,"PDO",10028983
3450846,"20101112C060-2010-00116A","C060-2010-00116A",2010,"MERCER","Washington Twp  (Mercer Co)","2010-02-02","Tuesday","February","08:57:00",2,"NEW JERSEY STATE POLICE","HAMILTON",0,0,0,0,0,"Property Damage","Not At Intersection","No","No","Same Direction - Rear End",2,"I-195","West",195,"","00000195",7.6,"Interstate","Straight and Level","Blacktop","Dry","Daylight","Clear","Barrier Median","None",NA,"NULL","NULL","","NULL","","NULL",65,NA,40.19064,-74.58704,"No","","625",467807.414001,494369.065475,NA,"DVRPC",0,"PDO",10034239
3450847,"20101112C060-2010-00143A","C060-2010-00143A",2010,"MERCER","Washington Twp  (Mercer Co)","2010-02-08","Monday","February","12:50:00",2,"NEW JERSEY STATE POLICE","HAMILTON SUB",0,0,0,0,0,"Property Damage","Not At Intersection","No","No","Fixed Object",1,"I-195","West",195,"","00000195",5.9,"Interstate","Straight and Level","Blacktop","Dry","Daylight","Clear","Grass Median","None",NA,"NULL","NULL","","NULL","","NULL",65,NA,40.19849,-74.61719,"No","NJ DOT GUARDRAIL MP 5.9","725",459389.439039,497239.017393,NA,"DVRPC",0,"PDO",10034200
3450848,"20101112C060-2010-00150A","C060-2010-00150A",2010,"MERCER","Washington Twp  (Mercer Co)","2010-02-09","Tuesday","February","21:23:00",2,"NEW JERSEY STATE POLICE","HAMILTON-SUB",0,0,0,0,0,"Property Damage","Not At Intersection","No","No","Fixed Object",1,"I-195","East",195,"","00000195",8.4,"Interstate","Curve and Grade","Blacktop","Snowy","Dark (Street Lights On/ continuous)","Snow","Barrier Median","None",NA,"NULL","NULL","","From","CR 526","East Bound",65,NA,40.18658,-74.57292,"No","","642",471752.386401,492887.284495,NA,"DVRPC",0,"PDO",10034212
3450849,"20101112C060-2010-00156A","C060-2010-00156A",2010,"MERCER","Washington Twp  (Mercer Co)","2010-02-10","Wednesday","February","09:02:00",2,"NEW JERSEY STATE POLICE","HAMILTON-SUB",0,0,0,0,0,"Property Damage","Not At Intersection","No","No","Fixed Object",1,"I-195","West",195,"","00000195",8.54,"Interstate","Straight and Level","Blacktop","Icy","Daylight","Snow","Barrier Median","None",NA,"NULL","NULL","","NULL","","NULL",65,NA,40.18576,-74.5705,"No","","703",472429.078273,492588.4608,NA,"DVRPC",0,"PDO",10034209
3450850,"20101112C060-2010-00163A","C060-2010-00163A",2010,"MERCER","Washington Twp  (Mercer Co)","2010-02-11","Thursday","February","08:10:00",2,"NEW JERSEY STATE POLICE","HAMILTON-SUB",0,0,0,0,0,"Property Damage","Not At Intersection","No","No","Non-fixed Object",1,"I-195","East",195,"","00000195",7.1,"Interstate","Straight and Level","Blacktop","Snowy","Daylight","Clear","Grass Median","None",NA,"NULL","NULL","","NULL","","NULL",65,NA,40.19238,-74.59614,"No","","688",465266.736947,495006.416888,NA,"DVRPC",0,"PDO",10037132
3450851,"20101112C060-2010-00237A","C060-2010-00237A",2010,"MERCER","Washington Twp  (Mercer Co)","2010-02-26","Friday","February","05:40:00",2,"NEW JERSEY STATE POLICE","HAMILTON-SUB",0,0,0,0,0,"Property Damage","Not At Intersection","No","No","Fixed Object",1,"I-195","West",195,"","00000195",6.3,"Interstate","Straight and Level","Blacktop","Snowy","Dark (Street LIghts On/ spot)","Snow","Barrier Median","None",NA,"NULL","NULL","","NULL","","NULL",65,NA,40.19661,-74.61007,"No","GUARDRAIL FACE","690",461378.328213,496551.181654,NA,"DVRPC",0,"PDO",10047227
3450852,"20101112C060-2010-00264A","C060-2010-00264A",2010,"MERCER","Washington Twp  (Mercer Co)","2010-03-03","Wednesday","March","16:44:00",2,"NEW JERSEY STATE POLICE","HAMILTON",0,0,0,0,0,"Property Damage","Not At Intersection","No","No","Same Direction - Side Swipe",2,"I-195","East",195,"","00000195",7.8,"Interstate","Straight and Level","Blacktop","Dry","Daylight","Clear","Grass Median","None",NA,"NULL","NULL","","NULL","","NULL",65,NA,40.18992,-74.58338,"No","","717",468830.806641,494107.25981,NA,"DVRPC",0,"PDO",10046671
3450861,"20101112C060-2010-00626A","C060-2010-00626A",2010,"MERCER","Washington Twp  (Mercer Co)","2010-05-27","Thursday","May","15:06:00",2,"NEW JERSEY STATE POLICE","HAMILTON-SUB",0,0,0,0,0,"Property Damage","Not At Intersection","No","No","Same Direction - Side Swipe",2,"I-195","East",195,"","00000195",6,"Interstate","Straight and Level","Blacktop","Dry","Daylight","Clear","Barrier Median","None",NA,"NULL","NULL","","NULL","","NULL",65,NA,40.19811,-74.61537,"No","","683",459897.610797,497101.24644,NA,"DVRPC",0,"PDO",10192335
3450863,"20101112C060-2010-00898A","C060-2010-00898A",2010,"MERCER","Washington Twp  (Mercer Co)","2010-07-21","Wednesday","July","08:15:00",2,"NEW JERSEY STATE POLICE","HAMILTON",0,0,0,0,0,"Property Damage","Not At Intersection","No","No","Same Direction - Rear End",2,"I-195","West",195,"","00000195",8,"Interstate","Straight and Level","Blacktop","Dry","Daylight","Clear","Grass Median","None",NA,"NULL","NULL","","NULL","","NULL",65,NA,40.18893,-74.57984,"No","GUARDRAIL","688",469819.604524,493745.38507,NA,"DVRPC",0,"PDO",10174187
3450864,"20101112C060-2010-00928A","C060-2010-00928A",2010,"MERCER","Washington Twp  (Mercer Co)","2010-07-28","Wednesday","July","17:02:00",2,"NEW JERSEY STATE POLICE","HAMILTON SUB S?",0,0,1,0,0,"Injury","Not At Intersection","No","No","Same Direction - Rear End",2,"I-195","East",195,"","00000195",8.54,"Interstate","Straight and Level","Blacktop","Dry","Daylight","Clear","Grass Median","None",NA,"NULL","NULL","","NULL","","NULL",65,NA,40.18576,-74.5705,"No","","713",472429.078273,492588.4608,NA,"DVRPC",0,"Pain",10174203
3450865,"20101112C060-2010-00948A","C060-2010-00948A",2010,"MERCER","Washington Twp  (Mercer Co)","2010-07-29","Thursday","July","14:27:00",2,"NEW JERSEY STATE POLICE","HAMILTON",0,0,0,0,0,"Property Damage","Not At Intersection","No","No","Fixed Object",1,"I-195","East",195,"","00000195",6.1,"Interstate","Straight and Level","Blacktop","Dry","Daylight","Clear","Barrier Median","None",NA,"NULL","NULL","","NULL","","NULL",65,NA,40.19768,-74.61358,"No","","678",460399.061359,496941.647859,NA,"DVRPC",0,"PDO",10172972
3450866,"20101112C060-2010-01033A","C060-2010-01033A",2010,"MERCER","Washington Twp  (Mercer Co)","2010-08-22","Sunday","August","11:06:00",2,"NEW JERSEY STATE POLICE","HAMILTON SUB",0,0,0,0,0,"Property Damage","Not At Intersection","No","No","Fixed Object",1,"I-195","East",195,"","00000195",7,"Interstate","Curve and Level","Blacktop","Wet","Daylight","Overcast","None","None",NA,"NULL","NULL","","From","INTERSTATE 195","East Bound",25,NA,40.1928,-74.59791,"No","MINOR DAMAGE TO THE LIGHT POST.","720",464773.970357,495159.366746,NA,"DVRPC",0,"PDO",10191649
3450867,"20101112C060-2010-01044A","C060-2010-01044A",2010,"MERCER","Washington Twp  (Mercer Co)","2010-08-23","Monday","August","19:18:00",2,"NEW JERSEY STATE POLICE","HAMILTON",0,0,0,0,0,"Property Damage","Not At Intersection","No","No","Fixed Object",1,"I-195","East",195,"","00000195",8.1,"Interstate","Curve and Level","Blacktop","Wet","Dusk","Rain","Barrier Median","None",NA,"NULL","NULL","","NULL","","NULL",65,NA,40.18834,-74.57811,"No","","646",470302.108623,493531.017538,NA,"DVRPC",0,"PDO",10191503
3450868,"20101112C060-2010-01070A","C060-2010-01070A",2010,"MERCER","Washington Twp  (Mercer Co)","2010-08-28","Saturday","August","22:05:00",2,"NEW JERSEY STATE POLICE","HAMILTON",0,0,1,0,0,"Injury","Not At Intersection","No","No","Overturned",1,"I-195","West",195,"","00000195",8.3,"Interstate","Straight and Level","Blacktop","Dry","Dark (Street LIghts On/ spot)","Clear","Barrier Median","None",NA,"NULL","NULL","","NULL","","NULL",65,NA,40.18717,-74.57465,"No","","620",471267.654746,493101.706663,NA,"DVRPC",0,"Pain",10191514
3450878,"20101112C060-2010-01640A","C060-2010-01640A",2010,"MERCER","Washington Twp  (Mercer Co)","2010-12-19","Sunday","December","00:18:00",2,"NEW JERSEY STATE POLICE","HAMILTON",0,0,2,0,0,"Injury","Not At Intersection","No","No","Fixed Object",1,"I-195","West",195,"","00000195",8.22,"Interstate","Curve and Level","Blacktop","Dry","Dark (No Street Lights)","Clear","Grass Median","None",NA,"NULL","NULL","","From","CR 539","South Bound",65,NA,40.18763,-74.57603,"No","","717",470883.826465,493273.156375,NA,"DVRPC",0,"Pain",10301880
3450879,"20101112C060-20100089A","C060-20100089A",2010,"MERCER","Washington Twp  (Mercer Co)","2010-07-01","Thursday","July","12:44:00",2,"NEW JERSEY STATE POLICE","HAMILTON SUB",0,0,3,0,0,"Injury","Not At Intersection","No","No","Fixed Object",1,"I-195","East",195,"","00000195",7.9,"Interstate","Straight and Level","Blacktop","Dry","Daylight","Clear","Barrier Median","None",NA,"NULL","NULL","","NULL","","NULL",65,NA,40.18947,-74.58158,"No","","620",469332.353433,493943.563571,NA,"DVRPC",0,"Moderate Injury",10160451
3450881,"20101112C0602010-00768A","C0602010-00768A",2010,"MERCER","Washington Twp  (Mercer Co)","2010-06-27","Sunday","June","00:18:00",2,"NEW JERSEY STATE POLICE","HAMILTON",0,0,2,0,0,"Injury","Not At Intersection","No","No","Fixed Object",1,"I-195","NULL",195,"","00000195",7.5,"Interstate","Straight and Level","Concrete","Dry","Dark (Street Lights On/ continuous)","Clear","Barrier Median","None",NA,"NULL","NULL","","NULL","","NULL",65,NA,40.19099,-74.58888,"No","20 FT OF DOT GAURDRAIL AT MILEPOST 7.5","582",467293.835283,494497.200707,NA,"DVRPC",0,"Pain",10144113
3450882,"20101112C060201000120A","C060201000120A",2010,"MERCER","Washington Twp  (Mercer Co)","2010-02-03","Wednesday","February","14:34:00",2,"NEW JERSEY STATE POLICE","HAMILTON",0,0,0,0,0,"Property Damage","Not At Intersection","No","No","Fixed Object",2,"I-195","West",195,"","00000195",8.1,"Interstate","Straight and Level","Blacktop","Dry","Daylight","Clear","Grass Median","None",NA,"NULL","NULL","","NULL","","NULL",65,NA,40.18834,-74.57811,"No","NONE","679",470302.108623,493531.017538,NA,"DVRPC",0,"PDO",10034235
3450883,"20101112C060201000209A","C060201000209A",2010,"MERCER","Washington Twp  (Mercer Co)","2010-02-19","Friday","February","10:57:00",2,"NEW JERSEY STATE POLICE","HAMILTON SUB",0,0,0,0,0,"Property Damage","Not At Intersection","No","No","Same Direction - Rear End",2,"I-195","West",195,"","00000195",7,"Interstate","Straight and Level","Blacktop","Dry","Daylight","Clear","Grass Median","None",NA,"NULL","NULL","","NULL","","NULL",65,NA,40.1928,-74.59791,"No","NONE","724",464773.970357,495159.366746,NA,"DVRPC",0,"PDO",10047217
3450884,"20101112C060201000255A","C060201000255A",2010,"MERCER","Washington Twp  (Mercer Co)","2010-03-01","Monday","March","09:19:00",2,"NEW JERSEY STATE POLICE","HAMILTON-SUB",0,0,0,0,0,"Property Damage","Not At Intersection","No","No","Fixed Object",1,"I-195","West",195,"","00000195",8.4,"Interstate","Straight and Level","Blacktop","Dry","Daylight","Clear","Barrier Median","None",NA,"NULL","NULL","","NULL","","NULL",65,NA,40.18658,-74.57292,"No","GUARDRAIL FACE I-195 WESTBOUND AT MP.8.4 DENTED DUE TO IMPACT.","708",471752.386401,492887.284495,NA,"DVRPC",0,"PDO",10046746
3450885,"20101112C060201000274A","C060201000274A",2010,"MERCER","Washington Twp  (Mercer Co)","2010-03-09","Tuesday","March","07:42:00",2,"NEW JERSEY STATE POLICE","HAMILTON",0,0,1,0,0,"Injury","Not At Intersection","No","No","Same Direction - Rear End",3,"I-195","West",195,"","00000195",6.2,"Interstate","Straight and Level","Blacktop","Dry","Daylight","Clear","Barrier Median","None",NA,"NULL","NULL","","NULL","","NULL",65,NA,40.19716,-74.61181,"No","","632",460892.383201,496753.981694,NA,"DVRPC",0,"Pain",10054470
3450888,"20101112C060201000797A","C060201000797A",2010,"MERCER","Washington Twp  (Mercer Co)","2010-07-03","Saturday","July","18:05:00",2,"NEW JERSEY STATE POLICE","HAMILTON-SUB",0,0,1,0,0,"Injury","Not At Intersection","No","No","Fixed Object",1,"I-195","East",195,"","00000195",8,"Interstate","Straight and Level","Blacktop","Dry","Daylight","Clear","Barrier Median","None",NA,"NULL","NULL","","NULL","","NULL",65,NA,40.18893,-74.57984,"Yes","","700",469819.604524,493745.38507,NA,"DVRPC",0,"Pain",10148573
3450889,"20101112C060201000798A","C060201000798A",2010,"MERCER","Washington Twp  (Mercer Co)","2010-07-03","Saturday","July","18:05:00",2,"NEW JERSEY STATE POLICE","HAMILTON-SUB",0,0,2,0,0,"Injury","Not At Intersection","No","No","Right Angle",2,"I-195","East",195,"","00000195",8,"Interstate","Straight and Level","Blacktop","Dry","Daylight","Clear","Barrier Median","None",NA,"NULL","NULL","","NULL","","NULL",65,NA,40.18893,-74.57984,"No","","700",469819.604524,493745.38507,NA,"DVRPC",0,"Pain",10148574
3450890,"20101112C060201000887A","C060201000887A",2010,"MERCER","Washington Twp  (Mercer Co)","2010-07-18","Sunday","July","03:25:00",2,"NEW JERSEY STATE POLICE","HAMILTON SUB",0,0,0,0,0,"Property Damage","Not At Intersection","Yes","No","Fixed Object",1,"I-195","East",195,"","00000195",7,"Interstate","Straight at Hillcrest","Blacktop","Dry","Dark (Street Lights On/ continuous)","Clear","Barrier Median","Construction Zone",NA,"NULL","NULL","","NULL","","NULL",65,NA,40.1928,-74.59791,"No","10 FEET GUARD RAIL: NJ D.O.T.","560",464773.970357,495159.366746,NA,"DVRPC",0,"PDO",10176449
3450891,"20101112C060201000888A","C060201000888A",2010,"MERCER","Washington Twp  (Mercer Co)","2010-07-18","Sunday","July","11:06:00",2,"NEW JERSEY STATE POLICE","HAMILTON",0,0,0,0,0,"Property Damage","Not At Intersection","No","No","Fixed Object",1,"I-195","East",195,"","00000195",7.8,"Interstate","Straight and Level","Blacktop","Dry","Daylight","Clear","Barrier Median","None",NA,"NULL","NULL","","NULL","","NULL",65,NA,40.18992,-74.58338,"No","?","585",468830.806641,494107.25981,NA,"DVRPC",0,"PDO",10170891
3450892,"20101112C060201000917A","C060201000917A",2010,"MERCER","Washington Twp  (Mercer Co)","2010-07-25","Sunday","July","19:00:00",2,"NEW JERSEY STATE POLICE","HAMILTON",0,0,4,0,0,"Injury","Not At Intersection","No","No","Same Direction - Rear End",3,"I-195","East",195,"","00000195",6.2,"Interstate","Straight and Level","Blacktop","Wet","Daylight","Clear","Barrier Median","None",NA,"NULL","NULL","","NULL","","NULL",65,NA,40.19716,-74.61181,"No","","706",460892.383201,496753.981694,NA,"DVRPC",0,"Pain",10174195
3450893,"20101112C060201000918A","C060201000918A",2010,"MERCER","Washington Twp  (Mercer Co)","2010-07-26","Monday","July","07:44:00",2,"NEW JERSEY STATE POLICE","HAMILTON-SUB",0,0,2,0,0,"Injury","Not At Intersection","No","No","Same Direction - Rear End",2,"I-195","West",195,"","00000195",8.5,"Interstate","Straight and Level","Blacktop","Dry","Daylight","Clear","Barrier Median","None",NA,"NULL","NULL","","NULL","","NULL",65,NA,40.18599,-74.57119,"No","","700",472234.386898,492672.381114,NA,"DVRPC",0,"Pain",10174196
3450900,"20101112C060201001634A","C060201001634A",2010,"MERCER","Washington Twp  (Mercer Co)","2010-12-17","Friday","December","06:52:00",2,"NEW JERSEY STATE POLICE","HAMILTON",0,0,0,0,0,"Property Damage","Not At Intersection","No","No","Same Direction - Rear End",2,"I-195","East",195,"","00000195",6.3,"Interstate","Straight and Level","Blacktop","Dry","Dawn","Clear","Barrier Median","None",NA,"NULL","NULL","","NULL","","NULL",65,NA,40.19661,-74.61007,"No","NONE","719",461378.328213,496551.181654,NA,"DVRPC",0,"PDO",10293741
3450904,"20101112D010-10-00182A","D010-10-00182A",2010,"MERCER","Washington Twp  (Mercer Co)","2010-02-11","Thursday","February","08:59:00",2,"NEW JERSEY STATE POLICE","CRANBURY",0,0,1,0,0,"Injury","Not At Intersection","No","No","Same Direction - Rear End",2,"I-95  N.J. TURNPIKE","North",95,"","00000095",15.55,"State/Interstate Authority","Straight and Level","Blacktop","Wet","Daylight","Clear","Barrier Median","None",NA,"NULL","NULL","","NULL","","NULL",50,NA,40.19636,-74.59667,"No","","694",465120.435272,496458.723908,NA,"DVRPC",0,"Pain",10024767
3450905,"20101112D010-10-00183A","D010-10-00183A",2010,"MERCER","Washington Twp  (Mercer Co)","2010-02-11","Thursday","February","10:17:00",2,"NEW JERSEY STATE POLICE","CRANBURY",0,0,0,0,0,"Property Damage","Not At Intersection","No","No","Fixed Object",1,"I-95  N.J. TURNPIKE","North",95,"","00000095",15.65,"State/Interstate Authority","Straight and Level","Blacktop","Wet","Daylight","Clear","Barrier Median","None",NA,"NULL","NULL","","NULL","","NULL",50,NA,40.19732,-74.59528,"No","","694",465510.633537,496808.022648,NA,"DVRPC",0,"PDO",10024773
3450913,"20101112D010-10-1034A","D010-10-1034A",2010,"MERCER","Washington Twp  (Mercer Co)","2010-07-19","Monday","July","13:24:00",2,"NEW JERSEY STATE POLICE","CRANBURY",0,0,0,0,0,"Property Damage","Not At Intersection","No","No","Same Direction - Side Swipe",2,"I-95  N.J. TURNPIKE","South",95,"","00000095",18.15,"State/Interstate Authority","Straight and Level","Blacktop","Dry","Daylight","Clear","Barrier Median","None",NA,"NULL","NULL","","NULL","","NULL",65,NA,40.22142,-74.56025,"No","NONE","694",475299.79371,505576.327258,NA,"DVRPC",0,"PDO",10163694
3450914,"20101112D010-10-1227A","D010-10-1227A",2010,"MERCER","Washington Twp  (Mercer Co)","2010-08-17","Tuesday","August","10:42:00",2,"NEW JERSEY STATE POLICE","CRANBURY",0,0,0,0,0,"Property Damage","Not At Intersection","No","No","Same Direction - Rear End",3,"I-95  N.J. TURNPIKE","South",95,"","00000095",16.15,"State/Interstate Authority","Straight and Level","Blacktop","Dry","Daylight","Clear","Barrier Median","None",NA,"NULL","NULL","","NULL","","NULL",65,NA,40.18466,-74.61621,"No","","694",467469.432585,498562.405363,NA,"DVRPC",0,"PDO",10185084
3450915,"20101112D010-10-1400A","D010-10-1400A",2010,"MERCER","Washington Twp  (Mercer Co)","2010-09-12","Sunday","September","10:53:00",2,"NEW JERSEY STATE POLICE","CRANBURY",0,0,1,0,0,"Injury","Not At Intersection","No","No","Fixed Object",1,"I-95  N.J. TURNPIKE","North",95,"","00000095",14.75,"State/Interstate Authority","Curve and Grade","Blacktop","Wet","Daylight","Rain","None","None",NA,"NULL","NULL","","NULL","","NULL",65,NA,40.23351,-74.54157,"No","LIGHT STANDARD #36-4-C. NJTP AUTHORITY PO BOX 5042 WOODBRIDGE NJ 07085","701",461765.559568,493738.510513,NA,"DVRPC",0,"Pain",10202841
3450925,"20101112D010-2010-00199A","D010-2010-00199A",2010,"MERCER","Washington Twp  (Mercer Co)","2010-02-15","Monday","February","05:55:00",2,"NEW JERSEY STATE POLICE","CRANBURY",0,0,0,0,0,"Property Damage","Not At Intersection","No","No","Same Direction - Side Swipe",2,"I-95  N.J. TURNPIKE","North",95,"","00000095",18.65,"State/Interstate Authority","Straight and Level","Blacktop","Dry","Dark (No Street Lights)","Clear","Barrier Median","None",NA,"NULL","NULL","","NULL","","NULL",65,NA,40.22623,-74.55324,"No","","646",477257.83435,507327.329978,NA,"DVRPC",0,"PDO",10033602
3450927,"20101112D010-2010-00243A","D010-2010-00243A",2010,"MERCER","Washington Twp  (Mercer Co)","2010-02-23","Tuesday","February","19:28:00",2,"NEW JERSEY STATE POLICE","CRANBURY",0,0,0,0,0,"Property Damage","Not At Intersection","No","No","Same Direction - Side Swipe",2,"I-95  N.J. TURNPIKE","South",95,"","00000095",14.35,"State/Interstate Authority","Straight and Level","Blacktop","Wet","Dark (No Street Lights)","Sleet/Hail/Freezing Rain","Barrier Median","None",NA,"NULL","NULL","","NULL","","NULL",65,NA,40.18551,-74.6147,"No","","647",460078.676049,492509.167935,NA,"DVRPC",0,"PDO",10036550
3450930,"20101112D010-2010-00271A","D010-2010-00271A",2010,"MERCER","Washington Twp  (Mercer Co)","2010-02-26","Friday","February","05:18:00",2,"NEW JERSEY STATE POLICE","CRANBURY",0,0,0,0,0,"Property Damage","Not At Intersection","No","No","Same Direction - Side Swipe",2,"I-95  N.J. TURNPIKE","North",95,"","00000095",15.45,"State/Interstate Authority","Straight and Level","Blacktop","Snowy","Dark (Street LIghts On/ spot)","Snow","Barrier Median","None",NA,"NULL","NULL","","NULL","","NULL",35,NA,40.19531,-74.59821,"No","CONCRETE BARRIER - NJTP AUTHORITY PO BOX 5024 WOODBRIDGE NJ 08075","691",464690.529011,496074.099426,NA,"DVRPC",0,"PDO",10038615
3450935,"20101112D010-2010-00309A","D010-2010-00309A",2010,"MERCER","Washington Twp  (Mercer Co)","2010-03-07","Sunday","March","17:02:00",2,"NEW JERSEY STATE POLICE","CRANBURY",0,0,0,0,0,"Property Damage","Not At Intersection","No","No","Same Direction - Rear End",2,"I-95  N.J. TURNPIKE","South",95,"","00000095",15.15,"State/Interstate Authority","Straight and Grade","Blacktop","Dry","Daylight","Clear","Barrier Median","None",NA,"NULL","NULL","","NULL","","NULL",65,NA,40.19232,-74.60267,"No","NONE","656",463443.096371,494985.486056,NA,"DVRPC",0,"PDO",10046953
3450941,"20101112D010-2010-00375A","D010-2010-00375A",2010,"MERCER","Washington Twp  (Mercer Co)","2010-03-22","Monday","March","10:23:00",2,"NEW JERSEY STATE POLICE","CRANBURY STATI?",0,0,0,0,0,"Property Damage","Not At Intersection","No","No","Same Direction - Side Swipe",2,"I-95  N.J. TURNPIKE","North",95,"","00000095",16.65,"State/Interstate Authority","Straight and Level","Blacktop","Wet","Daylight","Rain","Barrier Median","None",NA,"NULL","NULL","","NULL","","NULL",65,NA,40.20697,-74.58128,"No","","646",469423.945949,500318.321698,NA,"DVRPC",0,"PDO",10064515
3450972,"20101112D010-2010-00964A","D010-2010-00964A",2010,"MERCER","Washington Twp  (Mercer Co)","2010-07-08","Thursday","July","23:47:00",2,"NEW JERSEY STATE POLICE","CRANBURY",0,0,0,0,0,"Property Damage","Not At Intersection","No","No","Same Direction - Side Swipe",2,"I-95  N.J. TURNPIKE","North",95,"","00000095",16.15,"State/Interstate Authority","Straight and Level","Blacktop","Dry","Dark (No Street Lights)","Clear","Barrier Median","Construction Zone",NA,"NULL","NULL","","NULL","","NULL",65,NA,40.20215,-74.58827,"No","NONE","660",467469.432585,498562.405363,NA,"DVRPC",0,"PDO",10154575
3450979,"20101112D010-2010-01030A","D010-2010-01030A",2010,"MERCER","Washington Twp  (Mercer Co)","2010-07-19","Monday","July","10:08:00",2,"NEW JERSEY STATE POLICE","CRANBURY",0,0,0,0,0,"Property Damage","Not At Intersection","No","No","Same Direction - Rear End",2,"I-95  N.J. TURNPIKE","South",95,"","00000095",15.45,"State/Interstate Authority","Straight and Level","Blacktop","Wet","Daylight","Rain","Barrier Median","None",NA,"NULL","NULL","","NULL","","NULL",65,NA,40.19531,-74.59821,"No","NONE","694",464690.529011,496074.099426,NA,"DVRPC",0,"PDO",10163695
3450980,"20101112D010-2010-01045A","D010-2010-01045A",2010,"MERCER","Washington Twp  (Mercer Co)","2010-07-21","Wednesday","July","15:21:00",2,"NEW JERSEY STATE POLICE","CRANBURY",0,0,0,0,0,"Property Damage","Not At Intersection","No","No","Same Direction - Side Swipe",2,"I-95  N.J. TURNPIKE","NULL",95,"","00000095",14.75,"State/Interstate Authority","Straight and Grade","Blacktop","Dry","Daylight","Clear","None","None",NA,"NULL","NULL","","NULL","","NULL",65,NA,40.18889,-74.60867,"No","","664",461765.559568,493738.510513,NA,"DVRPC",0,"PDO",10163701
3450987,"20101112D010-2010-01137A","D010-2010-01137A",2010,"MERCER","Washington Twp  (Mercer Co)","2010-08-04","Wednesday","August","11:43:00",2,"NEW JERSEY STATE POLICE","CRANBURY",0,0,0,0,0,"Property Damage","Not At Intersection","No","No","Fixed Object",1,"I-95  N.J. TURNPIKE","West",95,"","00000095",14.75,"State/Interstate Authority","Straight and Level","Blacktop","Dry","Daylight","Clear","Other","None",NA,"NULL","NULL","","NULL","","NULL",NA,NA,40.18889,-74.60867,"No","","656",461765.559568,493738.510513,NA,"DVRPC",0,"PDO",10173064
3450989,"20101112D010-2010-01170A","D010-2010-01170A",2010,"MERCER","Washington Twp  (Mercer Co)","2010-08-08","Sunday","August","17:00:00",2,"NEW JERSEY STATE POLICE","CRANBURY",0,0,0,0,0,"Property Damage","Not At Intersection","No","No","Same Direction - Rear End",2,"I-95  N.J. TURNPIKE","North",95,"","00000095",15.25,"State/Interstate Authority","Straight and Level","Blacktop","Dry","Daylight","Clear","Barrier Median","NULL",NA,"NULL","NULL","","NULL","","NULL",45,NA,40.18466,-74.61621,"No","","635",463842.226967,495317.242068,NA,"DVRPC",0,"PDO",10192358
3450990,"20101112D010-2010-01180A","D010-2010-01180A",2010,"MERCER","Washington Twp  (Mercer Co)","2010-08-10","Tuesday","August","10:30:00",2,"NEW JERSEY STATE POLICE","CRANBURY",0,0,0,0,0,"Property Damage","Not At Intersection","No","No","Same Direction - Rear End",7,"I-95  N.J. TURNPIKE","South",95,"","00000095",15.75,"State/Interstate Authority","Straight and Level","Blacktop","Dry","Daylight","Clear","Barrier Median","Construction Zone",NA,"NULL","NULL","","NULL","","NULL",65,NA,40.19829,-74.59387,"No","","660",465903.793086,497159.110899,NA,"DVRPC",0,"PDO",10182985
3450992,"20101112D010-2010-01186A","D010-2010-01186A",2010,"MERCER","Washington Twp  (Mercer Co)","2010-08-11","Wednesday","August","12:44:00",2,"NEW JERSEY STATE POLICE","CRANBURY",0,0,2,0,0,"Injury","Not At Intersection","No","No","Same Direction - Rear End",2,"I-95  N.J. TURNPIKE","South",95,"","00000095",18.15,"State/Interstate Authority","Straight and Level","Blacktop","Dry","Daylight","Clear","Barrier Median","None",NA,"NULL","NULL","","NULL","","NULL",65,NA,40.18466,-74.61621,"No","","705",475299.79371,505576.327258,NA,"DVRPC",0,"Pain",10182983