"ID","DOT_WEB_ID","CASE_NUMBER","CRASH_YEAR","COUNTY","MUNICIPALITY","CRASH_DATE","CRASH_DAY_OF_WEEK","CRASH_MONTH","CRASH_TIME","POLICE_DEPT_CODE","POLICE_DEPARTMENT","POLICE_STATION","TOTAL_KILLED","TOTAL_INCAPACITATED","TOTAL_INJURED","PEDESTRIANS_KILLED","PEDESTRIANS_INJURED","SEVERITY","INTERSECTION","ALCOHOL_INVOLVED","HAZMAT_INVOLVED","CRASH_TYPE","TOTAL_VEHICLES_INVOLVED","CRASH_LOCATION","LOCATION_DIRECTION","ROUTE","ROUTE_SUFFIX","SRI","MILEPOST","ROAD_SYSTEM","ROAD_CHARACTER","ROAD_SURFACE_TYPE","SURFACE_CONDITION","LIGHT_CONDITION","ENVIRONMENTAL_CONDITION","ROAD_DIVIDED_BY","TEMP_TRAFFIC_CONTROL_ZONE","DISTANCE_TO_CROSS_STREET","UNIT_OF_MEASUREMENT","DIRECTION_FROM_CROSS_STREET","CROSS_STREET_NAME","IS_RAMP","RAMP_TO_FROM_ROUTE_NAME","RAMP_TO_FROM_ROUTE_DIRECTION","POSTED_SPEED","POSTED_SPEED_CROSS_STREET","LATITUDE","LONGITUDE","CELL_PHONE_IN_USE","OTHER_PROPERTY_DAMAGE","REPORTING_BADGE_NO","X","Y","CRASH_NARRATIVE","MPO","TOTAL_PEDESTRIANS_INVOLVED","EPDO","DLN"
3450993,"20101112D010-2010-01194A","D010-2010-01194A",2010,"MERCER","Washington Twp  (Mercer Co)","2010-08-12","Thursday","August","14:32:00",2,"NEW JERSEY STATE POLICE","CRANBURY",0,0,0,0,0,"Property Damage","Not At Intersection","No","No","Same Direction - Side Swipe",2,"I-95  N.J. TURNPIKE","North",95,"","00000095",15.35,"State/Interstate Authority","Straight and Level","Blacktop","Dry","Daylight","Clear","Barrier Median","None",NA,"NULL","NULL","","NULL","","NULL",65,NA,40.19425,-74.59974,"No","","705",464260.928414,495688.73952,NA,"DVRPC",0,"PDO",10182979
3450994,"20101112D010-2010-01196A","D010-2010-01196A",2010,"MERCER","Washington Twp  (Mercer Co)","2010-08-12","Thursday","August","15:07:00",2,"NEW JERSEY STATE POLICE","CRANBURY",0,0,0,0,0,"Property Damage","Not At Intersection","No","No","Same Direction - Side Swipe",2,"I-95  N.J. TURNPIKE","North",95,"","00000095",18.15,"State/Interstate Authority","Straight and Level","Blacktop","Dry","Daylight","Clear","Barrier Median","None",NA,"NULL","NULL","","NULL","","NULL",65,NA,40.18466,-74.61621,"No","","705",475299.79371,505576.327258,NA,"DVRPC",0,"PDO",10182978
3450995,"20101112D010-2010-01198A","D010-2010-01198A",2010,"MERCER","Washington Twp  (Mercer Co)","2010-08-12","Thursday","August","17:31:00",2,"NEW JERSEY STATE POLICE","CRANBURY",0,0,0,0,0,"Property Damage","Not At Intersection","No","No","Same Direction - Side Swipe",2,"I-95  N.J. TURNPIKE","South",95,"","00000095",19.25,"State/Interstate Authority","Straight and Level","Blacktop","Wet","Daylight","Rain","Barrier Median","None",NA,"NULL","NULL","","NULL","","NULL",65,NA,40.23351,-74.54157,"No","","666",479671.636875,509353.892292,NA,"DVRPC",0,"PDO",10182944
3451003,"20101112D010-2010-01261A","D010-2010-01261A",2010,"MERCER","Washington Twp  (Mercer Co)","2010-08-22","Sunday","August","15:49:00",2,"NEW JERSEY STATE POLICE","CRANBURY",0,0,0,0,0,"Property Damage","Not At Intersection","No","No","Same Direction - Rear End",2,"I-95  N.J. TURNPIKE","North",95,"","00000095",15.45,"State/Interstate Authority","Straight and Level","NULL","Wet","Daylight","Rain","Barrier Median","None",NA,"NULL","NULL","","NULL","","NULL",65,NA,40.23351,-74.54157,"No","","703",464690.529011,496074.099426,NA,"DVRPC",0,"PDO",10187555
3451004,"20101112D010-2010-01269A","D010-2010-01269A",2010,"MERCER","Washington Twp  (Mercer Co)","2010-08-23","Monday","August","08:01:00",2,"NEW JERSEY STATE POLICE","CRANBURY",0,0,0,0,0,"Property Damage","Not At Intersection","No","No","Same Direction - Rear End",2,"I-95  N.J. TURNPIKE","South",95,"","00000095",15.45,"State/Interstate Authority","Straight and Level","Blacktop","Dry","Daylight","Clear","Barrier Median","None",NA,"NULL","NULL","","NULL","","NULL",65,NA,40.19531,-74.59821,"No","NONE","698",464690.529011,496074.099426,NA,"DVRPC",0,"PDO",10198178
3451005,"20101112D010-2010-01278A","D010-2010-01278A",2010,"MERCER","Washington Twp  (Mercer Co)","2010-08-23","Monday","August","19:10:00",2,"NEW JERSEY STATE POLICE","CRANBURY",0,0,0,0,0,"Property Damage","Not At Intersection","No","No","Fixed Object",1,"I-95  N.J. TURNPIKE","South",95,"","00000095",14.75,"State/Interstate Authority","Curve and Grade","Blacktop","Wet","Dusk","Rain","Curbed Median","None",NA,"NULL","South","","NULL","","NULL",65,NA,40.23351,-74.54157,"No","","664",461765.559568,493738.510513,NA,"DVRPC",0,"PDO",10187558
3451006,"20101112D010-2010-01282A","D010-2010-01282A",2010,"MERCER","Washington Twp  (Mercer Co)","2010-08-24","Tuesday","August","14:20:00",2,"NEW JERSEY STATE POLICE","CRANBURY",0,0,0,0,0,"Property Damage","Not At Intersection","No","No","Fixed Object",2,"I-95  N.J. TURNPIKE","South",95,"","00000095",17.95,"State/Interstate Authority","Straight and Level","Blacktop","Wet","Daylight","Rain","Barrier Median","Construction Zone",NA,"NULL","NULL","","NULL","","NULL",45,NA,40.23351,-74.54157,"No","NJTA PO BOX 5042 WOODBRIDGE NJ 07095-CONCRETE BARRIER","703",474516.684353,504874.756333,NA,"DVRPC",0,"PDO",10199181
3451007,"20101112D010-2010-01285A","D010-2010-01285A",2010,"MERCER","Washington Twp  (Mercer Co)","2010-08-24","Tuesday","August","13:52:00",2,"NEW JERSEY STATE POLICE","CRANBURY",0,0,0,0,0,"Property Damage","Not At Intersection","No","No","Same Direction - Rear End",3,"I-95  N.J. TURNPIKE","South",95,"","00000095",17.65,"State/Interstate Authority","Straight and Level","Blacktop","Wet","Daylight","Rain","Barrier Median","None",NA,"NULL","NULL","","NULL","","NULL",65,NA,40.2166,-74.56726,"No","NONE","673",473341.144333,503823.181794,NA,"DVRPC",0,"PDO",10193103
3451008,"20101112D010-2010-01287A","D010-2010-01287A",2010,"MERCER","Washington Twp  (Mercer Co)","2010-08-24","Tuesday","August","16:44:00",2,"NEW JERSEY STATE POLICE","CRANBURY",0,0,0,0,0,"Property Damage","Not At Intersection","No","No","Same Direction - Rear End",2,"I-95  N.J. TURNPIKE","South",95,"","00000095",15.15,"State/Interstate Authority","Straight and Level","Blacktop","Dry","Daylight","Clear","Barrier Median","None",NA,"NULL","NULL","","NULL","","NULL",65,NA,40.19232,-74.60267,"No","NONE","673",463443.096371,494985.486056,NA,"DVRPC",0,"PDO",10193102
3451010,"20101112D010-2010-01318A","D010-2010-01318A",2010,"MERCER","Washington Twp  (Mercer Co)","2010-08-28","Saturday","August","18:20:00",2,"NEW JERSEY STATE POLICE","CRANBURY",0,0,0,0,0,"Property Damage","Not At Intersection","No","No","Non-fixed Object",1,"I-95  N.J. TURNPIKE","South",95,"","00000095",19.15,"State/Interstate Authority","Straight and Level","Blacktop","Dry","Daylight","Clear","Barrier Median","None",NA,"NULL","NULL","","NULL","","NULL",65,NA,40.23351,-74.54157,"No","","691",479251.378225,509042.949211,NA,"DVRPC",0,"PDO",10201561
3451011,"20101112D010-2010-01319A","D010-2010-01319A",2010,"MERCER","Washington Twp  (Mercer Co)","2010-08-28","Saturday","August","19:01:00",2,"NEW JERSEY STATE POLICE","CRANBURY",0,0,0,0,0,"Property Damage","Not At Intersection","No","No","Same Direction - Side Swipe",2,"I-95  N.J. TURNPIKE","South",95,"","00000095",19.15,"State/Interstate Authority","Straight and Level","Blacktop","Dry","Daylight","Clear","Barrier Median","None",NA,"NULL","NULL","","NULL","","NULL",65,NA,40.23351,-74.54157,"No","","691",479251.378225,509042.949211,NA,"DVRPC",0,"PDO",10201560
3451012,"20101112D010-2010-01327A","D010-2010-01327A",2010,"MERCER","Washington Twp  (Mercer Co)","2010-08-29","Sunday","August","21:47:00",2,"NEW JERSEY STATE POLICE","CRANBURY",0,0,0,0,0,"Property Damage","Not At Intersection","No","No","Same Direction - Side Swipe",2,"I-95  N.J. TURNPIKE","North",95,"","00000095",15.95,"State/Interstate Authority","Straight and Level","Blacktop","Dry","Dark (No Street Lights)","Clear","Barrier Median","Construction Zone",NA,"NULL","NULL","","NULL","","NULL",65,NA,40.20022,-74.59108,"No","","660",466684.936147,497860.156947,NA,"DVRPC",0,"PDO",10193135
3451013,"20101112D010-2010-01331A","D010-2010-01331A",2010,"MERCER","Washington Twp  (Mercer Co)","2010-08-30","Monday","August","16:05:00",2,"NEW JERSEY STATE POLICE","CRANBURY",0,0,0,0,0,"Property Damage","Not At Intersection","No","No","Fixed Object",1,"I-95  N.J. TURNPIKE","North",95,"","00000095",14.95,"State/Interstate Authority","Straight and Level","Blacktop","Dry","Daylight","Clear","Barrier Median","None",NA,"NULL","NULL","","NULL","","NULL",35,NA,40.23351,-74.54157,"No","LIGHT REFLECTOR-NJTA PO BOX 5042 WOODBRIDGE NJ 07095","703",462609.394415,494355.465012,NA,"DVRPC",0,"PDO",10199192
3451014,"20101112D010-2010-01336A","D010-2010-01336A",2010,"MERCER","Washington Twp  (Mercer Co)","2010-08-31","Tuesday","August","17:25:00",2,"NEW JERSEY STATE POLICE","CRANBURY",0,0,0,0,0,"Property Damage","Not At Intersection","No","No","Fixed Object",2,"I-95  N.J. TURNPIKE","North",95,"","00000095",14.75,"State/Interstate Authority","Curve and Grade","Blacktop","Dry","Daylight","Clear","Barrier Median","None",NA,"NULL","NULL","","NULL","","NULL",25,NA,40.23351,-74.54157,"No","","666",461765.559568,493738.510513,NA,"DVRPC",0,"PDO",10193149
3451015,"20101112D010-2010-01361A","D010-2010-01361A",2010,"MERCER","Washington Twp  (Mercer Co)","2010-09-04","Saturday","September","22:24:00",2,"NEW JERSEY STATE POLICE","CRANBURY",0,0,3,0,0,"Injury","Not At Intersection","No","No","Overturned",1,"I-95  N.J. TURNPIKE","South",95,"","00000095",16.15,"State/Interstate Authority","Straight and Level","Blacktop","Dry","Dark (No Street Lights)","Clear","Barrier Median","None",NA,"NULL","NULL","","NULL","","NULL",65,NA,40.23351,-74.54157,"No","","703",467469.432585,498562.405363,NA,"DVRPC",0,"Moderate Injury",10202787
3451016,"20101112D010-2010-01373A","D010-2010-01373A",2010,"MERCER","Washington Twp  (Mercer Co)","2010-09-08","Wednesday","September","14:35:00",2,"NEW JERSEY STATE POLICE","CRANBURY",0,0,0,0,0,"Property Damage","Not At Intersection","No","No","Same Direction - Rear End",3,"I-95  N.J. TURNPIKE","North",95,"","00000095",17.05,"State/Interstate Authority","Straight and Level","Blacktop","Dry","Daylight","Clear","Barrier Median","None",NA,"NULL","NULL","","NULL","","NULL",65,NA,40.23351,-74.54157,"No","","699",470994.311734,501719.069523,NA,"DVRPC",0,"PDO",10201209
3451017,"20101112D010-2010-01374A","D010-2010-01374A",2010,"MERCER","Washington Twp  (Mercer Co)","2010-09-08","Wednesday","September","15:38:00",2,"NEW JERSEY STATE POLICE","CRANBURY",0,0,0,0,0,"Property Damage","Not At Intersection","No","No","Same Direction - Rear End",2,"I-95  N.J. TURNPIKE","North",95,"","00000095",14.85,"State/Interstate Authority","Straight and Level","Blacktop","Dry","Daylight","Clear","Barrier Median","None",NA,"NULL","NULL","","NULL","","NULL",65,NA,40.18974,-74.60716,"No","NONE","699",462188.749742,494047.681258,NA,"DVRPC",0,"PDO",10202799
3451019,"20101112D010-2010-01392A","D010-2010-01392A",2010,"MERCER","Washington Twp  (Mercer Co)","2010-09-10","Friday","September","13:29:00",2,"NEW JERSEY STATE POLICE","CRANBURY",0,0,0,0,0,"Property Damage","Not At Intersection","No","No","Fixed Object",1,"I-95  N.J. TURNPIKE","North",95,"","00000095",17.15,"State/Interstate Authority","Straight and Level","Blacktop","Dry","Daylight","Clear","Barrier Median","None",NA,"NULL","NULL","","NULL","","NULL",65,NA,40.23351,-74.54157,"No","CONCRETE TRAFFIC BARRIER - N.J.T.A. P.O. BOX 5042 WOODBRIDGE NJ 07095","668",471384.62497,502069.847215,NA,"DVRPC",0,"PDO",10201220
3451020,"20101112D010-2010-01403A","D010-2010-01403A",2010,"MERCER","Washington Twp  (Mercer Co)","2010-09-12","Sunday","September","14:07:00",2,"NEW JERSEY STATE POLICE","CRANBURY",0,0,0,0,0,"Property Damage","Not At Intersection","No","No","Same Direction - Side Swipe",2,"I-95  N.J. TURNPIKE","North",95,"","00000095",19.45,"State/Interstate Authority","Curve and Level","Blacktop","Dry","Daylight","Overcast","Barrier Median","None",NA,"NULL","NULL","","NULL","","NULL",65,NA,40.23351,-74.54157,"No","","668",480518.279106,509977.832771,NA,"DVRPC",0,"PDO",10202843
3451082,"20101112D010-2010-0202A","D010-2010-0202A",2010,"MERCER","Washington Twp  (Mercer Co)","2010-02-16","Tuesday","February","13:19:00",2,"NEW JERSEY STATE POLICE","CRANBURY/D010",0,0,0,0,0,"Property Damage","Not At Intersection","No","No","Same Direction - Side Swipe",2,"I-95  N.J. TURNPIKE","South",95,"","00000095",15.25,"State/Interstate Authority","Straight and Level","Blacktop","Dry","Daylight","Clear","Barrier Median","None",NA,"NULL","NULL","","NULL","","NULL",65,NA,40.19323,-74.60124,"No","NONE","699",463842.226967,495317.242068,NA,"DVRPC",0,"PDO",10033606
3451085,"20101112D010-2010-02066A","D010-2010-02066A",2010,"MERCER","Washington Twp  (Mercer Co)","2010-12-30","Thursday","December","12:52:00",2,"NEW JERSEY STATE POLICE","CRANBURY",0,0,0,0,0,"Property Damage","Not At Intersection","No","No","Same Direction - Rear End",2,"I-95  N.J. TURNPIKE","North",95,"","00000095",19.45,"State/Interstate Authority","Straight and Level","Blacktop","Dry","Daylight","Clear","Barrier Median","None",NA,"NULL","NULL","","NULL","","NULL",65,NA,40.23351,-74.54157,"No","","705",480518.279106,509977.832771,NA,"DVRPC",0,"PDO",10302549
3451088,"20101112D010-2010-1035A","D010-2010-1035A",2010,"MERCER","Washington Twp  (Mercer Co)","2010-07-19","Monday","July","14:44:00",2,"NEW JERSEY STATE POLICE","CRANBURY",0,0,0,0,0,"Property Damage","Not At Intersection","No","No","Same Direction - Rear End",2,"I-95  N.J. TURNPIKE","South",95,"","00000095",17.65,"State/Interstate Authority","Straight and Level","Blacktop","Dry","Daylight","Clear","Barrier Median","None",NA,"NULL","NULL","","NULL","","NULL",65,NA,40.2166,-74.56726,"No","NONE","694",473341.144333,503823.181794,NA,"DVRPC",0,"PDO",10163696
3451093,"20101112D010-2010-966A","D010-2010-966A",2010,"MERCER","Washington Twp  (Mercer Co)","2010-07-09","Friday","July","07:26:00",2,"NEW JERSEY STATE POLICE","CRANBURY",0,0,2,0,0,"Injury","Not At Intersection","No","No","Same Direction - Side Swipe",2,"I-95  N.J. TURNPIKE","North",95,"","00000095",15.85,"State/Interstate Authority","Straight and Level","Blacktop","Dry","Daylight","Clear","Barrier Median","None",NA,"NULL","NULL","","NULL","","NULL",65,NA,40.19925,-74.59247,"No","","705",466294.368762,497509.543369,NA,"DVRPC",0,"Pain",10154583
3451095,"20101112D0102010-107A","D0102010-107A",2010,"MERCER","Washington Twp  (Mercer Co)","2010-01-31","Sunday","January","07:52:00",2,"NEW JERSEY STATE POLICE","CRANBURY",0,0,0,0,0,"Property Damage","Not At Intersection","No","No","Non-fixed Object",2,"I-95  N.J. TURNPIKE","North",95,"","00000095",17.75,"State/Interstate Authority","Straight and Level","Blacktop","Dry","Daylight","Clear","Barrier Median","None",NA,"NULL","NULL","","NULL","","NULL",65,NA,40.21756,-74.56586,"No","NONE","632",473732.681479,504172.725317,NA,"DVRPC",0,"PDO",10016963
3451099,"20101112D010201000140A","D010201000140A",2010,"MERCER","Washington Twp  (Mercer Co)","2010-02-06","Saturday","February","13:34:00",2,"NEW JERSEY STATE POLICE","CRANBURY",0,0,0,0,0,"Property Damage","Not At Intersection","No","No","Fixed Object",1,"I-95  N.J. TURNPIKE","North",95,"","00000095",15.05,"State/Interstate Authority","Straight and Level","Blacktop","Snowy","Daylight","Clear","Barrier Median","None",NA,"NULL","NULL","","NULL","","NULL",35,NA,40.19143,-74.60414,"No","NO TP DAMAGE OBSERVED","673",463030.838138,494664.137459,NA,"DVRPC",0,"PDO",10024784
3451101,"20101112D010201000154A","D010201000154A",2010,"MERCER","Washington Twp  (Mercer Co)","2010-02-10","Wednesday","February","01:37:00",2,"NEW JERSEY STATE POLICE","CRANBURY",0,0,0,0,0,"Property Damage","Not At Intersection","No","No","Same Direction - Side Swipe",2,"I-95  N.J. TURNPIKE","South",95,"","00000095",14.55,"State/Interstate Authority","Straight and Level","Blacktop","Snowy","Dark (Street Lights On/ continuous)","Snow","Barrier Median","None",NA,"NULL","NULL","","NULL","","NULL",45,NA,40.1872,-74.61169,"No","CONCRETE BARRIER NJTP AUTH. PO BOX 5042 WOODBRIDGE NJ 07095","627",460921.626116,493123.598559,NA,"DVRPC",0,"PDO",10028741
3451108,"20101112D010201000299A","D010201000299A",2010,"MERCER","Washington Twp  (Mercer Co)","2010-03-03","Wednesday","March","14:29:00",2,"NEW JERSEY STATE POLICE","CRANBURY",0,0,0,0,0,"Property Damage","Not At Intersection","No","No","Same Direction - Rear End",2,"I-95  N.J. TURNPIKE","West",95,"","00000095",15.25,"State/Interstate Authority","Straight and Level","Blacktop","Dry","Daylight","Clear","None","None",NA,"NULL","NULL","","NULL","","NULL",65,NA,40.19323,-74.60124,"No","","627",463842.226967,495317.242068,NA,"DVRPC",0,"PDO",10045262
3451109,"20101112D010201000304A","D010201000304A",2010,"MERCER","Washington Twp  (Mercer Co)","2010-03-05","Friday","March","10:39:00",2,"NEW JERSEY STATE POLICE","CRANBURY",0,0,0,0,0,"Property Damage","Not At Intersection","No","No","Non-fixed Object",2,"I-95  N.J. TURNPIKE","North",95,"","00000095",18.55,"State/Interstate Authority","Straight and Level","Blacktop","Dry","Daylight","Clear","Barrier Median","None",NA,"NULL","NULL","","NULL","","NULL",65,NA,40.22527,-74.55465,"No","?","673",476865.648342,506978.217714,NA,"DVRPC",0,"PDO",10046961
3451110,"20101112D010201000311A","D010201000311A",2010,"MERCER","Washington Twp  (Mercer Co)","2010-03-08","Monday","March","00:49:00",2,"NEW JERSEY STATE POLICE","CRANBURY",0,0,1,0,0,"Injury","Not At Intersection","No","No","Fixed Object",1,"I-95  N.J. TURNPIKE","North",95,"","00000095",19.35,"State/Interstate Authority","Straight and Level","Blacktop","Dry","Dark (No Street Lights)","Clear","Barrier Median","None",NA,"NULL","NULL","","NULL","","NULL",65,NA,40.23265,-74.54309,"No","NJTPK MILE MARKER SIGN NJTA WOODBRIDGE NJ 07095","695",480094.101818,509664.879537,NA,"DVRPC",0,"Pain",10046950
3451148,"20101112D020-2010-00718A","D020-2010-00718A",2010,"MERCER","Washington Twp  (Mercer Co)","2010-07-21","Wednesday","July","09:46:00",2,"NEW JERSEY STATE POLICE","MOORESTOWN",0,0,0,0,0,"Property Damage","Not At Intersection","No","No","Non-fixed Object",2,"I-95  N.J. TURNPIKE","South",95,"","00000095",15.65,"State/Interstate Authority","Straight and Level","Blacktop","Dry","Daylight","Clear","Barrier Median","None",NA,"NULL","NULL","","NULL","","NULL",65,NA,40.19732,-74.59528,"No","","656",465510.633537,496808.022648,NA,"DVRPC",0,"PDO",10168741
3451155,"20101112I-2010-000115","I-2010-000115",2010,"MERCER","Washington Twp  (Mercer Co)","2010-01-02","Saturday","January","16:47:00",1,"ROBBINSVILLE TWP PD","",0,0,0,0,0,"Property Damage","Not At Intersection","No","No","Animal",2,"US 130","South",130,"","00000130",64.23,"State Highway","Straight and Level","Blacktop","Dry","Daylight","Clear","Grass Median","None",2640,"Foot","North","WOODSIDE RD","NULL","","NULL",55,35,40.22972,-74.59756,"No","","540",464884.77,508609.04,NA,"DVRPC",0,"PDO",10002165
3451157,"20101112I-2010-000237","I-2010-000237",2010,"MERCER","Washington Twp  (Mercer Co)","2010-01-04","Monday","January","15:48:00",1,"ROBBINSVILLE TWP PD","",0,1,2,0,0,"Injury","Not At Intersection","No","No","Fixed Object",1,"US 130","South",130,"","00000130",64.5,"State Highway","Straight and Level","Blacktop","Dry","Daylight","Clear","Curbed Median","None",NA,"NULL","NULL","","NULL","","NULL",55,NA,40.23206,-74.59349,"No","","537",466023.95507,509460.51276,NA,"DVRPC",0,"Incapacitating Injury",10008722
3451159,"20101112I-2010-000428","I-2010-000428",2010,"MERCER","Washington Twp  (Mercer Co)","2010-01-07","Thursday","January","12:00:00",1,"ROBBINSVILLE TWP PD","",0,0,0,0,0,"Property Damage","Not At Intersection","No","No","Same Direction - Rear End",2,"NJ 33","West",33,"","00000033",7.11,"State Highway","Straight and Level","Blacktop","Dry","Daylight","Clear","Painted Median","None",15,"Foot","East","LAKE DR","NULL","","NULL",45,25,40.21989,-74.63256,"No","","540",455105.390821,505043.922327,NA,"DVRPC",0,"PDO",10002037
3451163,"20101112I-2010-000621","I-2010-000621",2010,"MERCER","Washington Twp  (Mercer Co)","2010-01-10","Sunday","January","14:43:00",1,"ROBBINSVILLE TWP PD","",0,0,0,0,0,"Property Damage","At Intersection","No","No","Same Direction - Rear End",2,"US 130","South",130,"","00000130",66.21,"State Highway","Straight and Level","Blacktop","Dry","Daylight","Clear","Curbed Median","None",NA,"At","NULL","MAIN ST","NULL","","NULL",55,35,40.24787,-74.56873,"No","","519",472940.741463,515211.583504,NA,"DVRPC",0,"PDO",10002035
3451165,"20101112I-2010-000748","I-2010-000748",2010,"MERCER","Washington Twp  (Mercer Co)","2010-01-12","Tuesday","January","17:43:00",1,"ROBBINSVILLE TWP PD","",0,0,1,0,0,"Injury","At Intersection","No","No","Right Angle",2,"US 130","North",130,"","00000130",63.73,"State Highway","Straight and Level","Blacktop","Dry","Dark (No Street Lights)","Clear","Grass Median","None",NA,"At","NULL","WOODSIDE RD","NULL","","NULL",55,35,40.2256,-74.60536,"No","UTILITY POLE# 40032WA NJ STATE DOT-STOP SIGN","529",462706.812541,507109.228511,NA,"DVRPC",0,"Pain",10008718
3451166,"20101112I-2010-000790","I-2010-000790",2010,"MERCER","Washington Twp  (Mercer Co)","2010-01-13","Wednesday","January","17:39:00",1,"ROBBINSVILLE TWP PD","",0,0,0,0,0,"Property Damage","At Intersection","No","No","Same Direction - Rear End",2,"ROUTE 526","East",526,"","00000526",9.13,"County","Straight and Level","Blacktop","Dry","Dark (Street LIghts On/ spot)","Clear","None","None",NA,"At","NULL","WEST MANOR WAY","NULL","","NULL",45,50,40.19448,-74.5944,"No","","533",465768.07,495755.37,NA,"DVRPC",0,"PDO",10016425
3451167,"20101112I-2010-000791","I-2010-000791",2010,"MERCER","Washington Twp  (Mercer Co)","2010-01-13","Wednesday","January","18:12:00",1,"ROBBINSVILLE TWP PD","",0,0,0,0,0,"Property Damage","Not At Intersection","No","No","Same Direction - Rear End",2,"NJ 33","West",33,"","00000033",6.93,"State Highway","Straight and Level","Blacktop","Dry","Dark (Street LIghts On/ spot)","Clear","Painted Median","None",250,"Foot","West","WASHINGTON BLVD","NULL","","NULL",45,NA,40.22094,-74.63569,"No","","534",454233.577385,505424.733325,NA,"DVRPC",0,"PDO",10008720
3451168,"20101112I-2010-000830","I-2010-000830",2010,"MERCER","Washington Twp  (Mercer Co)","2010-01-14","Thursday","January","07:51:00",1,"ROBBINSVILLE TWP PD","",0,0,0,0,0,"Property Damage","Not At Intersection","No","No","Same Direction - Rear End",2,"NJ 33","West",33,"","00000033",7.07,"State Highway","Straight and Level","Blacktop","Dry","Daylight","Clear","Painted Median","None",500,"Foot","East","WASHINGTON BLVD","NULL","","NULL",45,35,40.22013,-74.63326,"No","","538",454912.187998,505128.332508,NA,"DVRPC",0,"PDO",10008719
3451169,"20101112I-2010-000875","I-2010-000875",2010,"MERCER","Washington Twp  (Mercer Co)","2010-01-15","Friday","January","01:05:00",1,"ROBBINSVILLE TWP PD","",0,0,0,0,0,"Property Damage","Not At Intersection","No","No","Fixed Object",2,"SPRING GARDEN RD","South",NA,"","11121137",0.25,"Municipal","Curve and Grade","Blacktop","Dry","Dark (No Street Lights)","Clear","Painted Median","None",150,"Foot","North","COTTAGE PLACE DRIVE","NULL","","NULL",35,25,40.20349,-74.60047,"No","GUARDRAIL-TOWNSHIP OF ROBBINSVILLE","541",464062.331333,499056.196,NA,"DVRPC",0,"PDO",10008715
3451171,"20101112I-2010-001031","I-2010-001031",2010,"MERCER","Washington Twp  (Mercer Co)","2010-01-16","Saturday","January","13:01:00",1,"ROBBINSVILLE TWP PD","",0,0,0,0,0,"Property Damage","At Intersection","No","No","Same Direction - Rear End",2,"US 130","North",130,"","00000130",62.7,"State Highway","Straight and Level","Blacktop","Dry","Daylight","Clear","None","None",NA,"At","NULL","SHARON RD","NULL","","NULL",55,35,40.216,-74.62014,"No","","539",458575.782233,503620.090884,NA,"DVRPC",0,"PDO",10008714
3451173,"20101112I-2010-001259","I-2010-001259",2010,"MERCER","Washington Twp  (Mercer Co)","2010-01-19","Tuesday","January","19:43:00",1,"ROBBINSVILLE TWP PD","",0,0,0,0,0,"Property Damage","At Intersection","No","No","Animal",1,"ROUTE 526","NULL",526,"","00000526",6.04,"County","Straight and Level","Blacktop","Dry","Dark (No Street Lights)","Clear","None","None",NA,"At","NULL","ANDERSON LA","NULL","","NULL",45,25,40.22471,-74.62184,"No","","529",458109.526751,506803.260178,NA,"DVRPC",0,"PDO",10016504
3451174,"20101112I-2010-001263","I-2010-001263",2010,"MERCER","Washington Twp  (Mercer Co)","2010-01-20","Wednesday","January","00:03:00",1,"ROBBINSVILLE TWP PD","",0,0,0,0,0,"Property Damage","Not At Intersection","No","No","Animal",1,"US 130","North",130,"","00000130",64.6,"State Highway","Straight and Level","Blacktop","Dry","Dark (Street Lights Off)","Clear","None","None",0,"Foot","South","GORDON RD / MEADOW BROOK RD","NULL","","NULL",55,40,40.23297,-74.59199,"No","","539",466440.635036,509791.12666,NA,"DVRPC",0,"PDO",10016424
3451179,"20101112I-2010-001823","I-2010-001823",2010,"MERCER","Washington Twp  (Mercer Co)","2010-01-27","Wednesday","January","22:17:00",1,"ROBBINSVILLE TWP PD","",0,0,0,0,0,"Property Damage","Not At Intersection","No","No","Animal",1,"US 130","NULL",130,"","00000130",62.99,"State Highway","Straight and Level","Blacktop","Dry","Dark (Street Lights Off)","Clear","None","None",2640,"Foot","North","NJ 33","NULL","","NULL",55,NA,40.21905,-74.6164,"No","","539",459620.271578,504729.517623,NA,"DVRPC",0,"PDO",10016388
3451180,"20101112I-2010-001917","I-2010-001917",2010,"MERCER","Washington Twp  (Mercer Co)","2010-01-29","Friday","January","11:30:00",1,"ROBBINSVILLE TWP PD","",0,0,0,0,0,"Property Damage","Not At Intersection","No","No","Animal",1,"US 130","South",130,"","00000130",63.8,"State Highway","Straight and Grade","Blacktop","Dry","Daylight","Clear","Grass Median","None",NA,"NULL","NULL","","NULL","","NULL",55,NA,40.22617,-74.60428,"No","","541",463008.644951,507318.338099,NA,"DVRPC",0,"PDO",10016426
3451181,"20101112I-2010-001962","I-2010-001962",2010,"MERCER","Washington Twp  (Mercer Co)","2010-01-29","Friday","January","19:13:00",1,"ROBBINSVILLE TWP PD","",0,0,0,0,0,"Property Damage","Not At Intersection","No","No","Same Direction - Rear End",2,"NJ 33","West",33,"","00000033",7,"State Highway","Straight and Level","Blacktop","Dry","Dark (Street Lights On/ continuous)","Clear","Painted Median","None",100,"Foot","East","WASHINGTON BLVD","NULL","","NULL",45,35,40.22054,-74.63447,"No","","535",454573.990951,505277.055252,NA,"DVRPC",0,"PDO",10016383