"ID","DOT_WEB_ID","CASE_NUMBER","CRASH_YEAR","COUNTY","MUNICIPALITY","CRASH_DATE","CRASH_DAY_OF_WEEK","CRASH_MONTH","CRASH_TIME","POLICE_DEPT_CODE","POLICE_DEPARTMENT","POLICE_STATION","TOTAL_KILLED","TOTAL_INCAPACITATED","TOTAL_INJURED","PEDESTRIANS_KILLED","PEDESTRIANS_INJURED","SEVERITY","INTERSECTION","ALCOHOL_INVOLVED","HAZMAT_INVOLVED","CRASH_TYPE","TOTAL_VEHICLES_INVOLVED","CRASH_LOCATION","LOCATION_DIRECTION","ROUTE","ROUTE_SUFFIX","SRI","MILEPOST","ROAD_SYSTEM","ROAD_CHARACTER","ROAD_SURFACE_TYPE","SURFACE_CONDITION","LIGHT_CONDITION","ENVIRONMENTAL_CONDITION","ROAD_DIVIDED_BY","TEMP_TRAFFIC_CONTROL_ZONE","DISTANCE_TO_CROSS_STREET","UNIT_OF_MEASUREMENT","DIRECTION_FROM_CROSS_STREET","CROSS_STREET_NAME","IS_RAMP","RAMP_TO_FROM_ROUTE_NAME","RAMP_TO_FROM_ROUTE_DIRECTION","POSTED_SPEED","POSTED_SPEED_CROSS_STREET","LATITUDE","LONGITUDE","CELL_PHONE_IN_USE","OTHER_PROPERTY_DAMAGE","REPORTING_BADGE_NO","X","Y","CRASH_NARRATIVE","MPO","TOTAL_PEDESTRIANS_INVOLVED","EPDO","DLN"
3451183,"20101112I-2010-002048","I-2010-002048",2010,"MERCER","Washington Twp  (Mercer Co)","2010-01-30","Saturday","January","19:04:00",1,"ROBBINSVILLE TWP PD","",0,0,0,0,0,"Property Damage","Not At Intersection","No","No","Fixed Object",1,"ROUTE 539","North",539,"","00000539",47.26,"County","Curve and Level","Blacktop","Snowy","Dark (Street LIghts On/ spot)","Snow","None","None",792,"Foot","North","NEW ST","NULL","","NULL",40,25,40.20762,-74.54862,"No","","536",478543.41,500546.21,NA,"DVRPC",0,"PDO",10016850
3451184,"20101112I-2010-002121","I-2010-002121",2010,"MERCER","Washington Twp  (Mercer Co)","2010-01-31","Sunday","January","10:30:00",1,"ROBBINSVILLE TWP PD","",0,0,0,0,0,"Property Damage","At Intersection","No","No","Backing",2,"ROUTE 526","West",526,"","00000526",6.88,"County","Straight and Level","Blacktop","Dry","Daylight","Clear","None","None",NA,"At","NULL","US 130","NULL","","NULL",45,55,40.21465,-74.62182,"No","","538",458103.89,503127.44,NA,"DVRPC",0,"PDO",10016385
3451191,"20101112I-2010-002894","I-2010-002894",2010,"MERCER","Washington Twp  (Mercer Co)","2010-02-12","Friday","February","07:42:00",1,"ROBBINSVILLE TWP PD","",0,0,0,0,0,"Property Damage","At Intersection","No","No","Other",1,"ROUTE 526","West",526,"","00000526",9.13,"County","Straight and Level","Blacktop","Icy","Daylight","Clear","None","None",NA,"At","NULL","WEST MANOR WAY","NULL","","NULL",50,45,40.19448,-74.5944,"No","NONE","519",465768.07,495755.37,NA,"DVRPC",0,"PDO",10035570
3451194,"20101112I-2010-002934","I-2010-002934",2010,"MERCER","Washington Twp  (Mercer Co)","2010-02-12","Friday","February","18:55:00",1,"ROBBINSVILLE TWP PD","",0,0,0,0,0,"Property Damage","Not At Intersection","No","No","Same Direction - Side Swipe",3,"US 130","South",130,"","00000130",62.7,"State Highway","Straight and Level","Blacktop","Icy","Dark (Street Lights On/ continuous)","Clear","Curbed Median","None",200,"Foot","North","NJ 33","NULL","","NULL",55,45,40.216,-74.62014,"No","","536",458575.782233,503620.090884,NA,"DVRPC",0,"PDO",10035573
3451196,"20101112I-2010-003003","I-2010-003003",2010,"MERCER","Washington Twp  (Mercer Co)","2010-02-13","Saturday","February","20:42:00",1,"ROBBINSVILLE TWP PD","",0,0,0,0,0,"Property Damage","Not At Intersection","No","No","Animal",1,"US 130","North",130,"","00000130",62.06,"State Highway","Straight and Level","Concrete","Dry","Dark (Street LIghts On/ spot)","Clear","Grass Median","None",100,"Foot","North","N GOLD DR","NULL","","NULL",55,25,40.20907,-74.62819,"No","","535",456321.498925,501098.42311,NA,"DVRPC",0,"PDO",10049289
3451200,"20101112I-2010-003313","I-2010-003313",2010,"MERCER","Washington Twp  (Mercer Co)","2010-02-17","Wednesday","February","17:20:00",1,"ROBBINSVILLE TWP PD","",0,0,0,0,0,"Property Damage","At Intersection","No","No","Right Angle",2,"ROUTE 526","North",526,"","00000526",5.28,"County","Straight and Level","Blacktop","Dry","Dusk","Clear","None","None",NA,"At","NULL","BEECHWOOD DR / POND RD","NULL","","NULL",45,25,40.23483,-74.61619,"No","","535",459689.679967,510486.634582,NA,"DVRPC",0,"PDO",10049288
3451202,"20101112I-2010-003362","I-2010-003362",2010,"MERCER","Washington Twp  (Mercer Co)","2010-02-18","Thursday","February","11:19:00",1,"ROBBINSVILLE TWP PD","",0,0,0,0,0,"Property Damage","Not At Intersection","No","No","Same Direction - Rear End",3,"US 130","South",130,"","00000130",66.05,"State Highway","Straight and Level","Blacktop","Dry","Daylight","Clear","Grass Median","None",400,"Foot","South","VOELBEL RD","NULL","","NULL",55,NA,40.24616,-74.57078,"No","","540",472368.03202,514589.642502,NA,"DVRPC",0,"PDO",10035579
3451204,"20101112I-2010-003393","I-2010-003393",2010,"MERCER","Washington Twp  (Mercer Co)","2010-02-19","Friday","February","01:58:00",1,"ROBBINSVILLE TWP PD","",0,0,0,0,0,"Property Damage","Not At Intersection","Yes","No","Fixed Object",1,"US 130","North",130,"","00000130",62.64,"State Highway","Curve and Grade","Blacktop","Dry","Dark (No Street Lights)","Clear","Grass Median","None",2640,"Foot","North","NJ 33","NULL","","NULL",55,45,40.21539,-74.62096,"No","SCRAPES AND SCUFF MARKS TO BRIDGE OWNED BY NJDOT","533",458345.133255,503397.444957,NA,"DVRPC",0,"PDO",10049287
3451205,"20101112I-2010-003462","I-2010-003462",2010,"MERCER","Washington Twp  (Mercer Co)","2010-02-19","Friday","February","20:37:00",1,"ROBBINSVILLE TWP PD","",0,0,0,0,0,"Property Damage","At Intersection","No","No","Fixed Object",1,"ROUTE 526","West",526,"","00000526",7.9,"County","Straight and Level","Blacktop","Dry","Dark (Street Lights On/ continuous)","Clear","None","None",NA,"At","NULL","RICHARDSON RD","NULL","","NULL",45,35,40.20676,-74.61115,"No","","524",461093.076509,500238.626582,NA,"DVRPC",0,"PDO",10049282
3451209,"20101112I-2010-003649","I-2010-003649",2010,"MERCER","Washington Twp  (Mercer Co)","2010-02-23","Tuesday","February","11:35:00",1,"ROBBINSVILLE TWP PD","",0,0,0,0,0,"Property Damage","Not At Intersection","No","No","Backing",2,"US 130","South",130,"","00000130",62.49,"State Highway","Straight and Level","Blacktop","Wet","Daylight","Rain","Curbed Median","None",25,"Foot","North","ROUTE 526 / ROBBINSVILLE-ALLENTOWN","NULL","","NULL",55,35,40.21373,-74.62276,"No","","536",457841.688564,502791.615287,NA,"DVRPC",0,"PDO",10035575
3451210,"20101112I-2010-003696","I-2010-003696",2010,"MERCER","Washington Twp  (Mercer Co)","2010-02-24","Wednesday","February","09:49:00",1,"ROBBINSVILLE TWP PD","",0,0,0,0,0,"Property Damage","At Intersection","No","No","Same Direction - Rear End",2,"ROUTE 526","West",526,"","00000526",9.13,"County","Straight and Level","Blacktop","Dry","Daylight","Clear","None","None",NA,"At","NULL","WEST MANOR WAY","NULL","","NULL",45,50,40.19448,-74.5944,"No","NONE","539",465768.07,495755.37,NA,"DVRPC",0,"PDO",10049295
3451214,"20101112I-2010-003763","I-2010-003763",2010,"MERCER","Washington Twp  (Mercer Co)","2010-02-26","Friday","February","00:14:00",1,"ROBBINSVILLE TWP PD","",0,0,0,0,0,"Property Damage","Not At Intersection","Yes","No","Fixed Object",1,"US 130","North",130,"","00000130",64,"State Highway","Straight and Level","Blacktop","Snowy","Dark (No Street Lights)","Snow","Grass Median","None",NA,"NULL","NULL","","NULL","","NULL",55,NA,40.22781,-74.60115,"No","JCP&L UTILITY POLE: 640 SOUTH ROAD STREET TRENTON NJ 08611","537",463883.370828,507916.231299,NA,"DVRPC",0,"PDO",10049292
3451216,"20101112I-2010-003911","I-2010-003911",2010,"MERCER","Washington Twp  (Mercer Co)","2010-02-28","Sunday","February","11:50:00",1,"ROBBINSVILLE TWP PD","",0,0,0,0,0,"Property Damage","Not At Intersection","No","No","Same Direction - Rear End",2,"NJ 33","West",33,"","00000033",7.12,"State Highway","Straight and Level","Blacktop","Dry","Daylight","Clear","None","None",50,"Foot","East","LAKE DR","NULL","","NULL",45,25,40.21983,-74.63239,"No","","540",455153.656252,505022.108952,NA,"DVRPC",0,"PDO",10049283
3451217,"20101112I-2010-004000","I-2010-004000",2010,"MERCER","Washington Twp  (Mercer Co)","2010-03-02","Tuesday","March","06:52:00",1,"ROBBINSVILLE TWP PD","",0,0,0,0,0,"Property Damage","Not At Intersection","No","No","Animal",1,"ROUTE 526","North",526,"","00000526",5.75,"County","Straight and Level","Blacktop","Dry","Daylight","Clear","None","None",50,"Foot","North","BEECHWOOD DR","NULL","","NULL",45,25,40.22855,-74.61956,"No","","539",458743.981667,508193.540833,NA,"DVRPC",0,"PDO",10049284
3451219,"20101112I-2010-004287","I-2010-004287",2010,"MERCER","Washington Twp  (Mercer Co)","2010-03-06","Saturday","March","04:18:00",1,"ROBBINSVILLE TWP PD","",0,0,0,0,0,"Property Damage","Not At Intersection","Yes","No","Fixed Object",1,"ROUTE 526","West",526,"","00000526",6.58,"County","Straight and Level","Blacktop","Dry","Dark (Street Lights On/ continuous)","Clear","None","None",NA,"NULL","NULL","","NULL","","NULL",45,NA,40.21765,-74.62612,"No","FIRE HYDRANT;AQUA NJ;UTILITY POLE#60955WA;NJCP&L TRENTON NJ","537",456904.85,504222.88,NA,"DVRPC",0,"PDO",10057601
3451220,"20101112I-2010-004523","I-2010-004523",2010,"MERCER","Washington Twp  (Mercer Co)","2010-03-09","Tuesday","March","11:29:00",1,"ROBBINSVILLE TWP PD","",0,0,1,0,0,"Injury","Not At Intersection","No","No","Fixed Object",1,"ROUTE 526","North",526,"","00000526",5.16,"County","Curve and Level","Blacktop","Dry","Daylight","Clear","None","None",300,"Foot","North","CHAMBERS FARM RD","NULL","","NULL",45,25,40.23647,-74.61532,"No","MERCER COUNTY DOT ''LEFT LANE MUST TURN LEFT","536",459929.6,511074.57,NA,"DVRPC",0,"Pain",10049281
3451221,"20101112I-2010-004713","I-2010-004713",2010,"MERCER","Washington Twp  (Mercer Co)","2010-03-12","Friday","March","18:46:00",1,"ROBBINSVILLE TWP PD","",0,0,0,0,0,"Property Damage","At Intersection","No","No","Backing",2,"US 130","North",130,"","00000130",66.21,"State Highway","Straight and Level","Blacktop","Wet","Dusk","Rain","Curbed Median","None",NA,"At","NULL","MAIN ST","NULL","","NULL",55,35,40.24787,-74.56873,"No","","538",472940.741463,515211.583504,NA,"DVRPC",0,"PDO",10057602
3451222,"20101112I-2010-004776","I-2010-004776",2010,"MERCER","Washington Twp  (Mercer Co)","2010-03-13","Saturday","March","15:03:00",1,"ROBBINSVILLE TWP PD","",0,0,0,0,0,"Property Damage","Not At Intersection","No","No","Fixed Object",1,"US 130","South",130,"","00000130",62.64,"State Highway","Curve and Hillcrest","Blacktop","Wet","Daylight","Rain","Grass Median","None",2640,"Foot","North","NJ 33","NULL","","NULL",55,45,40.21539,-74.62096,"No","CHAIN LINK FENCE (1142 RT. 130 ROBBINSVILLE NJ SUBURBAN PROPANE)","536",458345.133255,503397.444957,NA,"DVRPC",0,"PDO",10057605
3451224,"20101112I-2010-004922","I-2010-004922",2010,"MERCER","Washington Twp  (Mercer Co)","2010-03-15","Monday","March","17:25:00",1,"ROBBINSVILLE TWP PD","",0,0,0,0,0,"Property Damage","At Intersection","No","No","Fixed Object",2,"SPRING GARDEN RD","West",NA,"","11121137",0.59,"Municipal","Straight and Level","Blacktop","Dry","Daylight","Clear","None","None",NA,"At","NULL","CANTERBURY DRIVE","NULL","","NULL",35,25,40.20779,-74.59838,"No","FENCE AND PROPERTY: 45 SPRING GARDEN RD ROBBINSVILLE NJ 08691","537",464648.736797,500622.385061,NA,"DVRPC",0,"PDO",10057609
3451229,"20101112I-2010-005269","I-2010-005269",2010,"MERCER","Washington Twp  (Mercer Co)","2010-03-20","Saturday","March","12:32:00",1,"ROBBINSVILLE TWP PD","",0,0,0,0,0,"Property Damage","At Intersection","No","No","Same Direction - Side Swipe",2,"NJ 33","East",33,"","00000033",7.84,"State Highway","Straight and Level","Blacktop","Dry","Daylight","Clear","None","None",NA,"At","NULL","US 130","NULL","","NULL",45,55,40.2162,-74.61976,"No","","537",458671.73375,503686.779375,NA,"DVRPC",0,"PDO",10057611
3451232,"20101112I-2010-005474","I-2010-005474",2010,"MERCER","Washington Twp  (Mercer Co)","2010-03-24","Wednesday","March","01:13:00",1,"ROBBINSVILLE TWP PD","",0,0,0,0,0,"Property Damage","Not At Intersection","No","No","Animal",1,"US 130","North",130,"","00000130",64.67,"State Highway","Curve and Level","Blacktop","Dry","Dark (No Street Lights)","Clear","Grass Median","None",350,"Foot","North","GORDON RD / MEADOW BROOK RD","NULL","","NULL",55,40,40.2336,-74.59095,"No","","540",466731.288278,510020.76342,NA,"DVRPC",0,"PDO",10057613
3451235,"20101112I-2010-005684","I-2010-005684",2010,"MERCER","Washington Twp  (Mercer Co)","2010-03-26","Friday","March","16:51:00",1,"ROBBINSVILLE TWP PD","",0,0,1,0,1,"Injury","At Intersection","No","No","Pedestrian",1,"US 130","North",130,"","00000130",62.49,"State Highway","Straight and Level","Blacktop","Dry","Daylight","Clear","Curbed Median","None",NA,"At","NULL","CR 526","NULL","","NULL",55,45,40.21373,-74.62276,"No","","538",457841.688564,502791.615287,NA,"DVRPC",1,"Moderate Injury",10057617
3451238,"20101112I-2010-005896","I-2010-005896",2010,"MERCER","Washington Twp  (Mercer Co)","2010-03-29","Monday","March","16:19:00",1,"ROBBINSVILLE TWP PD","",0,0,1,0,0,"Injury","Not At Intersection","No","No","Fixed Object",1,"PERRINEVILLE RD","South",NA,"","11121043",2.33,"Municipal","Curve and Level","Blacktop","Wet","Daylight","Rain","None","None",NA,"NULL","NULL","","NULL","","NULL",35,NA,40.23274,-74.53676,"No","GUIDE WIRE: JCP&L 214 COOKSTOWN-NEWEYGPT RD WRIGHTSTOWN NJ AND FRONT YARD OF 325","537",481861.603436,509696.140299,NA,"DVRPC",0,"Pain",10057615
3451330,"20101112I-2010-013167","I-2010-013167",2010,"MERCER","Washington Twp  (Mercer Co)","2010-06-26","Saturday","June","00:56:00",1,"ROBBINSVILLE TWP PD","",0,0,0,0,0,"Property Damage","Not At Intersection","No","No","Animal",1,"ROUTE 526","South",526,"","00000526",10.14,"County","Straight and Level","Blacktop","Dry","Dark (No Street Lights)","Clear","NULL","None",NA,"NULL","NULL","","NULL","","NULL",45,NA,40.18127,-74.58931,"No","","537",467172.342235,490955.178561,NA,"DVRPC",0,"PDO",10144268
3451335,"20101112I-2010-013431","I-2010-013431",2010,"MERCER","Washington Twp  (Mercer Co)","2010-06-29","Tuesday","June","15:17:00",1,"ROBBINSVILLE TWP PD","",0,0,0,0,0,"Property Damage","Not At Intersection","No","No","Same Direction - Rear End",3,"US 130","South",130,"","00000130",62.5,"State Highway","Straight and Level","Blacktop","Dry","Daylight","Clear","Curbed Median","None",30,"Foot","North","ROUTE 526 / ROBBINSVILLE-ALLENTOWN","NULL","","NULL",55,35,40.21384,-74.62264,"No","","536",457874.33,502833.27,NA,"DVRPC",0,"PDO",10143876
3451337,"20101112I-2010-013478","I-2010-013478",2010,"MERCER","Washington Twp  (Mercer Co)","2010-06-30","Wednesday","June","08:37:00",1,"ROBBINSVILLE TWP PD","",0,0,0,0,0,"Property Damage","At Intersection","No","No","Same Direction - Rear End",2,"US 130","North",130,"","00000130",66.53,"State Highway","Straight and Level","Blacktop","Dry","Daylight","Clear","Grass Median","None",NA,"At","NULL","HANKINS RD","NULL","","NULL",55,NA,40.25058,-74.56383,"No","","539",474307.601094,516199.125615,NA,"DVRPC",0,"PDO",10144266
3451341,"20101112I-2010-013649","I-2010-013649",2010,"MERCER","Washington Twp  (Mercer Co)","2010-07-02","Friday","July","15:22:00",1,"ROBBINSVILLE TWP PD","",0,0,0,0,0,"Property Damage","Not At Intersection","No","No","Same Direction - Rear End",3,"ROUTE 526","East",526,"","00000526",6.86,"County","Straight and Level","Blacktop","Dry","Daylight","Clear","None","None",100,"Foot","West","US 130","NULL","","NULL",35,55,40.21486,-74.62211,"No","","533",458022.75627,503206.135175,NA,"DVRPC",0,"PDO",10163278
3451344,"20101112I-2010-013922","I-2010-013922",2010,"MERCER","Washington Twp  (Mercer Co)","2010-07-06","Tuesday","July","13:10:00",1,"ROBBINSVILLE TWP PD","",0,0,0,0,0,"Property Damage","Not At Intersection","No","No","Pedalcyclist",1,"ROUTE 526","East",526,"","00000526",10.14,"County","Straight and Level","Blacktop","Dry","Daylight","Clear","None","None",NA,"NULL","East","","NULL","","NULL",35,NA,40.18127,-74.58931,"No","","524",467172.342235,490955.178561,NA,"DVRPC",0,"PDO",10163849
3451346,"20101112I-2010-014104","I-2010-014104",2010,"MERCER","Washington Twp  (Mercer Co)","2010-07-08","Thursday","July","09:00:00",1,"ROBBINSVILLE TWP PD","",0,0,0,0,0,"Property Damage","At Intersection","No","No","Same Direction - Rear End",2,"ROUTE 526","East",526,"","00000526",6.88,"County","Curve and Level","Blacktop","Dry","Daylight","Clear","None","None",NA,"At","NULL","US 130","NULL","","NULL",35,55,40.21465,-74.62182,"No","","538",458103.89,503127.44,NA,"DVRPC",0,"PDO",10148102
3451347,"20101112I-2010-014208","I-2010-014208",2010,"MERCER","Washington Twp  (Mercer Co)","2010-07-09","Friday","July","13:34:00",1,"ROBBINSVILLE TWP PD","",0,0,0,0,0,"Property Damage","At Intersection","No","No","Same Direction - Rear End",2,"US 130","North",130,"","00000130",64.6,"State Highway","Straight and Level","Blacktop","Wet","Daylight","Rain","Grass Median","None",NA,"At","South","GORDON RD / MEADOW BROOK RD","NULL","","NULL",55,50,40.23297,-74.59199,"No","","534",466440.635036,509791.12666,NA,"DVRPC",0,"PDO",10144267
3451353,"20101112I-2010-014929","I-2010-014929",2010,"MERCER","Washington Twp  (Mercer Co)","2010-07-18","Sunday","July","13:50:00",1,"ROBBINSVILLE TWP PD","",0,0,0,0,0,"Property Damage","At Intersection","No","No","Same Direction - Rear End",2,"US 130","South",130,"","00000130",62.64,"State Highway","Straight and Level","Blacktop","Dry","Daylight","Clear","Grass Median","None",NA,"At","NULL","NJ 33","NULL","","NULL",55,45,40.21539,-74.62096,"No","","537",458345.133255,503397.444957,NA,"DVRPC",0,"PDO",10163856
3451355,"20101112I-2010-015163","I-2010-015163",2010,"MERCER","Washington Twp  (Mercer Co)","2010-07-21","Wednesday","July","17:03:00",1,"ROBBINSVILLE TWP PD","",0,0,0,0,0,"Property Damage","Not At Intersection","No","No","Same Direction - Side Swipe",2,"US 130","South",130,"","00000130",62.63,"State Highway","Straight and Level","Blacktop","Dry","Daylight","Clear","Curbed Median","None",30,"Foot","South","NJ 33","NULL","","NULL",55,45,40.21529,-74.62109,"No","","311",458308.21,503359.23,NA,"DVRPC",0,"PDO",10163850
3451358,"20101112I-2010-015515","I-2010-015515",2010,"MERCER","Washington Twp  (Mercer Co)","2010-07-26","Monday","July","12:02:00",1,"ROBBINSVILLE TWP PD","",0,0,0,0,0,"Property Damage","At Intersection","No","No","Same Direction - Rear End",2,"NJ 33","East",33,"","00000033",7.5,"State Highway","Straight and Level","Blacktop","Dry","Daylight","Clear","Painted Median","None",NA,"At","NULL","ROUTE 526 / ROBBINSVILLE-EDINBURG R","NULL","","NULL",45,35,40.21757,-74.62584,"No","","538",456983.379175,504192.156165,NA,"DVRPC",0,"PDO",10163853
3451362,"20101112I-2010-015947","I-2010-015947",2010,"MERCER","Washington Twp  (Mercer Co)","2010-07-30","Friday","July","21:09:00",1,"ROBBINSVILLE TWP PD","",0,0,0,0,0,"Property Damage","Not At Intersection","No","No","Same Direction - Side Swipe",2,"ROUTE 526","East",526,"","00000526",9.75,"County","Straight and Level","Blacktop","Dry","Dark (Street LIghts On/ spot)","Clear","None","None",106,"Foot","West","CIRCLE DR","NULL","","NULL",45,50,40.18602,-74.59294,"No","","536",466158.77,492689.15,NA,"DVRPC",0,"PDO",10179809
3451364,"20101112I-2010-016177","I-2010-016177",2010,"MERCER","Washington Twp  (Mercer Co)","2010-08-02","Monday","August","16:24:00",1,"ROBBINSVILLE TWP PD","",0,0,0,0,0,"Property Damage","At Intersection","No","No","Same Direction - Rear End",2,"NJ 33","NULL",33,"","00000033",6.98,"State Highway","Straight and Level","Blacktop","Dry","Daylight","Clear","None","None",NA,"At","NULL","WASHINGTON BLVD","NULL","","NULL",45,35,40.22066,-74.63481,"No","","529",454477.354103,505320.227785,NA,"DVRPC",0,"PDO",10179804
3451365,"20101112I-2010-016182","I-2010-016182",2010,"MERCER","Washington Twp  (Mercer Co)","2010-08-02","Monday","August","17:32:00",1,"ROBBINSVILLE TWP PD","",0,0,0,0,0,"Property Damage","At Intersection","No","No","Same Direction - Rear End",2,"US 130","North",130,"","00000130",66.53,"State Highway","Straight and Level","Blacktop","Dry","Daylight","Clear","None","None",NA,"At","NULL","","NULL","","NULL",55,NA,40.25058,-74.56383,"No","","539",474307.601094,516199.125615,NA,"DVRPC",0,"PDO",10179806
3451366,"20101112I-2010-016251","I-2010-016251",2010,"MERCER","Washington Twp  (Mercer Co)","2010-08-03","Tuesday","August","18:51:00",1,"ROBBINSVILLE TWP PD","",0,0,0,0,0,"Property Damage","At Intersection","No","No","Right Angle",2,"US 130","North",130,"","00000130",62.64,"State Highway","Straight and Level","Blacktop","Dry","Daylight","Clear","Grass Median","None",NA,"At","West","US 33 / ROUTE 526 / ROBBINSVILLE BY","NULL","","NULL",55,45,40.21539,-74.62096,"No","","534",458345.133255,503397.444957,NA,"DVRPC",0,"PDO",10179801
3451368,"20101112I-2010-016503","I-2010-016503",2010,"MERCER","Washington Twp  (Mercer Co)","2010-08-06","Friday","August","10:51:00",1,"ROBBINSVILLE TWP PD","",0,0,0,0,0,"Property Damage","Not At Intersection","No","No","Same Direction - Rear End",2,"US 130","South",130,"","00000130",62.5,"State Highway","Straight and Level","Blacktop","Dry","Daylight","Clear","Curbed Median","None",50,"Foot","North","ROUTE 526 / ROBBINSVILLE-ALLENTOWN","NULL","","NULL",55,25,40.21384,-74.62264,"No","","307",457874.33,502833.27,NA,"DVRPC",0,"PDO",10179957
3451370,"20101112I-2010-016557","I-2010-016557",2010,"MERCER","Washington Twp  (Mercer Co)","2010-08-06","Friday","August","17:56:00",1,"ROBBINSVILLE TWP PD","",0,0,0,0,0,"Property Damage","At Intersection","No","No","Same Direction - Rear End",2,"NJ 33","East",33,"","00000033",7.84,"State Highway","Straight and Level","Blacktop","Dry","Daylight","Clear","Painted Median","None",NA,"At","NULL","US 130","NULL","","NULL",45,55,40.2162,-74.61976,"No","","537",458671.73375,503686.779375,NA,"DVRPC",0,"PDO",10179802
3451372,"20101112I-2010-016747","I-2010-016747",2010,"MERCER","Washington Twp  (Mercer Co)","2010-08-09","Monday","August","15:41:00",1,"ROBBINSVILLE TWP PD","",0,0,1,0,0,"Injury","Not At Intersection","No","No","Opposite Direction - Head On/Angular",2,"ROUTE 526","West",526,"","00000526",8.57,"County","Straight and Level","Blacktop","Dry","Daylight","Clear","None","None",75,"Foot","South","SPRING GARDEN RD","NULL","","NULL",45,25,40.20009,-74.602,"No","","540",463645.86,497806,NA,"DVRPC",0,"Pain",10179952
3451373,"20101112I-2010-016749","I-2010-016749",2010,"MERCER","Washington Twp  (Mercer Co)","2010-08-09","Monday","August","16:01:00",1,"ROBBINSVILLE TWP PD","",0,0,0,0,0,"Property Damage","Not At Intersection","No","No","Same Direction - Rear End",2,"US 130","North",130,"","00000130",62.48,"State Highway","Straight and Level","Blacktop","Dry","Daylight","Clear","Curbed Median","None",30,"Foot","South","ROUTE 526 / ROBBINSVILLE-ALLENTOWN","NULL","","NULL",55,45,40.21361,-74.62288,"No","","531",457808.650876,502750.248307,NA,"DVRPC",0,"PDO",10179953
3451374,"20101112I-2010-016808","I-2010-016808",2010,"MERCER","Washington Twp  (Mercer Co)","2010-08-10","Tuesday","August","12:58:00",1,"ROBBINSVILLE TWP PD","",0,0,1,0,0,"Injury","Not At Intersection","No","No","Fixed Object",1,"US 130","North",130,"","00000130",62.39,"State Highway","Straight and Level","Blacktop","Dry","Daylight","Clear","Grass Median","None",528,"Foot","South","ROUTE 526 / ROBBINSVILLE-ALLENTOWN","NULL","","NULL",55,45,40.21262,-74.62401,"No","UTILITY POLE #WA60257 CURBING IN RUSSERTS DELI LOT","536",457492.981095,502391.138282,NA,"DVRPC",0,"Pain",10200575
3451375,"20101112I-2010-016810","I-2010-016810",2010,"MERCER","Washington Twp  (Mercer Co)","2010-08-10","Tuesday","August","13:38:00",1,"ROBBINSVILLE TWP PD","",0,0,0,0,0,"Property Damage","Not At Intersection","No","No","Same Direction - Rear End",2,"US 130","South",130,"","00000130",62.66,"State Highway","Straight and Level","Blacktop","Dry","Daylight","Clear","Curbed Median","None",100,"Foot","North","US 33 / ROUTE 526 / ROBBINSVILLE BY","NULL","","NULL",55,45,40.2156,-74.6207,"No","","540",458418.081097,503474.744202,NA,"DVRPC",0,"PDO",10179954
3451378,"20101112I-2010-017156","I-2010-017156",2010,"MERCER","Washington Twp  (Mercer Co)","2010-08-15","Sunday","August","11:15:00",1,"ROBBINSVILLE TWP PD","",0,0,0,0,0,"Property Damage","Not At Intersection","No","No","Same Direction - Rear End",2,"US 130","North",130,"","00000130",63.2,"State Highway","Curve and Hillcrest","Blacktop","Dry","Daylight","Clear","Grass Median","None",NA,"NULL","NULL","","NULL","","NULL",55,NA,40.22121,-74.61362,"No","","536",460397.142744,505515.919214,NA,"DVRPC",0,"PDO",10200574
3451379,"20101112I-2010-017160","I-2010-017160",2010,"MERCER","Washington Twp  (Mercer Co)","2010-08-15","Sunday","August","12:59:00",1,"ROBBINSVILLE TWP PD","",0,0,5,0,0,"Injury","At Intersection","No","No","Right Angle",3,"SHARON RD","South",NA,"","11121136",0.56,"Municipal","Curve and Level","Blacktop","Dry","Daylight","Clear","None","None",NA,"At","NULL","GORDON ROAD","NULL","","NULL",50,40,40.21583,-74.60853,"No","","536",461861.960834,503546.745067,NA,"DVRPC",0,"Pain",10200576
3451380,"20101112I-2010-017176","I-2010-017176",2010,"MERCER","Washington Twp  (Mercer Co)","2010-08-15","Sunday","August","21:25:00",1,"ROBBINSVILLE TWP PD","",0,0,0,0,0,"Property Damage","At Intersection","No","No","Same Direction - Rear End",2,"NJ 33","East",33,"","00000033",7.84,"State Highway","Straight and Level","Blacktop","Dry","Dark (Street LIghts On/ spot)","Clear","None","None",NA,"At","NULL","US 130","NULL","","NULL",45,55,40.2162,-74.61976,"No","","540",458671.73375,503686.779375,NA,"DVRPC",0,"PDO",10179951
3451384,"20101112I-2010-017349","I-2010-017349",2010,"MERCER","Washington Twp  (Mercer Co)","2010-08-18","Wednesday","August","19:34:00",1,"ROBBINSVILLE TWP PD","",0,0,0,0,0,"Property Damage","At Intersection","No","No","Same Direction - Rear End",2,"ROUTE 526","West",526,"","00000526",9.35,"County","Straight and Level","Blacktop","Dry","Dusk","Clear","None","None",NA,"At","NULL","I- 195","NULL","","NULL",45,65,40.19173,-74.59239,"No","","538",466315.658718,494765.145398,NA,"DVRPC",0,"PDO",10200579