"ID","DOT_WEB_ID","CASE_NUMBER","CRASH_YEAR","COUNTY","MUNICIPALITY","CRASH_DATE","CRASH_DAY_OF_WEEK","CRASH_MONTH","CRASH_TIME","POLICE_DEPT_CODE","POLICE_DEPARTMENT","POLICE_STATION","TOTAL_KILLED","TOTAL_INCAPACITATED","TOTAL_INJURED","PEDESTRIANS_KILLED","PEDESTRIANS_INJURED","SEVERITY","INTERSECTION","ALCOHOL_INVOLVED","HAZMAT_INVOLVED","CRASH_TYPE","TOTAL_VEHICLES_INVOLVED","CRASH_LOCATION","LOCATION_DIRECTION","ROUTE","ROUTE_SUFFIX","SRI","MILEPOST","ROAD_SYSTEM","ROAD_CHARACTER","ROAD_SURFACE_TYPE","SURFACE_CONDITION","LIGHT_CONDITION","ENVIRONMENTAL_CONDITION","ROAD_DIVIDED_BY","TEMP_TRAFFIC_CONTROL_ZONE","DISTANCE_TO_CROSS_STREET","UNIT_OF_MEASUREMENT","DIRECTION_FROM_CROSS_STREET","CROSS_STREET_NAME","IS_RAMP","RAMP_TO_FROM_ROUTE_NAME","RAMP_TO_FROM_ROUTE_DIRECTION","POSTED_SPEED","POSTED_SPEED_CROSS_STREET","LATITUDE","LONGITUDE","CELL_PHONE_IN_USE","OTHER_PROPERTY_DAMAGE","REPORTING_BADGE_NO","X","Y","CRASH_NARRATIVE","MPO","TOTAL_PEDESTRIANS_INVOLVED","EPDO","DLN"
3451386,"20101112I-2010-017516","I-2010-017516",2010,"MERCER","Washington Twp  (Mercer Co)","2010-08-21","Saturday","August","11:16:00",1,"ROBBINSVILLE TWP PD","",0,0,0,0,0,"Property Damage","Not At Intersection","No","No","Same Direction - Rear End",3,"NJ 33","West",33,"","00000033",6.99,"State Highway","Straight and Level","Blacktop","Dry","Daylight","Clear","None","None",60,"Foot","East","WASHINGTON BLVD","NULL","","NULL",45,35,40.2206,-74.63464,"No","","529",454525.671375,505298.642033,NA,"DVRPC",0,"PDO",10200580
3451390,"20101112I-2010-017854","I-2010-017854",2010,"MERCER","Washington Twp  (Mercer Co)","2010-08-26","Thursday","August","14:36:00",1,"ROBBINSVILLE TWP PD","",0,0,1,0,0,"Injury","Not At Intersection","No","No","Fixed Object",1,"US 130","North",130,"","00000130",65.3,"State Highway","Straight and Level","Blacktop","Dry","Daylight","Clear","NULL","None",NA,"NULL","North","","NULL","","NULL",55,NA,40.23901,-74.58135,"No","CALVARY LIGHTHOUSE HOUSE OF BLESSING CLOTHING BIN LOCATED 1299 RT 130 (SERVICED","531",469414.407057,511988.216721,NA,"DVRPC",0,"Pain",10200581
3451391,"20101112I-2010-018330","I-2010-018330",2010,"MERCER","Washington Twp  (Mercer Co)","2010-09-01","Wednesday","September","16:49:00",1,"ROBBINSVILLE TWP PD","",0,0,1,0,0,"Injury","Not At Intersection","No","No","Overturned",1,"ROUTE 526","East",526,"","00000526",7.14,"County","Curve and Hillcrest","Blacktop","Dry","Daylight","Clear","None","None",100,"Foot","East","SHARON RD U-TURN","NULL","","NULL",45,25,40.21534,-74.61798,"No","2 TREES-ROBBINSVILLE TOWNSHIP 1 WASHINGTON BLVD ROBBINSVILLE NJ 08691","538",459202.756358,503370.862439,NA,"DVRPC",0,"Pain",10200585
3451392,"20101112I-2010-018419","I-2010-018419",2010,"MERCER","Washington Twp  (Mercer Co)","2010-09-02","Thursday","September","20:25:00",1,"ROBBINSVILLE TWP PD","",0,0,0,0,0,"Property Damage","At Intersection","No","No","Opposite Direction - Side Swipe",2,"US 130","East",130,"","00000130",62.64,"State Highway","Straight and Level","Blacktop","Dry","Dark (Street Lights On/ continuous)","Clear","None","None",NA,"At","NULL","US 33 / ROUTE 526 / ROBBINSVILLE BY","NULL","","NULL",55,45,40.21539,-74.62096,"No","","540",458345.133255,503397.444957,NA,"DVRPC",0,"PDO",10200586
3451394,"20101112I-2010-018863","I-2010-018863",2010,"MERCER","Washington Twp  (Mercer Co)","2010-09-08","Wednesday","September","00:52:00",1,"ROBBINSVILLE TWP PD","",0,0,0,0,0,"Property Damage","Not At Intersection","No","No","Animal",1,"US 130","South",130,"","00000130",66.01,"State Highway","Straight and Level","Blacktop","Dry","Dark (Street LIghts On/ spot)","Clear","Grass Median","None",1056,"Foot","South","MAIN ST","NULL","","NULL",55,35,40.2457,-74.57126,"No","","536",472234.290061,514424.644601,NA,"DVRPC",0,"PDO",10200587
3451396,"20101112I-2010-018910","I-2010-018910",2010,"MERCER","Washington Twp  (Mercer Co)","2010-09-08","Wednesday","September","15:04:00",1,"ROBBINSVILLE TWP PD","",0,0,0,0,0,"Property Damage","At Intersection","No","No","Same Direction - Rear End",2,"US 130","South",130,"","00000130",62.64,"State Highway","Straight and Level","Blacktop","Dry","Daylight","Clear","Grass Median","None",NA,"At","NULL","US 33 / ROUTE 526 / ROBBINSVILLE BY","NULL","","NULL",55,45,40.21539,-74.62096,"No","","537",458345.133255,503397.444957,NA,"DVRPC",0,"PDO",10200590
3451484,"20101112I-2010-025491","I-2010-025491",2010,"MERCER","Washington Twp  (Mercer Co)","2010-12-14","Tuesday","December","17:20:00",1,"ROBBINSVILLE TWP PD","",0,0,0,0,0,"Property Damage","Not At Intersection","No","No","Same Direction - Side Swipe",2,"N MAIN ST","West",NA,"","11121044",1.11,"Municipal","Straight and Level","Blacktop","Dry","Dark (Street LIghts On/ spot)","Clear","Painted Median","None",200,"Foot","West","US 130","NULL","","NULL",35,55,40.24794,-74.56954,"No","NONE","536",472712.606136,515237.595398,NA,"DVRPC",0,"PDO",10295103
3451486,"20101112I-2010-025543","I-2010-025543",2010,"MERCER","Washington Twp  (Mercer Co)","2010-12-15","Wednesday","December","15:01:00",1,"ROBBINSVILLE TWP PD","",0,0,0,0,0,"Property Damage","At Intersection","No","No","Struck Parked Vehicle",2,"MERCER ST","West",NA,"","11031036",1.74,"Municipal","Straight and Level","Blacktop","Dry","Daylight","Clear","None","None",NA,"At","NULL","MOORESLEIGH WAY","NULL","","NULL",35,25,40.23053,-74.62903,"No","NONE","539",456098.630021,508915.729955,NA,"DVRPC",0,"PDO",10295209
3451494,"20101112I-2010-025812","I-2010-025812",2010,"MERCER","Washington Twp  (Mercer Co)","2010-12-20","Monday","December","08:07:00",1,"ROBBINSVILLE TWP PD","",0,0,0,0,0,"Property Damage","At Intersection","No","No","Opposite Direction - Side Swipe",2,"ROUTE 526","East",526,"","00000526",5.28,"County","Straight and Level","Blacktop","Dry","Daylight","Clear","None","None",NA,"At","NULL","BEECHWOOD DR / POND RD","NULL","","NULL",45,25,40.23483,-74.61619,"No","","537",459689.679967,510486.634582,NA,"DVRPC",0,"PDO",10295098
3451496,"20101112I-2010-025914","I-2010-025914",2010,"MERCER","Washington Twp  (Mercer Co)","2010-12-21","Tuesday","December","16:57:00",1,"ROBBINSVILLE TWP PD","",0,0,0,0,0,"Property Damage","Not At Intersection","No","No","Animal",1,"SHARON RD","West",NA,"","11121136",0,"Municipal","Straight and Level","Blacktop","Dry","Dusk","Clear","None","None",528,"Foot","West","SPRING GARDEN ROAD","NULL","","NULL",35,NA,40.21699,-74.61905,"No","","539",458946.22,503940.64,NA,"DVRPC",0,"PDO",10303618
3451500,"20101112I-2010-026024","I-2010-026024",2010,"MERCER","Washington Twp  (Mercer Co)","2010-12-23","Thursday","December","17:13:00",1,"ROBBINSVILLE TWP PD","",0,0,1,0,0,"Injury","Not At Intersection","No","No","Same Direction - Rear End",2,"NJ 33","West",33,"","00000033",7.03,"State Highway","Straight and Level","Blacktop","Dry","Dark (Street LIghts On/ spot)","Clear","None","None",250,"Foot","East","WASHINGTON BLVD","NULL","","NULL",45,35,40.22036,-74.63396,"No","","538",454718.947376,505212.295937,NA,"DVRPC",0,"Pain",10303616
3451502,"20101112I-2010-026072","I-2010-026072",2010,"MERCER","Washington Twp  (Mercer Co)","2010-12-24","Friday","December","11:47:00",1,"ROBBINSVILLE TWP PD","",0,0,1,0,0,"Injury","Not At Intersection","No","No","Same Direction - Rear End",2,"US 130","South",130,"","00000130",66.22,"State Highway","Straight and Level","Blacktop","Dry","Daylight","Clear","Curbed Median","None",50,"Foot","North","MAIN ST","NULL","","NULL",55,35,40.24796,-74.56859,"No","","541",472979.89205,515247.05567,NA,"DVRPC",0,"Pain",10303622
3451504,"20101112I-2010-026144","I-2010-026144",2010,"MERCER","Washington Twp  (Mercer Co)","2010-12-26","Sunday","December","13:13:00",1,"ROBBINSVILLE TWP PD","",0,0,0,0,0,"Property Damage","Not At Intersection","No","No","Fixed Object",1,"US 130","South",130,"","00000130",62.8,"State Highway","Straight and Level","Blacktop","Icy","Daylight","Snow","Grass Median","None",NA,"NULL","NULL","","NULL","","NULL",55,NA,40.21696,-74.61873,"No","UTLITY POLE-JCP&L (WA30027)","541",458968.907552,503969.188694,NA,"DVRPC",0,"PDO",10303623
3451506,"20101112I-2010-026147","I-2010-026147",2010,"MERCER","Washington Twp  (Mercer Co)","2010-12-26","Sunday","December","16:24:00",1,"ROBBINSVILLE TWP PD","",0,0,0,0,0,"Property Damage","Not At Intersection","No","No","Other",1,"US 130","North",130,"","00000130",63.2,"State Highway","Straight and Level","Blacktop","Snowy","Daylight","Snow","Grass Median","None",NA,"NULL","NULL","","NULL","","NULL",55,NA,40.22121,-74.61362,"No","","537",460397.142744,505515.919214,NA,"DVRPC",0,"PDO",10303620
3451508,"20101112I-2010-026216","I-2010-026216",2010,"MERCER","Washington Twp  (Mercer Co)","2010-12-27","Monday","December","15:38:00",1,"ROBBINSVILLE TWP PD","",0,0,0,0,0,"Property Damage","At Intersection","No","No","Same Direction - Side Swipe",2,"ROUTE 526","East",526,"","00000526",9.35,"County","Curve and Grade","Blacktop","Snowy","Daylight","Snow","None","Construction Zone",NA,"At","NULL","I- 195","NULL","","NULL",45,65,40.19173,-74.59239,"No","","538",466315.658718,494765.145398,NA,"DVRPC",0,"PDO",10303615
3451512,"20101112I-2010-026354","I-2010-026354",2010,"MERCER","Washington Twp  (Mercer Co)","2010-12-30","Thursday","December","11:07:00",1,"ROBBINSVILLE TWP PD","",0,0,0,0,0,"Property Damage","Not At Intersection","No","No","Same Direction - Rear End",2,"NJ 33","West",33,"","00000033",6.99,"State Highway","Straight and Level","Blacktop","Dry","Daylight","Clear","None","None",50,"Foot","East","WASHINGTON BLVD","NULL","","NULL",45,35,40.2206,-74.63464,"No","","540",454525.671375,505298.642033,NA,"DVRPC",0,"PDO",10303621
3451513,"20101112I-2010-026421","I-2010-026421",2010,"MERCER","Washington Twp  (Mercer Co)","2010-12-31","Friday","December","16:44:00",1,"ROBBINSVILLE TWP PD","",0,0,0,0,0,"Property Damage","Not At Intersection","No","No","Non-fixed Object",1,"US 130","North",130,"","00000130",63.2,"State Highway","Curve and Hillcrest","Blacktop","Dry","Dusk","Clear","Grass Median","None",NA,"NULL","NULL","","NULL","","NULL",55,NA,40.22121,-74.61362,"No","NONE","519",460397.142744,505515.919214,NA,"DVRPC",0,"PDO",10295101
3451516,"20101112I-?010-000477","I-?010-000477",2010,"MERCER","Washington Twp  (Mercer Co)","2010-01-08","Friday","January","07:41:00",1,"ROBBINSVILLE TWP PD","",0,0,0,0,0,"Property Damage","Not At Intersection","No","No","Fixed Object",1,"ROUTE 526","West",526,"","00000526",9.15,"County","Curve and Level","Blacktop","Icy","Daylight","Snow","Painted Median","None",100,"Foot","East","WEST MANOR WAY","NULL","","NULL",45,50,40.19426,-74.59415,"No","","541",465822.83,495693.06,NA,"DVRPC",0,"PDO",10002036
3451517,"20101112I201000782","I201000782",2010,"MERCER","Washington Twp  (Mercer Co)","2010-01-13","Wednesday","January","14:35:00",1,"ROBBINSVILLE TWP PD","",0,0,0,0,0,"Property Damage","Not At Intersection","No","No","Right Angle",2,"NJ 33","East",33,"","00000033",7.84,"State Highway","Straight and Level","Blacktop","Dry","Daylight","Clear","Painted Median","None",NA,"NULL","NULL","","NULL","","NULL",45,NA,40.2162,-74.61976,"No","","538",458671.73375,503686.779375,NA,"DVRPC",0,"PDO",10005000
3451566,"2010111310-1336","10-1336",2010,"MERCER","West Windsor Township","2010-01-14","Thursday","January","06:35:00",1,"WEST WINDSOR TWP PD","10-1336",0,0,0,0,0,"Property Damage","Not At Intersection","No","No","Non-fixed Object",4,"US 1","South",1,"","00000001",10.89,"State Highway","Straight and Grade","Blacktop","Dry","Dawn","Clear","Barrier Median","None",150,"Foot","North","ALEXANDER RD","NULL","","NULL",55,40,40.32774,-74.64249,"No","","563",452399.082174,544332.152989,NA,"DVRPC",0,"PDO",10011329
3451622,"2010111310-18136","10-18136",2010,"MERCER","West Windsor Township","2010-06-17","Thursday","June","18:52:00",1,"WEST WINDSOR TWP PD","2010-18136",0,0,0,0,0,"Property Damage","At Intersection","No","No","Opposite Direction - Side Swipe",2,"ROUTE 571","South",571,"","00000571",38.08,"County","Straight and Level","Blacktop","Dry","Daylight","Clear","None","None",NA,"At","NULL","SOUTHFIELD RD","NULL","","NULL",50,45,40.29086,-74.58285,"No","","579",469013.114778,530875.084541,NA,"DVRPC",0,"PDO",10141601
3451623,"2010111310-1815","10-1815",2010,"MERCER","West Windsor Township","2010-01-18","Monday","January","23:30:00",1,"WEST WINDSOR TWP PD","2010-1815",0,0,0,0,0,"Property Damage","Not At Intersection","Yes","No","Fixed Object",1,"N POST RD","South",NA,"","11131420",1.23,"Municipal","Straight and Level","Blacktop","Dry","Dark (No Street Lights)","Clear","None","None",1320,"Foot","South","CLARKSVILLE RD.","NULL","","NULL",35,45,40.30059,-74.63272,"No","275 NORTH POST RD:DAMAGE TO MAILBOX AND LANDSCAPING. WEST WINDSOR TWP:DAMAGE TO","582",455106.693624,534436.235673,NA,"DVRPC",0,"PDO",10006265
3451627,"2010111310-18528","10-18528",2010,"MERCER","West Windsor Township","2010-06-21","Monday","June","18:07:00",1,"WEST WINDSOR TWP PD","2010-18528",0,0,0,0,0,"Property Damage","Not At Intersection","No","No","Same Direction - Rear End",2,"US 1","North",1,"","00000001",10.77,"State Highway","Straight and Level","Blacktop","Dry","Daylight","Clear","Barrier Median","None",500,"Foot","South","ALEXANDER RD","NULL","","NULL",55,40,40.32646,-74.64401,"No","","588",451974.102668,543865.724464,NA,"DVRPC",0,"PDO",10139728
3451628,"2010111310-18703","10-18703",2010,"MERCER","West Windsor Township","2010-06-23","Wednesday","June","12:00:00",1,"WEST WINDSOR TWP PD","2010-18103",0,0,0,0,0,"Property Damage","Not At Intersection","No","No","Same Direction - Rear End",2,"US 1","South",1,"","00000001",11.4,"State Highway","Straight and Level","Blacktop","Dry","Daylight","Clear","Barrier Median","None",100,"Foot","North","FISHER PL","NULL","","NULL",55,25,40.33315,-74.6359,"No","","568",454238.430481,546300.883304,NA,"DVRPC",0,"PDO",10139776
3451631,"2010111310-1908","10-1908",2010,"MERCER","West Windsor Township","2010-01-19","Tuesday","January","17:48:00",1,"WEST WINDSOR TWP PD","2010-1908",0,0,1,0,0,"Injury","Not At Intersection","No","No","Same Direction - Rear End",2,"VILLAGE RD W.","West",NA,"","11131141",0.04,"Municipal","Straight and Level","Blacktop","Dry","Dark (No Street Lights)","Clear","None","None",200,"Foot","East","CR 533","NULL","","NULL",45,50,40.27791,-74.66924,"No","","582",444905.168565,526194.952284,NA,"DVRPC",0,"Pain",10006267
3451633,"2010111310-19200","10-19200",2010,"MERCER","West Windsor Township","2010-06-29","Tuesday","June","10:36:00",1,"WEST WINDSOR TWP PD","2010-19200",0,0,0,0,0,"Property Damage","At Intersection","No","No","Same Direction - Rear End",2,"US 1","South",1,"","00000001",11.27,"State Highway","Curve and Level","Blacktop","Dry","Daylight","Clear","Barrier Median","None",NA,"At","NULL","ROUTE 571 / WASHINGTON RD","NULL","","NULL",55,50,40.33177,-74.63757,"No","NONE","577",453772.450773,545796.383177,NA,"DVRPC",0,"PDO",10139725
3451644,"2010111310-20290","10-20290",2010,"MERCER","West Windsor Township","2010-07-10","Saturday","July","08:06:00",1,"WEST WINDSOR TWP PD","2010-20290",0,0,0,0,0,"Property Damage","At Intersection","No","No","Right Angle",2,"ROUTE 526","North",526,"","00000526",3.42,"County","Straight and Level","Blacktop","Dry","Daylight","Overcast","None","None",NA,"At","NULL","ROUTE 535 / CR 641 / OLD TRENTON RD","NULL","","NULL",45,35,40.25851,-74.61594,"No","","428",459754.711027,519143.876874,NA,"DVRPC",0,"PDO",10150498
3451647,"2010111310-20496","10-20496",2010,"MERCER","West Windsor Township","2010-07-12","Monday","July","15:01:00",1,"WEST WINDSOR TWP PD","2010-20496",0,0,0,0,0,"Property Damage","Not At Intersection","No","No","Same Direction - Rear End",2,"ROUTE 535","South",535,"","00000535",7.62,"County","Straight and Level","Blacktop","Dry","Daylight","Clear","None","None",5,"Foot","North","ROUTE 526 / CR 641 / EDINBURG RD","NULL","","NULL",35,45,40.25851,-74.61594,"No","","568",459767.1,519102.11,NA,"DVRPC",0,"PDO",10141520
3451649,"2010111310-20789","10-20789",2010,"MERCER","West Windsor Township","2010-07-15","Thursday","July","13:22:00",1,"WEST WINDSOR TWP PD","2010-20789",0,0,0,0,0,"Property Damage","At Intersection","No","No","Fixed Object",1,"ROUTE 533","West",533,"","00000533",6.58,"County","Straight and Grade","Blacktop","Dry","Daylight","Clear","Barrier Median","None",NA,"At","NULL","LAWRENCE SQ. BLVD / VILLAGE RD W","NULL","","NULL",50,45,40.27765,-74.66983,"No","MERCER COUNTY DEPT OF TRANSPORTATION-SEE NARRATIVE","537",444741.76,526097.38,NA,"DVRPC",0,"PDO",10151824
3451650,"2010111310-20812","10-20812",2010,"MERCER","West Windsor Township","2010-07-15","Thursday","July","17:09:00",1,"WEST WINDSOR TWP PD","2010-20812",0,0,0,0,0,"Property Damage","Not At Intersection","No","No","Same Direction - Rear End",2,"US 1","South",1,"","00000001",9.44,"State Highway","Curve and Level","Blacktop","Dry","Daylight","Clear","Barrier Median","None",200,"Foot","NULL","","From","MEADOW ROAD","West Bound",55,NA,40.3123,-74.66109,"No","","588",447202.661398,538717.003984,NA,"DVRPC",0,"PDO",10150501
3451651,"2010111310-20820","10-20820",2010,"MERCER","West Windsor Township","2010-07-15","Thursday","July","19:12:00",1,"WEST WINDSOR TWP PD","2010-20820",0,0,0,0,0,"Property Damage","Not At Intersection","No","No","Same Direction - Rear End",2,"US 1","North",1,"","00000001",9.44,"State Highway","Curve and Level","Blacktop","Dry","Dusk","Clear","Barrier Median","None",10,"Foot","NULL","","To","MEADOW ROAD","West Bound",55,NA,40.3123,-74.66109,"No","","588",447202.661398,538717.003984,NA,"DVRPC",0,"PDO",10150500
3451653,"2010111310-20880","10-20880",2010,"MERCER","West Windsor Township","2010-07-16","Friday","July","07:00:00",1,"WEST WINDSOR TWP PD","2010-20880",0,0,0,0,0,"Property Damage","Not At Intersection","No","No","Same Direction - Rear End",2,"US 1","South",1,"","00000001",11.85,"State Highway","Straight at Hillcrest","Blacktop","Dry","Daylight","Clear","Barrier Median","Construction Zone",100,"Foot","North","CR 629 / HARRISON ST","NULL","","NULL",55,35,40.33794,-74.63012,"No","","555",455851.514912,548043.244428,NA,"DVRPC",0,"PDO",10150497
3451654,"2010111310-20967","10-20967",2010,"MERCER","West Windsor Township","2010-07-16","Friday","July","15:57:00",1,"WEST WINDSOR TWP PD","2010-20917",0,0,0,0,0,"Property Damage","Not At Intersection","No","No","Same Direction - Rear End",2,"ROUTE 535","South",535,"","00000535",10.51,"County","Straight and Level","Blacktop","Dry","Daylight","Clear","None","None",500,"Foot","North","DORCHESTER DR","NULL","","NULL",50,30,40.28137,-74.57006,"No","","555",472577.994669,527416.960629,NA,"DVRPC",0,"PDO",10162442
3451656,"2010111310-2114","10-2114",2010,"MERCER","West Windsor Township","2010-01-21","Thursday","January","17:39:00",1,"WEST WINDSOR TWP PD","2010-2114",0,0,0,0,0,"Property Damage","At Intersection","No","No","Left Turn / U Turn",2,"ROUTE 571","East",571,"","00000571",38.81,"County","Straight and Level","Blacktop","Dry","NULL","Clear","None","None",NA,"At","NULL","LANWIN BLVD / RABBIT HILL RD","NULL","","NULL",50,35,40.29534,-74.59514,"No","","428",465585.775926,532512.700396,NA,"DVRPC",0,"PDO",10006272
3451658,"2010111310-21506","10-21506",2010,"MERCER","West Windsor Township","2010-07-23","Friday","July","17:28:00",1,"WEST WINDSOR TWP PD","2010-21506",0,0,1,0,0,"Injury","Not At Intersection","No","No","Same Direction - Rear End",2,"N POST RD","South",NA,"","11131420",0,"Municipal","Straight and Level","Blacktop","Dry","Daylight","Clear","None","None",10,"Foot","North","VILLAGE ROAD WEST","NULL","","NULL",40,45,40.28305,-74.6371,"No","","588",453875.43,528051.64,NA,"DVRPC",0,"Pain",10163813
3451660,"2010111310-22164","10-22164",2010,"MERCER","West Windsor Township","2010-07-31","Saturday","July","08:01:00",1,"WEST WINDSOR TWP PD","2010-22164",0,0,0,0,0,"Property Damage","At Intersection","No","No","Same Direction - Rear End",2,"ROUTE 533","West",533,"","00000533",8.41,"County","Straight and Level","Blacktop","Dry","Daylight","Clear","Curbed Median","None",NA,"At","NULL","NASSAU PARK BLVD.","NULL","","NULL",50,35,40.30181,-74.68284,"No","","567",441129.917246,534907.500039,NA,"DVRPC",0,"PDO",10163803
3451666,"2010111310-22504","10-22504",2010,"MERCER","West Windsor Township","2010-08-03","Tuesday","August","20:38:00",1,"WEST WINDSOR TWP PD","2010-22504",0,0,0,0,0,"Property Damage","Not At Intersection","No","No","Fixed Object",1,"MERCER COUNTY 638","East",638,"","11000638",3.13,"County","Straight and Level","Blacktop","Dry","Dark (Street Lights On/ continuous)","Clear","None","Construction Zone",5,"Foot","East","HEREFORD DR.","NULL","","NULL",35,25,40.30623,-74.62381,"No","PSEG UTILITY POLE #60058","579",453667.46341,534671.522728,NA,"DVRPC",0,"PDO",10163809
3451668,"2010111310-22640","10-22640",2010,"MERCER","West Windsor Township","2010-08-05","Thursday","August","09:07:00",1,"WEST WINDSOR TWP PD","10-22640",0,0,0,0,0,"Property Damage","Not At Intersection","No","No","Same Direction - Rear End",2,"ROUTE 571","West",571,"","00000571",42.4,"County","Straight and Level","Blacktop","Dry","Daylight","Clear","None","None",100,"Foot","East","US 1","NULL","","NULL",40,55,40.33174,-74.63803,"No","","563",453643.23,545786.98,NA,"DVRPC",0,"PDO",10172414
3451669,"2010111310-22676","10-22676",2010,"MERCER","West Windsor Township","2010-08-05","Thursday","August","16:58:00",1,"WEST WINDSOR TWP PD","10-22676",0,0,0,0,0,"Property Damage","Not At Intersection","No","No","Same Direction - Rear End",2,"US 1","North",1,"","00000001",10.84,"State Highway","Straight and Level","Blacktop","Dry","Daylight","Clear","Barrier Median","None",100,"Foot","South","ALEXANDER RD","NULL","","NULL",55,40,40.32721,-74.64312,"No","","563",452223.449239,544138.465714,NA,"DVRPC",0,"PDO",10172403
3451670,"2010111310-23000","10-23000",2010,"MERCER","West Windsor Township","2010-08-08","Sunday","August","18:57:00",1,"WEST WINDSOR TWP PD","2010-23000",0,0,3,0,0,"Injury","Not At Intersection","Yes","No","Same Direction - Rear End",2,"US 1","North",1,"","00000001",10,"State Highway","Straight and Level","Blacktop","Dry","Dusk","Clear","Barrier Median","None",10,"Foot","South","CARNEGIE CENTER","NULL","","NULL",55,35,40.31826,-74.65391,"No","","588",449202.93,540874.73,NA,"DVRPC",0,"Pain",10172401
3451671,"2010111310-23396","10-23396",2010,"MERCER","West Windsor Township","2010-08-13","Friday","August","11:03:00",1,"WEST WINDSOR TWP PD","2010-23396",0,0,0,0,0,"Property Damage","At Intersection","No","No","Same Direction - Rear End",2,"US 1","South",1,"","00000001",11.27,"State Highway","Straight and Level","Blacktop","Dry","Daylight","Clear","Barrier Median","None",NA,"At","NULL","ROUTE 571 / WASHINGTON RD","NULL","","NULL",55,50,40.33177,-74.63757,"No","","567",453772.450773,545796.383177,NA,"DVRPC",0,"PDO",10180557
3451673,"2010111310-23410","10-23410",2010,"MERCER","West Windsor Township","2010-08-13","Friday","August","15:40:00",1,"WEST WINDSOR TWP PD","10-23410",0,0,0,0,0,"Property Damage","Not At Intersection","No","No","Same Direction - Rear End",2,"US 1","North",1,"","00000001",11.39,"State Highway","Straight and Level","Blacktop","Dry","Daylight","Clear","Barrier Median","None",50,"Foot","North","FISHER PL","NULL","","NULL",55,25,40.33305,-74.63603,"No","","563",454202.704627,546262.034126,NA,"DVRPC",0,"PDO",10180559
3451678,"2010111310-23722","10-23722",2010,"MERCER","West Windsor Township","2010-08-17","Tuesday","August","17:03:00",1,"WEST WINDSOR TWP PD","2010-23722",0,0,2,0,0,"Injury","Not At Intersection","No","No","Same Direction - Rear End",3,"US 1","North",1,"","00000001",11.4,"State Highway","Straight and Level","Blacktop","Dry","Daylight","Clear","Barrier Median","None",100,"Foot","North","FISHER PL","NULL","","NULL",55,25,40.33315,-74.6359,"No","","579",454238.430481,546300.883304,NA,"DVRPC",0,"Moderate Injury",10180566
3451681,"2010111310-23882","10-23882",2010,"MERCER","West Windsor Township","2010-08-19","Thursday","August","11:59:00",1,"WEST WINDSOR TWP PD","2010-23882",0,0,0,0,0,"Property Damage","At Intersection","No","No","Same Direction - Side Swipe",2,"US 1","North",1,"","00000001",8.1,"State Highway","Straight at Hillcrest","Concrete","Dry","Daylight","Clear","Curbed Median","None",NA,"At","NULL","ROUTE 533 / QUAKER BRIDGE RD / PROV","NULL","","NULL",55,50,40.29805,-74.67832,"No","","555",442388.675776,533533.525441,NA,"DVRPC",0,"PDO",10180602
3451685,"2010111310-24637","10-24637",2010,"MERCER","West Windsor Township","2010-08-27","Friday","August","11:36:00",1,"WEST WINDSOR TWP PD","2010-24637",0,0,0,0,0,"Property Damage","Not At Intersection","No","No","Same Direction - Rear End",2,"ROUTE 533","East",533,"","00000533",8.22,"County","Straight and Level","Blacktop","Dry","Daylight","Clear","Barrier Median","None",100,"Foot","East","MALL RD","NULL","","NULL",50,NA,40.29963,-74.6807,"No","","555",441724.822593,534111.884624,NA,"DVRPC",0,"PDO",10188572
3451688,"2010111310-24903","10-24903",2010,"MERCER","West Windsor Township","2010-08-30","Monday","August","20:35:00",1,"WEST WINDSOR TWP PD","2010-24903",0,0,0,0,0,"Property Damage","Not At Intersection","No","No","Same Direction - Rear End",2,"US 1","North",1,"","00000001",8.29,"State Highway","Straight and Level","Blacktop","Dry","Dark (Street Lights On/ continuous)","Clear","Barrier Median","Construction Zone",1000,"Foot","North","ROUTE 533 / QUAKER BRIDGE RD / PROV","NULL","","NULL",55,50,40.30006,-74.67589,"No","","588",443068.257624,534266.387309,NA,"DVRPC",0,"PDO",10188564
3451690,"2010111310-25123","10-25123",2010,"MERCER","West Windsor Township","2010-09-01","Wednesday","September","14:04:00",1,"WEST WINDSOR TWP PD","2010-25123",0,0,0,0,0,"Property Damage","Not At Intersection","No","No","Same Direction - Rear End",2,"MERCER COUNTY 629","West",629,"","11000629",1.13,"County","Straight and Level","Blacktop","Dry","Daylight","Clear","Barrier Median","None",15,"Foot","East","US 1","NULL","","NULL",35,55,40.3373,-74.63091,"No","","561",455631.81,547808.5,NA,"DVRPC",0,"PDO",10188813
3451692,"2010111310-25599","10-25599",2010,"MERCER","West Windsor Township","2010-09-07","Tuesday","September","05:37:00",1,"WEST WINDSOR TWP PD","2010-25599",0,0,2,0,0,"Injury","At Intersection","No","No","Right Angle",2,"US 1","North",1,"","00000001",11.27,"State Highway","Straight and Level","Blacktop","Dry","Dark (Street LIghts On/ spot)","Clear","Barrier Median","None",NA,"At","NULL","ROUTE 571 / WASHINGTON RD","NULL","","NULL",55,40,40.33177,-74.63757,"No","STATE HIGHWAY TRAFFIC SIGN KNOCKED OVER","567",453772.450773,545796.383177,NA,"DVRPC",0,"Moderate Injury",10194366