"ID","DOT_WEB_ID","CASE_NUMBER","CRASH_YEAR","COUNTY","MUNICIPALITY","CRASH_DATE","CRASH_DAY_OF_WEEK","CRASH_MONTH","CRASH_TIME","POLICE_DEPT_CODE","POLICE_DEPARTMENT","POLICE_STATION","TOTAL_KILLED","TOTAL_INCAPACITATED","TOTAL_INJURED","PEDESTRIANS_KILLED","PEDESTRIANS_INJURED","SEVERITY","INTERSECTION","ALCOHOL_INVOLVED","HAZMAT_INVOLVED","CRASH_TYPE","TOTAL_VEHICLES_INVOLVED","CRASH_LOCATION","LOCATION_DIRECTION","ROUTE","ROUTE_SUFFIX","SRI","MILEPOST","ROAD_SYSTEM","ROAD_CHARACTER","ROAD_SURFACE_TYPE","SURFACE_CONDITION","LIGHT_CONDITION","ENVIRONMENTAL_CONDITION","ROAD_DIVIDED_BY","TEMP_TRAFFIC_CONTROL_ZONE","DISTANCE_TO_CROSS_STREET","UNIT_OF_MEASUREMENT","DIRECTION_FROM_CROSS_STREET","CROSS_STREET_NAME","IS_RAMP","RAMP_TO_FROM_ROUTE_NAME","RAMP_TO_FROM_ROUTE_DIRECTION","POSTED_SPEED","POSTED_SPEED_CROSS_STREET","LATITUDE","LONGITUDE","CELL_PHONE_IN_USE","OTHER_PROPERTY_DAMAGE","REPORTING_BADGE_NO","X","Y","CRASH_NARRATIVE","MPO","TOTAL_PEDESTRIANS_INVOLVED","EPDO","DLN"
3451996,"201011132010-09129","2010-09129",2010,"MERCER","West Windsor Township","2010-03-30","Tuesday","March","08:28:00",1,"WEST WINDSOR TWP PD","2010-09129",0,0,1,0,0,"Injury","Not At Intersection","No","No","Same Direction - Rear End",2,"US 1","North",1,"","00000001",8.9,"State Highway","Straight and Level","Blacktop","Wet","Daylight","Rain","Barrier Median","None",4224,"Foot","North","ROUTE 533 / QUAKER BRIDGE RD / PROV","NULL","","NULL",55,50,40.30656,-74.66805,"No","","571",445259.173789,536629.989093,NA,"DVRPC",0,"Pain",10062820
3451997,"201011132010-09160","2010-09160",2010,"MERCER","West Windsor Township","2010-03-30","Tuesday","March","12:46:00",1,"WEST WINDSOR TWP PD","2010-09160",0,0,0,0,0,"Property Damage","Not At Intersection","No","No","Same Direction - Side Swipe",2,"US 1","North",1,"","00000001",11.06,"State Highway","Straight and Grade","Blacktop","Wet","Daylight","Rain","Barrier Median","None",1056,"Foot","North","ALEXANDER RD","NULL","","NULL",55,40,40.32956,-74.64031,"No","","571",453008.628245,544993.785794,NA,"DVRPC",0,"PDO",10062821
3452026,"201011132010-10933","2010-10933",2010,"MERCER","West Windsor Township","2010-04-15","Thursday","April","14:49:00",1,"WEST WINDSOR TWP PD","2010-10933",0,0,0,0,0,"Property Damage","Not At Intersection","No","No","Same Direction - Side Swipe",2,"MERCER COUNTY 638","North",638,"","11000638",2.65,"County","Straight and Level","Blacktop","Dry","Daylight","Clear","None","None",40,"Foot","South","NORTH POST RD","NULL","","NULL",45,35,40.30416,-74.63237,"No","NONE","550",451606.470404,533175.440293,NA,"DVRPC",0,"PDO",10074460
3452036,"201011132010-1164","2010-1164",2010,"MERCER","West Windsor Township","2010-01-12","Tuesday","January","11:50:00",1,"WEST WINDSOR TWP PD","2010-1164",0,0,0,0,0,"Property Damage","Not At Intersection","No","No","Same Direction - Rear End",2,"ROUTE 533","West",533,"","00000533",7.09,"County","Straight and Level","Blacktop","Dry","Daylight","Clear","Curbed Median","None",150,"Foot","West","AVALON WAY","NULL","","NULL",50,25,40.28442,-74.67355,"No","NONE","427",443708.188197,528566.583612,NA,"DVRPC",0,"PDO",10003753
3452053,"201011132010-1226","2010-1226",2010,"MERCER","West Windsor Township","2010-01-13","Wednesday","January","07:35:00",1,"WEST WINDSOR TWP PD","2010-1226",0,0,0,0,0,"Property Damage","Not At Intersection","No","No","Same Direction - Rear End",2,"US 1","South",1,"","00000001",11.44,"State Highway","Straight and Level","Blacktop","Dry","Daylight","Clear","Barrier Median","None",300,"Foot","North","FISHER PL","NULL","","NULL",55,25,40.33358,-74.63539,"No","","427",454380.576991,546456.992415,NA,"DVRPC",0,"PDO",10003755
3452093,"201011132010-1368","2010-1368",2010,"MERCER","West Windsor Township","2010-01-14","Thursday","January","12:15:00",1,"WEST WINDSOR TWP PD","2010-1368",0,0,0,0,0,"Property Damage","Not At Intersection","No","No","Same Direction - Side Swipe",2,"MILLSTONE RD","South",NA,"","11131418",0,"Municipal","Straight and Level","Blacktop","Dry","Daylight","Clear","Curbed Median","None",15,"Foot","North","CRANBURY ROAD","NULL","","NULL",35,25,40.3158,-74.60864,"No","","427",461830.99,539969.1,NA,"DVRPC",0,"PDO",10003759
3452094,"201011132010-1374","2010-1374",2010,"MERCER","West Windsor Township","2010-01-14","Thursday","January","14:07:00",1,"WEST WINDSOR TWP PD","2010-1374",0,0,0,0,0,"Property Damage","Not At Intersection","No","No","Same Direction - Rear End",2,"US 1","South",1,"","00000001",10.01,"State Highway","Straight and Level","Blacktop","Dry","Daylight","Clear","Barrier Median","None",75,"Foot","North","CARNEGIE CENTER","NULL","","NULL",55,35,40.31836,-74.65378,"No","NONE.","427",449245.821344,540921.000356,NA,"DVRPC",0,"PDO",10003760
3452115,"201011132010-1477","2010-1477",2010,"MERCER","West Windsor Township","2010-01-15","Friday","January","16:26:00",1,"WEST WINDSOR TWP PD","2010-1477",0,0,0,0,0,"Property Damage","Not At Intersection","No","No","Same Direction - Rear End",2,"US 1","South",1,"","00000001",10.5,"State Highway","Straight and Level","Blacktop","Dry","Daylight","Clear","Barrier Median","None",NA,"Foot","North","CARNEGIE CENTER","NULL","","NULL",55,35,40.32358,-74.64746,"No","","578",451009.399026,542816.960474,NA,"DVRPC",0,"PDO",10003764
3452131,"201011132010-1566","2010-1566",2010,"MERCER","West Windsor Township","2010-01-16","Saturday","January","14:55:00",1,"WEST WINDSOR TWP PD","2010-1566",0,0,0,0,0,"Property Damage","Not At Intersection","No","No","Fixed Object",1,"ROUTE 571","East",571,"","00000571",39.82,"County","Straight and Level","Blacktop","Dry","Daylight","Clear","None","None",100,"Foot","East","ROUTE 526 / S MILL RD","NULL","","NULL",45,35,40.30354,-74.6107,"No","#3 SOUTH MILL RD-REV DONNA BEVENSEE 1-609-799-1073-SEVERAL SECTIONS OF FENCE ME?","550",461251.712849,535503.237288,NA,"DVRPC",0,"PDO",10003768
3452163,"201011132010-17312","2010-17312",2010,"MERCER","West Windsor Township","2010-06-09","Wednesday","June","18:11:00",1,"WEST WINDSOR TWP PD","2010-17312",0,0,0,0,0,"Property Damage","Not At Intersection","No","No","Same Direction - Rear End",2,"NJ 64","West",64,"","00000064",0.32,"State Highway","Curve and Grade","Blacktop","Wet","Daylight","Rain","Curbed Median","None",20,"Foot","East","CR 571 WASHINGTON ROAD","NULL","","NULL",40,40,40.32002,-74.62339,"No","","575",457720.85,541513.09,NA,"DVRPC",0,"PDO",10172418
3452170,"201011132010-1756","2010-1756",2010,"MERCER","West Windsor Township","2010-01-18","Monday","January","15:00:00",1,"WEST WINDSOR TWP PD","2010-1756",0,0,2,0,0,"Injury","At Intersection","No","No","Same Direction - Rear End",2,"ROUTE 535","North",535,"","00000535",7.14,"County","Straight and Level","Blacktop","Dry","Daylight","Clear","None","None",NA,"At","NULL","NEW ROAD","NULL","","NULL",45,30,40.25628,-74.62426,"No","","576",457440.775455,518290.480179,NA,"DVRPC",0,"Pain",10003772
3452191,"201011132010-18530","2010-18530",2010,"MERCER","West Windsor Township","2010-06-21","Monday","June","18:30:00",1,"WEST WINDSOR TWP PD","2010-18530",0,0,0,0,0,"Property Damage","At Intersection","No","No","Same Direction - Side Swipe",2,"US 1","North",1,"","00000001",10.86,"State Highway","Straight and Level","Blacktop","Dry","Daylight","Clear","Barrier Median","None",NA,"At","NULL","ALEXANDER RD","NULL","","NULL",55,40,40.32742,-74.64287,"No","","582",452293.500624,544215.631391,NA,"DVRPC",0,"PDO",10139727
3452193,"201011132010-18599","2010-18599",2010,"MERCER","West Windsor Township","2010-06-22","Tuesday","June","09:03:00",1,"WEST WINDSOR TWP PD","2010-18599",0,0,0,0,0,"Property Damage","Not At Intersection","No","No","Left Turn / U Turn",2,"ALEXANDER RD","West",NA,"","11131424",0.97,"Municipal","Straight and Level","Blacktop","Dry","Daylight","Clear","None","None",660,"Foot","East","ROSZEL ROAD","NULL","","NULL",40,35,40.3228,-74.63896,"No","","571",453381.225894,542531.804509,NA,"DVRPC",0,"PDO",10139731
3452196,"201011132010-18715","2010-18715",2010,"MERCER","West Windsor Township","2010-06-23","Wednesday","June","16:18:00",1,"WEST WINDSOR TWP PD","2010-18715",0,0,0,0,0,"Property Damage","At Intersection","No","No","Same Direction - Rear End",2,"US 1","South",1,"","00000001",11.27,"State Highway","Straight and Level","Blacktop","Dry","Daylight","Clear","Barrier Median","None",NA,"At","NULL","CR 571","NULL","","NULL",55,50,40.33177,-74.63757,"No","","568",453772.450773,545796.383177,NA,"DVRPC",0,"PDO",10139734
3452198,"201011132010-18840","2010-18840",2010,"MERCER","West Windsor Township","2010-06-24","Thursday","June","23:30:00",1,"WEST WINDSOR TWP PD","2010-18840",0,0,2,0,0,"Injury","Not At Intersection","No","No","Same Direction - Rear End",3,"US 1","North",1,"","00000001",11.27,"State Highway","Straight and Level","Blacktop","Dry","Dark (Street Lights On/ continuous)","Clear","Barrier Median","None",5,"Foot","South","ROUTE 571 / WASHINGTON RD","NULL","","NULL",55,40,40.33177,-74.63757,"No","","590",453772.450773,545796.383177,NA,"DVRPC",0,"Pain",10139733
3452200,"201011132010-18919","2010-18919",2010,"MERCER","West Windsor Township","2010-06-25","Friday","June","17:38:00",1,"WEST WINDSOR TWP PD","2010-18919",0,0,0,0,0,"Property Damage","Not At Intersection","No","No","Same Direction - Rear End",2,"US 1","North",1,"","00000001",11.42,"State Highway","Straight and Level","Blacktop","Dry","Daylight","Clear","Barrier Median","None",200,"Foot","North","FISHER PL","NULL","","NULL",55,25,40.33337,-74.63565,"No","","429",454309.659135,546378.799764,NA,"DVRPC",0,"PDO",10139737
3452201,"201011132010-18976","2010-18976",2010,"MERCER","West Windsor Township","2010-06-26","Saturday","June","09:59:00",1,"WEST WINDSOR TWP PD","2010-18976",0,0,0,0,0,"Property Damage","Not At Intersection","No","No","Same Direction - Side Swipe",2,"US 1","South",1,"","00000001",11.73,"State Highway","Straight and Level","Blacktop","Dry","Daylight","Clear","Barrier Median","None",528,"Foot","South","CR 629 / HARRISON ST","NULL","","NULL",55,35,40.33667,-74.63167,"No","","583",455419.447319,547580.123099,NA,"DVRPC",0,"PDO",10139736
3452203,"201011132010-19012","2010-19012",2010,"MERCER","West Windsor Township","2010-06-26","Saturday","June","20:00:00",1,"WEST WINDSOR TWP PD","2010-19012",0,0,0,0,0,"Property Damage","Not At Intersection","No","No","Same Direction - Rear End",2,"US 1","South",1,"","00000001",11.27,"State Highway","Straight and Level","Blacktop","Dry","Daylight","Clear","Barrier Median","None",25,"Foot","North","ROUTE 571 / WASHINGTON RD","NULL","","NULL",55,40,40.33177,-74.63757,"No","","582",453772.450773,545796.383177,NA,"DVRPC",0,"PDO",10139748
3452205,"201011132010-19026","2010-19026",2010,"MERCER","West Windsor Township","2010-06-26","Saturday","June","23:38:00",1,"WEST WINDSOR TWP PD","2010-19026",0,0,0,0,0,"Property Damage","Not At Intersection","No","No","Animal",1,"ROUTE 571","East",571,"","00000571",38.66,"County","Straight and Level","Blacktop","Dry","Dark (No Street Lights)","Clear","None","None",792,"Foot","West","LANWIN BLVD / RABBIT HILL RD","NULL","","NULL",45,35,40.2948,-74.59237,"No","","587",466357.942782,532314.22572,NA,"DVRPC",0,"PDO",10139746
3452206,"201011132010-1904","2010-1904",2010,"MERCER","West Windsor Township","2010-01-19","Tuesday","January","17:21:00",1,"WEST WINDSOR TWP PD","2010-1904",0,0,0,0,0,"Property Damage","At Intersection","No","No","Same Direction - Side Swipe",2,"ROUTE 571","East",571,"","00000571",40.32,"County","Straight and Level","Blacktop","Dry","Dark (Street LIghts On/ spot)","Clear","None","None",NA,"At","NULL","CR 638 / CLARKSVILLE RD","NULL","","NULL",40,35,40.3082,-74.61751,"No","","576",459353.23,537202.7,NA,"DVRPC",0,"PDO",10006266
3452207,"201011132010-19062","2010-19062",2010,"MERCER","West Windsor Township","2010-06-27","Sunday","June","08:59:00",1,"WEST WINDSOR TWP PD","2010-19062",0,0,0,0,0,"Property Damage","Not At Intersection","No","No","Same Direction - Rear End",2,"MERCER COUNTY 638","South",638,"","11000638",0,"County","Curve and Level","Blacktop","Dry","Daylight","Clear","Curbed Median","None",10,"Foot","North","CR 533","NULL","","NULL",45,50,40.29012,-74.67665,"No","","427",439073.78,529972.87,NA,"DVRPC",0,"PDO",10139745
3452209,"201011132010-19125","2010-19125",2010,"MERCER","West Windsor Township","2010-06-28","Monday","June","08:58:00",1,"WEST WINDSOR TWP PD","2010-19125",0,0,0,0,0,"Property Damage","At Intersection","No","No","Fixed Object",1,"ROUTE 526","West",526,"","00000526",3.42,"County","Straight and Level","Blacktop","Dry","Daylight","Clear","None","None",NA,"At","NULL","ROUTE 535 / CR 641 / OLD TRENTON RD","NULL","","NULL",45,35,40.25851,-74.61594,"No","MAILBOX TO 1692 OLD TRENTON ROAD PRINCETON JUNCTION NJ 08550(OWNERS VICTOR AND K","427",459754.711027,519143.876874,NA,"DVRPC",0,"PDO",10139742
3452210,"201011132010-19197","2010-19197",2010,"MERCER","West Windsor Township","2010-06-29","Tuesday","June","09:33:00",1,"WEST WINDSOR TWP PD","2010-19197",0,0,0,0,0,"Property Damage","At Intersection","No","No","Same Direction - Side Swipe",2,"ROUTE 535","South",535,"","00000535",6.83,"County","Straight and Level","Blacktop","Dry","Daylight","Clear","None","None",NA,"At","NULL","COTTONWOOD DR","NULL","","NULL",45,25,40.25481,-74.62979,"No","","427",455879.39,517754.2,NA,"DVRPC",0,"PDO",10139726
3452227,"201011132010-1990","2010-1990",2010,"MERCER","West Windsor Township","2010-01-20","Wednesday","January","08:39:00",1,"WEST WINDSOR TWP PD","2010-1990",0,0,0,0,0,"Property Damage","Not At Intersection","No","No","Same Direction - Rear End",3,"ROUTE 571","West",571,"","00000571",40.18,"County","Straight and Level","Blacktop","Dry","Daylight","Clear","None","None",500,"Foot","East","WINDSOR DR","NULL","","NULL",45,25,40.30685,-74.61554,"No","","590",459900.851907,536711.400817,NA,"DVRPC",0,"PDO",10006268
3452231,"201011132010-1998","2010-1998",2010,"MERCER","West Windsor Township","2010-07-07","Wednesday","July","13:46:00",1,"WEST WINDSOR TWP PD","2010-19988",0,0,0,0,0,"Property Damage","Not At Intersection","No","No","Same Direction - Side Swipe",2,"US 1","North",1,"","00000001",11.18,"State Highway","Straight and Level","Blacktop","Dry","Daylight","Clear","Barrier Median","None",53,"Foot","South","VARSITY AVE","NULL","","NULL",55,25,40.3308,-74.63872,"No","NONE","568",453451.286978,545445.568609,NA,"DVRPC",0,"PDO",10180554
3452233,"201011132010-20097","2010-20097",2010,"MERCER","West Windsor Township","2010-07-08","Thursday","July","16:58:00",1,"WEST WINDSOR TWP PD","2010-20097",0,0,0,0,0,"Property Damage","Not At Intersection","No","No","Same Direction - Rear End",2,"US 1","North",1,"","00000001",11.26,"State Highway","Straight and Level","Blacktop","Dry","Daylight","Clear","Barrier Median","None",53,"Foot","South","ROUTE 571 / WASHINGTON RD","NULL","","NULL",55,40,40.33166,-74.63769,"No","","568",453738.153002,545758.638115,NA,"DVRPC",0,"PDO",10141525
3452234,"201011132010-20175","2010-20175",2010,"MERCER","West Windsor Township","2010-07-09","Friday","July","09:11:00",1,"WEST WINDSOR TWP PD","2010-20175",0,0,0,0,0,"Property Damage","Not At Intersection","No","No","Same Direction - Side Swipe",2,"US 1","North",1,"","00000001",11.18,"State Highway","Straight and Grade","Blacktop","Dry","Daylight","Clear","Barrier Median","None",50,"Foot","South","VARSITY AVE","NULL","","NULL",55,25,40.3308,-74.63872,"No","NONE","571",453451.286978,545445.568609,NA,"DVRPC",0,"PDO",10141526
3452236,"201011132010-20198","2010-20198",2010,"MERCER","West Windsor Township","2010-07-09","Friday","July","13:56:00",1,"WEST WINDSOR TWP PD","2010-20198",0,0,0,0,0,"Property Damage","Not At Intersection","No","No","Same Direction - Rear End",2,"ROUTE 571","West",571,"","00000571",40.6,"County","Straight and Level","Blacktop","Wet","Daylight","Overcast","None","None",5,"Foot","East","ALEXANDER RD","NULL","","NULL",40,30,40.31201,-74.61931,"No","","576",458853.74,538592.86,NA,"DVRPC",0,"PDO",10141597
3452242,"201011132010-20355","2010-20355",2010,"MERCER","West Windsor Township","2010-08-09","Monday","August","16:44:00",1,"WEST WINDSOR TWP PD","2010-20355",0,0,0,0,0,"Property Damage","At Intersection","No","No","Same Direction - Rear End",2,"ROUTE 533","West",533,"","00000533",7.52,"County","Curve and Level","Blacktop","Dry","Daylight","Clear","Curbed Median","None",NA,"At","NULL","CR 638 / CLARKSVILLE RD / GROVERS M","NULL","","NULL",50,45,40.29015,-74.67657,"No","","568",442869.07,530654.63,NA,"DVRPC",0,"PDO",10172419
3452243,"201011132010-20357","2010-20357",2010,"MERCER","West Windsor Township","2010-08-09","Monday","August","17:32:00",1,"WEST WINDSOR TWP PD","2010-20357",0,0,0,0,0,"Property Damage","Not At Intersection","No","No","Same Direction - Rear End",2,"ROUTE 535","North",535,"","00000535",7.39,"County","Straight and Level","Blacktop","Dry","Daylight","Clear","None","None",581,"Foot","North","ROUTE 526 / ROBBINSVILLE RD","NULL","","NULL",35,45,40.25746,-74.61978,"No","","568",458696.27,518721.78,NA,"DVRPC",0,"PDO",10172420
3452244,"201011132010-20416","2010-20416",2010,"MERCER","West Windsor Township","2010-07-11","Sunday","July","14:46:00",1,"WEST WINDSOR TWP PD","2010-20416",0,0,0,0,0,"Property Damage","Not At Intersection","No","No","Struck Parked Vehicle",2,"ROUTE 535","NULL",535,"","00000535",10.64,"County","Straight and Level","Blacktop","Dry","Daylight","Clear","None","None",NA,"NULL","NULL","EAST PARKING LOT 1","NULL","","NULL",NA,NA,40.28235,-74.56796,"No","","578",473163.569484,527772.682995,NA,"DVRPC",0,"PDO",10172415
3452246,"201011132010-20577","2010-20577",2010,"MERCER","West Windsor Township","2010-07-13","Tuesday","July","11:48:00",1,"WEST WINDSOR TWP PD","2010-20577",0,0,0,0,0,"Property Damage","Not At Intersection","No","No","Same Direction - Rear End",2,"US 1","North",1,"","00000001",9.98,"State Highway","Straight and Level","Blacktop","Wet","Daylight","Rain","Barrier Median","None",106,"Foot","South","CARNEGIE CENTER","NULL","","NULL",55,35,40.31805,-74.65416,"No","","568",449139.172379,540805.938251,NA,"DVRPC",0,"PDO",10141521
3452249,"201011132010-20608","2010-20608",2010,"MERCER","West Windsor Township","2010-07-13","Tuesday","July","20:50:00",1,"WEST WINDSOR TWP PD","2010-20608",0,0,0,0,0,"Property Damage","Not At Intersection","No","No","Fixed Object",1,"ROUTE 571","East",571,"","00000571",41.5,"County","Straight and Level","Blacktop","Water (Standing/Moving)","Dark (Street Lights On/ continuous)","Rain","None","None",1320,"Foot","West","U.S. 64","NULL","","NULL",40,40,40.32197,-74.62568,"No","NONE","590",457081.849583,542221.886875,NA,"DVRPC",0,"PDO",10141524
3452250,"201011132010-20661","2010-20661",2010,"MERCER","West Windsor Township","2010-07-14","Wednesday","July","08:40:00",1,"WEST WINDSOR TWP PD","2010-20661",0,0,0,0,0,"Property Damage","Not At Intersection","No","No","Same Direction - Rear End",3,"US 1","North",1,"","00000001",11.27,"State Highway","Straight and Level","Blacktop","Dry","Daylight","Overcast","Barrier Median","None",10,"Foot","North","ROUTE 571 / WASHINGTON RD","NULL","","NULL",55,40,40.33177,-74.63757,"No","","427",453772.450773,545796.383177,NA,"DVRPC",0,"PDO",10141917
3452254,"201011132010-20704","2010-20704",2010,"MERCER","West Windsor Township","2010-07-14","Wednesday","July","17:08:00",1,"WEST WINDSOR TWP PD","2010-20704",0,0,1,0,0,"Injury","At Intersection","No","No","Same Direction - Rear End",2,"US 1","West",1,"","00000001",9.45,"State Highway","Straight and Level","Concrete","Wet","Daylight","Overcast","None","None",NA,"At","NULL","MEADOW RD","NULL","","NULL",55,50,40.31241,-74.66096,"No","","576",447238.301446,538755.507778,NA,"DVRPC",0,"Pain",10141648
3452256,"201011132010-20794","2010-20794",2010,"MERCER","West Windsor Township","2010-07-15","Thursday","July","13:39:00",1,"WEST WINDSOR TWP PD","2010-20794",0,0,0,0,0,"Property Damage","Not At Intersection","No","No","Fixed Object",1,"ROUTE 571","West",571,"","00000571",39.53,"County","Curve and Hillcrest","Blacktop","Dry","Daylight","Clear","None","None",150,"Foot","East","GLEN GARRY WAY / SLAVBACK RD","NULL","","NULL",50,25,40.30097,-74.60648,"No","GRASS ON FRONT LAWN OF 202 PRINCETON-HIGHTSTOWN ROAD","586",462427.340623,534567.46567,NA,"DVRPC",0,"PDO",10150504
3452259,"201011132010-20905","2010-20905",2010,"MERCER","West Windsor Township","2010-07-16","Friday","July","13:50:00",1,"WEST WINDSOR TWP PD","2010-20905",0,0,0,0,0,"Property Damage","Not At Intersection","No","No","Right Angle",2,"ALEXANDER RD","West",NA,"","11131424",0.74,"Municipal","Straight and Level","Blacktop","Dry","Daylight","Clear","None","None",528,"Foot","West","ROSZEL RD","NULL","","NULL",40,35,40.32043,-74.63589,"No","","550",454234.428825,541667.471048,NA,"DVRPC",0,"PDO",10150496
3452266,"201011132010-21067","2010-21067",2010,"MERCER","West Windsor Township","2010-07-19","Monday","July","01:23:00",1,"WEST WINDSOR TWP PD","2010-21067",0,0,0,0,0,"Property Damage","Not At Intersection","No","No","Fixed Object",1,"US 1","North",1,"","00000001",11.27,"State Highway","Straight and Level","Blacktop","Dry","Dark (Street Lights On/ continuous)","Clear","Barrier Median","None",15,"Foot","South","ROUTE 571 / WASHINGTON RD","NULL","","NULL",55,40,40.33177,-74.63757,"No","","590",453772.450773,545796.383177,NA,"DVRPC",0,"PDO",10150490
3452267,"201011132010-21120","2010-21120",2010,"MERCER","West Windsor Township","2010-07-19","Monday","July","18:04:00",1,"WEST WINDSOR TWP PD","2010-21120",0,0,0,0,0,"Property Damage","Not At Intersection","No","No","Same Direction - Rear End",2,"US 1","North",1,"","00000001",11.15,"State Highway","Straight and Level","Blacktop","Dry","Daylight","Clear","Barrier Median","None",200,"Foot","South","VARSITY AVE","NULL","","NULL",55,25,40.33049,-74.63912,"No","","585",453340.865148,545330.921787,NA,"DVRPC",0,"PDO",10150489
3452269,"201011132010-21411","2010-21411",2010,"MERCER","West Windsor Township","2010-07-22","Thursday","July","17:03:00",1,"WEST WINDSOR TWP PD","2010-21411",0,0,0,0,0,"Property Damage","Not At Intersection","No","No","Same Direction - Rear End",3,"US 1","North",1,"","00000001",11.74,"State Highway","Straight and Level","Blacktop","Dry","Daylight","Clear","Barrier Median","None",475,"Foot","South","CR 629 / HARRISON ST","NULL","","NULL",55,35,40.33678,-74.63154,"No","","568",455455.83515,547618.924561,NA,"DVRPC",0,"PDO",10162440
3452270,"201011132010-21448","2010-21448",2010,"MERCER","West Windsor Township","2010-07-23","Friday","July","03:28:00",1,"WEST WINDSOR TWP PD","2010-21448",0,0,0,0,0,"Property Damage","Not At Intersection","Yes","No","Fixed Object",1,"ROUTE 533","West",533,"","00000533",7.72,"County","Straight and Level","Blacktop","Dry","Dark (Street Lights On/ continuous)","Clear","Curbed Median","None",1320,"Foot","East","US 1","NULL","","NULL",50,55,40.29291,-74.67792,"No","UTILITY POLE-B60113WW","590",442496.967864,531663.136453,NA,"DVRPC",0,"PDO",10162439
3452271,"201011132010-21486","2010-21486",2010,"MERCER","West Windsor Township","2010-07-23","Friday","July","13:25:00",1,"WEST WINDSOR TWP PD","2010-21486",0,0,2,0,0,"Injury","Not At Intersection","No","No","Same Direction - Rear End",3,"US 1","North",1,"","00000001",8.23,"State Highway","Straight and Level","Blacktop","Dry","Daylight","Clear","Barrier Median","None",660,"Foot","North","ROUTE 533 / QUAKER BRIDGE RD / PROV","NULL","","NULL",55,50,40.29942,-74.67665,"No","","576",442853.415722,534033.552911,NA,"DVRPC",0,"Pain",10162432
3452272,"201011132010-21504","2010-21504",2010,"MERCER","West Windsor Township","2010-07-23","Friday","July","16:58:00",1,"WEST WINDSOR TWP PD","2010-21504",0,0,0,0,0,"Property Damage","Not At Intersection","No","No","Same Direction - Side Swipe",2,"US 1","North",1,"","00000001",10.48,"State Highway","Straight and Level","Blacktop","Dry","Daylight","Clear","Barrier Median","None",2000,"Foot","South","ALEXANDER RD","NULL","","NULL",55,40,40.32336,-74.64773,"No","","576",450936.50734,542738.724663,NA,"DVRPC",0,"PDO",10162433
3452274,"201011132010-21598","2010-21598",2010,"MERCER","West Windsor Township","2010-07-24","Saturday","July","09:01:00",1,"WEST WINDSOR TWP PD","2010-21598",0,0,1,0,0,"Injury","At Intersection","No","No","Right Angle",3,"MERCER COUNTY 638","North",638,"","11000638",2.65,"County","Straight and Level","Blacktop","Dry","Daylight","Clear","None","None",NA,"At","NULL","NORTH POST ROAD","NULL","","NULL",45,35,40.30416,-74.63237,"No","","576",451606.470404,533175.440293,NA,"DVRPC",0,"Moderate Injury",10162422
3452275,"201011132010-21607","2010-21607",2010,"MERCER","West Windsor Township","2010-07-24","Saturday","July","11:44:00",1,"WEST WINDSOR TWP PD","2010-21607",0,0,0,0,0,"Property Damage","Not At Intersection","No","No","Same Direction - Rear End",2,"US 1","North",1,"","00000001",11.82,"State Highway","Straight and Level","Blacktop","Dry","Daylight","Clear","Barrier Median","None",53,"Foot","South","CR 629 / HARRISON ST","NULL","","NULL",55,35,40.33763,-74.63051,"No","","583",455743.127325,547927.477466,NA,"DVRPC",0,"PDO",10162437
3452276,"201011132010-21634","2010-21634",2010,"MERCER","West Windsor Township","2010-07-24","Saturday","July","20:56:00",1,"WEST WINDSOR TWP PD","2010-21634",0,0,0,0,0,"Property Damage","Not At Intersection","No","No","Animal",1,"ROUTE 535","South",535,"","00000535",8.49,"County","Straight and Level","Blacktop","Dry","Dark (Street Lights On/ continuous)","Clear","None","None",120,"Foot","South","COLT CIRCLE","NULL","","NULL",50,25,40.26554,-74.60226,"No","","584",463588.273752,521657.16361,NA,"DVRPC",0,"PDO",10162436
3452279,"201011132010-21836","2010-21836",2010,"MERCER","West Windsor Township","2010-07-27","Tuesday","July","16:16:00",1,"WEST WINDSOR TWP PD","2010-21836",0,0,1,0,0,"Injury","At Intersection","No","No","Right Angle",2,"US 1","South",1,"","00000001",11.27,"State Highway","Straight and Level","Blacktop","Dry","Daylight","Clear","Barrier Median","None",NA,"At","NULL","ROUTE 571 / WASHINGTON RD","NULL","","NULL",55,50,40.33177,-74.63757,"No","CENTER BARRIER CRASH ATTENUATOR-PROPERTY OF NEW JERSEY DEPARTMENT OF TRANSPORTA?","427",453772.450773,545796.383177,NA,"DVRPC",0,"Moderate Injury",10162428