"ID","DOT_WEB_ID","CASE_NUMBER","CRASH_YEAR","COUNTY","MUNICIPALITY","CRASH_DATE","CRASH_DAY_OF_WEEK","CRASH_MONTH","CRASH_TIME","POLICE_DEPT_CODE","POLICE_DEPARTMENT","POLICE_STATION","TOTAL_KILLED","TOTAL_INCAPACITATED","TOTAL_INJURED","PEDESTRIANS_KILLED","PEDESTRIANS_INJURED","SEVERITY","INTERSECTION","ALCOHOL_INVOLVED","HAZMAT_INVOLVED","CRASH_TYPE","TOTAL_VEHICLES_INVOLVED","CRASH_LOCATION","LOCATION_DIRECTION","ROUTE","ROUTE_SUFFIX","SRI","MILEPOST","ROAD_SYSTEM","ROAD_CHARACTER","ROAD_SURFACE_TYPE","SURFACE_CONDITION","LIGHT_CONDITION","ENVIRONMENTAL_CONDITION","ROAD_DIVIDED_BY","TEMP_TRAFFIC_CONTROL_ZONE","DISTANCE_TO_CROSS_STREET","UNIT_OF_MEASUREMENT","DIRECTION_FROM_CROSS_STREET","CROSS_STREET_NAME","IS_RAMP","RAMP_TO_FROM_ROUTE_NAME","RAMP_TO_FROM_ROUTE_DIRECTION","POSTED_SPEED","POSTED_SPEED_CROSS_STREET","LATITUDE","LONGITUDE","CELL_PHONE_IN_USE","OTHER_PROPERTY_DAMAGE","REPORTING_BADGE_NO","X","Y","CRASH_NARRATIVE","MPO","TOTAL_PEDESTRIANS_INVOLVED","EPDO","DLN"
3452280,"201011132010-21841","2010-21841",2010,"MERCER","West Windsor Township","2010-07-27","Tuesday","July","17:36:00",1,"WEST WINDSOR TWP PD","2010-21841",0,0,0,0,0,"Property Damage","Not At Intersection","No","No","Same Direction - Rear End",2,"US 1","South",1,"","00000001",10.25,"State Highway","Straight and Level","Blacktop","Dry","Daylight","Clear","Barrier Median","None",1320,"Foot","North","CARNEGIE CENTER","NULL","","NULL",55,25,40.32092,-74.65068,"No","","589",450110.824028,541851.695358,NA,"DVRPC",0,"PDO",10162429
3452282,"201011132010-21909","2010-21909",2010,"MERCER","West Windsor Township","2010-07-28","Wednesday","July","09:53:00",1,"WEST WINDSOR TWP PD","2010-21909",0,0,0,0,0,"Property Damage","Not At Intersection","No","No","Same Direction - Rear End",2,"US 1","South",1,"","00000001",10.09,"State Highway","Straight and Level","Blacktop","Dry","Daylight","Clear","Barrier Median","None",500,"Foot","North","CARNEGIE CENTER","NULL","","NULL",55,35,40.31921,-74.65275,"No","","427",449534.169813,541230.904359,NA,"DVRPC",0,"PDO",10162423
3452285,"201011132010-22023","2010-22023",2010,"MERCER","West Windsor Township","2010-07-29","Thursday","July","13:59:00",1,"WEST WINDSOR TWP PD","2010-22023",0,0,1,0,0,"Injury","Not At Intersection","No","No","Same Direction - Rear End",2,"US 1","North",1,"","00000001",11.78,"State Highway","Straight and Level","Blacktop","Dry","Daylight","Clear","Barrier Median","None",250,"Foot","South","CR 629 / HARRISON ST","NULL","","NULL",55,35,40.3372,-74.63103,"No","","576",455599.807622,547774.286128,NA,"DVRPC",0,"Pain",10162426
3452287,"201011132010-22105","2010-22105",2010,"MERCER","West Windsor Township","2010-07-30","Friday","July","12:15:00",1,"WEST WINDSOR TWP PD","2010-22105",0,0,0,0,0,"Property Damage","Not At Intersection","No","No","Same Direction - Rear End",2,"US 1","South",1,"","00000001",11.47,"State Highway","Straight and Level","Blacktop","Dry","Daylight","Clear","Barrier Median","None",500,"Foot","North","FISHER PL","NULL","","NULL",55,25,40.3339,-74.63501,"No","","550",454487.655271,546573.450948,NA,"DVRPC",0,"PDO",10163807
3452288,"201011132010-22129","2010-22129",2010,"MERCER","West Windsor Township","2010-07-30","Friday","July","17:57:00",1,"WEST WINDSOR TWP PD","2010-22129",0,0,0,0,0,"Property Damage","Not At Intersection","No","No","Same Direction - Rear End",2,"US 1","South",1,"","00000001",10.4,"State Highway","Straight and Level","Blacktop","Dry","Daylight","Clear","Barrier Median","None",2112,"Foot","North","CARNEGIE CENTER","NULL","","NULL",55,35,40.32251,-74.64876,"No","","580",450647.810753,542427.927864,NA,"DVRPC",0,"PDO",10163806
3452290,"201011132010-22138","2010-22138",2010,"MERCER","West Windsor Township","2010-07-30","Friday","July","19:12:00",1,"WEST WINDSOR TWP PD","2010-22138",0,0,0,0,0,"Property Damage","Not At Intersection","No","No","Same Direction - Side Swipe",2,"ALEXANDER RD","West",NA,"","11131424",0.82,"Municipal","Straight and Level","Blacktop","Dry","Daylight","Clear","Painted Median","None",100,"Foot","West","ROSZEL ROAD","NULL","","NULL",40,35,40.32125,-74.63696,"No","","590",453935.85033,541966.794216,NA,"DVRPC",0,"PDO",10163801
3452293,"201011132010-22299","2010-22299",2010,"MERCER","West Windsor Township","2010-08-02","Monday","August","06:36:00",1,"WEST WINDSOR TWP PD","2010-22299",0,0,0,0,0,"Property Damage","Not At Intersection","No","No","Same Direction - Side Swipe",2,"US 1","North",1,"","00000001",10.84,"State Highway","Straight and Level","Blacktop","Dry","Daylight","Clear","Barrier Median","None",100,"Foot","South","ALEXANDER RD","NULL","","NULL",55,40,40.32721,-74.64312,"No","","571",452223.449239,544138.465714,NA,"DVRPC",0,"PDO",10163797
3452294,"201011132010-22307","2010-22307",2010,"MERCER","West Windsor Township","2010-08-02","Monday","August","07:24:00",1,"WEST WINDSOR TWP PD","2010-22307",0,0,0,0,0,"Property Damage","At Intersection","No","No","Backing",2,"US 1","North",1,"","00000001",11.27,"State Highway","Straight and Level","Blacktop","Dry","Daylight","Clear","Barrier Median","None",NA,"At","NULL","ROUTE 571 / WASHINGTON RD","NULL","","NULL",55,40,40.33177,-74.63757,"No","NONE","427",453772.450773,545796.383177,NA,"DVRPC",0,"PDO",10163796
3452296,"201011132010-22355","2010-22355",2010,"MERCER","West Windsor Township","2010-08-02","Monday","August","14:54:00",1,"WEST WINDSOR TWP PD","2010-22355",0,0,1,0,0,"Injury","Not At Intersection","No","No","Same Direction - Rear End",2,"US 1","South",1,"","00000001",11.72,"State Highway","Straight and Level","Blacktop","Dry","Daylight","Clear","Barrier Median","None",600,"Foot","South","CR 629 / HARRISON ST","NULL","","NULL",55,35,40.33656,-74.6318,"No","","571",455382.772283,547541.245546,NA,"DVRPC",0,"Moderate Injury",10163814
3452297,"201011132010-22357","2010-22357",2010,"MERCER","West Windsor Township","2010-08-02","Monday","August","14:59:00",1,"WEST WINDSOR TWP PD","2010-22357",0,0,0,0,0,"Property Damage","Not At Intersection","No","No","Same Direction - Rear End",2,"US 1","North",1,"","00000001",11.63,"State Highway","Straight and Level","Blacktop","Dry","Daylight","Clear","Barrier Median","None",1056,"Foot","South","CR 629 / HARRISON ST","NULL","","NULL",55,35,40.33561,-74.63296,"No","","578",455059.392211,547194.786248,NA,"DVRPC",0,"PDO",10163799
3452301,"201011132010-22555","2010-22555",2010,"MERCER","West Windsor Township","2010-08-04","Wednesday","August","08:00:00",1,"WEST WINDSOR TWP PD","2010-22555",0,0,0,0,0,"Property Damage","At Intersection","No","No","Fixed Object",1,"ROUTE 526","West",526,"","00000526",3.64,"County","Straight and Level","Blacktop","Dry","Daylight","Clear","None","None",NA,"At","NULL","ROUTE 535 / OLD TRENTON RD","NULL","","NULL",45,35,40.25746,-74.61978,"No","TELEPHONE POLE# JC228WW - JERSEY CENTRAL NOTIFIED-MINOR DAMAGE TO BASE OF POLE","550",458716.353798,518728.644685,NA,"DVRPC",0,"PDO",10163819
3452302,"201011132010-22564","2010-22564",2010,"MERCER","West Windsor Township","2010-08-04","Wednesday","August","10:28:00",1,"WEST WINDSOR TWP PD","2010-22564",0,0,0,0,0,"Property Damage","At Intersection","No","No","Right Angle",2,"ALEXANDER RD","East",NA,"","11131424",0,"Municipal","Curve and Level","Blacktop","Dry","Daylight","Clear","Curbed Median","None",NA,"At","NULL","NORTH POST RD","NULL","","NULL",30,35,40.31184,-74.62831,"No","","550",456343.48,538532.33,NA,"DVRPC",0,"PDO",10163818
3452303,"201011132010-22585","2010-22585",2010,"MERCER","West Windsor Township","2010-08-04","Wednesday","August","16:28:00",1,"WEST WINDSOR TWP PD","2010-22585",0,0,0,0,0,"Property Damage","Not At Intersection","No","No","Other",1,"ROUTE 571","East",571,"","00000571",38.8,"County","Straight and Level","Blacktop","Dry","Daylight","Clear","None","None",30,"Foot","West","LANWIN BLVD / RABBIT HILL RD","NULL","","NULL",50,35,40.29531,-74.59496,"No","NONE","427",465637.29693,532500.104373,NA,"DVRPC",0,"PDO",10163816
3452306,"201011132010-22645","2010-22645",2010,"MERCER","West Windsor Township","2010-08-05","Thursday","August","09:32:00",1,"WEST WINDSOR TWP PD","2010-22645",0,0,0,0,0,"Property Damage","At Intersection","No","No","Left Turn / U Turn",2,"MERCER COUNTY 638","North",638,"","11000638",3.28,"County","Straight and Level","Blacktop","Dry","Daylight","Clear","None","Construction Zone",NA,"At","NULL","HARRIS RD","NULL","","NULL",35,25,40.30708,-74.62122,"No","","550",454265.38203,535198.027043,NA,"DVRPC",0,"PDO",10172417
3452308,"201011132010-22773","2010-22773",2010,"MERCER","West Windsor Township","2010-08-06","Friday","August","16:04:00",1,"WEST WINDSOR TWP PD","2010-22773",0,0,0,0,0,"Property Damage","Not At Intersection","No","No","Same Direction - Rear End",2,"US 1","South",1,"","00000001",10.96,"State Highway","Straight and Grade","Blacktop","Dry","Daylight","Clear","Barrier Median","None",528,"Foot","North","ALEXANDER RD","NULL","","NULL",55,40,40.32849,-74.64159,"No","","571",452650.019134,544605.565287,NA,"DVRPC",0,"PDO",10172408
3452309,"201011132010-22881","2010-22881",2010,"MERCER","West Windsor Township","2010-08-07","Saturday","August","11:49:00",1,"WEST WINDSOR TWP PD","2010-22881",0,0,1,0,0,"Injury","Not At Intersection","No","No","Same Direction - Rear End",2,"ALEXANDER RD","West",NA,"","11131424",1.74,"Municipal","Straight and Level","Blacktop","Dry","Daylight","Clear","None","None",50,"Foot","East","GLENVIEW DRIVE (WESTERN END)","NULL","","NULL",35,25,40.33062,-74.649,"No","","571",450586.16,545385.18,NA,"DVRPC",0,"Pain",10172409
3452315,"201011132010-23138","2010-23138",2010,"MERCER","West Windsor Township","2010-08-10","Tuesday","August","15:53:00",1,"WEST WINDSOR TWP PD","2010-23138",0,0,0,0,0,"Property Damage","Not At Intersection","No","No","Same Direction - Side Swipe",2,"ROUTE 533","East",533,"","00000533",7.61,"County","Straight and Level","Blacktop","Dry","Daylight","Clear","Curbed Median","None",50,"Foot","West","MALL RD","NULL","","NULL",50,NA,40.29137,-74.6772,"No","","427",442694.88,531099.98,NA,"DVRPC",0,"PDO",10172402
3452317,"201011132010-23148","2010-23148",2010,"MERCER","West Windsor Township","2010-08-10","Tuesday","August","18:57:00",1,"WEST WINDSOR TWP PD","2010-23148",0,0,0,0,0,"Property Damage","At Intersection","No","No","Right Angle",2,"ALEXANDER RD","East",NA,"","11131424",0.31,"Municipal","Straight and Level","Blacktop","Dry","Daylight","Clear","None","None",NA,"At","NULL","SCOTT AVENUE","NULL","","NULL",25,25,40.31503,-74.63228,"No","","589",455237.341173,539698.741189,NA,"DVRPC",0,"PDO",10172422
3452319,"201011132010-23239","2010-23239",2010,"MERCER","West Windsor Township","2010-08-11","Wednesday","August","12:35:00",1,"WEST WINDSOR TWP PD","2010-23239",0,0,0,0,0,"Property Damage","Not At Intersection","No","No","Same Direction - Rear End",2,"US 1","South",1,"","00000001",10.1,"State Highway","Straight and Level","Blacktop","Dry","Daylight","Clear","Barrier Median","None",528,"Foot","North","CARNEGIE CENTER","NULL","","NULL",55,35,40.31932,-74.65262,"No","","583",449569.813786,541269.421355,NA,"DVRPC",0,"PDO",10172399
3452321,"201011132010-2328","2010-2328",2010,"MERCER","West Windsor Township","2010-01-23","Saturday","January","10:23:00",1,"WEST WINDSOR TWP PD","2010-2328",0,0,0,0,0,"Property Damage","At Intersection","No","No","Right Angle",2,"ROUTE 535","South",535,"","00000535",5.61,"County","Straight and Level","Blacktop","Dry","Daylight","Clear","Curbed Median","None",NA,"At","NULL","MERCER COUNTY COLLEGE ENTRANCE","NULL","","NULL",45,NA,40.25106,-74.65216,"No","","576",449596.36,516400.14,NA,"DVRPC",0,"PDO",10008880
3452322,"201011132010-23347","2010-23347",2010,"MERCER","West Windsor Township","2010-08-12","Thursday","August","15:23:00",1,"WEST WINDSOR TWP PD","2010-23347",0,0,1,0,0,"Injury","Not At Intersection","No","No","Fixed Object",1,"MERCER COUNTY 641","East",641,"","11000641",0.2,"County","Curve and Level","Blacktop","Wet","Daylight","Rain","None","None",1056,"Foot","East","CR 535","NULL","","NULL",50,35,40.25639,-74.61347,"No","BROKEN FLAG POST DAMAGED SHRUBS AND DISTURBED MULCH IN FRONT OF THE GODDARD SCH","576",460457.251834,518328.039996,NA,"DVRPC",0,"Moderate Injury",10180556
3452325,"201011132010-23484","2010-23484",2010,"MERCER","West Windsor Township","2010-08-14","Saturday","August","14:11:00",1,"WEST WINDSOR TWP PD","2010-23484",0,0,2,0,0,"Injury","At Intersection","No","No","Right Angle",2,"ROUTE 535","North",535,"","00000535",6.39,"County","Straight and Level","Blacktop","Dry","Daylight","Clear","None","None",NA,"At","NULL","CUBBERLY RD","NULL","","NULL",45,25,40.25288,-74.63773,"No","","568",453652.99907,517049.481062,NA,"DVRPC",0,"Pain",10180561
3452326,"201011132010-23598","2010-23598",2010,"MERCER","West Windsor Township","2010-08-16","Monday","August","12:11:00",1,"WEST WINDSOR TWP PD","201023598",0,0,1,0,0,"Injury","At Intersection","No","No","Same Direction - Rear End",2,"US 1","South",1,"","00000001",11.27,"State Highway","Straight and Level","Blacktop","Dry","Daylight","Clear","Barrier Median","None",NA,"At","NULL","ROUTE 571 / WASHINGTON RD","NULL","","NULL",55,50,40.33177,-74.63757,"No","NONE","576",453772.450773,545796.383177,NA,"DVRPC",0,"Pain",10180564
3452328,"201011132010-23676","2010-23676",2010,"MERCER","West Windsor Township","2010-08-17","Tuesday","August","08:15:00",1,"WEST WINDSOR TWP PD","2010-23676",0,0,0,0,0,"Property Damage","Not At Intersection","No","No","Same Direction - Side Swipe",2,"US 1","North",1,"","00000001",11.12,"State Highway","Straight and Grade","Blacktop","Dry","Daylight","Clear","Barrier Median","None",350,"Foot","South","VARSITY AVE","NULL","","NULL",55,25,40.33018,-74.63951,"No","","427",453230.443578,545218.278668,NA,"DVRPC",0,"PDO",10180568
3452329,"201011132010-23715","2010-23715",2010,"MERCER","West Windsor Township","2010-08-17","Tuesday","August","15:20:00",1,"WEST WINDSOR TWP PD","2010-23715",0,0,2,0,0,"Injury","Not At Intersection","No","No","Same Direction - Rear End",2,"ROUTE 571","West",571,"","00000571",40.64,"County","Straight and Level","Blacktop","Dry","Daylight","Clear","None","None",200,"Foot","East","ALEXANDER RD","NULL","","NULL",40,30,40.31258,-74.61947,"No","","571",458807.642646,538800.060837,NA,"DVRPC",0,"Pain",10180567
3452330,"201011132010-23721","2010-23721",2010,"MERCER","West Windsor Township","2010-08-17","Tuesday","August","16:43:00",1,"WEST WINDSOR TWP PD","2010-23721",0,0,0,0,0,"Property Damage","Not At Intersection","No","No","Same Direction - Rear End",2,"ROUTE 571","East",571,"","00000571",38.08,"County","Straight and Level","Blacktop","Dry","Daylight","Clear","None","None",5,"Foot","West","SOUTHFIELD RD","NULL","","NULL",50,50,40.29086,-74.58285,"No","","571",469013.114778,530875.084541,NA,"DVRPC",0,"PDO",10180571
3452335,"201011132010-23954","2010-23954",2010,"MERCER","West Windsor Township","2010-08-20","Friday","August","11:29:00",1,"WEST WINDSOR TWP PD","2010-23954",0,0,0,0,0,"Property Damage","At Intersection","No","No","Same Direction - Side Swipe",2,"US 1","North",1,"","00000001",11.27,"State Highway","Straight and Level","Blacktop","Dry","Daylight","Clear","Barrier Median","None",NA,"At","NULL","ROUTE 571 / WASHINGTON RD","NULL","","NULL",55,40,40.33177,-74.63757,"No","","576",453772.450773,545796.383177,NA,"DVRPC",0,"PDO",10180604
3452338,"201011132010-24052","2010-24052",2010,"MERCER","West Windsor Township","2010-08-21","Saturday","August","10:30:00",1,"WEST WINDSOR TWP PD","2010-24052",0,0,0,0,0,"Property Damage","Not At Intersection","No","No","Same Direction - Rear End",2,"US 1","South",1,"","00000001",10.01,"State Highway","Straight and Level","Blacktop","Dry","Daylight","Clear","Barrier Median","None",75,"Foot","North","CARNEGIE CENTER","NULL","","NULL",55,35,40.31836,-74.65378,"No","","576",449245.821344,540921.000356,NA,"DVRPC",0,"PDO",10180608
3452339,"201011132010-24075","2010-24075",2010,"MERCER","West Windsor Township","2010-08-21","Saturday","August","17:07:00",1,"WEST WINDSOR TWP PD","2010-24075",0,0,2,0,0,"Injury","Not At Intersection","No","No","Same Direction - Rear End",3,"US 1","North",1,"","00000001",11.27,"State Highway","Straight and Level","Blacktop","Dry","Daylight","Clear","Barrier Median","None",25,"Foot","South","ROUTE 571 / WASHINGTON RD","NULL","","NULL",55,40,40.33177,-74.63757,"No","","576",453772.450773,545796.383177,NA,"DVRPC",0,"Moderate Injury",10180609
3452340,"201011132010-24135","2010-24135",2010,"MERCER","West Windsor Township","2010-08-22","Sunday","August","10:34:00",1,"WEST WINDSOR TWP PD","2010-24135",0,0,1,0,0,"Injury","Not At Intersection","No","No","Pedalcyclist",1,"ALEXANDER RD","West",NA,"","11131424",1.97,"Municipal","Curve and Grade","Blacktop","Wet","Daylight","Overcast","None","None",150,"Foot","East","CANAL ROAD","NULL","","NULL",35,25,40.33194,-74.6527,"No","CRACKED SCHWINN HELMET WORN BY PEDALCYLIST. SCRATCHED TREK 7100 BICYCLE OPERATED","576",449555.48,545867.24,NA,"DVRPC",0,"Moderate Injury",10180610
3452341,"201011132010-24155","2010-24155",2010,"MERCER","West Windsor Township","2010-08-22","Sunday","August","16:51:00",1,"WEST WINDSOR TWP PD","2010-24155",0,0,0,0,0,"Property Damage","Not At Intersection","No","No","Fixed Object",1,"MERCER COUNTY 638","North",638,"","11000638",1.47,"County","Curve and Grade","Blacktop","Wet","Daylight","Rain","None","None",5,"Foot","North","MEADOW ROAD","NULL","","NULL",45,50,40.29658,-74.65033,"No","MINOR DENTING TO GUARDRAIL.","576",445872.672869,531607.371862,NA,"DVRPC",0,"PDO",10180611
3452344,"201011132010-24318","2010-24318",2010,"MERCER","West Windsor Township","2010-08-24","Tuesday","August","17:12:00",1,"WEST WINDSOR TWP PD","2010-24318",0,0,0,0,0,"Property Damage","Not At Intersection","No","No","Same Direction - Rear End",2,"MERCER COUNTY 638","South",638,"","11000638",3.58,"County","Straight and Level","Blacktop","Dry","Daylight","Clear","None","None",25,"Foot","North","NORCHESTER DRIVE","NULL","","NULL",35,25,40.30901,-74.61635,"No","","589",455671.6,535806.08,NA,"DVRPC",0,"PDO",10188576
3452346,"201011132010-24340","2010-24340",2010,"MERCER","West Windsor Township","2010-08-24","Tuesday","August","22:49:00",1,"WEST WINDSOR TWP PD","2010-24340",0,0,0,0,0,"Property Damage","Not At Intersection","No","No","Same Direction - Side Swipe",2,"ROUTE 571","East",571,"","00000571",42.38,"County","Straight and Level","Blacktop","Dry","Dark (Street Lights On/ continuous)","Clear","Grass Median","None",15,"Foot","West","US 1","NULL","","NULL",50,55,40.33162,-74.63774,"No","","589",453724.4,545743.57,NA,"DVRPC",0,"PDO",10188578
3452348,"201011132010-24419","2010-24419",2010,"MERCER","West Windsor Township","2010-08-25","Wednesday","August","21:04:00",1,"WEST WINDSOR TWP PD","2010-24419",0,0,0,0,0,"Property Damage","Not At Intersection","No","No","Same Direction - Rear End",2,"US 1","North",1,"","00000001",8.14,"State Highway","Straight and Level","Blacktop","Dry","Dark (Street Lights On/ continuous)","Clear","Barrier Median","Construction Zone",200,"Foot","North","ROUTE 533 / QUAKER BRIDGE RD / PROV","NULL","","NULL",55,50,40.29847,-74.6778,"No","","584",442532.846928,533688.995674,NA,"DVRPC",0,"PDO",10188581
3452350,"201011132010-24481","2010-24481",2010,"MERCER","West Windsor Township","2010-08-26","Thursday","August","09:16:00",1,"WEST WINDSOR TWP PD","2010-24481",0,0,0,0,0,"Property Damage","Not At Intersection","No","No","Same Direction - Rear End",2,"ROUTE 533","West",533,"","00000533",6.58,"County","Straight and Level","Blacktop","Dry","Daylight","Clear","Curbed Median","None",10,"Foot","East","LAWRENCE SQ. BLVD / VILLAGE RD W","NULL","","NULL",50,45,40.27765,-74.66983,"No","","583",444741.76,526097.38,NA,"DVRPC",0,"PDO",10188807
3452351,"201011132010-24551","2010-24551",2010,"MERCER","West Windsor Township","2010-08-26","Thursday","August","18:55:00",1,"WEST WINDSOR TWP PD","2010-24551",0,0,0,0,0,"Property Damage","Not At Intersection","No","No","Same Direction - Rear End",2,"ROUTE 571","West",571,"","00000571",42.38,"County","Straight and Level","Blacktop","Dry","Daylight","Clear","Curbed Median","None",25,"Foot","East","US 1","NULL","","NULL",40,55,40.33162,-74.63774,"No","","576",453724.4,545743.57,NA,"DVRPC",0,"PDO",10188808
3452352,"201011132010-24588","2010-24588",2010,"MERCER","West Windsor Township","2010-08-26","Thursday","August","22:31:00",1,"WEST WINDSOR TWP PD","2010-24588",0,0,0,0,0,"Property Damage","Not At Intersection","No","No","Same Direction - Side Swipe",2,"US 1","North",1,"","00000001",8.14,"State Highway","Straight and Level","Blacktop","Dry","Dark (Street Lights On/ continuous)","Clear","Barrier Median","Construction Zone",200,"Foot","North","ROUTE 533 / QUAKER BRIDGE RD / PROV","NULL","","NULL",55,50,40.29847,-74.6778,"No","","584",442532.846928,533688.995674,NA,"DVRPC",0,"PDO",10188809
3452354,"201011132010-24669","2010-24669",2010,"MERCER","West Windsor Township","2010-08-27","Friday","August","18:21:00",1,"WEST WINDSOR TWP PD","2010-24669",0,0,0,0,0,"Property Damage","Not At Intersection","Yes","No","Fixed Object",1,"US 1","South",1,"","00000001",8.5,"State Highway","Straight and Level","Blacktop","Dry","Daylight","Clear","Barrier Median","None",200,"Foot","South","NASSAU PARK BLVD.","NULL","","NULL",55,35,40.30231,-74.67317,"No","GUARDRAIL AND MEDIAN","586",443826.83,535083.4,NA,"DVRPC",0,"PDO",10188570
3452355,"201011132010-24789","2010-24789",2010,"MERCER","West Windsor Township","2010-08-29","Sunday","August","15:38:00",1,"WEST WINDSOR TWP PD","2910-24789",0,0,0,0,0,"Property Damage","Not At Intersection","No","No","Same Direction - Rear End",2,"US 1","North",1,"","00000001",11.55,"State Highway","Straight and Level","Blacktop","Dry","Daylight","Clear","Barrier Median","None",1500,"Foot","South","CR 629 / HARRISON ST","NULL","","NULL",55,35,40.33476,-74.63398,"No","","550",454774.257075,546883.371995,NA,"DVRPC",0,"PDO",10188565
3452362,"201011132010-25108","2010-25108",2010,"MERCER","West Windsor Township","2010-09-01","Wednesday","September","12:17:00",1,"WEST WINDSOR TWP PD","2010-25108",0,0,0,0,0,"Property Damage","Not At Intersection","No","No","Same Direction - Rear End",2,"ROUTE 571","East",571,"","00000571",38.5,"County","Straight and Level","Blacktop","Dry","Daylight","Clear","None","None",10,"Foot","West","GLENGARRY WAY","NULL","","NULL",50,25,40.29352,-74.58986,"No","","550",467058.071667,531848.101111,NA,"DVRPC",0,"PDO",10188811
3452363,"201011132010-25125","2010-25125",2010,"MERCER","West Windsor Township","2010-09-01","Wednesday","September","14:18:00",1,"WEST WINDSOR TWP PD","2010-25125",0,0,0,0,0,"Property Damage","Not At Intersection","No","No","Same Direction - Side Swipe",2,"ROUTE 571","East",571,"","00000571",39.5,"County","Straight and Level","Blacktop","Dry","Daylight","Clear","None","None",0,"Foot","East","GLEN GARRY WAY / SLAVBACK RD","NULL","","NULL",50,25,40.3007,-74.60602,"No","","427",462563.5,534461.44,NA,"DVRPC",0,"PDO",10188814
3452364,"201011132010-25133","2010-25133",2010,"MERCER","West Windsor Township","2010-09-01","Wednesday","September","17:53:00",1,"WEST WINDSOR TWP PD","2010-25133",0,0,0,0,0,"Property Damage","Not At Intersection","No","No","Same Direction - Rear End",2,"MERCER COUNTY 638","East",638,"","11000638",2.11,"County","Straight and Level","Blacktop","Dry","Daylight","Clear","Curbed Median","None",20,"Foot","West","HEATHER DRIVE","NULL","","NULL",45,15,40.2997,-74.64053,"No","","586",449106.541143,532631.498142,NA,"DVRPC",0,"PDO",10188815
3452365,"201011132010-25293","2010-25293",2010,"MERCER","West Windsor Township","2010-09-03","Friday","September","13:50:00",1,"WEST WINDSOR TWP PD","2010-25293",0,0,0,0,0,"Property Damage","At Intersection","No","No","Fixed Object",1,"ROUTE 571","West",571,"","00000571",38.5,"County","Straight and Level","Blacktop","Dry","Daylight","Clear","None","None",NA,"At","NULL","GLENGARRY WAY","NULL","","NULL",50,25,40.29352,-74.58986,"No","CHIPS TO CONCRETE CURBING.","571",467058.071667,531848.101111,NA,"DVRPC",0,"PDO",10194379
3452366,"201011132010-25297","2010-25297",2010,"MERCER","West Windsor Township","2010-09-03","Friday","September","14:21:00",1,"WEST WINDSOR TWP PD","2010-25297",0,0,1,0,0,"Injury","Not At Intersection","No","No","Same Direction - Rear End",2,"US 1","North",1,"","00000001",10.89,"State Highway","Straight and Level","Blacktop","Dry","Daylight","Clear","Barrier Median","None",150,"Foot","North","ALEXANDER RD","NULL","","NULL",55,40,40.32774,-74.64249,"No","SCRAPES TO CONCRETE CENTER BARRIER.","576",452399.082174,544332.152989,NA,"DVRPC",0,"Moderate Injury",10194377
3452368,"201011132010-25324","2010-25324",2010,"MERCER","West Windsor Township","2010-09-03","Friday","September","19:24:00",1,"WEST WINDSOR TWP PD","2010-25324",0,0,0,0,0,"Property Damage","Not At Intersection","No","No","Animal",1,"ROUTE 571","West",571,"","00000571",39.75,"County","Straight and Level","Blacktop","Dry","Daylight","Clear","None","None",1320,"Foot","East","GLEN GARRY WAY / SLAVBACK RD","NULL","","NULL",50,25,40.30295,-74.60976,"No","","582",461512.989326,535289.915506,NA,"DVRPC",0,"PDO",10194383
3452370,"201011132010-25396","2010-25396",2010,"MERCER","West Windsor Township","2010-09-04","Saturday","September","07:54:00",1,"WEST WINDSOR TWP PD","2010-25396",0,0,0,0,0,"Property Damage","Not At Intersection","No","No","Same Direction - Rear End",2,"N POST RD","South",NA,"","11131420",1.48,"Municipal","Straight and Level","Blacktop","Dry","Daylight","Clear","None","None",5,"Foot","North","CLARKSVILLE ROAD (CR. 638)","NULL","","NULL",35,45,40.30416,-74.63213,"No","","571",455272.76,535738.71,NA,"DVRPC",0,"PDO",10194544
3452371,"201011132010-2542","2010-2542",2010,"MERCER","West Windsor Township","2010-01-24","Sunday","January","20:24:00",1,"WEST WINDSOR TWP PD","2010-2542",0,0,0,0,0,"Property Damage","Not At Intersection","No","No","Same Direction - Rear End",2,"NJ 64","East",64,"","00000064",0,"State Highway","Straight and Grade","Blacktop","Wet","Dark (Street LIghts On/ spot)","Rain","Curbed Median","None",100,"Foot","West","CR 615 / CRANBURY RD / WALLACE RD","NULL","","NULL",40,25,40.31739,-74.62007,"No","","576",458645.32,540551,NA,"DVRPC",0,"PDO",10008886
3452376,"201011132010-25552","2010-25552",2010,"MERCER","West Windsor Township","2010-09-06","Monday","September","11:45:00",1,"WEST WINDSOR TWP PD","2010-25552",0,0,0,0,0,"Property Damage","Not At Intersection","No","No","Same Direction - Rear End",2,"ROUTE 533","West",533,"","00000533",7.62,"County","Straight and Level","Blacktop","Dry","Daylight","Clear","Curbed Median","None",15,"Foot","East","MALL RD","NULL","","NULL",50,NA,40.29152,-74.67727,"No","","427",442675.973397,531154.979428,NA,"DVRPC",0,"PDO",10194376