"ID","DOT_WEB_ID","CASE_NUMBER","CRASH_YEAR","COUNTY","MUNICIPALITY","CRASH_DATE","CRASH_DAY_OF_WEEK","CRASH_MONTH","CRASH_TIME","POLICE_DEPT_CODE","POLICE_DEPARTMENT","POLICE_STATION","TOTAL_KILLED","TOTAL_INCAPACITATED","TOTAL_INJURED","PEDESTRIANS_KILLED","PEDESTRIANS_INJURED","SEVERITY","INTERSECTION","ALCOHOL_INVOLVED","HAZMAT_INVOLVED","CRASH_TYPE","TOTAL_VEHICLES_INVOLVED","CRASH_LOCATION","LOCATION_DIRECTION","ROUTE","ROUTE_SUFFIX","SRI","MILEPOST","ROAD_SYSTEM","ROAD_CHARACTER","ROAD_SURFACE_TYPE","SURFACE_CONDITION","LIGHT_CONDITION","ENVIRONMENTAL_CONDITION","ROAD_DIVIDED_BY","TEMP_TRAFFIC_CONTROL_ZONE","DISTANCE_TO_CROSS_STREET","UNIT_OF_MEASUREMENT","DIRECTION_FROM_CROSS_STREET","CROSS_STREET_NAME","IS_RAMP","RAMP_TO_FROM_ROUTE_NAME","RAMP_TO_FROM_ROUTE_DIRECTION","POSTED_SPEED","POSTED_SPEED_CROSS_STREET","LATITUDE","LONGITUDE","CELL_PHONE_IN_USE","OTHER_PROPERTY_DAMAGE","REPORTING_BADGE_NO","X","Y","CRASH_NARRATIVE","MPO","TOTAL_PEDESTRIANS_INVOLVED","EPDO","DLN"
3452379,"201011132010-2565?","2010-2565?",2010,"MERCER","West Windsor Township","2010-09-07","Tuesday","September","17:19:00",1,"WEST WINDSOR TWP PD","2010-25654",0,0,0,0,0,"Property Damage","Not At Intersection","No","No","Same Direction - Side Swipe",2,"ROUTE 571","East",571,"","00000571",42.37,"County","Curve and Level","Blacktop","Dry","Daylight","Clear","Curbed Median","None",30,"Foot","West","US 1","NULL","","NULL",40,55,40.33144,-74.63768,"No","","590",453740.6,545678.11,NA,"DVRPC",0,"PDO",10194370
3452380,"201011132010-256?3","2010-256?3",2010,"MERCER","West Windsor Township","2010-09-07","Tuesday","September","08:45:00",1,"WEST WINDSOR TWP PD","2010-25613",0,0,0,0,0,"Property Damage","Not At Intersection","No","No","Same Direction - Rear End",2,"ALEXANDER RD","West",NA,"","11131424",0.9,"Municipal","Straight and Level","Blacktop","Dry","Daylight","Clear","Painted Median","None",300,"Foot","East","ROSZEL ROAD","NULL","","NULL",40,35,40.32208,-74.63803,"No","","427",453639.023258,542268.915032,NA,"DVRPC",0,"PDO",10194367
3452381,"201011132010-25729","2010-25729",2010,"MERCER","West Windsor Township","2010-09-08","Wednesday","September","09:57:00",1,"WEST WINDSOR TWP PD","2010-25729",0,0,1,0,0,"Injury","At Intersection","No","No","Left Turn / U Turn",2,"ROUTE 571","West",571,"","00000571",38.08,"County","Straight and Level","Blacktop","Dry","Daylight","Clear","None","None",NA,"At","NULL","SOUTHFIELD RD","NULL","","NULL",50,50,40.29086,-74.58285,"No","","427",469013.114778,530875.084541,NA,"DVRPC",0,"Moderate Injury",10194371
3452382,"201011132010-25731","2010-25731",2010,"MERCER","West Windsor Township","2010-09-08","Wednesday","September","10:03:00",1,"WEST WINDSOR TWP PD","2010-25731",0,0,3,0,0,"Injury","Not At Intersection","No","No","Same Direction - Rear End",6,"US 1","South",1,"","00000001",11.72,"State Highway","Straight and Level","Blacktop","Dry","Daylight","Clear","Barrier Median","None",600,"Foot","South","CR 629 / HARRISON ST","NULL","","NULL",55,35,40.33656,-74.6318,"No","","576",455382.772283,547541.245546,NA,"DVRPC",0,"Pain",10200430
3452384,"201011132010-25807","2010-25807",2010,"MERCER","West Windsor Township","2010-09-08","Wednesday","September","22:31:00",1,"WEST WINDSOR TWP PD","2010-25807",0,0,0,0,0,"Property Damage","Not At Intersection","No","No","Same Direction - Rear End",2,"US 1","North",1,"","00000001",9.98,"State Highway","Straight and Level","Blacktop","Dry","Dark (Street Lights On/ continuous)","Clear","Barrier Median","Construction Zone",80,"Foot","South","CARNEGIE CENTER","NULL","","NULL",55,35,40.31805,-74.65416,"No","","587",449139.172379,540805.938251,NA,"DVRPC",0,"PDO",10194372
3452387,"201011132010-25907","2010-25907",2010,"MERCER","West Windsor Township","2010-09-10","Friday","September","07:33:00",1,"WEST WINDSOR TWP PD","2010-25907",0,0,0,0,0,"Property Damage","Not At Intersection","No","No","Same Direction - Rear End",2,"MERCER COUNTY 638","South",638,"","11000638",3.58,"County","Straight and Level","Blacktop","Dry","Daylight","Clear","None","None",20,"Foot","South","NORCHESTER DR","NULL","","NULL",35,25,40.30901,-74.61635,"No","NONE","567",455671.6,535806.08,NA,"DVRPC",0,"PDO",10200422
3452389,"201011132010-25955","2010-25955",2010,"MERCER","West Windsor Township","2010-09-10","Friday","September","17:48:00",1,"WEST WINDSOR TWP PD","2010-25955",0,0,0,0,0,"Property Damage","Not At Intersection","No","No","Same Direction - Rear End",2,"US 1","North",1,"","00000001",10.85,"State Highway","Straight and Level","Blacktop","Dry","Daylight","Clear","Barrier Median","None",50,"Foot","South","ALEXANDER RD","NULL","","NULL",55,40,40.32732,-74.64299,"No","","590",452258.509667,544177.020375,NA,"DVRPC",0,"PDO",10202452
3452390,"201011132010-26033","2010-26033",2010,"MERCER","West Windsor Township","2010-09-11","Saturday","September","13:58:00",1,"WEST WINDSOR TWP PD","2010-26033",0,0,0,0,0,"Property Damage","Not At Intersection","No","No","Same Direction - Rear End",2,"US 1","North",1,"","00000001",10.97,"State Highway","Straight and Grade","Blacktop","Dry","Daylight","Clear","Barrier Median","None",600,"Foot","North","ALEXANDER RD","NULL","","NULL",55,40,40.3286,-74.64146,"No","","550",452685.628963,544644.79881,NA,"DVRPC",0,"PDO",10202453
3452394,"201011132010-2610","2010-2610",2010,"MERCER","West Windsor Township","2010-01-25","Monday","January","07:47:00",1,"WEST WINDSOR TWP PD","2010-2610",0,0,0,0,0,"Property Damage","Not At Intersection","No","No","Same Direction - Rear End",2,"US 1","South",1,"","00000001",11.8,"State Highway","Straight and Level","Blacktop","Wet","Daylight","Rain","Barrier Median","None",150,"Foot","South","CR 629 / HARRISON ST","NULL","","NULL",55,35,40.33741,-74.63077,"No","","427",455670.892755,547850.284098,NA,"DVRPC",0,"PDO",10008874
3452395,"201011132010-26101","2010-26101",2010,"MERCER","West Windsor Township","2010-09-12","Sunday","September","11:46:00",1,"WEST WINDSOR TWP PD","2010-26101",0,0,0,0,0,"Property Damage","Not At Intersection","No","No","Fixed Object",1,"MERCER COUNTY 615","West",615,"","11000615",0.71,"County","Curve and Level","Blacktop","Wet","Daylight","Rain","None","None",106,"Foot","East","BOLFMAR AVENUE","NULL","","NULL",25,25,40.31563,-74.60846,"No","DAMAGED WOODEN POST AND RAIL FENCE AND LILAC BUSHES","568",461881.240653,539905.421517,NA,"DVRPC",0,"PDO",10200429
3452398,"201011132010-26195","2010-26195",2010,"MERCER","West Windsor Township","2010-09-13","Monday","September","13:41:00",1,"WEST WINDSOR TWP PD","2010-26195",0,0,0,0,0,"Property Damage","Not At Intersection","No","No","Same Direction - Side Swipe",2,"US 1","South",1,"","00000001",11.88,"State Highway","Straight and Level","Blacktop","Dry","Daylight","Clear","Barrier Median","Construction Zone",250,"Foot","North","CR 629 / HARRISON ST","NULL","","NULL",55,35,40.33827,-74.62972,"No","NONE","576",455963.55,548162.83,NA,"DVRPC",0,"PDO",10200426
3452399,"201011132010-26206","2010-26206",2010,"MERCER","West Windsor Township","2010-09-13","Monday","September","15:18:00",1,"WEST WINDSOR TWP PD","2010-26206",0,0,0,0,0,"Property Damage","At Intersection","No","No","Fixed Object",1,"US 1","South",1,"","00000001",9.36,"State Highway","Straight and Level","Blacktop","Dry","Daylight","Clear","Barrier Median","None",NA,"At","NULL","FARBER RD","NULL","","NULL",55,25,40.31145,-74.66212,"No","ONE SHRUB WAS RUN OVER AND THE DIRT EMBANKMENT WAS DAMAGED ON THE PROPERTY OF 3","571",446915.561468,538405.689894,NA,"DVRPC",0,"PDO",10200425
3452400,"201011132010-26237","2010-26237",2010,"MERCER","West Windsor Township","2010-09-13","Monday","September","20:45:00",1,"WEST WINDSOR TWP PD","2010-26237",0,0,0,0,0,"Property Damage","At Intersection","No","No","Same Direction - Side Swipe",2,"US 1","South",1,"","00000001",11.83,"State Highway","Straight and Level","Blacktop","Wet","Dark (Street Lights On/ continuous)","Rain","Barrier Median","None",NA,"At","NULL","CR 629 / HARRISON ST","NULL","","NULL",55,35,40.33773,-74.63038,"No","","585",455779.252445,547966.070268,NA,"DVRPC",0,"PDO",10202457
3452401,"201011132010-26293","2010-26293",2010,"MERCER","West Windsor Township","2010-09-14","Tuesday","September","07:48:00",1,"WEST WINDSOR TWP PD","2010-26293",0,0,1,0,0,"Injury","Not At Intersection","No","No","Same Direction - Rear End",2,"ROUTE 535","South",535,"","00000535",7.66,"County","Straight and Level","Blacktop","Dry","Daylight","Clear","None","None",200,"Foot","North","ROUTE 526 / CR 641 / EDINBURG RD","NULL","","NULL",35,40,40.25883,-74.61532,"No","NONE","427",459940.505323,519219.451552,NA,"DVRPC",0,"Pain",10202458
3452402,"201011132010-26294","2010-26294",2010,"MERCER","West Windsor Township","2010-09-14","Tuesday","September","07:50:00",1,"WEST WINDSOR TWP PD","2010-26294",0,0,0,0,0,"Property Damage","At Intersection","No","No","Right Angle",2,"ROUTE 526","West",526,"","00000526",3.42,"County","Straight and Level","Blacktop","Dry","Daylight","Clear","Painted Median","None",NA,"At","NULL","ROUTE 535 / CR 641 / OLD TRENTON RD","NULL","","NULL",45,35,40.25851,-74.61594,"No","","583",459754.711027,519143.876874,NA,"DVRPC",0,"PDO",10202459
3452404,"201011132010-26343","2010-26343",2010,"MERCER","West Windsor Township","2010-09-14","Tuesday","September","15:11:00",1,"WEST WINDSOR TWP PD","2010-26343",0,0,0,0,0,"Property Damage","Not At Intersection","No","No","Same Direction - Rear End",3,"ROUTE 571","West",571,"","00000571",40.1,"County","Straight and Level","Blacktop","Dry","Daylight","Clear","None","None",30,"Foot","East","WINDSOR DR","NULL","","NULL",45,25,40.30608,-74.61442,"No","","576",460215.18017,536431.646416,NA,"DVRPC",0,"PDO",10200423
3452457,"201011132010-2855","2010-2855",2010,"MERCER","West Windsor Township","2010-01-27","Wednesday","January","09:06:00",1,"WEST WINDSOR TWP PD","2010-2855",0,0,0,0,0,"Property Damage","Not At Intersection","No","No","Same Direction - Side Swipe",2,"ROUTE 535","South",535,"","00000535",5.5,"County","Straight and Level","Blacktop","Dry","Daylight","Clear","Curbed Median","None",350,"Foot","South","MERCER COUNTY COMMUNITY COLLEGE EX","NULL","","NULL",45,NA,40.25098,-74.65424,"No","","427",449007.84,516373.53,NA,"DVRPC",0,"PDO",10011319
3452466,"201011132010-2881","2010-2881",2010,"MERCER","West Windsor Township","2010-01-27","Wednesday","January","12:02:00",1,"WEST WINDSOR TWP PD","2010-2881",0,0,1,0,0,"Injury","Not At Intersection","No","No","Same Direction - Rear End",2,"ROUTE 535","South",535,"","00000535",5.5,"County","Curve and Level","Blacktop","Dry","Daylight","Clear","Curbed Median","None",NA,"NULL","NULL","MERCER COUNTY COLLEGE","NULL","","NULL",NA,NA,40.25098,-74.65424,"No","","576",449007.84,516373.53,NA,"DVRPC",0,"Moderate Injury",10011320
3452487,"201011132010-2983","2010-2983",2010,"MERCER","West Windsor Township","2010-01-28","Thursday","January","08:32:00",1,"WEST WINDSOR TWP PD","2010-2983",0,0,1,0,0,"Injury","Not At Intersection","No","No","Opposite Direction - Head On/Angular",2,"MERCER COUNTY 638","North",638,"","11000638",1.57,"County","Straight at Hillcrest","Concrete","Icy","Daylight","Snow","None","None",528,"Foot","North","MEADOW ROAD","NULL","","NULL",45,50,40.29572,-74.64892,"No","","578",446378.938841,531769.290088,NA,"DVRPC",0,"Pain",10014985
3452498,"201011132010-3014","2010-3014",2010,"MERCER","West Windsor Township","2010-01-28","Thursday","January","12:26:00",1,"WEST WINDSOR TWP PD","2010-3014",0,0,2,0,0,"Injury","Not At Intersection","No","No","Same Direction - Rear End",3,"ROUTE 533","East",533,"","00000533",6.58,"County","Straight and Level","Blacktop","Dry","Daylight","Clear","Curbed Median","None",10,"Foot","West","LAWRENCE SQ. BLVD / VILLAGE RD W","NULL","","NULL",50,45,40.27765,-74.66983,"No","","576",444741.76,526097.38,NA,"DVRPC",0,"Pain",10011310
3452507,"201011132010-3039","2010-3039",2010,"MERCER","West Windsor Township","2010-01-28","Thursday","January","17:08:00",1,"WEST WINDSOR TWP PD","2010-3039",0,0,1,0,0,"Injury","Not At Intersection","No","No","Fixed Object",1,"ROUTE 533","West",533,"","00000533",8.46,"County","Straight and Level","Blacktop","Dry","Daylight","Clear","Curbed Median","None",50,"Foot","West","NASSAU PARK BLVD.","NULL","","NULL",40,35,40.3025,-74.68317,"No","DAMAGE TO QUAKER ROAD CLOSURE GATE (PRINCETON TOWNSHIP 400 WITHERSPOON STREET P","576",441037.33,535159.55,NA,"DVRPC",0,"Moderate Injury",10011311
3452509,"201011132010-3043","2010-3043",2010,"MERCER","West Windsor Township","2010-01-28","Thursday","January","17:56:00",1,"WEST WINDSOR TWP PD","2010-3043",0,0,0,0,0,"Property Damage","Not At Intersection","No","No","Backing",2,"ROUTE 526","West",526,"","00000526",3.64,"County","Straight and Grade","Blacktop","Dry","Dusk","Clear","None","None",10,"Foot","East","ROUTE 535 / OLD TRENTON RD","NULL","","NULL",45,35,40.25746,-74.61978,"No","","429",458716.353798,518728.644685,NA,"DVRPC",0,"PDO",10011323
3452619,"201011132010-3429","2010-3429",2010,"MERCER","West Windsor Township","2010-02-01","Monday","February","09:04:00",1,"WEST WINDSOR TWP PD","2010-3429",0,0,0,0,0,"Property Damage","Not At Intersection","No","No","Right Angle",2,"ROUTE 535","North",535,"","00000535",8.75,"County","Straight and Level","Blacktop","Dry","Daylight","Clear","None","None",528,"Foot","South","EMILY COURT","NULL","","NULL",50,25,40.26765,-74.59817,"No","","576",464731.12,522424.097586,NA,"DVRPC",0,"PDO",10014975
3452643,"201011132010-3495","2010-3495",2010,"MERCER","West Windsor Township","2010-02-03","Wednesday","February","17:02:00",1,"WEST WINDSOR TWP PD","2010-3495",0,0,0,0,0,"Property Damage","Not At Intersection","No","No","Animal",1,"ROUTE 571","East",571,"","00000571",42.18,"County","Straight and Level","Blacktop","Dry","Dusk","Clear","None","None",1056,"Foot","West","US 1","NULL","","NULL",50,55,40.32932,-74.63526,"No","","576",454415.345463,544905.627876,NA,"DVRPC",0,"PDO",10014981
3452667,"201011132010-3564","2010-3564",2010,"MERCER","West Windsor Township","2010-02-02","Tuesday","February","08:39:00",1,"WEST WINDSOR TWP PD","2010-3564",0,0,0,0,0,"Property Damage","Not At Intersection","No","No","Same Direction - Rear End",2,"ALEXANDER RD","West",NA,"","11131419",0.58,"Municipal","Straight and Grade","Blacktop","Dry","Daylight","Clear","None","None",200,"Foot","West","WALLACE RD","NULL","","NULL",30,25,40.31733,-74.62083,"No","","425",458431.426581,540530.916648,NA,"DVRPC",0,"PDO",10025818
3452743,"201011132010-3769","2010-3769",2010,"MERCER","West Windsor Township","2010-02-04","Thursday","February","14:03:00",1,"WEST WINDSOR TWP PD","2010-3769",0,0,0,0,0,"Property Damage","Not At Intersection","No","No","Same Direction - Rear End",2,"ROUTE 571","West",571,"","00000571",38.08,"County","Straight and Level","Blacktop","Dry","Daylight","Clear","None","None",15,"Foot","East","SOUTHFIELD RD","NULL","","NULL",50,50,40.29086,-74.58285,"No","","427",469013.114778,530875.084541,NA,"DVRPC",0,"PDO",10021682
3452744,"201011132010-3775","2010-3775",2010,"MERCER","West Windsor Township","2010-02-04","Thursday","February","15:04:00",1,"WEST WINDSOR TWP PD","2010-3775",0,0,0,0,0,"Property Damage","Not At Intersection","No","No","Same Direction - Rear End",2,"ROUTE 571","East",571,"","00000571",40.32,"County","Straight and Level","Blacktop","Dry","Daylight","Clear","None","None",15,"Foot","West","CR 638 / CLARKSVILLE RD","NULL","","NULL",40,35,40.3082,-74.61751,"No","","427",459353.23,537202.7,NA,"DVRPC",0,"PDO",10021683
3452745,"201011132010-3784","2010-3784",2010,"MERCER","West Windsor Township","2010-02-04","Thursday","February","17:50:00",1,"WEST WINDSOR TWP PD","2010-3784",0,0,0,0,0,"Property Damage","Not At Intersection","No","No","Same Direction - Rear End",2,"US 1","North",1,"","00000001",10.61,"State Highway","Straight and Level","Blacktop","Dry","Dusk","Clear","Barrier Median","None",1320,"Foot","South","ALEXANDER RD","NULL","","NULL",55,40,40.32474,-74.64606,"No","","589",451402.492527,543239.893166,NA,"DVRPC",0,"PDO",10021684
3452747,"201011132010-3988","2010-3988",2010,"MERCER","West Windsor Township","2010-02-06","Saturday","February","14:40:00",1,"WEST WINDSOR TWP PD","2010-3988",0,0,0,0,0,"Property Damage","Not At Intersection","No","No","Opposite Direction - Side Swipe",2,"MERCER COUNTY 638","North",638,"","11000638",1.6,"County","Curve and Grade","Blacktop","Snowy","Daylight","Clear","None","None",660,"Foot","North","MEADOW ROAD","NULL","","NULL",45,50,40.29557,-74.64839,"No","","576",446536.44,531818.89,NA,"DVRPC",0,"PDO",10021696
3452748,"201011132010-4073","2010-4073",2010,"MERCER","West Windsor Township","2010-02-07","Sunday","February","12:06:00",1,"WEST WINDSOR TWP PD","2010-4073",0,0,0,0,0,"Property Damage","Not At Intersection","No","No","Same Direction - Rear End",2,"ROUTE 571","East",571,"","00000571",40.32,"County","Straight and Level","Blacktop","Wet","Daylight","Clear","None","None",15,"Foot","West","CR 638 / CLARKSVILLE RD","NULL","","NULL",40,35,40.3082,-74.61751,"No","","578",459353.23,537202.7,NA,"DVRPC",0,"PDO",10028117
3452749,"201011132010-4125","2010-4125",2010,"MERCER","West Windsor Township","2010-02-08","Monday","February","06:44:00",1,"WEST WINDSOR TWP PD","2010-4125",0,0,0,0,0,"Property Damage","Not At Intersection","No","No","Same Direction - Rear End",2,"US 1","South",1,"","00000001",10.4,"State Highway","Straight and Level","Blacktop","Dry","Daylight","Clear","Barrier Median","None",1056,"Foot","North","CARNEGIE CENTER","NULL","","NULL",55,35,40.32251,-74.64876,"No","","550",450647.810753,542427.927864,NA,"DVRPC",0,"PDO",10021688
3452750,"201011132010-4166","2010-4166",2010,"MERCER","West Windsor Township","2010-02-08","Monday","February","15:42:00",1,"WEST WINDSOR TWP PD","2010-4166",0,0,0,0,0,"Property Damage","At Intersection","No","No","Right Angle",2,"MERCER COUNTY 638","South",638,"","11000638",2.56,"County","Straight and Level","Blacktop","Dry","Daylight","Clear","None","None",NA,"At","NULL","EVERETT DR (NORTH)","NULL","","NULL",45,50,40.3038,-74.63399,"No","","550",451220.855945,532893.356006,NA,"DVRPC",0,"PDO",10021690
3452751,"201011132010-4172","2010-4172",2010,"MERCER","West Windsor Township","2010-02-08","Monday","February","17:36:00",1,"WEST WINDSOR TWP PD","2010-4172",0,0,0,0,0,"Property Damage","Not At Intersection","No","No","Same Direction - Side Swipe",2,"MERCER COUNTY 638","South",638,"","11000638",0.02,"County","Straight and Grade","Blacktop","Dry","Dusk","Clear","None","None",100,"Foot","North","CR 533","NULL","","NULL",45,50,40.29022,-74.6763,"No","","589",439158.920739,530037.107036,NA,"DVRPC",0,"PDO",10021692
3452752,"201011132010-4234","2010-4234",2010,"MERCER","West Windsor Township","2010-02-09","Tuesday","February","09:54:00",1,"WEST WINDSOR TWP PD","2010-4234",0,0,1,0,0,"Injury","Not At Intersection","No","No","Same Direction - Rear End",2,"US 1","South",1,"","00000001",11.4,"State Highway","Straight and Level","Blacktop","Dry","Daylight","Clear","Barrier Median","None",100,"Foot","North","FISHER PL","NULL","","NULL",55,25,40.33315,-74.6359,"No","","550",454238.430481,546300.883304,NA,"DVRPC",0,"Pain",10025809
3452753,"201011132010-4272","2010-4272",2010,"MERCER","West Windsor Township","2010-02-09","Tuesday","February","15:38:00",1,"WEST WINDSOR TWP PD","2010-4272",0,0,0,0,0,"Property Damage","Not At Intersection","No","No","Same Direction - Rear End",2,"ALEXANDER RD","East",NA,"","11131424",1.71,"Municipal","Straight and Level","Blacktop","Dry","Daylight","Clear","None","None",100,"Foot","West","GLENVIEW DR (EAST)","NULL","","NULL",35,25,40.33032,-74.64862,"No","","550",450691.589861,545275.108143,NA,"DVRPC",0,"PDO",10025810
3452754,"201011132010-4282","2010-4282",2010,"MERCER","West Windsor Township","2010-02-09","Tuesday","February","17:52:00",1,"WEST WINDSOR TWP PD","2010-4282",0,0,0,0,0,"Property Damage","Not At Intersection","No","No","Same Direction - Rear End",2,"US 1","South",1,"","00000001",9.33,"State Highway","Straight and Level","Blacktop","Dry","Dark (Street Lights On/ continuous)","Clear","Barrier Median","None",150,"Foot","South","FARBER RD","NULL","","NULL",55,25,40.31113,-74.66251,"No","","590",446805.837108,538289.006365,NA,"DVRPC",0,"PDO",10025813
3452760,"201011132010-4653","2010-4653",2010,"MERCER","West Windsor Township","2010-02-13","Saturday","February","20:10:00",1,"WEST WINDSOR TWP PD","2010-4653",0,0,0,0,0,"Property Damage","Not At Intersection","No","No","Same Direction - Rear End",2,"US 1","South",1,"","00000001",8.1,"State Highway","Straight and Grade","Blacktop","Dry","Dark (Street Lights On/ continuous)","Clear","None","None",NA,"NULL","NULL","","From","CR 533","East Bound",55,NA,40.29805,-74.67832,"No","","589",442388.675776,533533.525441,NA,"DVRPC",0,"PDO",10025828
3452764,"201011132010-5093","2010-5093",2010,"MERCER","West Windsor Township","2010-02-17","Wednesday","February","17:50:00",1,"WEST WINDSOR TWP PD","2010-5093",0,0,0,0,0,"Property Damage","Not At Intersection","No","No","Same Direction - Side Swipe",2,"US 1","North",1,"","00000001",8.8,"State Highway","Straight and Level","Blacktop","Dry","Dark (Street Lights On/ continuous)","Clear","Barrier Median","None",3432,"Foot","South","MEADOW RD","NULL","","NULL",55,35,40.3055,-74.66933,"No","","590",444899.260082,536243.851019,NA,"DVRPC",0,"PDO",10028127
3452766,"201011132010-5195","2010-5195",2010,"MERCER","West Windsor Township","2010-02-18","Thursday","February","18:15:00",1,"WEST WINDSOR TWP PD","2010-5195",0,0,2,0,0,"Injury","At Intersection","No","No","Opposite Direction - Head On/Angular",2,"ROUTE 571","East",571,"","00000571",38.08,"County","Straight and Level","Blacktop","Dry","Dark (Street Lights On/ continuous)","Clear","None","None",NA,"At","NULL","SOUTHFIELD RD","NULL","","NULL",50,40,40.29086,-74.58285,"No","","590",469013.114778,530875.084541,NA,"DVRPC",0,"Pain",10028129
3452767,"201011132010-5292","2010-5292",2010,"MERCER","West Windsor Township","2010-02-19","Friday","February","17:19:00",1,"WEST WINDSOR TWP PD","2010-5292",0,0,3,0,0,"Injury","Not At Intersection","No","No","Opposite Direction - Head On/Angular",2,"US 1","West",1,"","00000001",9.45,"State Highway","Straight and Grade","Blacktop","Dry","Daylight","Clear","None","NULL",NA,"NULL","NULL","","To","MEADOW ROAD","NULL",55,NA,40.31241,-74.66096,"No","","576",447238.301446,538755.507778,NA,"DVRPC",0,"Pain",10028111
3452768,"201011132010-5302","2010-5302",2010,"MERCER","West Windsor Township","2010-02-19","Friday","February","18:17:00",1,"WEST WINDSOR TWP PD","2010-5302",0,0,0,0,0,"Property Damage","Not At Intersection","No","No","Same Direction - Rear End",2,"US 1","South",1,"","00000001",10.76,"State Highway","Straight and Level","Blacktop","Dry","Dark (No Street Lights)","Clear","Barrier Median","None",528,"Foot","South","ALEXANDER RD","NULL","","NULL",55,40,40.32635,-74.64414,"No","","576",451938.570687,543826.630632,NA,"DVRPC",0,"PDO",10028112
3452769,"201011132010-5407","2010-5407",2010,"MERCER","West Windsor Township","2010-02-20","Saturday","February","14:29:00",1,"WEST WINDSOR TWP PD","2010-5407",0,0,0,0,0,"Property Damage","Not At Intersection","No","No","Opposite Direction - Side Swipe",2,"MERCER COUNTY 638","South",638,"","11000638",0.8,"County","Straight and Level","Blacktop","Dry","Daylight","Clear","None","None",4224,"Foot","North","CR 533","NULL","","NULL",45,50,40.29361,-74.66232,"No","","576",442521.938948,530449.965538,NA,"DVRPC",0,"PDO",10028115
3452771,"201011132010-5482","2010-5482",2010,"MERCER","West Windsor Township","2010-02-21","Sunday","February","10:51:00",1,"WEST WINDSOR TWP PD","2010-5482",0,0,0,0,0,"Property Damage","Not At Intersection","No","No","Same Direction - Rear End",2,"ROUTE 533","West",533,"","00000533",7.53,"County","Straight and Level","Blacktop","Dry","Daylight","Clear","Curbed Median","None",30,"Foot","East","CR 638 / CLARKSVILLE RD / GROVERS M","NULL","","NULL",50,45,40.29029,-74.67664,"No","","576",442849.996266,530705.024391,NA,"DVRPC",0,"PDO",10033231
3452774,"201011132010-5583","2010-5583",2010,"MERCER","West Windsor Township","2010-02-22","Monday","February","13:06:00",1,"WEST WINDSOR TWP PD","2010-5583",0,0,0,0,0,"Property Damage","At Intersection","No","No","Same Direction - Rear End",2,"US 1","North",1,"","00000001",11.27,"State Highway","Straight and Level","Blacktop","Dry","Daylight","Clear","Barrier Median","None",NA,"At","NULL","ROUTE 571 / WASHINGTON RD","NULL","","NULL",55,40,40.33177,-74.63757,"No","","550",453772.450773,545796.383177,NA,"DVRPC",0,"PDO",10033228
3452775,"201011132010-5663","2010-5663",2010,"MERCER","West Windsor Township","2010-02-23","Tuesday","February","09:58:00",1,"WEST WINDSOR TWP PD","2010-5663",0,0,1,0,0,"Injury","Not At Intersection","No","No","Same Direction - Rear End",2,"N POST RD","North",NA,"","11131420",1.48,"Municipal","Straight and Level","Blacktop","Wet","Daylight","Rain","None","None",20,"Foot","South","CR 638","NULL","","NULL",35,45,40.30416,-74.63213,"No","","550",455272.76,535738.71,NA,"DVRPC",0,"Pain",10033236
3452776,"201011132010-5703","2010-5703",2010,"MERCER","West Windsor Township","2010-02-23","Tuesday","February","17:27:00",1,"WEST WINDSOR TWP PD","2010-5703",0,0,0,0,0,"Property Damage","Not At Intersection","No","No","Same Direction - Rear End",3,"US 1","South",1,"","00000001",9.47,"State Highway","Straight and Level","Blacktop","Wet","Dark (Street Lights On/ continuous)","Rain","Barrier Median","None",100,"Foot","North","MEADOW RD","NULL","","NULL",55,40,40.31262,-74.66071,"No","","589",447309.554922,538832.539997,NA,"DVRPC",0,"PDO",10033238
3452777,"201011132010-5713","2010-5713",2010,"MERCER","West Windsor Township","2010-02-23","Tuesday","February","19:27:00",1,"WEST WINDSOR TWP PD","2010-5713",0,0,2,0,0,"Injury","Not At Intersection","No","No","Overturned",1,"ROUTE 571","East",571,"","00000571",38.42,"County","Straight and Level","Blacktop","Wet","Dark (Street Lights On/ continuous)","Rain","None","None",400,"Foot","West","GLENGARRY WAY","NULL","","NULL",50,25,40.29281,-74.58865,"No","","590",467395.336689,531587.359499,NA,"DVRPC",0,"Pain",10033230