"ID","DOT_WEB_ID","CASE_NUMBER","CRASH_YEAR","COUNTY","MUNICIPALITY","CRASH_DATE","CRASH_DAY_OF_WEEK","CRASH_MONTH","CRASH_TIME","POLICE_DEPT_CODE","POLICE_DEPARTMENT","POLICE_STATION","TOTAL_KILLED","TOTAL_INCAPACITATED","TOTAL_INJURED","PEDESTRIANS_KILLED","PEDESTRIANS_INJURED","SEVERITY","INTERSECTION","ALCOHOL_INVOLVED","HAZMAT_INVOLVED","CRASH_TYPE","TOTAL_VEHICLES_INVOLVED","CRASH_LOCATION","LOCATION_DIRECTION","ROUTE","ROUTE_SUFFIX","SRI","MILEPOST","ROAD_SYSTEM","ROAD_CHARACTER","ROAD_SURFACE_TYPE","SURFACE_CONDITION","LIGHT_CONDITION","ENVIRONMENTAL_CONDITION","ROAD_DIVIDED_BY","TEMP_TRAFFIC_CONTROL_ZONE","DISTANCE_TO_CROSS_STREET","UNIT_OF_MEASUREMENT","DIRECTION_FROM_CROSS_STREET","CROSS_STREET_NAME","IS_RAMP","RAMP_TO_FROM_ROUTE_NAME","RAMP_TO_FROM_ROUTE_DIRECTION","POSTED_SPEED","POSTED_SPEED_CROSS_STREET","LATITUDE","LONGITUDE","CELL_PHONE_IN_USE","OTHER_PROPERTY_DAMAGE","REPORTING_BADGE_NO","X","Y","CRASH_NARRATIVE","MPO","TOTAL_PEDESTRIANS_INVOLVED","EPDO","DLN"
3452778,"201011132010-5748","2010-5748",2010,"MERCER","West Windsor Township","2010-02-24","Wednesday","February","08:04:00",1,"WEST WINDSOR TWP PD","2010-5748",0,0,0,0,0,"Property Damage","Not At Intersection","No","No","Same Direction - Rear End",3,"US 1","North",1,"","00000001",8.17,"State Highway","Straight and Level","Blacktop","Wet","Daylight","Rain","Barrier Median","None",350,"Foot","North","ROUTE 533 / QUAKER BRIDGE RD / PROV","NULL","","NULL",55,50,40.2988,-74.6774,"No","","427",442644.54,533808.66,NA,"DVRPC",0,"PDO",10033233
3452780,"201011132010-5800","2010-5800",2010,"MERCER","West Windsor Township","2010-02-24","Wednesday","February","15:51:00",1,"WEST WINDSOR TWP PD","2010-5800",0,0,0,0,0,"Property Damage","Not At Intersection","No","No","Same Direction - Rear End",2,"ROUTE 571","East",571,"","00000571",42.28,"County","Straight and Level","Blacktop","Dry","Daylight","Clear","None","None",528,"Foot","West","US 1","NULL","","NULL",50,55,40.3304,-74.63667,"No","","576",454022.985538,545299.754442,NA,"DVRPC",0,"PDO",10033235
3452781,"201011132010-5978","2010-5978",2010,"MERCER","West Windsor Township","2010-02-26","Friday","February","01:44:00",1,"WEST WINDSOR TWP PD","2010-5978",0,0,0,0,0,"Property Damage","Not At Intersection","No","No","Same Direction - Side Swipe",2,"US 1","North",1,"","00000001",9.41,"State Highway","Straight and Level","Concrete","Snowy","Dark (Street Lights On/ continuous)","Snow","Barrier Median","None",200,"Foot","South","MEADOW RD","NULL","","NULL",55,50,40.31198,-74.66148,"No","FOUR FOOT SECTION OF CONCRETE BARRIER ON US ROUTE 1 DAMAGED BY COLLISION. NJDOT?","584",447093.766287,538600.614093,NA,"DVRPC",0,"PDO",10033232
3452782,"201011132010-5991","2010-5991",2010,"MERCER","West Windsor Township","2010-02-26","Friday","February","06:35:00",1,"WEST WINDSOR TWP PD","2010-5991",0,0,0,0,0,"Property Damage","Not At Intersection","No","No","Same Direction - Rear End",2,"US 1","North",1,"","00000001",11.27,"State Highway","Straight and Level","Blacktop","Snowy","Daylight","Snow","Barrier Median","None",20,"Foot","South","CR 571","NULL","","NULL",55,40,40.33177,-74.63757,"No","","550",453772.450773,545796.383177,NA,"DVRPC",0,"PDO",10033239
3452783,"201011132010-5996","2010-5996",2010,"MERCER","West Windsor Township","2010-02-26","Friday","February","07:47:00",1,"WEST WINDSOR TWP PD","2010-5996",0,0,0,0,0,"Property Damage","Not At Intersection","No","No","Fixed Object",1,"US 1","South",1,"","00000001",11.93,"State Highway","Straight and Level","Blacktop","Snowy","Daylight","Snow","Barrier Median","None",528,"Foot","North","CR 629 / HARRISON ST","NULL","","NULL",55,35,40.33879,-74.62909,"No","","550",456141.115396,548349.734759,NA,"DVRPC",0,"PDO",10033240
3452784,"201011132010-6035","2010-6035",2010,"MERCER","West Windsor Township","2010-02-26","Friday","February","22:53:00",1,"WEST WINDSOR TWP PD","2010-6035",0,0,0,0,0,"Property Damage","Not At Intersection","No","No","Animal",1,"ROUTE 571","East",571,"","00000571",41.63,"County","Straight and Grade","Blacktop","Dry","Dark (Street Lights On/ continuous)","Clear","None","None",3960,"Foot","West","US 1","NULL","","NULL",50,55,40.32337,-74.62751,"No","","589",456573.763196,542733.369109,NA,"DVRPC",0,"PDO",10037180
3452786,"201011132010-6216","2010-6216",2010,"MERCER","West Windsor Township","2010-03-01","Monday","March","07:45:00",1,"WEST WINDSOR TWP PD","2010-6216",0,0,1,0,0,"Injury","Not At Intersection","No","No","Same Direction - Rear End",2,"US 1","North",1,"","00000001",9.91,"State Highway","Straight and Level","Blacktop","Dry","Daylight","Clear","Barrier Median","None",500,"Foot","South","CARNEGIE CENTER","NULL","","NULL",55,35,40.31731,-74.65505,"No","","427",448889.567207,540536.518214,NA,"DVRPC",0,"Pain",10037177
3452787,"201011132010-6282","2010-6282",2010,"MERCER","West Windsor Township","2010-03-01","Monday","March","18:52:00",1,"WEST WINDSOR TWP PD","2010-6282",0,0,0,0,0,"Property Damage","Not At Intersection","No","No","Animal",1,"MERCER COUNTY 638","North",638,"","11000638",0.5,"County","Straight and Level","Blacktop","Dry","Dark (No Street Lights)","Clear","None","None",2640,"Foot","North","CR 533","NULL","","NULL",45,50,40.29232,-74.6677,"No","","576",441327.1,529416.11,NA,"DVRPC",0,"PDO",10037179
3452788,"201011132010-6383","2010-6383",2010,"MERCER","West Windsor Township","2010-03-02","Tuesday","March","11:57:00",1,"WEST WINDSOR TWP PD","2010-6383",0,0,0,0,0,"Property Damage","Not At Intersection","No","No","Opposite Direction - Head On/Angular",2,"MERCER COUNTY 615","South",615,"","11000615",0.1,"County","Straight and Level","Blacktop","Dry","Daylight","Clear","None","None",2000,"Foot","North","CARLTON PLACE","NULL","","NULL",25,25,40.31743,-74.61817,"No","","576",459173.323817,540567.619048,NA,"DVRPC",0,"PDO",10037186
3452790,"201011132010-648","2010-648",2010,"MERCER","West Windsor Township","2010-01-07","Thursday","January","11:00:00",1,"WEST WINDSOR TWP PD","2010-648",0,0,0,0,0,"Property Damage","At Intersection","No","No","Same Direction - Side Swipe",2,"US 1","East",1,"","00000001",11.27,"State Highway","Straight and Level","Blacktop","Dry","Daylight","Clear","Barrier Median","None",NA,"At","NULL","ROUTE 571 / WASHINGTON RD","NULL","","NULL",55,40,40.33177,-74.63757,"No","NONE","576",453772.450773,545796.383177,NA,"DVRPC",0,"PDO",10002373
3452791,"201011132010-650","2010-650",2010,"MERCER","West Windsor Township","2010-01-07","Thursday","January","11:39:00",1,"WEST WINDSOR TWP PD","2010-650",0,0,0,0,0,"Property Damage","At Intersection","No","No","Same Direction - Side Swipe",2,"US 1","North",1,"","00000001",11.29,"State Highway","Straight and Level","Blacktop","Dry","Daylight","Clear","Barrier Median","None",NA,"At","NULL","CR 571","NULL","","NULL",55,40,40.33198,-74.63732,"No","NONE","576",453843.378932,545872.960363,NA,"DVRPC",0,"PDO",10002374
3452792,"201011132010-6521","2010-6521",2010,"MERCER","West Windsor Township","2010-03-03","Wednesday","March","18:15:00",1,"WEST WINDSOR TWP PD","2010-6521",0,0,0,0,0,"Property Damage","Not At Intersection","No","No","Same Direction - Rear End",2,"US 1","North",1,"","00000001",11.73,"State Highway","Straight and Level","Blacktop","Wet","Dark (Street LIghts On/ spot)","Rain","Barrier Median","None",528,"Foot","South","CR 629 / HARRISON ST","NULL","","NULL",55,35,40.33667,-74.63167,"No","","580",455419.447319,547580.123099,NA,"DVRPC",0,"PDO",10037190
3452793,"201011132010-6531","2010-6531",2010,"MERCER","West Windsor Township","2010-03-03","Wednesday","March","20:11:00",1,"WEST WINDSOR TWP PD","2010-6531",0,0,0,0,0,"Property Damage","Not At Intersection","No","No","Same Direction - Side Swipe",2,"US 1","South",1,"","00000001",8.7,"State Highway","Straight and Grade","Blacktop","Wet","Dark (Street Lights On/ continuous)","Rain","Barrier Median","None",1056,"Foot","North","NASSAU PARK BLVD","NULL","","NULL",55,35,40.30443,-74.67062,"No","","573",444539.376127,535853.106774,NA,"DVRPC",0,"PDO",10046371
3452794,"201011132010-6532","2010-6532",2010,"MERCER","West Windsor Township","2010-03-03","Wednesday","March","20:11:00",1,"WEST WINDSOR TWP PD","2010-6532",0,0,1,0,0,"Injury","Not At Intersection","No","No","Same Direction - Rear End",2,"US 1","South",1,"","00000001",8.7,"State Highway","Straight and Level","Blacktop","Wet","Dark (Street LIghts On/ spot)","Overcast","Barrier Median","None",1056,"Foot","North","NASSAU PARK BLVD","NULL","","NULL",55,35,40.30443,-74.67062,"No","","580",444539.376127,535853.106774,NA,"DVRPC",0,"Pain",10046374
3452795,"201011132010-6533","2010-6533",2010,"MERCER","West Windsor Township","2010-03-03","Wednesday","March","20:19:00",1,"WEST WINDSOR TWP PD","2010-6533",0,0,0,0,0,"Property Damage","Not At Intersection","No","No","Same Direction - Rear End",2,"US 1","South",1,"","00000001",8.7,"State Highway","Straight and Level","Blacktop","Wet","Dark (Street LIghts On/ spot)","Overcast","Barrier Median","None",1056,"Foot","North","NASSAU PARK BLVD.","NULL","","NULL",55,35,40.30443,-74.67062,"No","","590",444539.376127,535853.106774,NA,"DVRPC",0,"PDO",10052405
3452796,"201011132010-6590","2010-6590",2010,"MERCER","West Windsor Township","2010-03-04","Thursday","March","09:31:00",1,"WEST WINDSOR TWP PD","2010-6590",0,0,0,0,0,"Property Damage","Not At Intersection","No","No","Same Direction - Side Swipe",2,"US 1","North",1,"","00000001",11.76,"State Highway","Straight and Level","Blacktop","Dry","Daylight","Clear","Barrier Median","None",350,"Foot","South","CR 629 / HARRISON ST","NULL","","NULL",55,35,40.33699,-74.63128,"No","","427",455528.118678,547696.685043,NA,"DVRPC",0,"PDO",10046369
3452802,"201011132010-6940","2010-6940",2010,"MERCER","West Windsor Township","2010-03-07","Sunday","March","17:33:00",1,"WEST WINDSOR TWP PD","2010-6940",0,0,0,0,0,"Property Damage","Not At Intersection","No","No","Animal",1,"PENN LYLE RD","West",NA,"","11131422",1.27,"Municipal","Straight and Level","Blacktop","Dry","Daylight","Clear","None","None",500,"Foot","West","ARNOLD DRIVE","NULL","","NULL",40,25,40.30136,-74.62238,"No","","576",457990.935816,534713.221561,NA,"DVRPC",0,"PDO",10046507
3452803,"201011132010-6971","2010-6971",2010,"MERCER","West Windsor Township","2010-03-08","Monday","March","06:37:00",1,"WEST WINDSOR TWP PD","2010-6971",0,0,0,0,0,"Property Damage","Not At Intersection","No","No","Same Direction - Rear End",2,"US 1","North",1,"","00000001",11.57,"State Highway","Straight and Level","Blacktop","Dry","Daylight","Clear","Barrier Median","None",1000,"Foot","North","FISHER PL","NULL","","NULL",55,25,40.33497,-74.63373,"No","","550",454845.638485,546961.14536,NA,"DVRPC",0,"PDO",10046376
3452804,"201011132010-6985","2010-6985",2010,"MERCER","West Windsor Township","2010-03-08","Monday","March","09:08:00",1,"WEST WINDSOR TWP PD","2010-6985",0,0,0,0,0,"Property Damage","Not At Intersection","No","No","Right Angle",2,"MERCER COUNTY 638","South",638,"","11000638",0.09,"County","Straight and Level","Blacktop","Dry","Daylight","Clear","None","None",500,"Foot","North","CR 533","NULL","","NULL",45,50,40.29052,-74.67504,"No","","427",439459.01,530097.02,NA,"DVRPC",0,"PDO",10046375
3452805,"201011132010-7189","2010-7189",2010,"MERCER","West Windsor Township","2010-03-10","Wednesday","March","07:44:00",1,"WEST WINDSOR TWP PD","2010-7180",0,0,0,0,0,"Property Damage","Not At Intersection","No","No","Same Direction - Rear End",3,"US 1","North",1,"","00000001",11.39,"State Highway","Straight and Level","Blacktop","Dry","Daylight","Clear","Barrier Median","None",50,"Foot","North","FISHER PL","NULL","","NULL",55,25,40.33305,-74.63603,"No","","583",454202.704627,546262.034126,NA,"DVRPC",0,"PDO",10046506
3452806,"201011132010-7226","2010-7226",2010,"MERCER","West Windsor Township","2010-03-10","Wednesday","March","11:28:00",1,"WEST WINDSOR TWP PD","2010-7226",0,0,0,0,0,"Property Damage","At Intersection","No","No","Same Direction - Side Swipe",2,"ROUTE 526","North",526,"","00000526",3.42,"County","Straight and Level","Blacktop","Dry","Daylight","Clear","None","None",NA,"At","NULL","ROUTE 535 / CR 641 / OLD TRENTON RD","NULL","","NULL",40,35,40.25851,-74.61594,"No","NONE","576",459754.711027,519143.876874,NA,"DVRPC",0,"PDO",10046504
3452807,"201011132010-73243","2010-73243",2010,"MERCER","West Windsor Township","2010-08-11","Wednesday","August","14:26:00",1,"WEST WINDSOR TWP PD","2010-23243",0,0,0,0,0,"Property Damage","Not At Intersection","No","No","Same Direction - Side Swipe",2,"ALEXANDER RD","West",NA,"","11131424",1.66,"Municipal","Straight and Grade","Blacktop","Dry","Daylight","Clear","None","None",100,"Foot","East","CANAL POINT BLVD.","NULL","","NULL",40,35,40.32981,-74.64796,"No","","576",450874.161735,545087.624391,NA,"DVRPC",0,"PDO",10172400
3452808,"201011132010-738","2010-738",2010,"MERCER","West Windsor Township","2010-01-08","Friday","January","09:09:00",1,"WEST WINDSOR TWP PD","2010-738",0,0,0,0,0,"Property Damage","Not At Intersection","No","No","Same Direction - Rear End",2,"ALEXANDER RD","East",NA,"","11131424",0.74,"Municipal","Straight and Level","Blacktop","Wet","Daylight","Clear","None","None",528,"Foot","West","ROSZEL ROAD","NULL","","NULL",40,35,40.32043,-74.63589,"No","","576",454234.428825,541667.471048,NA,"DVRPC",0,"PDO",10002378
3452809,"201011132010-7433","2010-7433",2010,"MERCER","West Windsor Township","2010-03-12","Friday","March","13:45:00",1,"WEST WINDSOR TWP PD","2010-7433",0,0,0,0,0,"Property Damage","Not At Intersection","No","No","Same Direction - Rear End",2,"US 1","South",1,"","00000001",11.38,"State Highway","Straight and Level","Blacktop","Wet","Daylight","Rain","Barrier Median","None",20,"Foot","North","FISHER PL","NULL","","NULL",55,25,40.33294,-74.63616,"No","","550",454166.898929,546223.251674,NA,"DVRPC",0,"PDO",10052411
3452810,"201011132010-7443","2010-7443",2010,"MERCER","West Windsor Township","2010-03-12","Friday","March","17:38:00",1,"WEST WINDSOR TWP PD","2010-7443",0,0,0,0,0,"Property Damage","Not At Intersection","No","No","Same Direction - Rear End",2,"US 1","North",1,"","00000001",10.25,"State Highway","Straight and Level","Blacktop","Wet","Dusk","Rain","Barrier Median","None",1320,"Foot","North","CARNEGIE CENTER","NULL","","NULL",55,30,40.32092,-74.65068,"No","","589",450110.824028,541851.695358,NA,"DVRPC",0,"PDO",10052412
3452811,"201011132010-7464","2010-7464",2010,"MERCER","West Windsor Township","2010-03-12","Friday","March","21:47:00",1,"WEST WINDSOR TWP PD","2010-7464",0,0,1,0,0,"Injury","Not At Intersection","No","No","Opposite Direction - Side Swipe",2,"US 1","North",1,"","00000001",11.79,"State Highway","Straight and Level","Blacktop","Wet","Dark (Street Lights On/ continuous)","Rain","Barrier Median","None",200,"Foot","South","CR 629 / HARRISON ST","NULL","","NULL",55,35,40.3373,-74.63091,"No","SEE NARRATIVE-NJDOT AND PSE&G.","590",455631.81,547808.5,NA,"DVRPC",0,"Pain",10052404
3452812,"201011132010-7551","2010-7551",2010,"MERCER","West Windsor Township","2010-03-13","Saturday","March","17:18:00",1,"WEST WINDSOR TWP PD","2010-7551",0,0,0,0,0,"Property Damage","Not At Intersection","No","No","Same Direction - Side Swipe",2,"ROUTE 533","West",533,"","00000533",7.63,"County","Straight and Level","Blacktop","Wet","Dusk","Rain","Curbed Median","None",50,"Foot","East","MALL RD","NULL","","NULL",50,15,40.29166,-74.67733,"No","","590",442658.785003,531204.980572,NA,"DVRPC",0,"PDO",10052394
3452814,"201011132010-7773","2010-7773",2010,"MERCER","West Windsor Township","2010-03-15","Monday","March","17:12:00",1,"WEST WINDSOR TWP PD","2010-7773",0,0,0,0,0,"Property Damage","Not At Intersection","No","No","Same Direction - Rear End",3,"US 1","North",1,"","00000001",10.9,"State Highway","Straight and Level","Blacktop","Wet","Daylight","Rain","Barrier Median","None",200,"Foot","North","ALEXANDER RD","NULL","","NULL",55,40,40.32785,-74.64236,"No","","576",452434.88487,544371.248668,NA,"DVRPC",0,"PDO",10052400
3452815,"201011132010-781","2010-781",2010,"MERCER","West Windsor Township","2010-01-08","Friday","January","17:10:00",1,"WEST WINDSOR TWP PD","2010-781",0,0,0,0,0,"Property Damage","Not At Intersection","No","No","Same Direction - Rear End",2,"US 1","South",1,"","00000001",8.75,"State Highway","Straight and Level","Blacktop","Dry","Dusk","Clear","Barrier Median","None",660,"Foot","North","NASSAU PARK BLVD","NULL","","NULL",55,35,40.30496,-74.66997,"No","","576",444720.31489,536047.64575,NA,"DVRPC",0,"PDO",10002379
3452816,"201011132010-7861","2010-7861",2010,"MERCER","West Windsor Township","2010-03-16","Tuesday","March","09:17:00",1,"WEST WINDSOR TWP PD","2010-7861",0,0,0,0,0,"Property Damage","Not At Intersection","No","No","Same Direction - Rear End",2,"US 1","South",1,"","00000001",11.93,"State Highway","Straight and Level","Blacktop","Dry","Daylight","Clear","Barrier Median","Construction Zone",528,"Foot","North","CR 629 / HARRISON ST","NULL","","NULL",55,35,40.33879,-74.62909,"No","","576",456141.115396,548349.734759,NA,"DVRPC",0,"PDO",10052396
3452822,"201011132010-8541","2010-8541",2010,"MERCER","West Windsor Township","2010-03-23","Tuesday","March","18:36:00",1,"WEST WINDSOR TWP PD","2010-8541",0,0,1,0,0,"Injury","Not At Intersection","No","No","Same Direction - Rear End",2,"US 1","North",1,"","00000001",11.09,"State Highway","Straight and Level","Blacktop","Wet","Dark (Street Lights On/ continuous)","Clear","Barrier Median","None",528,"Foot","South","VARSITY AVE","NULL","","NULL",55,25,40.32987,-74.63991,"No","","590",453118.958765,545106.687753,NA,"DVRPC",0,"Pain",10062906
3452823,"201011132010-8547","2010-8547",2010,"MERCER","West Windsor Township","2010-03-23","Tuesday","March","20:40:00",1,"WEST WINDSOR TWP PD","2010-8547",0,0,0,0,0,"Property Damage","Not At Intersection","No","No","Same Direction - Rear End",2,"NJ 64","West",64,"","00000064",0.32,"State Highway","Curve and Level","Blacktop","Wet","Dark (Street Lights On/ continuous)","Clear","Curbed Median","None",5,"Foot","North","ROUTE 571 / WASHINGTON RD","NULL","","NULL",40,40,40.32002,-74.62339,"No","","590",457720.85,541513.09,NA,"DVRPC",0,"PDO",10062907
3452824,"201011132010-8601","2010-8601",2010,"MERCER","West Windsor Township","2010-03-24","Wednesday","March","12:38:00",1,"WEST WINDSOR TWP PD","2010-8601",0,0,0,0,0,"Property Damage","Not At Intersection","No","No","Same Direction - Rear End",2,"MERCER COUNTY 638","South",638,"","11000638",0,"County","Curve and Level","Blacktop","Dry","Daylight","Clear","None","None",7,"Foot","South","CR 533","NULL","","NULL",45,50,40.29012,-74.67665,"No","","576",439073.78,529972.87,NA,"DVRPC",0,"PDO",10062909
3452825,"201011132010-8608","2010-8608",2010,"MERCER","West Windsor Township","2010-03-24","Wednesday","March","13:20:00",1,"WEST WINDSOR TWP PD","2010-8608",0,0,0,0,0,"Property Damage","Not At Intersection","No","No","Same Direction - Rear End",2,"ROUTE 533","East",533,"","00000533",7.62,"County","Straight and Level","Blacktop","Dry","Daylight","Clear","Curbed Median","None",7,"Foot","West","MALL RD","NULL","","NULL",50,NA,40.29152,-74.67727,"No","","576",442675.973397,531154.979428,NA,"DVRPC",0,"PDO",10062910
3452827,"201011132010-8625","2010-8625",2010,"MERCER","West Windsor Township","2010-03-24","Wednesday","March","16:52:00",1,"WEST WINDSOR TWP PD","2010-8625",0,0,0,0,0,"Property Damage","Not At Intersection","No","No","Same Direction - Side Swipe",2,"ROUTE 535","North",535,"","00000535",7.62,"County","Straight and Level","Blacktop","Dry","Daylight","Clear","None","None",5,"Foot","South","ROUTE 526 / CR 641 / EDINBURG RD","NULL","","NULL",35,45,40.25851,-74.61594,"No","NONE","576",459767.1,519102.11,NA,"DVRPC",0,"PDO",10062911
3452828,"201011132010-8704","2010-8704",2010,"MERCER","West Windsor Township","2010-03-25","Thursday","March","09:05:00",1,"WEST WINDSOR TWP PD","2010-8704",0,0,3,0,0,"Injury","At Intersection","No","No","Right Angle",3,"ROUTE 526","North",526,"","00000526",3.42,"County","Straight and Level","Blacktop","Dry","Daylight","Overcast","Barrier Median","None",NA,"At","NULL","NEW VILLAGE ROAD","NULL","","NULL",40,35,40.25851,-74.61594,"No","","427",459754.711027,519143.876874,NA,"DVRPC",0,"Pain",10062903
3452829,"201011132010-8738","2010-8738",2010,"MERCER","West Windsor Township","2010-03-25","Thursday","March","06:08:00",1,"WEST WINDSOR TWP PD","2010-8738",0,0,0,0,0,"Property Damage","Not At Intersection","No","No","Overturned",1,"US 1","South",1,"","00000001",8.2,"State Highway","Curve and Grade","Blacktop","Dry","Daylight","Clear","Barrier Median","None",NA,"NULL","NULL","","To","ROUTE 533","East Bound",55,NA,40.29911,-74.67703,"No","2007 CHEVROLET TAHOE WHITE VIN#: 1GNFK13047J140103 - BROKEN WINDSHIELD SIDE TIR?","587",442748.159606,533919.962816,NA,"DVRPC",0,"PDO",10062825
3452830,"201011132010-8848","2010-8848",2010,"MERCER","West Windsor Township","2010-03-26","Friday","March","20:19:00",1,"WEST WINDSOR TWP PD","2010-8848",0,0,0,0,0,"Property Damage","Not At Intersection","No","No","Same Direction - Rear End",2,"US 1","North",1,"","00000001",11.1,"State Highway","Straight and Level","Blacktop","Dry","Dark (Street Lights On/ continuous)","Clear","Barrier Median","None",500,"Foot","South","VARSITY AVE","NULL","","NULL",55,35,40.32997,-74.63978,"No","","590",453156.239073,545143.768372,NA,"DVRPC",0,"PDO",10062829
3452831,"201011132010-8912","2010-8912",2010,"MERCER","West Windsor Township","2010-03-27","Saturday","March","11:52:00",1,"WEST WINDSOR TWP PD","2010-8912",0,0,0,0,0,"Property Damage","Not At Intersection","No","No","Same Direction - Rear End",2,"ROUTE 533","West",533,"","00000533",7.82,"County","Straight and Level","Blacktop","Dry","Daylight","Clear","Curbed Median","None",1584,"Foot","East","CR 638 / CLARKSVILLE RD / GROVERS M","NULL","","NULL",50,45,40.29435,-74.67823,"No","","550",442409.429966,532188.324792,NA,"DVRPC",0,"PDO",10062832
3452832,"201011132010-8924","2010-8924",2010,"MERCER","West Windsor Township","2010-03-27","Saturday","March","18:19:00",1,"WEST WINDSOR TWP PD","2010-8924",0,0,0,0,0,"Property Damage","Not At Intersection","No","No","Same Direction - Side Swipe",2,"US 1","South",1,"","00000001",8.72,"State Highway","Straight and Level","Blacktop","Dry","Daylight","Clear","Barrier Median","None",2640,"Foot","South","EMMONS DR","NULL","","NULL",55,25,40.30464,-74.67036,"No","","589",444611.810048,535930.697215,NA,"DVRPC",0,"PDO",10062816
3452833,"201011132010-8981","2010-8981",2010,"MERCER","West Windsor Township","2010-03-28","Sunday","March","13:51:00",1,"WEST WINDSOR TWP PD","2010-8981",0,0,1,0,0,"Injury","Not At Intersection","No","No","Fixed Object",1,"US 1","South",1,"","00000001",10.86,"State Highway","Straight and Level","Blacktop","Wet","Daylight","Rain","Barrier Median","None",20,"Foot","North","ALEXANDER RD","NULL","","NULL",55,40,40.32742,-74.64287,"No","","550",452293.500624,544215.631391,NA,"DVRPC",0,"Pain",10062833
3452834,"201011132010-8987","2010-8987",2010,"MERCER","West Windsor Township","2010-03-28","Sunday","March","14:53:00",1,"WEST WINDSOR TWP PD","2010-8987",0,0,2,0,0,"Injury","At Intersection","No","No","Same Direction - Rear End",3,"MERCER COUNTY 638","North",638,"","11000638",1.47,"County","Curve and Grade","Blacktop","Wet","Daylight","Rain","None","None",NA,"At","NULL","MEADOW RD","NULL","","NULL",45,50,40.29658,-74.65033,"No","","550",445872.672869,531607.371862,NA,"DVRPC",0,"Pain",10062834
3452836,"201011132010-9087","2010-9087",2010,"MERCER","West Windsor Township","2010-03-29","Monday","March","17:48:00",1,"WEST WINDSOR TWP PD","2010-9087",0,0,0,0,0,"Property Damage","Not At Intersection","No","No","Animal",1,"ROUTE 535","South",535,"","00000535",5.8,"County","Straight and Level","Blacktop","Wet","Daylight","Rain","None","None",20,"Mile","North","MERCER COUNTY COLLEGE ENTRANCE","NULL","","NULL",45,NA,40.25118,-74.64856,"No","","584",450607.318272,516445.08005,NA,"DVRPC",0,"PDO",10062830
3452845,"201011132010-9929","2010-9929",2010,"MERCER","West Windsor Township","2010-04-06","Tuesday","April","15:21:00",1,"WEST WINDSOR TWP PD","2010-9929",0,0,0,0,0,"Property Damage","Not At Intersection","No","No","Fixed Object",1,"US 1","North",1,"","00000001",8.6,"State Highway","Straight and Level","Blacktop","Dry","Daylight","Clear","Barrier Median","None",2640,"Foot","North","ROUTE 533 / QUAKER BRIDGE RD / PROV","NULL","","NULL",55,50,40.30337,-74.6719,"No","3440 RT 1 NASSAU ANIMAL HOSPITAL-1.GRASS UPROOTED-TIRE RUTS 2.4X4 FENCE POST SN","550",444182.142998,535467.076247,NA,"DVRPC",0,"PDO",10065708
3452847,"201011132010-9984","2010-9984",2010,"MERCER","West Windsor Township","2010-04-07","Wednesday","April","07:20:00",1,"WEST WINDSOR TWP PD","2010-9984",0,0,0,0,0,"Property Damage","Not At Intersection","No","No","Fixed Object",1,"ROUTE 526","West",526,"","00000526",3.63,"County","Straight and Level","Blacktop","Dry","Daylight","Clear","None","None",30,"Foot","West","ROUTE 535 / OLD TRENTON RD","NULL","","NULL",40,35,40.25751,-74.6196,"No","","427",458766.564561,518745.806831,NA,"DVRPC",0,"PDO",10065704
3452849,"201011132010-?4281","2010-?4281",2010,"MERCER","West Windsor Township","2010-02-09","Tuesday","February","17:51:00",1,"WEST WINDSOR TWP PD","2010-04281",0,0,0,0,0,"Property Damage","Not At Intersection","No","No","Same Direction - Rear End",2,"US 1","South",1,"","00000001",9.2,"State Highway","Straight and Level","Blacktop","Dry","Dark (Street Lights On/ continuous)","Clear","Barrier Median","None",106,"Foot","South","EMMONS DR","NULL","","NULL",55,25,40.30975,-74.66419,"No","","568",446337.274025,537787.034355,NA,"DVRPC",0,"PDO",10025812
3452861,"20101113R","R",2010,"MERCER","West Windsor Township","2010-03-24","Wednesday","March","08:46:00",1,"WEST WINDSOR TWP PD","2010-08581",0,0,0,0,0,"Property Damage","Not At Intersection","No","No","Same Direction - Rear End",2,"ROUTE 526","West",526,"","00000526",3.48,"County","Straight and Level","Blacktop","Dry","Daylight","Clear","None","None",300,"Foot","East","ROUTE 535 / CR 641 / OLD TRENTON RD","NULL","","NULL",45,35,40.25821,-74.61697,"No","","571",459513.897685,519004.071079,NA,"DVRPC",0,"PDO",10062908